#Index,Key,MsgJp,MsgEn,GmdPath,ArcPath,ArcName,ReadIndex
0,,,,ui\00_message\common\item_info.gmd,\ui\item_info.arc,item_info.arc,8371
0,,,,ui\00_message\common\item_info.gmd,\ui\item_info.arc,item_info.arc,8372
0,,,,ui\00_message\common\item_info.gmd,\ui\item_info.arc,item_info.arc,8373
0,,,,ui\00_message\common\item_info.gmd,\ui\item_info.arc,item_info.arc,8374
0,,,,ui\00_message\common\item_info.gmd,\ui\item_info.arc,item_info.arc,8375
0,,,,ui\00_message\common\item_info.gmd,\ui\item_info.arc,item_info.arc,8376
0,,,,ui\00_message\common\item_info.gmd,\ui\item_info.arc,item_info.arc,8377
0,,,,ui\00_message\common\item_info.gmd,\ui\item_info.arc,item_info.arc,8378
0,,,,ui\00_message\common\item_info.gmd,\ui\item_info.arc,item_info.arc,8379
0,,,,ui\00_message\common\item_info.gmd,\ui\item_info.arc,item_info.arc,8380
0,,,,ui\00_message\common\item_info.gmd,\ui\item_info.arc,item_info.arc,8381
0,,,,ui\00_message\common\item_info.gmd,\ui\item_info.arc,item_info.arc,8382
0,,,,ui\00_message\common\item_info.gmd,\ui\item_info.arc,item_info.arc,8383
0,,,,ui\00_message\common\item_info.gmd,\ui\item_info.arc,item_info.arc,8384
0,,,,ui\00_message\common\item_info.gmd,\ui\item_info.arc,item_info.arc,8385
0,,,,ui\00_message\common\item_info.gmd,\ui\item_info.arc,item_info.arc,8386
0,,,,ui\00_message\common\item_info.gmd,\ui\item_info.arc,item_info.arc,8387
0,,,,ui\00_message\common\item_info.gmd,\ui\item_info.arc,item_info.arc,8388
0,,,,ui\00_message\common\item_info.gmd,\ui\item_info.arc,item_info.arc,8389
0,,,,ui\00_message\common\item_info.gmd,\ui\item_info.arc,item_info.arc,8390
0,,,,ui\00_message\common\item_info.gmd,\ui\item_info.arc,item_info.arc,8391
0,,,,ui\00_message\common\item_info.gmd,\ui\item_info.arc,item_info.arc,8392
0,,,,ui\00_message\common\item_info.gmd,\ui\item_info.arc,item_info.arc,8393
0,,,,ui\00_message\common\item_info.gmd,\ui\item_info.arc,item_info.arc,8394
0,,,,ui\00_message\common\item_info.gmd,\ui\item_info.arc,item_info.arc,8395
0,,,,ui\00_message\common\item_info.gmd,\ui\item_info.arc,item_info.arc,8396
0,,,,ui\00_message\common\item_info.gmd,\ui\item_info.arc,item_info.arc,8397
0,,,,ui\00_message\common\item_info.gmd,\ui\item_info.arc,item_info.arc,8398
0,,,,ui\00_message\common\item_info.gmd,\ui\item_info.arc,item_info.arc,8399
0,,,,ui\00_message\common\item_info.gmd,\ui\item_info.arc,item_info.arc,8400
0,,,,ui\00_message\common\item_info.gmd,\ui\item_info.arc,item_info.arc,8401
0,,,,ui\00_message\common\item_info.gmd,\ui\item_info.arc,item_info.arc,8402
0,,,,ui\00_message\common\item_info.gmd,\ui\item_info.arc,item_info.arc,8403
0,,,,ui\00_message\common\item_info.gmd,\ui\item_info.arc,item_info.arc,8404
0,,,,ui\00_message\common\item_info.gmd,\ui\item_info.arc,item_info.arc,8405
0,,,,ui\00_message\common\item_info.gmd,\ui\item_info.arc,item_info.arc,8406
0,,,,ui\00_message\common\item_info.gmd,\ui\item_info.arc,item_info.arc,8407
0,,,,ui\00_message\common\item_info.gmd,\ui\item_info.arc,item_info.arc,8408
0,,,,ui\00_message\common\item_info.gmd,\ui\item_info.arc,item_info.arc,8409
0,,,,ui\00_message\common\item_info.gmd,\ui\item_info.arc,item_info.arc,8410
0,,,,ui\00_message\common\item_info.gmd,\ui\item_info.arc,item_info.arc,8411
0,,,,ui\00_message\common\item_info.gmd,\ui\item_info.arc,item_info.arc,8412
0,,,,ui\00_message\common\item_info.gmd,\ui\item_info.arc,item_info.arc,8413
0,,,,ui\00_message\common\item_info.gmd,\ui\item_info.arc,item_info.arc,8414
0,,,,ui\00_message\common\item_info.gmd,\ui\item_info.arc,item_info.arc,8415
0,,,,ui\00_message\common\item_info.gmd,\ui\item_info.arc,item_info.arc,8416
0,,,,ui\00_message\common\item_info.gmd,\ui\item_info.arc,item_info.arc,8417
0,,,,ui\00_message\common\item_info.gmd,\ui\item_info.arc,item_info.arc,8418
0,,,,ui\00_message\common\item_info.gmd,\ui\item_info.arc,item_info.arc,8419
0,,,,ui\00_message\common\item_info.gmd,\ui\item_info.arc,item_info.arc,8420
0,,,,ui\00_message\common\item_info.gmd,\ui\item_info.arc,item_info.arc,8421
0,,,,ui\00_message\common\item_info.gmd,\ui\item_info.arc,item_info.arc,8422
0,,,,ui\00_message\common\item_info.gmd,\ui\item_info.arc,item_info.arc,8423
0,,,,ui\00_message\common\item_info.gmd,\ui\item_info.arc,item_info.arc,8424
0,,,,ui\00_message\common\item_info.gmd,\ui\item_info.arc,item_info.arc,8425
0,,,,ui\00_message\common\item_info.gmd,\ui\item_info.arc,item_info.arc,8426
0,,,,ui\00_message\common\item_info.gmd,\ui\item_info.arc,item_info.arc,8427
0,,,,ui\00_message\common\item_info.gmd,\ui\item_info.arc,item_info.arc,8428
0,,,,ui\00_message\common\item_info.gmd,\ui\item_info.arc,item_info.arc,8429
0,,,,ui\00_message\common\item_info.gmd,\ui\item_info.arc,item_info.arc,8430
0,,,,ui\00_message\common\item_info.gmd,\ui\item_info.arc,item_info.arc,8431
0,,,,ui\00_message\common\item_info.gmd,\ui\item_info.arc,item_info.arc,8432
0,,,,ui\00_message\common\item_info.gmd,\ui\item_info.arc,item_info.arc,8433
0,,,,ui\00_message\common\item_info.gmd,\ui\item_info.arc,item_info.arc,8434
0,,,,ui\00_message\common\item_info.gmd,\ui\item_info.arc,item_info.arc,8435
0,,,,ui\00_message\common\item_info.gmd,\ui\item_info.arc,item_info.arc,8436
0,,,,ui\00_message\common\item_info.gmd,\ui\item_info.arc,item_info.arc,8437
0,,,,ui\00_message\common\item_info.gmd,\ui\item_info.arc,item_info.arc,8438
0,,,,ui\00_message\common\item_info.gmd,\ui\item_info.arc,item_info.arc,8439
0,,,,ui\00_message\common\item_info.gmd,\ui\item_info.arc,item_info.arc,8440
0,,,,ui\00_message\common\item_info.gmd,\ui\item_info.arc,item_info.arc,8441
0,,,,ui\00_message\common\item_info.gmd,\ui\item_info.arc,item_info.arc,8442
0,,,,ui\00_message\common\item_info.gmd,\ui\item_info.arc,item_info.arc,8443
0,,,,ui\00_message\common\item_info.gmd,\ui\item_info.arc,item_info.arc,8444
0,,,,ui\00_message\common\item_info.gmd,\ui\item_info.arc,item_info.arc,8445
0,,,,ui\00_message\common\item_info.gmd,\ui\item_info.arc,item_info.arc,8446
0,,,,ui\00_message\common\item_info.gmd,\ui\item_info.arc,item_info.arc,8447
0,,,,ui\00_message\common\item_info.gmd,\ui\item_info.arc,item_info.arc,8448
0,,,,ui\00_message\common\item_info.gmd,\ui\item_info.arc,item_info.arc,8449
0,,,,ui\00_message\common\item_info.gmd,\ui\item_info.arc,item_info.arc,8450
0,,,,ui\00_message\common\item_info.gmd,\ui\item_info.arc,item_info.arc,8451
0,,,,ui\00_message\common\item_info.gmd,\ui\item_info.arc,item_info.arc,8452
0,,,,ui\00_message\common\item_info.gmd,\ui\item_info.arc,item_info.arc,8453
0,,,,ui\00_message\common\item_info.gmd,\ui\item_info.arc,item_info.arc,8454
0,,,,ui\00_message\common\item_info.gmd,\ui\item_info.arc,item_info.arc,8455
0,,,,ui\00_message\common\item_info.gmd,\ui\item_info.arc,item_info.arc,8456
0,,,,ui\00_message\common\item_info.gmd,\ui\item_info.arc,item_info.arc,8457
0,,,,ui\00_message\common\item_info.gmd,\ui\item_info.arc,item_info.arc,8458
0,,,,ui\00_message\common\item_info.gmd,\ui\item_info.arc,item_info.arc,8459
0,,,,ui\00_message\common\item_info.gmd,\ui\item_info.arc,item_info.arc,8460
0,,,,ui\00_message\common\item_info.gmd,\ui\item_info.arc,item_info.arc,8461
0,,,,ui\00_message\common\item_info.gmd,\ui\item_info.arc,item_info.arc,8462
0,,,,ui\00_message\common\item_info.gmd,\ui\item_info.arc,item_info.arc,8463
0,,,,ui\00_message\common\item_info.gmd,\ui\item_info.arc,item_info.arc,8464
0,,,,ui\00_message\common\item_info.gmd,\ui\item_info.arc,item_info.arc,8465
0,,,,ui\00_message\common\item_info.gmd,\ui\item_info.arc,item_info.arc,8466
0,,,,ui\00_message\common\item_info.gmd,\ui\item_info.arc,item_info.arc,8467
0,,,,ui\00_message\common\item_info.gmd,\ui\item_info.arc,item_info.arc,8468
0,,,,ui\00_message\common\item_info.gmd,\ui\item_info.arc,item_info.arc,8469
0,,,,ui\00_message\common\item_info.gmd,\ui\item_info.arc,item_info.arc,8470
0,,,,ui\00_message\common\item_info.gmd,\ui\item_info.arc,item_info.arc,8471
0,,,,ui\00_message\common\item_info.gmd,\ui\item_info.arc,item_info.arc,8472
0,,,,ui\00_message\common\item_info.gmd,\ui\item_info.arc,item_info.arc,8473
0,,,,ui\00_message\common\item_info.gmd,\ui\item_info.arc,item_info.arc,8474
0,,,,ui\00_message\common\item_info.gmd,\ui\item_info.arc,item_info.arc,8475
0,,,,ui\00_message\common\item_info.gmd,\ui\item_info.arc,item_info.arc,8476
0,,,,ui\00_message\common\item_info.gmd,\ui\item_info.arc,item_info.arc,8477
0,,,,ui\00_message\common\item_info.gmd,\ui\item_info.arc,item_info.arc,8478
0,,,,ui\00_message\common\item_info.gmd,\ui\item_info.arc,item_info.arc,8479
0,,,,ui\00_message\common\item_info.gmd,\ui\item_info.arc,item_info.arc,8480
0,,,,ui\00_message\common\item_info.gmd,\ui\item_info.arc,item_info.arc,8481
0,,,,ui\00_message\common\item_info.gmd,\ui\item_info.arc,item_info.arc,8482
0,,,,ui\00_message\common\item_info.gmd,\ui\item_info.arc,item_info.arc,8483
0,,,,ui\00_message\common\item_info.gmd,\ui\item_info.arc,item_info.arc,8484
0,,,,ui\00_message\common\item_info.gmd,\ui\item_info.arc,item_info.arc,8485
0,,,,ui\00_message\common\item_info.gmd,\ui\item_info.arc,item_info.arc,8486
0,,,,ui\00_message\common\item_info.gmd,\ui\item_info.arc,item_info.arc,8487
0,,,,ui\00_message\common\item_info.gmd,\ui\item_info.arc,item_info.arc,8488
0,,,,ui\00_message\common\item_info.gmd,\ui\item_info.arc,item_info.arc,8489
0,,,,ui\00_message\common\item_info.gmd,\ui\item_info.arc,item_info.arc,8490
0,,,,ui\00_message\common\item_info.gmd,\ui\item_info.arc,item_info.arc,8491
0,,,,ui\00_message\common\item_info.gmd,\ui\item_info.arc,item_info.arc,8492
0,,,,ui\00_message\common\item_info.gmd,\ui\item_info.arc,item_info.arc,8493
0,,,,ui\00_message\common\item_info.gmd,\ui\item_info.arc,item_info.arc,8494
0,,,,ui\00_message\common\item_info.gmd,\ui\item_info.arc,item_info.arc,8495
0,,,,ui\00_message\common\item_info.gmd,\ui\item_info.arc,item_info.arc,8496
0,,,,ui\00_message\common\item_info.gmd,\ui\item_info.arc,item_info.arc,8497
0,,,,ui\00_message\common\item_info.gmd,\ui\item_info.arc,item_info.arc,8498
0,,,,ui\00_message\common\item_info.gmd,\ui\item_info.arc,item_info.arc,8499
0,,,,ui\00_message\common\item_info.gmd,\ui\item_info.arc,item_info.arc,8500
0,,,,ui\00_message\common\item_info.gmd,\ui\item_info.arc,item_info.arc,8501
0,,,,ui\00_message\common\item_info.gmd,\ui\item_info.arc,item_info.arc,8502
0,,,,ui\00_message\common\item_info.gmd,\ui\item_info.arc,item_info.arc,8503
0,,,,ui\00_message\common\item_info.gmd,\ui\item_info.arc,item_info.arc,8504
0,,,,ui\00_message\common\item_info.gmd,\ui\item_info.arc,item_info.arc,8505
0,,,,ui\00_message\common\item_info.gmd,\ui\item_info.arc,item_info.arc,8506
0,,,,ui\00_message\common\item_info.gmd,\ui\item_info.arc,item_info.arc,8507
0,,,,ui\00_message\common\item_info.gmd,\ui\item_info.arc,item_info.arc,8508
0,,,,ui\00_message\common\item_info.gmd,\ui\item_info.arc,item_info.arc,8509
0,,,,ui\00_message\common\item_info.gmd,\ui\item_info.arc,item_info.arc,8510
0,,,,ui\00_message\common\item_info.gmd,\ui\item_info.arc,item_info.arc,8511
0,,,,ui\00_message\common\item_info.gmd,\ui\item_info.arc,item_info.arc,8512
0,,,,ui\00_message\common\item_info.gmd,\ui\item_info.arc,item_info.arc,8513
0,,,,ui\00_message\common\item_info.gmd,\ui\item_info.arc,item_info.arc,8514
0,,,,ui\00_message\common\item_info.gmd,\ui\item_info.arc,item_info.arc,8515
0,,,,ui\00_message\common\item_info.gmd,\ui\item_info.arc,item_info.arc,8516
0,,,,ui\00_message\common\item_info.gmd,\ui\item_info.arc,item_info.arc,8517
0,,,,ui\00_message\common\item_info.gmd,\ui\item_info.arc,item_info.arc,8518
0,,,,ui\00_message\common\item_info.gmd,\ui\item_info.arc,item_info.arc,8519
0,,,,ui\00_message\common\item_info.gmd,\ui\item_info.arc,item_info.arc,8520
0,,,,ui\00_message\common\item_info.gmd,\ui\item_info.arc,item_info.arc,8521
0,,,,ui\00_message\common\item_info.gmd,\ui\item_info.arc,item_info.arc,8522
0,,,,ui\00_message\common\item_info.gmd,\ui\item_info.arc,item_info.arc,8523
0,,,,ui\00_message\common\item_info.gmd,\ui\item_info.arc,item_info.arc,8524
0,,,,ui\00_message\common\item_info.gmd,\ui\item_info.arc,item_info.arc,8525
0,,,,ui\00_message\common\item_info.gmd,\ui\item_info.arc,item_info.arc,8526
0,,,,ui\00_message\common\item_info.gmd,\ui\item_info.arc,item_info.arc,8527
0,,,,ui\00_message\common\item_info.gmd,\ui\item_info.arc,item_info.arc,8528
0,,,,ui\00_message\common\item_info.gmd,\ui\item_info.arc,item_info.arc,8529
0,,,,ui\00_message\common\item_info.gmd,\ui\item_info.arc,item_info.arc,8530
0,,,,ui\00_message\common\item_info.gmd,\ui\item_info.arc,item_info.arc,8531
0,,,,ui\00_message\common\item_info.gmd,\ui\item_info.arc,item_info.arc,8532
0,,,,ui\00_message\common\item_info.gmd,\ui\item_info.arc,item_info.arc,8533
0,,,,ui\00_message\common\item_info.gmd,\ui\item_info.arc,item_info.arc,8534
0,,,,ui\00_message\common\item_info.gmd,\ui\item_info.arc,item_info.arc,8535
0,,,,ui\00_message\common\item_info.gmd,\ui\item_info.arc,item_info.arc,8536
0,,,,ui\00_message\common\item_info.gmd,\ui\item_info.arc,item_info.arc,8537
0,,,,ui\00_message\common\item_info.gmd,\ui\item_info.arc,item_info.arc,8538
0,,,,ui\00_message\common\item_info.gmd,\ui\item_info.arc,item_info.arc,8539
0,,,,ui\00_message\common\item_info.gmd,\ui\item_info.arc,item_info.arc,8540
0,,,,ui\00_message\common\item_info.gmd,\ui\item_info.arc,item_info.arc,8541
0,,,,ui\00_message\common\item_info.gmd,\ui\item_info.arc,item_info.arc,8542
0,,,,ui\00_message\common\item_info.gmd,\ui\item_info.arc,item_info.arc,8543
0,,,,ui\00_message\common\item_info.gmd,\ui\item_info.arc,item_info.arc,8544
0,,,,ui\00_message\common\item_info.gmd,\ui\item_info.arc,item_info.arc,8545
0,,,,ui\00_message\common\item_info.gmd,\ui\item_info.arc,item_info.arc,8546
0,,,,ui\00_message\common\item_info.gmd,\ui\item_info.arc,item_info.arc,8547
0,,,,ui\00_message\common\item_info.gmd,\ui\item_info.arc,item_info.arc,8548
0,,,,ui\00_message\common\item_info.gmd,\ui\item_info.arc,item_info.arc,8549
0,,,,ui\00_message\common\item_info.gmd,\ui\item_info.arc,item_info.arc,8550
0,,,,ui\00_message\common\item_info.gmd,\ui\item_info.arc,item_info.arc,8551
0,,,,ui\00_message\common\item_info.gmd,\ui\item_info.arc,item_info.arc,8552
0,,,,ui\00_message\common\item_info.gmd,\ui\item_info.arc,item_info.arc,8553
0,,,,ui\00_message\common\item_info.gmd,\ui\item_info.arc,item_info.arc,8554
0,,,,ui\00_message\common\item_info.gmd,\ui\item_info.arc,item_info.arc,8555
0,,,,ui\00_message\common\item_info.gmd,\ui\item_info.arc,item_info.arc,8556
0,,,,ui\00_message\common\item_info.gmd,\ui\item_info.arc,item_info.arc,8557
0,,,,ui\00_message\common\item_info.gmd,\ui\item_info.arc,item_info.arc,8558
0,,,,ui\00_message\common\item_info.gmd,\ui\item_info.arc,item_info.arc,8559
0,,,,ui\00_message\common\item_info.gmd,\ui\item_info.arc,item_info.arc,8560
0,,,,ui\00_message\common\item_info.gmd,\ui\item_info.arc,item_info.arc,8561
0,,,,ui\00_message\common\item_info.gmd,\ui\item_info.arc,item_info.arc,8562
0,,,,ui\00_message\common\item_info.gmd,\ui\item_info.arc,item_info.arc,8563
0,,,,ui\00_message\common\item_info.gmd,\ui\item_info.arc,item_info.arc,8564
0,,,,ui\00_message\common\item_info.gmd,\ui\item_info.arc,item_info.arc,8565
0,,,,ui\00_message\common\item_info.gmd,\ui\item_info.arc,item_info.arc,8566
0,,,,ui\00_message\common\item_info.gmd,\ui\item_info.arc,item_info.arc,8567
0,,,,ui\00_message\common\item_info.gmd,\ui\item_info.arc,item_info.arc,8568
0,,,,ui\00_message\common\item_info.gmd,\ui\item_info.arc,item_info.arc,8569
0,,,,ui\00_message\common\item_info.gmd,\ui\item_info.arc,item_info.arc,8570
0,,,,ui\00_message\common\item_info.gmd,\ui\item_info.arc,item_info.arc,8571
0,,,,ui\00_message\common\item_info.gmd,\ui\item_info.arc,item_info.arc,8572
0,,,,ui\00_message\common\item_info.gmd,\ui\item_info.arc,item_info.arc,8573
0,,,,ui\00_message\common\item_info.gmd,\ui\item_info.arc,item_info.arc,8574
0,,,,ui\00_message\common\item_info.gmd,\ui\item_info.arc,item_info.arc,8575
0,,,,ui\00_message\common\item_info.gmd,\ui\item_info.arc,item_info.arc,8576
0,,,,ui\00_message\common\item_info.gmd,\ui\item_info.arc,item_info.arc,8577
0,,,,ui\00_message\common\item_info.gmd,\ui\item_info.arc,item_info.arc,8578
0,,,,ui\00_message\common\item_info.gmd,\ui\item_info.arc,item_info.arc,8579
0,,,,ui\00_message\common\item_info.gmd,\ui\item_info.arc,item_info.arc,8580
0,,,,ui\00_message\common\item_info.gmd,\ui\item_info.arc,item_info.arc,8581
0,,,,ui\00_message\common\item_info.gmd,\ui\item_info.arc,item_info.arc,8582
0,,,,ui\00_message\common\item_info.gmd,\ui\item_info.arc,item_info.arc,8583
0,,,,ui\00_message\common\item_info.gmd,\ui\item_info.arc,item_info.arc,8584
0,,,,ui\00_message\common\item_info.gmd,\ui\item_info.arc,item_info.arc,8585
0,,,,ui\00_message\common\item_info.gmd,\ui\item_info.arc,item_info.arc,8586
0,,,,ui\00_message\common\item_info.gmd,\ui\item_info.arc,item_info.arc,8587
0,,,,ui\00_message\common\item_info.gmd,\ui\item_info.arc,item_info.arc,8588
0,,,,ui\00_message\common\item_info.gmd,\ui\item_info.arc,item_info.arc,8589
0,,,,ui\00_message\common\item_info.gmd,\ui\item_info.arc,item_info.arc,8590
0,,,,ui\00_message\common\item_info.gmd,\ui\item_info.arc,item_info.arc,8591
0,,,,ui\00_message\common\item_info.gmd,\ui\item_info.arc,item_info.arc,8592
0,,,,ui\00_message\common\item_info.gmd,\ui\item_info.arc,item_info.arc,8593
0,,,,ui\00_message\common\item_info.gmd,\ui\item_info.arc,item_info.arc,8594
0,,,,ui\00_message\common\item_info.gmd,\ui\item_info.arc,item_info.arc,8595
0,,,,ui\00_message\common\item_info.gmd,\ui\item_info.arc,item_info.arc,8596
0,,,,ui\00_message\common\item_info.gmd,\ui\item_info.arc,item_info.arc,8597
0,,,,ui\00_message\common\item_info.gmd,\ui\item_info.arc,item_info.arc,8598
0,,,,ui\00_message\common\item_info.gmd,\ui\item_info.arc,item_info.arc,8599
0,,,,ui\00_message\common\item_info.gmd,\ui\item_info.arc,item_info.arc,8600
0,,,,ui\00_message\common\item_info.gmd,\ui\item_info.arc,item_info.arc,8601
0,,,,ui\00_message\common\item_info.gmd,\ui\item_info.arc,item_info.arc,8602
0,,,,ui\00_message\common\item_info.gmd,\ui\item_info.arc,item_info.arc,8603
0,,,,ui\00_message\common\item_info.gmd,\ui\item_info.arc,item_info.arc,8604
0,,,,ui\00_message\common\item_info.gmd,\ui\item_info.arc,item_info.arc,8605
0,,,,ui\00_message\common\item_info.gmd,\ui\item_info.arc,item_info.arc,8606
0,,,,ui\00_message\common\item_info.gmd,\ui\item_info.arc,item_info.arc,8607
0,,,,ui\00_message\common\item_info.gmd,\ui\item_info.arc,item_info.arc,8608
0,,,,ui\00_message\common\item_info.gmd,\ui\item_info.arc,item_info.arc,8609
0,,,,ui\00_message\common\item_info.gmd,\ui\item_info.arc,item_info.arc,8610
0,,,,ui\00_message\common\item_info.gmd,\ui\item_info.arc,item_info.arc,8611
0,,,,ui\00_message\common\item_info.gmd,\ui\item_info.arc,item_info.arc,8612
0,,,,ui\00_message\common\item_info.gmd,\ui\item_info.arc,item_info.arc,8613
0,,,,ui\00_message\common\item_info.gmd,\ui\item_info.arc,item_info.arc,8614
0,,,,ui\00_message\common\item_info.gmd,\ui\item_info.arc,item_info.arc,8615
0,,,,ui\00_message\common\item_info.gmd,\ui\item_info.arc,item_info.arc,8616
0,,,,ui\00_message\common\item_info.gmd,\ui\item_info.arc,item_info.arc,8617
0,,,,ui\00_message\common\item_info.gmd,\ui\item_info.arc,item_info.arc,8618
0,,,,ui\00_message\common\item_info.gmd,\ui\item_info.arc,item_info.arc,8619
0,,,,ui\00_message\common\item_info.gmd,\ui\item_info.arc,item_info.arc,8620
0,,,,ui\00_message\common\item_info.gmd,\ui\item_info.arc,item_info.arc,8621
0,,,,ui\00_message\common\item_info.gmd,\ui\item_info.arc,item_info.arc,8622
0,,,,ui\00_message\common\item_info.gmd,\ui\item_info.arc,item_info.arc,8623
0,,,,ui\00_message\common\item_info.gmd,\ui\item_info.arc,item_info.arc,8624
0,,,,ui\00_message\common\item_info.gmd,\ui\item_info.arc,item_info.arc,8625
0,,,,ui\00_message\common\item_info.gmd,\ui\item_info.arc,item_info.arc,8626
0,,,,ui\00_message\common\item_info.gmd,\ui\item_info.arc,item_info.arc,8627
0,,,,ui\00_message\common\item_info.gmd,\ui\item_info.arc,item_info.arc,8628
0,,,,ui\00_message\common\item_info.gmd,\ui\item_info.arc,item_info.arc,8629
0,,,,ui\00_message\common\item_info.gmd,\ui\item_info.arc,item_info.arc,8630
0,,,,ui\00_message\common\item_info.gmd,\ui\item_info.arc,item_info.arc,8631
0,,,,ui\00_message\common\item_info.gmd,\ui\item_info.arc,item_info.arc,8632
0,,,,ui\00_message\common\item_info.gmd,\ui\item_info.arc,item_info.arc,8633
0,,,,ui\00_message\common\item_info.gmd,\ui\item_info.arc,item_info.arc,8634
0,,,,ui\00_message\common\item_info.gmd,\ui\item_info.arc,item_info.arc,8635
0,,,,ui\00_message\common\item_info.gmd,\ui\item_info.arc,item_info.arc,8636
0,,,,ui\00_message\common\item_info.gmd,\ui\item_info.arc,item_info.arc,8637
0,,,,ui\00_message\common\item_info.gmd,\ui\item_info.arc,item_info.arc,8638
0,,,,ui\00_message\common\item_info.gmd,\ui\item_info.arc,item_info.arc,8639
0,,,,ui\00_message\common\item_info.gmd,\ui\item_info.arc,item_info.arc,8640
0,,,,ui\00_message\common\item_info.gmd,\ui\item_info.arc,item_info.arc,8641
0,,,,ui\00_message\common\item_info.gmd,\ui\item_info.arc,item_info.arc,8642
0,,,,ui\00_message\common\item_info.gmd,\ui\item_info.arc,item_info.arc,8643
0,,,,ui\00_message\common\item_info.gmd,\ui\item_info.arc,item_info.arc,8644
0,,,,ui\00_message\common\item_info.gmd,\ui\item_info.arc,item_info.arc,8645
0,,,,ui\00_message\common\item_info.gmd,\ui\item_info.arc,item_info.arc,8646
0,,,,ui\00_message\common\item_info.gmd,\ui\item_info.arc,item_info.arc,8647
0,,,,ui\00_message\common\item_info.gmd,\ui\item_info.arc,item_info.arc,8648
0,,,,ui\00_message\common\item_info.gmd,\ui\item_info.arc,item_info.arc,8649
0,,,,ui\00_message\common\item_info.gmd,\ui\item_info.arc,item_info.arc,8650
0,,,,ui\00_message\common\item_info.gmd,\ui\item_info.arc,item_info.arc,8651
0,,,,ui\00_message\common\item_info.gmd,\ui\item_info.arc,item_info.arc,8652
0,,,,ui\00_message\common\item_info.gmd,\ui\item_info.arc,item_info.arc,8653
0,,,,ui\00_message\common\item_info.gmd,\ui\item_info.arc,item_info.arc,8654
0,,,,ui\00_message\common\item_info.gmd,\ui\item_info.arc,item_info.arc,8655
0,,,,ui\00_message\common\item_info.gmd,\ui\item_info.arc,item_info.arc,8656
0,,,,ui\00_message\common\item_info.gmd,\ui\item_info.arc,item_info.arc,8657
0,,,,ui\00_message\common\item_info.gmd,\ui\item_info.arc,item_info.arc,8658
0,,,,ui\00_message\common\item_info.gmd,\ui\item_info.arc,item_info.arc,8659
0,,,,ui\00_message\common\item_info.gmd,\ui\item_info.arc,item_info.arc,8660
0,,,,ui\00_message\common\item_info.gmd,\ui\item_info.arc,item_info.arc,8661
0,,,,ui\00_message\common\item_info.gmd,\ui\item_info.arc,item_info.arc,8662
0,,,,ui\00_message\common\item_info.gmd,\ui\item_info.arc,item_info.arc,8663
0,,,,ui\00_message\common\item_info.gmd,\ui\item_info.arc,item_info.arc,8664
0,,,,ui\00_message\common\item_info.gmd,\ui\item_info.arc,item_info.arc,8665
0,,,,ui\00_message\common\item_info.gmd,\ui\item_info.arc,item_info.arc,8666
0,,,,ui\00_message\common\item_info.gmd,\ui\item_info.arc,item_info.arc,8667
0,,,,ui\00_message\common\item_info.gmd,\ui\item_info.arc,item_info.arc,8668
0,,,,ui\00_message\common\item_info.gmd,\ui\item_info.arc,item_info.arc,8669
0,,,,ui\00_message\common\item_info.gmd,\ui\item_info.arc,item_info.arc,8670
0,,,,ui\00_message\common\item_info.gmd,\ui\item_info.arc,item_info.arc,8671
0,,,,ui\00_message\common\item_info.gmd,\ui\item_info.arc,item_info.arc,8672
0,,,,ui\00_message\common\item_info.gmd,\ui\item_info.arc,item_info.arc,8673
0,,,,ui\00_message\common\item_info.gmd,\ui\item_info.arc,item_info.arc,8674
0,,,,ui\00_message\common\item_info.gmd,\ui\item_info.arc,item_info.arc,8675
0,,,,ui\00_message\common\item_info.gmd,\ui\item_info.arc,item_info.arc,8676
0,,,,ui\00_message\common\item_info.gmd,\ui\item_info.arc,item_info.arc,8677
0,,,,ui\00_message\common\item_info.gmd,\ui\item_info.arc,item_info.arc,8678
0,,,,ui\00_message\common\item_info.gmd,\ui\item_info.arc,item_info.arc,8679
0,,,,ui\00_message\common\item_info.gmd,\ui\item_info.arc,item_info.arc,8680
0,,,,ui\00_message\common\item_info.gmd,\ui\item_info.arc,item_info.arc,8681
0,,,,ui\00_message\common\item_info.gmd,\ui\item_info.arc,item_info.arc,8682
0,,,,ui\00_message\common\item_info.gmd,\ui\item_info.arc,item_info.arc,8683
0,,,,ui\00_message\common\item_info.gmd,\ui\item_info.arc,item_info.arc,8684
0,,,,ui\00_message\common\item_info.gmd,\ui\item_info.arc,item_info.arc,8685
0,,,,ui\00_message\common\item_info.gmd,\ui\item_info.arc,item_info.arc,8686
0,,,,ui\00_message\common\item_info.gmd,\ui\item_info.arc,item_info.arc,8687
0,,,,ui\00_message\common\item_info.gmd,\ui\item_info.arc,item_info.arc,8688
0,,,,ui\00_message\common\item_info.gmd,\ui\item_info.arc,item_info.arc,8689
0,,,,ui\00_message\common\item_info.gmd,\ui\item_info.arc,item_info.arc,8690
0,,,,ui\00_message\common\item_info.gmd,\ui\item_info.arc,item_info.arc,8691
0,,,,ui\00_message\common\item_info.gmd,\ui\item_info.arc,item_info.arc,8692
0,,,,ui\00_message\common\item_info.gmd,\ui\item_info.arc,item_info.arc,8693
0,,,,ui\00_message\common\item_info.gmd,\ui\item_info.arc,item_info.arc,8694
0,,,,ui\00_message\common\item_info.gmd,\ui\item_info.arc,item_info.arc,8695
0,,,,ui\00_message\common\item_info.gmd,\ui\item_info.arc,item_info.arc,8696
0,,,,ui\00_message\common\item_info.gmd,\ui\item_info.arc,item_info.arc,8697
0,,,,ui\00_message\common\item_info.gmd,\ui\item_info.arc,item_info.arc,8698
0,,,,ui\00_message\common\item_info.gmd,\ui\item_info.arc,item_info.arc,8699
0,,,,ui\00_message\common\item_info.gmd,\ui\item_info.arc,item_info.arc,8700
0,,,,ui\00_message\common\item_info.gmd,\ui\item_info.arc,item_info.arc,8701
0,,,,ui\00_message\common\item_info.gmd,\ui\item_info.arc,item_info.arc,8702
0,,,,ui\00_message\common\item_info.gmd,\ui\item_info.arc,item_info.arc,8703
0,,,,ui\00_message\common\item_info.gmd,\ui\item_info.arc,item_info.arc,8704
0,,,,ui\00_message\common\item_info.gmd,\ui\item_info.arc,item_info.arc,8705
0,,,,ui\00_message\common\item_info.gmd,\ui\item_info.arc,item_info.arc,8706
0,,,,ui\00_message\common\item_info.gmd,\ui\item_info.arc,item_info.arc,8707
0,,,,ui\00_message\common\item_info.gmd,\ui\item_info.arc,item_info.arc,8708
0,,,,ui\00_message\common\item_info.gmd,\ui\item_info.arc,item_info.arc,8709
0,,,,ui\00_message\common\item_info.gmd,\ui\item_info.arc,item_info.arc,8710
0,,,,ui\00_message\common\item_info.gmd,\ui\item_info.arc,item_info.arc,8711
0,,,,ui\00_message\common\item_info.gmd,\ui\item_info.arc,item_info.arc,8712
0,,,,ui\00_message\common\item_info.gmd,\ui\item_info.arc,item_info.arc,8713
0,,,,ui\00_message\common\item_info.gmd,\ui\item_info.arc,item_info.arc,8714
0,,,,ui\00_message\common\item_info.gmd,\ui\item_info.arc,item_info.arc,8715
0,,,,ui\00_message\common\item_info.gmd,\ui\item_info.arc,item_info.arc,8716
0,,,,ui\00_message\common\item_info.gmd,\ui\item_info.arc,item_info.arc,8717
0,,,,ui\00_message\common\item_info.gmd,\ui\item_info.arc,item_info.arc,8718
0,,,,ui\00_message\common\item_info.gmd,\ui\item_info.arc,item_info.arc,8719
0,,,,ui\00_message\common\item_info.gmd,\ui\item_info.arc,item_info.arc,8720
0,,,,ui\00_message\common\item_info.gmd,\ui\item_info.arc,item_info.arc,8721
0,,,,ui\00_message\common\item_info.gmd,\ui\item_info.arc,item_info.arc,8722
0,,,,ui\00_message\common\item_info.gmd,\ui\item_info.arc,item_info.arc,8723
0,,,,ui\00_message\common\item_info.gmd,\ui\item_info.arc,item_info.arc,8724
0,,,,ui\00_message\common\item_info.gmd,\ui\item_info.arc,item_info.arc,8725
0,,,,ui\00_message\common\item_info.gmd,\ui\item_info.arc,item_info.arc,8726
0,,,,ui\00_message\common\item_info.gmd,\ui\item_info.arc,item_info.arc,8727
0,,,,ui\00_message\common\item_info.gmd,\ui\item_info.arc,item_info.arc,8728
0,,,,ui\00_message\common\item_info.gmd,\ui\item_info.arc,item_info.arc,8729
0,,,,ui\00_message\common\item_info.gmd,\ui\item_info.arc,item_info.arc,8730
0,,,,ui\00_message\common\item_info.gmd,\ui\item_info.arc,item_info.arc,8731
0,,,,ui\00_message\common\item_info.gmd,\ui\item_info.arc,item_info.arc,8732
0,,,,ui\00_message\common\item_info.gmd,\ui\item_info.arc,item_info.arc,8733
0,,,,ui\00_message\common\item_info.gmd,\ui\item_info.arc,item_info.arc,8734
0,,,,ui\00_message\common\item_info.gmd,\ui\item_info.arc,item_info.arc,8735
0,,,,ui\00_message\common\item_info.gmd,\ui\item_info.arc,item_info.arc,8736
0,,,,ui\00_message\common\item_info.gmd,\ui\item_info.arc,item_info.arc,8737
0,,,,ui\00_message\common\item_info.gmd,\ui\item_info.arc,item_info.arc,8738
0,,,,ui\00_message\common\item_info.gmd,\ui\item_info.arc,item_info.arc,8739
0,,,,ui\00_message\common\item_info.gmd,\ui\item_info.arc,item_info.arc,8740
0,,,,ui\00_message\common\item_info.gmd,\ui\item_info.arc,item_info.arc,8741
0,,,,ui\00_message\common\item_info.gmd,\ui\item_info.arc,item_info.arc,8742
0,,,,ui\00_message\common\item_info.gmd,\ui\item_info.arc,item_info.arc,8743
0,,,,ui\00_message\common\item_info.gmd,\ui\item_info.arc,item_info.arc,8744
0,,,,ui\00_message\common\item_info.gmd,\ui\item_info.arc,item_info.arc,8745
0,,,,ui\00_message\common\item_info.gmd,\ui\item_info.arc,item_info.arc,8746
0,,,,ui\00_message\common\item_info.gmd,\ui\item_info.arc,item_info.arc,8747
0,,,,ui\00_message\common\item_info.gmd,\ui\item_info.arc,item_info.arc,8748
0,,,,ui\00_message\common\item_info.gmd,\ui\item_info.arc,item_info.arc,8749
0,,,,ui\00_message\common\item_info.gmd,\ui\item_info.arc,item_info.arc,8750
0,,,,ui\00_message\common\item_info.gmd,\ui\item_info.arc,item_info.arc,8751
0,,,,ui\00_message\common\item_info.gmd,\ui\item_info.arc,item_info.arc,8752
0,,,,ui\00_message\common\item_info.gmd,\ui\item_info.arc,item_info.arc,8753
0,,,,ui\00_message\common\item_info.gmd,\ui\item_info.arc,item_info.arc,8754
0,,,,ui\00_message\common\item_info.gmd,\ui\item_info.arc,item_info.arc,8755
0,,,,ui\00_message\common\item_info.gmd,\ui\item_info.arc,item_info.arc,8756
0,,,,ui\00_message\common\item_info.gmd,\ui\item_info.arc,item_info.arc,8757
0,,,,ui\00_message\common\item_info.gmd,\ui\item_info.arc,item_info.arc,8758
0,,,,ui\00_message\common\item_info.gmd,\ui\item_info.arc,item_info.arc,8759
0,,,,ui\00_message\common\item_info.gmd,\ui\item_info.arc,item_info.arc,8760
0,,,,ui\00_message\common\item_info.gmd,\ui\item_info.arc,item_info.arc,8761
0,,,,ui\00_message\common\item_info.gmd,\ui\item_info.arc,item_info.arc,8762
0,,,,ui\00_message\common\item_info.gmd,\ui\item_info.arc,item_info.arc,8763
0,,,,ui\00_message\common\item_info.gmd,\ui\item_info.arc,item_info.arc,8764
0,,,,ui\00_message\common\item_info.gmd,\ui\item_info.arc,item_info.arc,8765
0,,,,ui\00_message\common\item_info.gmd,\ui\item_info.arc,item_info.arc,8766
0,,,,ui\00_message\common\item_info.gmd,\ui\item_info.arc,item_info.arc,8767
0,,,,ui\00_message\common\item_info.gmd,\ui\item_info.arc,item_info.arc,8768
0,,,,ui\00_message\common\item_info.gmd,\ui\item_info.arc,item_info.arc,8769
0,,,,ui\00_message\common\item_info.gmd,\ui\item_info.arc,item_info.arc,8770
0,,,,ui\00_message\common\item_info.gmd,\ui\item_info.arc,item_info.arc,8771
0,,,,ui\00_message\common\item_info.gmd,\ui\item_info.arc,item_info.arc,8772
0,,,,ui\00_message\common\item_info.gmd,\ui\item_info.arc,item_info.arc,8773
0,,,,ui\00_message\common\item_info.gmd,\ui\item_info.arc,item_info.arc,8774
0,,,,ui\00_message\common\item_info.gmd,\ui\item_info.arc,item_info.arc,8775
0,,,,ui\00_message\common\item_info.gmd,\ui\item_info.arc,item_info.arc,8776
0,,,,ui\00_message\common\item_info.gmd,\ui\item_info.arc,item_info.arc,8777
0,,,,ui\00_message\common\item_info.gmd,\ui\item_info.arc,item_info.arc,8778
0,,,,ui\00_message\common\item_info.gmd,\ui\item_info.arc,item_info.arc,8779
0,,,,ui\00_message\common\item_info.gmd,\ui\item_info.arc,item_info.arc,8780
0,,,,ui\00_message\common\item_info.gmd,\ui\item_info.arc,item_info.arc,8781
0,,,,ui\00_message\common\item_info.gmd,\ui\item_info.arc,item_info.arc,8782
0,,,,ui\00_message\common\item_info.gmd,\ui\item_info.arc,item_info.arc,8783
0,,,,ui\00_message\common\item_info.gmd,\ui\item_info.arc,item_info.arc,8784
0,,,,ui\00_message\common\item_info.gmd,\ui\item_info.arc,item_info.arc,8785
0,,,,ui\00_message\common\item_info.gmd,\ui\item_info.arc,item_info.arc,8786
0,,,,ui\00_message\common\item_info.gmd,\ui\item_info.arc,item_info.arc,8787
0,,,,ui\00_message\common\item_info.gmd,\ui\item_info.arc,item_info.arc,8788
0,,,,ui\00_message\common\item_info.gmd,\ui\item_info.arc,item_info.arc,8789
0,,,,ui\00_message\common\item_info.gmd,\ui\item_info.arc,item_info.arc,8790
0,,,,ui\00_message\common\item_info.gmd,\ui\item_info.arc,item_info.arc,8791
0,,,,ui\00_message\common\item_info.gmd,\ui\item_info.arc,item_info.arc,8792
0,,,,ui\00_message\common\item_info.gmd,\ui\item_info.arc,item_info.arc,8793
0,,,,ui\00_message\common\item_info.gmd,\ui\item_info.arc,item_info.arc,8794
0,,,,ui\00_message\common\item_info.gmd,\ui\item_info.arc,item_info.arc,8795
0,,,,ui\00_message\common\item_info.gmd,\ui\item_info.arc,item_info.arc,8796
0,,,,ui\00_message\common\item_info.gmd,\ui\item_info.arc,item_info.arc,8797
0,,,,ui\00_message\common\item_info.gmd,\ui\item_info.arc,item_info.arc,8798
0,,,,ui\00_message\common\item_info.gmd,\ui\item_info.arc,item_info.arc,8799
0,,,,ui\00_message\common\item_info.gmd,\ui\item_info.arc,item_info.arc,8800
0,,,,ui\00_message\common\item_info.gmd,\ui\item_info.arc,item_info.arc,8801
0,,,,ui\00_message\common\item_info.gmd,\ui\item_info.arc,item_info.arc,8802
0,,,,ui\00_message\common\item_info.gmd,\ui\item_info.arc,item_info.arc,8803
0,,,,ui\00_message\common\item_info.gmd,\ui\item_info.arc,item_info.arc,8804
0,,,,ui\00_message\common\item_info.gmd,\ui\item_info.arc,item_info.arc,8805
0,,,,ui\00_message\common\item_info.gmd,\ui\item_info.arc,item_info.arc,8806
0,,,,ui\00_message\common\item_info.gmd,\ui\item_info.arc,item_info.arc,8807
0,,,,ui\00_message\common\item_info.gmd,\ui\item_info.arc,item_info.arc,8808
0,,,,ui\00_message\common\item_info.gmd,\ui\item_info.arc,item_info.arc,8809
0,,,,ui\00_message\common\item_info.gmd,\ui\item_info.arc,item_info.arc,8810
0,,,,ui\00_message\common\item_info.gmd,\ui\item_info.arc,item_info.arc,8811
0,,,,ui\00_message\common\item_info.gmd,\ui\item_info.arc,item_info.arc,8812
0,,,,ui\00_message\common\item_info.gmd,\ui\item_info.arc,item_info.arc,8813
0,,,,ui\00_message\common\item_info.gmd,\ui\item_info.arc,item_info.arc,8814
0,,,,ui\00_message\common\item_info.gmd,\ui\item_info.arc,item_info.arc,8815
0,,,,ui\00_message\common\item_info.gmd,\ui\item_info.arc,item_info.arc,8816
0,,,,ui\00_message\common\item_info.gmd,\ui\item_info.arc,item_info.arc,8817
0,,,,ui\00_message\common\item_info.gmd,\ui\item_info.arc,item_info.arc,8818
0,,,,ui\00_message\common\item_info.gmd,\ui\item_info.arc,item_info.arc,8819
0,,,,ui\00_message\common\item_info.gmd,\ui\item_info.arc,item_info.arc,8820
0,,,,ui\00_message\common\item_info.gmd,\ui\item_info.arc,item_info.arc,8821
0,,,,ui\00_message\common\item_info.gmd,\ui\item_info.arc,item_info.arc,8822
0,,,,ui\00_message\common\item_info.gmd,\ui\item_info.arc,item_info.arc,8823
0,,,,ui\00_message\common\item_info.gmd,\ui\item_info.arc,item_info.arc,8824
0,,,,ui\00_message\common\item_info.gmd,\ui\item_info.arc,item_info.arc,8825
0,,,,ui\00_message\common\item_info.gmd,\ui\item_info.arc,item_info.arc,8826
0,,,,ui\00_message\common\item_info.gmd,\ui\item_info.arc,item_info.arc,8827
0,,,,ui\00_message\common\item_info.gmd,\ui\item_info.arc,item_info.arc,8828
0,,,,ui\00_message\common\item_info.gmd,\ui\item_info.arc,item_info.arc,8829
0,,,,ui\00_message\common\item_info.gmd,\ui\item_info.arc,item_info.arc,8830
0,,,,ui\00_message\common\item_info.gmd,\ui\item_info.arc,item_info.arc,8831
0,,,,ui\00_message\common\item_info.gmd,\ui\item_info.arc,item_info.arc,8832
0,,,,ui\00_message\common\item_info.gmd,\ui\item_info.arc,item_info.arc,8833
0,,,,ui\00_message\common\item_info.gmd,\ui\item_info.arc,item_info.arc,8834
0,,,,ui\00_message\common\item_info.gmd,\ui\item_info.arc,item_info.arc,8835
0,,,,ui\00_message\common\item_info.gmd,\ui\item_info.arc,item_info.arc,8836
0,,,,ui\00_message\common\item_info.gmd,\ui\item_info.arc,item_info.arc,8837
0,,,,ui\00_message\common\item_info.gmd,\ui\item_info.arc,item_info.arc,8838
0,,,,ui\00_message\common\item_info.gmd,\ui\item_info.arc,item_info.arc,8839
0,,,,ui\00_message\common\item_info.gmd,\ui\item_info.arc,item_info.arc,8840
0,,,,ui\00_message\common\item_info.gmd,\ui\item_info.arc,item_info.arc,8841
0,,,,ui\00_message\common\item_info.gmd,\ui\item_info.arc,item_info.arc,8842
0,,,,ui\00_message\common\item_info.gmd,\ui\item_info.arc,item_info.arc,8843
0,,,,ui\00_message\common\item_info.gmd,\ui\item_info.arc,item_info.arc,8844
0,,,,ui\00_message\common\item_info.gmd,\ui\item_info.arc,item_info.arc,8845
0,,,,ui\00_message\common\item_info.gmd,\ui\item_info.arc,item_info.arc,8846
0,,,,ui\00_message\common\item_info.gmd,\ui\item_info.arc,item_info.arc,8847
0,,,,ui\00_message\common\item_info.gmd,\ui\item_info.arc,item_info.arc,8848
0,,,,ui\00_message\common\item_info.gmd,\ui\item_info.arc,item_info.arc,8849
0,,,,ui\00_message\common\item_info.gmd,\ui\item_info.arc,item_info.arc,8850
0,,,,ui\00_message\common\item_info.gmd,\ui\item_info.arc,item_info.arc,8851
0,,,,ui\00_message\common\item_info.gmd,\ui\item_info.arc,item_info.arc,8852
0,,,,ui\00_message\common\item_info.gmd,\ui\item_info.arc,item_info.arc,8853
0,,,,ui\00_message\common\item_info.gmd,\ui\item_info.arc,item_info.arc,8854
0,,,,ui\00_message\common\item_info.gmd,\ui\item_info.arc,item_info.arc,8855
0,,,,ui\00_message\common\item_info.gmd,\ui\item_info.arc,item_info.arc,8856
0,,,,ui\00_message\common\item_info.gmd,\ui\item_info.arc,item_info.arc,8857
0,,,,ui\00_message\common\item_info.gmd,\ui\item_info.arc,item_info.arc,8858
0,,,,ui\00_message\common\item_info.gmd,\ui\item_info.arc,item_info.arc,8859
0,,,,ui\00_message\common\item_info.gmd,\ui\item_info.arc,item_info.arc,8860
0,,,,ui\00_message\common\item_info.gmd,\ui\item_info.arc,item_info.arc,8861
0,,,,ui\00_message\common\item_info.gmd,\ui\item_info.arc,item_info.arc,8862
0,,,,ui\00_message\common\item_info.gmd,\ui\item_info.arc,item_info.arc,8863
0,,,,ui\00_message\common\item_info.gmd,\ui\item_info.arc,item_info.arc,8864
0,,,,ui\00_message\common\item_info.gmd,\ui\item_info.arc,item_info.arc,8865
0,,,,ui\00_message\common\item_info.gmd,\ui\item_info.arc,item_info.arc,8866
0,,,,ui\00_message\common\item_info.gmd,\ui\item_info.arc,item_info.arc,8867
0,,,,ui\00_message\common\item_info.gmd,\ui\item_info.arc,item_info.arc,8868
0,,,,ui\00_message\common\item_info.gmd,\ui\item_info.arc,item_info.arc,8869
0,,,,ui\00_message\common\item_info.gmd,\ui\item_info.arc,item_info.arc,8870
0,,,,ui\00_message\common\item_info.gmd,\ui\item_info.arc,item_info.arc,8871
0,,,,ui\00_message\common\item_info.gmd,\ui\item_info.arc,item_info.arc,8872
0,,,,ui\00_message\common\item_info.gmd,\ui\item_info.arc,item_info.arc,8873
0,,,,ui\00_message\common\item_info.gmd,\ui\item_info.arc,item_info.arc,8874
0,,,,ui\00_message\common\item_info.gmd,\ui\item_info.arc,item_info.arc,8875
0,,,,ui\00_message\common\item_info.gmd,\ui\item_info.arc,item_info.arc,8876
0,,,,ui\00_message\common\item_info.gmd,\ui\item_info.arc,item_info.arc,8877
0,,,,ui\00_message\common\item_info.gmd,\ui\item_info.arc,item_info.arc,8878
0,,,,ui\00_message\common\item_info.gmd,\ui\item_info.arc,item_info.arc,8879
0,,,,ui\00_message\common\item_info.gmd,\ui\item_info.arc,item_info.arc,8880
0,,,,ui\00_message\common\item_info.gmd,\ui\item_info.arc,item_info.arc,8881
0,,,,ui\00_message\common\item_info.gmd,\ui\item_info.arc,item_info.arc,8882
0,,,,ui\00_message\common\item_info.gmd,\ui\item_info.arc,item_info.arc,8883
0,,,,ui\00_message\common\item_info.gmd,\ui\item_info.arc,item_info.arc,8884
0,,,,ui\00_message\common\item_info.gmd,\ui\item_info.arc,item_info.arc,8885
0,,,,ui\00_message\common\item_info.gmd,\ui\item_info.arc,item_info.arc,8886
0,,,,ui\00_message\common\item_info.gmd,\ui\item_info.arc,item_info.arc,8887
0,,,,ui\00_message\common\item_info.gmd,\ui\item_info.arc,item_info.arc,8888
0,,,,ui\00_message\common\item_info.gmd,\ui\item_info.arc,item_info.arc,8889
0,,,,ui\00_message\common\item_info.gmd,\ui\item_info.arc,item_info.arc,8890
0,,,,ui\00_message\common\item_info.gmd,\ui\item_info.arc,item_info.arc,8891
0,,,,ui\00_message\common\item_info.gmd,\ui\item_info.arc,item_info.arc,8892
0,,,,ui\00_message\common\item_info.gmd,\ui\item_info.arc,item_info.arc,8893
0,,,,ui\00_message\common\item_info.gmd,\ui\item_info.arc,item_info.arc,8894
0,,,,ui\00_message\common\item_info.gmd,\ui\item_info.arc,item_info.arc,8895
0,,,,ui\00_message\common\item_info.gmd,\ui\item_info.arc,item_info.arc,8896
0,,,,ui\00_message\common\item_info.gmd,\ui\item_info.arc,item_info.arc,8897
0,,,,ui\00_message\common\item_info.gmd,\ui\item_info.arc,item_info.arc,8898
0,,,,ui\00_message\common\item_info.gmd,\ui\item_info.arc,item_info.arc,8899
0,,,,ui\00_message\common\item_info.gmd,\ui\item_info.arc,item_info.arc,8900
0,,,,ui\00_message\common\item_info.gmd,\ui\item_info.arc,item_info.arc,8901
0,,,,ui\00_message\common\item_info.gmd,\ui\item_info.arc,item_info.arc,8902
0,,,,ui\00_message\common\item_info.gmd,\ui\item_info.arc,item_info.arc,8903
0,,,,ui\00_message\common\item_info.gmd,\ui\item_info.arc,item_info.arc,8904
0,,,,ui\00_message\common\item_info.gmd,\ui\item_info.arc,item_info.arc,8905
0,,,,ui\00_message\common\item_info.gmd,\ui\item_info.arc,item_info.arc,8906
0,,,,ui\00_message\common\item_info.gmd,\ui\item_info.arc,item_info.arc,8907
0,,,,ui\00_message\common\item_info.gmd,\ui\item_info.arc,item_info.arc,8908
0,,,,ui\00_message\common\item_info.gmd,\ui\item_info.arc,item_info.arc,8909
0,,,,ui\00_message\common\item_info.gmd,\ui\item_info.arc,item_info.arc,8910
0,,,,ui\00_message\common\item_info.gmd,\ui\item_info.arc,item_info.arc,8911
0,,,,ui\00_message\common\item_info.gmd,\ui\item_info.arc,item_info.arc,8912
0,,,,ui\00_message\common\item_info.gmd,\ui\item_info.arc,item_info.arc,8913
0,,,,ui\00_message\common\item_info.gmd,\ui\item_info.arc,item_info.arc,8914
0,,,,ui\00_message\common\item_info.gmd,\ui\item_info.arc,item_info.arc,8915
0,,,,ui\00_message\common\item_info.gmd,\ui\item_info.arc,item_info.arc,8916
0,,,,ui\00_message\common\item_info.gmd,\ui\item_info.arc,item_info.arc,8917
0,,,,ui\00_message\common\item_info.gmd,\ui\item_info.arc,item_info.arc,8918
0,,,,ui\00_message\common\item_info.gmd,\ui\item_info.arc,item_info.arc,8919
0,,,,ui\00_message\common\item_info.gmd,\ui\item_info.arc,item_info.arc,8920
0,,,,ui\00_message\common\item_info.gmd,\ui\item_info.arc,item_info.arc,8921
0,,,,ui\00_message\common\item_info.gmd,\ui\item_info.arc,item_info.arc,8922
0,,,,ui\00_message\common\item_info.gmd,\ui\item_info.arc,item_info.arc,8923
0,,,,ui\00_message\common\item_info.gmd,\ui\item_info.arc,item_info.arc,8924
0,,,,ui\00_message\common\item_info.gmd,\ui\item_info.arc,item_info.arc,8925
0,,,,ui\00_message\common\item_info.gmd,\ui\item_info.arc,item_info.arc,8926
0,,,,ui\00_message\common\item_info.gmd,\ui\item_info.arc,item_info.arc,8927
0,,,,ui\00_message\common\item_info.gmd,\ui\item_info.arc,item_info.arc,8928
0,,,,ui\00_message\common\item_info.gmd,\ui\item_info.arc,item_info.arc,8929
0,,,,ui\00_message\common\item_info.gmd,\ui\item_info.arc,item_info.arc,8930
0,,,,ui\00_message\common\item_info.gmd,\ui\item_info.arc,item_info.arc,8931
0,,,,ui\00_message\common\item_info.gmd,\ui\item_info.arc,item_info.arc,8932
0,,,,ui\00_message\common\item_info.gmd,\ui\item_info.arc,item_info.arc,8933
0,,,,ui\00_message\common\item_info.gmd,\ui\item_info.arc,item_info.arc,8934
0,,,,ui\00_message\common\item_info.gmd,\ui\item_info.arc,item_info.arc,8935
0,,,,ui\00_message\common\item_info.gmd,\ui\item_info.arc,item_info.arc,8936
0,,,,ui\00_message\common\item_info.gmd,\ui\item_info.arc,item_info.arc,8937
0,,,,ui\00_message\common\item_info.gmd,\ui\item_info.arc,item_info.arc,8938
0,,,,ui\00_message\common\item_info.gmd,\ui\item_info.arc,item_info.arc,8939
0,,,,ui\00_message\common\item_info.gmd,\ui\item_info.arc,item_info.arc,8940
0,,,,ui\00_message\common\item_info.gmd,\ui\item_info.arc,item_info.arc,8941
0,,,,ui\00_message\common\item_info.gmd,\ui\item_info.arc,item_info.arc,8942
0,,,,ui\00_message\common\item_info.gmd,\ui\item_info.arc,item_info.arc,8943
0,,,,ui\00_message\common\item_info.gmd,\ui\item_info.arc,item_info.arc,8944
0,,,,ui\00_message\common\item_info.gmd,\ui\item_info.arc,item_info.arc,8945
0,,,,ui\00_message\common\item_info.gmd,\ui\item_info.arc,item_info.arc,8946
0,,,,ui\00_message\common\item_info.gmd,\ui\item_info.arc,item_info.arc,8947
0,,,,ui\00_message\common\item_info.gmd,\ui\item_info.arc,item_info.arc,8948
0,,,,ui\00_message\common\item_info.gmd,\ui\item_info.arc,item_info.arc,8949
0,,,,ui\00_message\common\item_info.gmd,\ui\item_info.arc,item_info.arc,8950
0,,,,ui\00_message\common\item_info.gmd,\ui\item_info.arc,item_info.arc,8951
0,,,,ui\00_message\common\item_info.gmd,\ui\item_info.arc,item_info.arc,8952
0,,,,ui\00_message\common\item_info.gmd,\ui\item_info.arc,item_info.arc,8953
0,,,,ui\00_message\common\item_info.gmd,\ui\item_info.arc,item_info.arc,8954
0,,,,ui\00_message\common\item_info.gmd,\ui\item_info.arc,item_info.arc,8955
0,,,,ui\00_message\common\item_info.gmd,\ui\item_info.arc,item_info.arc,8956
0,,,,ui\00_message\common\item_info.gmd,\ui\item_info.arc,item_info.arc,8957
0,,,,ui\00_message\common\item_info.gmd,\ui\item_info.arc,item_info.arc,8958
0,,,,ui\00_message\common\item_info.gmd,\ui\item_info.arc,item_info.arc,8959
0,,,,ui\00_message\common\item_info.gmd,\ui\item_info.arc,item_info.arc,8960
0,,,,ui\00_message\common\item_info.gmd,\ui\item_info.arc,item_info.arc,8961
0,,,,ui\00_message\common\item_info.gmd,\ui\item_info.arc,item_info.arc,8962
0,,,,ui\00_message\common\item_info.gmd,\ui\item_info.arc,item_info.arc,8963
0,,,,ui\00_message\common\item_info.gmd,\ui\item_info.arc,item_info.arc,8964
0,,,,ui\00_message\common\item_info.gmd,\ui\item_info.arc,item_info.arc,8965
0,,,,ui\00_message\common\item_info.gmd,\ui\item_info.arc,item_info.arc,8966
0,,,,ui\00_message\common\item_info.gmd,\ui\item_info.arc,item_info.arc,8967
0,,,,ui\00_message\common\item_info.gmd,\ui\item_info.arc,item_info.arc,8968
0,,,,ui\00_message\common\item_info.gmd,\ui\item_info.arc,item_info.arc,8969
0,,,,ui\00_message\common\item_info.gmd,\ui\item_info.arc,item_info.arc,8970
0,,,,ui\00_message\common\item_info.gmd,\ui\item_info.arc,item_info.arc,8971
0,,,,ui\00_message\common\item_info.gmd,\ui\item_info.arc,item_info.arc,8972
0,,,,ui\00_message\common\item_info.gmd,\ui\item_info.arc,item_info.arc,8973
0,,,,ui\00_message\common\item_info.gmd,\ui\item_info.arc,item_info.arc,8974
0,,,,ui\00_message\common\item_info.gmd,\ui\item_info.arc,item_info.arc,8975
0,,,,ui\00_message\common\item_info.gmd,\ui\item_info.arc,item_info.arc,8976
0,,,,ui\00_message\common\item_info.gmd,\ui\item_info.arc,item_info.arc,8977
0,,,,ui\00_message\common\item_info.gmd,\ui\item_info.arc,item_info.arc,8978
0,,,,ui\00_message\common\item_info.gmd,\ui\item_info.arc,item_info.arc,8979
0,,,,ui\00_message\common\item_info.gmd,\ui\item_info.arc,item_info.arc,8980
0,,,,ui\00_message\common\item_info.gmd,\ui\item_info.arc,item_info.arc,8981
0,,,,ui\00_message\common\item_info.gmd,\ui\item_info.arc,item_info.arc,8982
0,,,,ui\00_message\common\item_info.gmd,\ui\item_info.arc,item_info.arc,8983
0,,,,ui\00_message\common\item_info.gmd,\ui\item_info.arc,item_info.arc,8984
0,,,,ui\00_message\common\item_info.gmd,\ui\item_info.arc,item_info.arc,8985
0,,,,ui\00_message\common\item_info.gmd,\ui\item_info.arc,item_info.arc,8986
0,,,,ui\00_message\common\item_info.gmd,\ui\item_info.arc,item_info.arc,8987
0,,,,ui\00_message\common\item_info.gmd,\ui\item_info.arc,item_info.arc,8988
0,,,,ui\00_message\common\item_info.gmd,\ui\item_info.arc,item_info.arc,8989
0,,,,ui\00_message\common\item_info.gmd,\ui\item_info.arc,item_info.arc,8990
0,,,,ui\00_message\common\item_info.gmd,\ui\item_info.arc,item_info.arc,8991
0,,,,ui\00_message\common\item_info.gmd,\ui\item_info.arc,item_info.arc,8992
0,,,,ui\00_message\common\item_info.gmd,\ui\item_info.arc,item_info.arc,8993
0,,,,ui\00_message\common\item_info.gmd,\ui\item_info.arc,item_info.arc,8994
0,,,,ui\00_message\common\item_info.gmd,\ui\item_info.arc,item_info.arc,8995
0,,,,ui\00_message\common\item_info.gmd,\ui\item_info.arc,item_info.arc,8996
0,,,,ui\00_message\common\item_info.gmd,\ui\item_info.arc,item_info.arc,8997
0,,,,ui\00_message\common\item_info.gmd,\ui\item_info.arc,item_info.arc,8998
0,,,,ui\00_message\common\item_info.gmd,\ui\item_info.arc,item_info.arc,8999
0,,,,ui\00_message\common\item_info.gmd,\ui\item_info.arc,item_info.arc,9000
0,,,,ui\00_message\common\item_info.gmd,\ui\item_info.arc,item_info.arc,9001
0,,,,ui\00_message\common\item_info.gmd,\ui\item_info.arc,item_info.arc,9002
0,,,,ui\00_message\common\item_info.gmd,\ui\item_info.arc,item_info.arc,9003
0,,,,ui\00_message\common\item_info.gmd,\ui\item_info.arc,item_info.arc,9004
0,,,,ui\00_message\common\item_info.gmd,\ui\item_info.arc,item_info.arc,9005
0,,,,ui\00_message\common\item_info.gmd,\ui\item_info.arc,item_info.arc,9006
0,,,,ui\00_message\common\item_info.gmd,\ui\item_info.arc,item_info.arc,9007
0,,,,ui\00_message\common\item_info.gmd,\ui\item_info.arc,item_info.arc,9008
0,,,,ui\00_message\common\item_info.gmd,\ui\item_info.arc,item_info.arc,9009
0,,,,ui\00_message\common\item_info.gmd,\ui\item_info.arc,item_info.arc,9010
0,,,,ui\00_message\common\item_info.gmd,\ui\item_info.arc,item_info.arc,9011
0,,,,ui\00_message\common\item_info.gmd,\ui\item_info.arc,item_info.arc,9012
0,,,,ui\00_message\common\item_info.gmd,\ui\item_info.arc,item_info.arc,9013
0,,,,ui\00_message\common\item_info.gmd,\ui\item_info.arc,item_info.arc,9014
0,,,,ui\00_message\common\item_info.gmd,\ui\item_info.arc,item_info.arc,9015
0,,,,ui\00_message\common\item_info.gmd,\ui\item_info.arc,item_info.arc,9016
0,,,,ui\00_message\common\item_info.gmd,\ui\item_info.arc,item_info.arc,9017
0,,,,ui\00_message\common\item_info.gmd,\ui\item_info.arc,item_info.arc,9018
0,,,,ui\00_message\common\item_info.gmd,\ui\item_info.arc,item_info.arc,9019
0,,,,ui\00_message\common\item_info.gmd,\ui\item_info.arc,item_info.arc,9020
0,,,,ui\00_message\common\item_info.gmd,\ui\item_info.arc,item_info.arc,9021
0,,,,ui\00_message\common\item_info.gmd,\ui\item_info.arc,item_info.arc,9022
0,,,,ui\00_message\common\item_info.gmd,\ui\item_info.arc,item_info.arc,9023
0,,,,ui\00_message\common\item_info.gmd,\ui\item_info.arc,item_info.arc,9024
0,,,,ui\00_message\common\item_info.gmd,\ui\item_info.arc,item_info.arc,9025
0,,,,ui\00_message\common\item_info.gmd,\ui\item_info.arc,item_info.arc,9026
0,,,,ui\00_message\common\item_info.gmd,\ui\item_info.arc,item_info.arc,9027
0,,,,ui\00_message\common\item_info.gmd,\ui\item_info.arc,item_info.arc,9028
0,,,,ui\00_message\common\item_info.gmd,\ui\item_info.arc,item_info.arc,9029
0,,,,ui\00_message\common\item_info.gmd,\ui\item_info.arc,item_info.arc,9030
0,,,,ui\00_message\common\item_info.gmd,\ui\item_info.arc,item_info.arc,9031
0,,,,ui\00_message\common\item_info.gmd,\ui\item_info.arc,item_info.arc,9032
0,,,,ui\00_message\common\item_info.gmd,\ui\item_info.arc,item_info.arc,9033
0,,,,ui\00_message\common\item_info.gmd,\ui\item_info.arc,item_info.arc,9034
0,,,,ui\00_message\common\item_info.gmd,\ui\item_info.arc,item_info.arc,9035
0,,,,ui\00_message\common\item_info.gmd,\ui\item_info.arc,item_info.arc,9036
0,,,,ui\00_message\common\item_info.gmd,\ui\item_info.arc,item_info.arc,9037
0,,,,ui\00_message\common\item_info.gmd,\ui\item_info.arc,item_info.arc,9038
0,,,,ui\00_message\common\item_info.gmd,\ui\item_info.arc,item_info.arc,9039
0,,,,ui\00_message\common\item_info.gmd,\ui\item_info.arc,item_info.arc,9040
0,,,,ui\00_message\common\item_info.gmd,\ui\item_info.arc,item_info.arc,9041
0,,,,ui\00_message\common\item_info.gmd,\ui\item_info.arc,item_info.arc,9042
0,,,,ui\00_message\common\item_info.gmd,\ui\item_info.arc,item_info.arc,9043
0,,,,ui\00_message\common\item_info.gmd,\ui\item_info.arc,item_info.arc,9044
0,,,,ui\00_message\common\item_info.gmd,\ui\item_info.arc,item_info.arc,9045
0,,,,ui\00_message\common\item_info.gmd,\ui\item_info.arc,item_info.arc,9046
0,,,,ui\00_message\common\item_info.gmd,\ui\item_info.arc,item_info.arc,9047
0,,,,ui\00_message\common\item_info.gmd,\ui\item_info.arc,item_info.arc,9048
0,,,,ui\00_message\common\item_info.gmd,\ui\item_info.arc,item_info.arc,9049
0,,,,ui\00_message\common\item_info.gmd,\ui\item_info.arc,item_info.arc,9050
0,,,,ui\00_message\common\item_info.gmd,\ui\item_info.arc,item_info.arc,9051
0,,,,ui\00_message\common\item_info.gmd,\ui\item_info.arc,item_info.arc,9052
0,,,,ui\00_message\common\item_info.gmd,\ui\item_info.arc,item_info.arc,9053
0,,,,ui\00_message\common\item_info.gmd,\ui\item_info.arc,item_info.arc,9054
0,,,,ui\00_message\common\item_info.gmd,\ui\item_info.arc,item_info.arc,9055
0,,,,ui\00_message\common\item_info.gmd,\ui\item_info.arc,item_info.arc,9056
0,,,,ui\00_message\common\item_info.gmd,\ui\item_info.arc,item_info.arc,9057
0,,,,ui\00_message\common\item_info.gmd,\ui\item_info.arc,item_info.arc,9058
0,,,,ui\00_message\common\item_info.gmd,\ui\item_info.arc,item_info.arc,9059
0,,,,ui\00_message\common\item_info.gmd,\ui\item_info.arc,item_info.arc,9060
0,,,,ui\00_message\common\item_info.gmd,\ui\item_info.arc,item_info.arc,9061
0,,,,ui\00_message\common\item_info.gmd,\ui\item_info.arc,item_info.arc,9062
0,,,,ui\00_message\common\item_info.gmd,\ui\item_info.arc,item_info.arc,9063
0,,,,ui\00_message\common\item_info.gmd,\ui\item_info.arc,item_info.arc,9064
0,,,,ui\00_message\common\item_info.gmd,\ui\item_info.arc,item_info.arc,9065
0,,,,ui\00_message\common\item_info.gmd,\ui\item_info.arc,item_info.arc,9066
0,,,,ui\00_message\common\item_info.gmd,\ui\item_info.arc,item_info.arc,9067
0,,,,ui\00_message\common\item_info.gmd,\ui\item_info.arc,item_info.arc,9068
0,,,,ui\00_message\common\item_info.gmd,\ui\item_info.arc,item_info.arc,9069
0,,,,ui\00_message\common\item_info.gmd,\ui\item_info.arc,item_info.arc,9070
0,,,,ui\00_message\common\item_info.gmd,\ui\item_info.arc,item_info.arc,9071
0,,,,ui\00_message\common\item_info.gmd,\ui\item_info.arc,item_info.arc,9072
0,,,,ui\00_message\common\item_info.gmd,\ui\item_info.arc,item_info.arc,9073
0,,,,ui\00_message\common\item_info.gmd,\ui\item_info.arc,item_info.arc,9074
0,,,,ui\00_message\common\item_info.gmd,\ui\item_info.arc,item_info.arc,9075
0,,,,ui\00_message\common\item_info.gmd,\ui\item_info.arc,item_info.arc,9076
0,,,,ui\00_message\common\item_info.gmd,\ui\item_info.arc,item_info.arc,9077
0,,,,ui\00_message\common\item_info.gmd,\ui\item_info.arc,item_info.arc,9078
0,,,,ui\00_message\common\item_info.gmd,\ui\item_info.arc,item_info.arc,9079
0,,,,ui\00_message\common\item_info.gmd,\ui\item_info.arc,item_info.arc,9080
0,,,,ui\00_message\common\item_info.gmd,\ui\item_info.arc,item_info.arc,9081
0,,,,ui\00_message\common\item_info.gmd,\ui\item_info.arc,item_info.arc,9082
0,,,,ui\00_message\common\item_info.gmd,\ui\item_info.arc,item_info.arc,9083
0,,,,ui\00_message\common\item_info.gmd,\ui\item_info.arc,item_info.arc,9084
0,,,,ui\00_message\common\item_info.gmd,\ui\item_info.arc,item_info.arc,9085
0,,,,ui\00_message\common\item_info.gmd,\ui\item_info.arc,item_info.arc,9086
0,,,,ui\00_message\common\item_info.gmd,\ui\item_info.arc,item_info.arc,9087
0,,,,ui\00_message\common\item_info.gmd,\ui\item_info.arc,item_info.arc,9088
0,,,,ui\00_message\common\item_info.gmd,\ui\item_info.arc,item_info.arc,9089
0,,,,ui\00_message\common\item_info.gmd,\ui\item_info.arc,item_info.arc,9090
0,,,,ui\00_message\common\item_info.gmd,\ui\item_info.arc,item_info.arc,9091
0,,,,ui\00_message\common\item_info.gmd,\ui\item_info.arc,item_info.arc,9092
0,,,,ui\00_message\common\item_info.gmd,\ui\item_info.arc,item_info.arc,9093
0,,,,ui\00_message\common\item_info.gmd,\ui\item_info.arc,item_info.arc,9094
0,,,,ui\00_message\common\item_info.gmd,\ui\item_info.arc,item_info.arc,9095
0,,,,ui\00_message\common\item_info.gmd,\ui\item_info.arc,item_info.arc,9096
0,,,,ui\00_message\common\item_info.gmd,\ui\item_info.arc,item_info.arc,9097
0,,,,ui\00_message\common\item_info.gmd,\ui\item_info.arc,item_info.arc,9098
0,,,,ui\00_message\common\item_info.gmd,\ui\item_info.arc,item_info.arc,9099
0,,,,ui\00_message\common\item_info.gmd,\ui\item_info.arc,item_info.arc,9100
0,,,,ui\00_message\common\item_info.gmd,\ui\item_info.arc,item_info.arc,9101
0,,,,ui\00_message\common\item_info.gmd,\ui\item_info.arc,item_info.arc,9102
0,,,,ui\00_message\common\item_info.gmd,\ui\item_info.arc,item_info.arc,9103
0,,,,ui\00_message\common\item_info.gmd,\ui\item_info.arc,item_info.arc,9104
0,,,,ui\00_message\common\item_info.gmd,\ui\item_info.arc,item_info.arc,9105
0,,,,ui\00_message\common\item_info.gmd,\ui\item_info.arc,item_info.arc,9106
0,,,,ui\00_message\common\item_info.gmd,\ui\item_info.arc,item_info.arc,9107
0,,,,ui\00_message\common\item_info.gmd,\ui\item_info.arc,item_info.arc,9108
0,,,,ui\00_message\common\item_info.gmd,\ui\item_info.arc,item_info.arc,9109
0,,,,ui\00_message\common\item_info.gmd,\ui\item_info.arc,item_info.arc,9110
0,,,,ui\00_message\common\item_info.gmd,\ui\item_info.arc,item_info.arc,9111
0,,,,ui\00_message\common\item_info.gmd,\ui\item_info.arc,item_info.arc,9112
0,,,,ui\00_message\common\item_info.gmd,\ui\item_info.arc,item_info.arc,9113
0,,,,ui\00_message\common\item_info.gmd,\ui\item_info.arc,item_info.arc,9114
0,,,,ui\00_message\common\item_info.gmd,\ui\item_info.arc,item_info.arc,9115
0,,,,ui\00_message\common\item_info.gmd,\ui\item_info.arc,item_info.arc,9116
0,,,,ui\00_message\common\item_info.gmd,\ui\item_info.arc,item_info.arc,9117
0,,,,ui\00_message\common\item_info.gmd,\ui\item_info.arc,item_info.arc,9118
0,,,,ui\00_message\common\item_info.gmd,\ui\item_info.arc,item_info.arc,9119
0,,,,ui\00_message\common\item_info.gmd,\ui\item_info.arc,item_info.arc,9120
0,,,,ui\00_message\common\item_info.gmd,\ui\item_info.arc,item_info.arc,9121
0,,,,ui\00_message\common\item_info.gmd,\ui\item_info.arc,item_info.arc,9122
0,,,,ui\00_message\common\item_info.gmd,\ui\item_info.arc,item_info.arc,9123
0,,,,ui\00_message\common\item_info.gmd,\ui\item_info.arc,item_info.arc,9124
0,,,,ui\00_message\common\item_info.gmd,\ui\item_info.arc,item_info.arc,9125
0,,,,ui\00_message\common\item_info.gmd,\ui\item_info.arc,item_info.arc,9126
0,,,,ui\00_message\common\item_info.gmd,\ui\item_info.arc,item_info.arc,9127
0,,,,ui\00_message\common\item_info.gmd,\ui\item_info.arc,item_info.arc,9128
0,,,,ui\00_message\common\item_info.gmd,\ui\item_info.arc,item_info.arc,9129
0,,,,ui\00_message\common\item_info.gmd,\ui\item_info.arc,item_info.arc,9130
0,,,,ui\00_message\common\item_info.gmd,\ui\item_info.arc,item_info.arc,9131
0,,,,ui\00_message\common\item_info.gmd,\ui\item_info.arc,item_info.arc,9132
0,,,,ui\00_message\common\item_info.gmd,\ui\item_info.arc,item_info.arc,9133
0,,,,ui\00_message\common\item_info.gmd,\ui\item_info.arc,item_info.arc,9134
0,,,,ui\00_message\common\item_info.gmd,\ui\item_info.arc,item_info.arc,9135
0,,,,ui\00_message\common\item_info.gmd,\ui\item_info.arc,item_info.arc,9136
0,,,,ui\00_message\common\item_info.gmd,\ui\item_info.arc,item_info.arc,9137
0,,,,ui\00_message\common\item_info.gmd,\ui\item_info.arc,item_info.arc,9138
0,,,,ui\00_message\common\item_info.gmd,\ui\item_info.arc,item_info.arc,9139
0,,,,ui\00_message\common\item_info.gmd,\ui\item_info.arc,item_info.arc,9140
0,,,,ui\00_message\common\item_info.gmd,\ui\item_info.arc,item_info.arc,9141
0,,,,ui\00_message\common\item_info.gmd,\ui\item_info.arc,item_info.arc,9142
0,,,,ui\00_message\common\item_info.gmd,\ui\item_info.arc,item_info.arc,9143
0,,,,ui\00_message\common\item_info.gmd,\ui\item_info.arc,item_info.arc,9144
0,,,,ui\00_message\common\item_info.gmd,\ui\item_info.arc,item_info.arc,9145
0,,,,ui\00_message\common\item_info.gmd,\ui\item_info.arc,item_info.arc,9146
0,,,,ui\00_message\common\item_info.gmd,\ui\item_info.arc,item_info.arc,9147
0,,,,ui\00_message\common\item_info.gmd,\ui\item_info.arc,item_info.arc,9148
0,,,,ui\00_message\common\item_info.gmd,\ui\item_info.arc,item_info.arc,9149
0,,,,ui\00_message\common\item_info.gmd,\ui\item_info.arc,item_info.arc,9150
0,,,,ui\00_message\common\item_info.gmd,\ui\item_info.arc,item_info.arc,9151
0,,,,ui\00_message\common\item_info.gmd,\ui\item_info.arc,item_info.arc,9152
0,,,,ui\00_message\common\item_info.gmd,\ui\item_info.arc,item_info.arc,9153
0,,,,ui\00_message\common\item_info.gmd,\ui\item_info.arc,item_info.arc,9154
0,,,,ui\00_message\common\item_info.gmd,\ui\item_info.arc,item_info.arc,9155
0,,,,ui\00_message\common\item_info.gmd,\ui\item_info.arc,item_info.arc,9156
0,,,,ui\00_message\common\item_info.gmd,\ui\item_info.arc,item_info.arc,9157
0,,,,ui\00_message\common\item_info.gmd,\ui\item_info.arc,item_info.arc,9158
0,,,,ui\00_message\common\item_info.gmd,\ui\item_info.arc,item_info.arc,9159
0,,,,ui\00_message\common\item_info.gmd,\ui\item_info.arc,item_info.arc,9160
0,,,,ui\00_message\common\item_info.gmd,\ui\item_info.arc,item_info.arc,9161
0,,,,ui\00_message\common\item_info.gmd,\ui\item_info.arc,item_info.arc,9162
0,,,,ui\00_message\common\item_info.gmd,\ui\item_info.arc,item_info.arc,9163
0,,,,ui\00_message\common\item_info.gmd,\ui\item_info.arc,item_info.arc,9164
0,,,,ui\00_message\common\item_info.gmd,\ui\item_info.arc,item_info.arc,9165
0,,,,ui\00_message\common\item_info.gmd,\ui\item_info.arc,item_info.arc,9166
0,,,,ui\00_message\common\item_info.gmd,\ui\item_info.arc,item_info.arc,9167
0,,,,ui\00_message\common\item_info.gmd,\ui\item_info.arc,item_info.arc,9168
0,,,,ui\00_message\common\item_info.gmd,\ui\item_info.arc,item_info.arc,9169
0,,,,ui\00_message\common\item_info.gmd,\ui\item_info.arc,item_info.arc,9170
0,,,,ui\00_message\common\item_info.gmd,\ui\item_info.arc,item_info.arc,9171
0,,,,ui\00_message\common\item_info.gmd,\ui\item_info.arc,item_info.arc,9172
0,,,,ui\00_message\common\item_info.gmd,\ui\item_info.arc,item_info.arc,9173
0,,,,ui\00_message\common\item_info.gmd,\ui\item_info.arc,item_info.arc,9174
0,,,,ui\00_message\common\item_info.gmd,\ui\item_info.arc,item_info.arc,9175
0,,,,ui\00_message\common\item_info.gmd,\ui\item_info.arc,item_info.arc,9176
0,,,,ui\00_message\common\item_info.gmd,\ui\item_info.arc,item_info.arc,9177
0,,,,ui\00_message\common\item_info.gmd,\ui\item_info.arc,item_info.arc,9178
0,,,,ui\00_message\common\item_info.gmd,\ui\item_info.arc,item_info.arc,9179
0,,,,ui\00_message\common\item_info.gmd,\ui\item_info.arc,item_info.arc,9180
0,,,,ui\00_message\common\item_info.gmd,\ui\item_info.arc,item_info.arc,9181
0,,,,ui\00_message\common\item_info.gmd,\ui\item_info.arc,item_info.arc,9182
0,,,,ui\00_message\common\item_info.gmd,\ui\item_info.arc,item_info.arc,9183
0,,,,ui\00_message\common\item_info.gmd,\ui\item_info.arc,item_info.arc,9184
0,,,,ui\00_message\common\item_info.gmd,\ui\item_info.arc,item_info.arc,9185
0,,,,ui\00_message\common\item_info.gmd,\ui\item_info.arc,item_info.arc,9186
0,,,,ui\00_message\common\item_info.gmd,\ui\item_info.arc,item_info.arc,9187
0,,,,ui\00_message\common\item_info.gmd,\ui\item_info.arc,item_info.arc,9188
0,,,,ui\00_message\common\item_info.gmd,\ui\item_info.arc,item_info.arc,9189
0,,,,ui\00_message\common\item_info.gmd,\ui\item_info.arc,item_info.arc,9190
0,,,,ui\00_message\common\item_info.gmd,\ui\item_info.arc,item_info.arc,9191
0,,,,ui\00_message\common\item_info.gmd,\ui\item_info.arc,item_info.arc,9192
0,,,,ui\00_message\common\item_info.gmd,\ui\item_info.arc,item_info.arc,9193
0,,,,ui\00_message\common\item_info.gmd,\ui\item_info.arc,item_info.arc,9194
0,,,,ui\00_message\common\item_info.gmd,\ui\item_info.arc,item_info.arc,9195
0,,,,ui\00_message\common\item_info.gmd,\ui\item_info.arc,item_info.arc,9196
0,,,,ui\00_message\common\item_info.gmd,\ui\item_info.arc,item_info.arc,9197
0,,,,ui\00_message\common\item_info.gmd,\ui\item_info.arc,item_info.arc,9198
0,,,,ui\00_message\common\item_info.gmd,\ui\item_info.arc,item_info.arc,9199
0,,,,ui\00_message\common\item_info.gmd,\ui\item_info.arc,item_info.arc,9200
0,,,,ui\00_message\common\item_info.gmd,\ui\item_info.arc,item_info.arc,9201
0,,,,ui\00_message\common\item_info.gmd,\ui\item_info.arc,item_info.arc,9202
0,,,,ui\00_message\common\item_info.gmd,\ui\item_info.arc,item_info.arc,9203
0,,,,ui\00_message\common\item_info.gmd,\ui\item_info.arc,item_info.arc,9204
0,,,,ui\00_message\common\item_info.gmd,\ui\item_info.arc,item_info.arc,9205
0,,,,ui\00_message\common\item_info.gmd,\ui\item_info.arc,item_info.arc,9206
0,,,,ui\00_message\common\item_info.gmd,\ui\item_info.arc,item_info.arc,9207
0,,,,ui\00_message\common\item_info.gmd,\ui\item_info.arc,item_info.arc,9208
0,,,,ui\00_message\common\item_info.gmd,\ui\item_info.arc,item_info.arc,9209
0,,,,ui\00_message\common\item_info.gmd,\ui\item_info.arc,item_info.arc,9210
0,,,,ui\00_message\common\item_info.gmd,\ui\item_info.arc,item_info.arc,9211
0,,,,ui\00_message\common\item_info.gmd,\ui\item_info.arc,item_info.arc,9212
0,,,,ui\00_message\common\item_info.gmd,\ui\item_info.arc,item_info.arc,9213
0,,,,ui\00_message\common\item_info.gmd,\ui\item_info.arc,item_info.arc,9214
0,,,,ui\00_message\common\item_info.gmd,\ui\item_info.arc,item_info.arc,9215
0,,,,ui\00_message\common\item_info.gmd,\ui\item_info.arc,item_info.arc,9216
0,,,,ui\00_message\common\item_info.gmd,\ui\item_info.arc,item_info.arc,9217
0,,,,ui\00_message\common\item_info.gmd,\ui\item_info.arc,item_info.arc,9218
0,,,,ui\00_message\common\item_info.gmd,\ui\item_info.arc,item_info.arc,9219
0,,,,ui\00_message\common\item_info.gmd,\ui\item_info.arc,item_info.arc,9220
0,,,,ui\00_message\common\item_info.gmd,\ui\item_info.arc,item_info.arc,9221
0,,,,ui\00_message\common\item_info.gmd,\ui\item_info.arc,item_info.arc,9222
0,,,,ui\00_message\common\item_info.gmd,\ui\item_info.arc,item_info.arc,9223
0,,,,ui\00_message\common\item_info.gmd,\ui\item_info.arc,item_info.arc,9224
0,,,,ui\00_message\common\item_info.gmd,\ui\item_info.arc,item_info.arc,9225
0,,,,ui\00_message\common\item_info.gmd,\ui\item_info.arc,item_info.arc,9226
0,,,,ui\00_message\common\item_info.gmd,\ui\item_info.arc,item_info.arc,9227
0,,,,ui\00_message\common\item_info.gmd,\ui\item_info.arc,item_info.arc,9228
0,,,,ui\00_message\common\item_info.gmd,\ui\item_info.arc,item_info.arc,9229
0,,,,ui\00_message\common\item_info.gmd,\ui\item_info.arc,item_info.arc,9230
0,,,,ui\00_message\common\item_info.gmd,\ui\item_info.arc,item_info.arc,9231
0,,,,ui\00_message\common\item_info.gmd,\ui\item_info.arc,item_info.arc,9232
0,,,,ui\00_message\common\item_info.gmd,\ui\item_info.arc,item_info.arc,9233
0,,,,ui\00_message\common\item_info.gmd,\ui\item_info.arc,item_info.arc,9234
0,,,,ui\00_message\common\item_info.gmd,\ui\item_info.arc,item_info.arc,9235
0,,,,ui\00_message\common\item_info.gmd,\ui\item_info.arc,item_info.arc,9236
0,,,,ui\00_message\common\item_info.gmd,\ui\item_info.arc,item_info.arc,9237
0,,,,ui\00_message\common\item_info.gmd,\ui\item_info.arc,item_info.arc,9238
0,,,,ui\00_message\common\item_info.gmd,\ui\item_info.arc,item_info.arc,9239
0,,,,ui\00_message\common\item_info.gmd,\ui\item_info.arc,item_info.arc,9240
0,,,,ui\00_message\common\item_info.gmd,\ui\item_info.arc,item_info.arc,9241
0,,,,ui\00_message\common\item_info.gmd,\ui\item_info.arc,item_info.arc,9242
0,,,,ui\00_message\common\item_info.gmd,\ui\item_info.arc,item_info.arc,9243
0,,,,ui\00_message\common\item_info.gmd,\ui\item_info.arc,item_info.arc,9244
0,,,,ui\00_message\common\item_info.gmd,\ui\item_info.arc,item_info.arc,9245
0,,,,ui\00_message\common\item_info.gmd,\ui\item_info.arc,item_info.arc,9246
0,,,,ui\00_message\common\item_info.gmd,\ui\item_info.arc,item_info.arc,9247
0,,,,ui\00_message\common\item_info.gmd,\ui\item_info.arc,item_info.arc,9248
0,,,,ui\00_message\common\item_info.gmd,\ui\item_info.arc,item_info.arc,9249
0,,,,ui\00_message\common\item_info.gmd,\ui\item_info.arc,item_info.arc,9250
0,,,,ui\00_message\common\item_info.gmd,\ui\item_info.arc,item_info.arc,9251
0,,,,ui\00_message\common\item_info.gmd,\ui\item_info.arc,item_info.arc,9252
0,,,,ui\00_message\common\item_info.gmd,\ui\item_info.arc,item_info.arc,9253
0,,,,ui\00_message\common\item_info.gmd,\ui\item_info.arc,item_info.arc,9254
0,,,,ui\00_message\common\item_info.gmd,\ui\item_info.arc,item_info.arc,9255
0,,,,ui\00_message\common\item_info.gmd,\ui\item_info.arc,item_info.arc,9256
0,,,,ui\00_message\common\item_info.gmd,\ui\item_info.arc,item_info.arc,9257
0,,,,ui\00_message\common\item_info.gmd,\ui\item_info.arc,item_info.arc,9258
0,,,,ui\00_message\common\item_info.gmd,\ui\item_info.arc,item_info.arc,9259
0,,,,ui\00_message\common\item_info.gmd,\ui\item_info.arc,item_info.arc,9260
0,,,,ui\00_message\common\item_info.gmd,\ui\item_info.arc,item_info.arc,9261
0,,,,ui\00_message\common\item_info.gmd,\ui\item_info.arc,item_info.arc,9262
0,,,,ui\00_message\common\item_info.gmd,\ui\item_info.arc,item_info.arc,9263
0,,,,ui\00_message\common\item_info.gmd,\ui\item_info.arc,item_info.arc,9264
0,,,,ui\00_message\common\item_info.gmd,\ui\item_info.arc,item_info.arc,9265
0,,,,ui\00_message\common\item_info.gmd,\ui\item_info.arc,item_info.arc,9266
0,,,,ui\00_message\common\item_info.gmd,\ui\item_info.arc,item_info.arc,9267
0,,,,ui\00_message\common\item_info.gmd,\ui\item_info.arc,item_info.arc,9268
0,,,,ui\00_message\common\item_info.gmd,\ui\item_info.arc,item_info.arc,9269
0,,,,ui\00_message\common\item_info.gmd,\ui\item_info.arc,item_info.arc,9270
0,,,,ui\00_message\common\item_info.gmd,\ui\item_info.arc,item_info.arc,9271
0,,,,ui\00_message\common\item_info.gmd,\ui\item_info.arc,item_info.arc,9272
0,,,,ui\00_message\common\item_info.gmd,\ui\item_info.arc,item_info.arc,9273
0,,,,ui\00_message\common\item_info.gmd,\ui\item_info.arc,item_info.arc,9274
0,,,,ui\00_message\common\item_info.gmd,\ui\item_info.arc,item_info.arc,9275
0,,,,ui\00_message\common\item_info.gmd,\ui\item_info.arc,item_info.arc,9276
0,,,,ui\00_message\common\item_info.gmd,\ui\item_info.arc,item_info.arc,9277
0,,,,ui\00_message\common\item_info.gmd,\ui\item_info.arc,item_info.arc,9278
0,,,,ui\00_message\common\item_info.gmd,\ui\item_info.arc,item_info.arc,9279
0,,,,ui\00_message\common\item_info.gmd,\ui\item_info.arc,item_info.arc,9280
0,,,,ui\00_message\common\item_info.gmd,\ui\item_info.arc,item_info.arc,9281
0,,,,ui\00_message\common\item_info.gmd,\ui\item_info.arc,item_info.arc,9282
0,,,,ui\00_message\common\item_info.gmd,\ui\item_info.arc,item_info.arc,9283
0,,,,ui\00_message\common\item_info.gmd,\ui\item_info.arc,item_info.arc,9284
0,,,,ui\00_message\common\item_info.gmd,\ui\item_info.arc,item_info.arc,9285
0,,,,ui\00_message\common\item_info.gmd,\ui\item_info.arc,item_info.arc,9286
0,,,,ui\00_message\common\item_info.gmd,\ui\item_info.arc,item_info.arc,9287
0,,,,ui\00_message\common\item_info.gmd,\ui\item_info.arc,item_info.arc,9288
0,,,,ui\00_message\common\item_info.gmd,\ui\item_info.arc,item_info.arc,9289
0,,,,ui\00_message\common\item_info.gmd,\ui\item_info.arc,item_info.arc,9290
0,,,,ui\00_message\common\item_info.gmd,\ui\item_info.arc,item_info.arc,9291
0,,,,ui\00_message\common\item_info.gmd,\ui\item_info.arc,item_info.arc,9292
0,,,,ui\00_message\common\item_info.gmd,\ui\item_info.arc,item_info.arc,9293
0,,,,ui\00_message\common\item_info.gmd,\ui\item_info.arc,item_info.arc,9294
0,,,,ui\00_message\common\item_info.gmd,\ui\item_info.arc,item_info.arc,9295
0,,,,ui\00_message\common\item_info.gmd,\ui\item_info.arc,item_info.arc,9296
0,,,,ui\00_message\common\item_info.gmd,\ui\item_info.arc,item_info.arc,9297
0,,,,ui\00_message\common\item_info.gmd,\ui\item_info.arc,item_info.arc,9298
0,,,,ui\00_message\common\item_info.gmd,\ui\item_info.arc,item_info.arc,9299
0,,,,ui\00_message\common\item_info.gmd,\ui\item_info.arc,item_info.arc,9300
0,,,,ui\00_message\common\item_info.gmd,\ui\item_info.arc,item_info.arc,9301
0,,,,ui\00_message\common\item_info.gmd,\ui\item_info.arc,item_info.arc,9302
0,,,,ui\00_message\common\item_info.gmd,\ui\item_info.arc,item_info.arc,9303
0,,,,ui\00_message\common\item_info.gmd,\ui\item_info.arc,item_info.arc,9304
0,,,,ui\00_message\common\item_info.gmd,\ui\item_info.arc,item_info.arc,9305
0,,,,ui\00_message\common\item_info.gmd,\ui\item_info.arc,item_info.arc,9306
0,,,,ui\00_message\common\item_info.gmd,\ui\item_info.arc,item_info.arc,9307
0,,,,ui\00_message\common\item_info.gmd,\ui\item_info.arc,item_info.arc,9308
0,,,,ui\00_message\common\item_info.gmd,\ui\item_info.arc,item_info.arc,9309
0,,,,ui\00_message\common\item_info.gmd,\ui\item_info.arc,item_info.arc,9310
0,,,,ui\00_message\common\item_info.gmd,\ui\item_info.arc,item_info.arc,9311
0,,,,ui\00_message\common\item_info.gmd,\ui\item_info.arc,item_info.arc,9312
0,,,,ui\00_message\common\item_info.gmd,\ui\item_info.arc,item_info.arc,9313
0,,,,ui\00_message\common\item_info.gmd,\ui\item_info.arc,item_info.arc,9314
0,,,,ui\00_message\common\item_info.gmd,\ui\item_info.arc,item_info.arc,9315
0,,,,ui\00_message\common\item_info.gmd,\ui\item_info.arc,item_info.arc,9316
0,,,,ui\00_message\common\item_info.gmd,\ui\item_info.arc,item_info.arc,9317
0,,,,ui\00_message\common\item_info.gmd,\ui\item_info.arc,item_info.arc,9318
0,,,,ui\00_message\common\item_info.gmd,\ui\item_info.arc,item_info.arc,9319
0,,,,ui\00_message\common\item_info.gmd,\ui\item_info.arc,item_info.arc,9320
0,,,,ui\00_message\common\item_info.gmd,\ui\item_info.arc,item_info.arc,9321
0,,,,ui\00_message\common\item_info.gmd,\ui\item_info.arc,item_info.arc,9322
0,,,,ui\00_message\common\item_info.gmd,\ui\item_info.arc,item_info.arc,9323
0,,,,ui\00_message\common\item_info.gmd,\ui\item_info.arc,item_info.arc,9324
0,,,,ui\00_message\common\item_info.gmd,\ui\item_info.arc,item_info.arc,9325
0,,,,ui\00_message\common\item_info.gmd,\ui\item_info.arc,item_info.arc,9326
0,,,,ui\00_message\common\item_info.gmd,\ui\item_info.arc,item_info.arc,9327
0,,,,ui\00_message\common\item_info.gmd,\ui\item_info.arc,item_info.arc,9328
0,,,,ui\00_message\common\item_info.gmd,\ui\item_info.arc,item_info.arc,9329
0,,,,ui\00_message\common\item_info.gmd,\ui\item_info.arc,item_info.arc,9330
0,,,,ui\00_message\common\item_info.gmd,\ui\item_info.arc,item_info.arc,9331
0,,,,ui\00_message\common\item_info.gmd,\ui\item_info.arc,item_info.arc,9332
0,,,,ui\00_message\common\item_info.gmd,\ui\item_info.arc,item_info.arc,9333
0,,,,ui\00_message\common\item_info.gmd,\ui\item_info.arc,item_info.arc,9334
0,,,,ui\00_message\common\item_info.gmd,\ui\item_info.arc,item_info.arc,9335
0,,,,ui\00_message\common\item_info.gmd,\ui\item_info.arc,item_info.arc,9336
0,,,,ui\00_message\common\item_info.gmd,\ui\item_info.arc,item_info.arc,9337
0,,,,ui\00_message\common\item_info.gmd,\ui\item_info.arc,item_info.arc,9338
0,,,,ui\00_message\common\item_info.gmd,\ui\item_info.arc,item_info.arc,9339
0,,,,ui\00_message\common\item_info.gmd,\ui\item_info.arc,item_info.arc,9340
0,,,,ui\00_message\common\item_info.gmd,\ui\item_info.arc,item_info.arc,9341
0,,,,ui\00_message\common\item_info.gmd,\ui\item_info.arc,item_info.arc,9342
0,,,,ui\00_message\common\item_info.gmd,\ui\item_info.arc,item_info.arc,9343
0,,,,ui\00_message\common\item_info.gmd,\ui\item_info.arc,item_info.arc,9344
0,,,,ui\00_message\common\item_info.gmd,\ui\item_info.arc,item_info.arc,9345
0,,,,ui\00_message\common\item_info.gmd,\ui\item_info.arc,item_info.arc,9346
0,,,,ui\00_message\common\item_info.gmd,\ui\item_info.arc,item_info.arc,9347
0,,,,ui\00_message\common\item_info.gmd,\ui\item_info.arc,item_info.arc,9348
0,,,,ui\00_message\common\item_info.gmd,\ui\item_info.arc,item_info.arc,9349
0,,,,ui\00_message\common\item_info.gmd,\ui\item_info.arc,item_info.arc,9350
0,,,,ui\00_message\common\item_info.gmd,\ui\item_info.arc,item_info.arc,9351
0,,,,ui\00_message\common\item_info.gmd,\ui\item_info.arc,item_info.arc,9352
0,,,,ui\00_message\common\item_info.gmd,\ui\item_info.arc,item_info.arc,9353
0,,,,ui\00_message\common\item_info.gmd,\ui\item_info.arc,item_info.arc,9354
0,,,,ui\00_message\common\item_info.gmd,\ui\item_info.arc,item_info.arc,9355
0,,,,ui\00_message\common\item_info.gmd,\ui\item_info.arc,item_info.arc,9356
0,,,,ui\00_message\common\item_info.gmd,\ui\item_info.arc,item_info.arc,9357
0,,,,ui\00_message\common\item_info.gmd,\ui\item_info.arc,item_info.arc,9358
0,,,,ui\00_message\common\item_info.gmd,\ui\item_info.arc,item_info.arc,9359
0,,,,ui\00_message\common\item_info.gmd,\ui\item_info.arc,item_info.arc,9360
0,,,,ui\00_message\common\item_info.gmd,\ui\item_info.arc,item_info.arc,9361
0,,,,ui\00_message\common\item_info.gmd,\ui\item_info.arc,item_info.arc,9362
0,,,,ui\00_message\common\item_info.gmd,\ui\item_info.arc,item_info.arc,9363
0,,,,ui\00_message\common\item_info.gmd,\ui\item_info.arc,item_info.arc,9364
0,,,,ui\00_message\common\item_info.gmd,\ui\item_info.arc,item_info.arc,9365
0,,,,ui\00_message\common\item_info.gmd,\ui\item_info.arc,item_info.arc,9366
0,,,,ui\00_message\common\item_info.gmd,\ui\item_info.arc,item_info.arc,9367
0,,,,ui\00_message\common\item_info.gmd,\ui\item_info.arc,item_info.arc,9368
0,,,,ui\00_message\common\item_info.gmd,\ui\item_info.arc,item_info.arc,9369
0,,,,ui\00_message\common\item_info.gmd,\ui\item_info.arc,item_info.arc,9370