#Index,Key,MsgJp,MsgEn,GmdPath,ArcPath,ArcName,ReadIndex
0,,,,ui\00_message\common\item_info.gmd,\ui\item_info.arc,item_info.arc,12371
0,,,,ui\00_message\common\item_info.gmd,\ui\item_info.arc,item_info.arc,12372
0,,,,ui\00_message\common\item_info.gmd,\ui\item_info.arc,item_info.arc,12373
0,,,,ui\00_message\common\item_info.gmd,\ui\item_info.arc,item_info.arc,12374
0,,,,ui\00_message\common\item_info.gmd,\ui\item_info.arc,item_info.arc,12375
0,,,,ui\00_message\common\item_info.gmd,\ui\item_info.arc,item_info.arc,12376
0,,,,ui\00_message\common\item_info.gmd,\ui\item_info.arc,item_info.arc,12377
0,,,,ui\00_message\common\item_info.gmd,\ui\item_info.arc,item_info.arc,12378
0,,,,ui\00_message\common\item_info.gmd,\ui\item_info.arc,item_info.arc,12379
0,,,,ui\00_message\common\item_info.gmd,\ui\item_info.arc,item_info.arc,12380
0,,,,ui\00_message\common\item_info.gmd,\ui\item_info.arc,item_info.arc,12381
0,,,,ui\00_message\common\item_info.gmd,\ui\item_info.arc,item_info.arc,12382
0,,,,ui\00_message\common\item_info.gmd,\ui\item_info.arc,item_info.arc,12383
0,,,,ui\00_message\common\item_info.gmd,\ui\item_info.arc,item_info.arc,12384
0,,,,ui\00_message\common\item_info.gmd,\ui\item_info.arc,item_info.arc,12385
0,,,,ui\00_message\common\item_info.gmd,\ui\item_info.arc,item_info.arc,12386
0,,,,ui\00_message\common\item_info.gmd,\ui\item_info.arc,item_info.arc,12387
0,,,,ui\00_message\common\item_info.gmd,\ui\item_info.arc,item_info.arc,12388
0,,,,ui\00_message\common\item_info.gmd,\ui\item_info.arc,item_info.arc,12389
0,,,,ui\00_message\common\item_info.gmd,\ui\item_info.arc,item_info.arc,12390
0,,,,ui\00_message\common\item_info.gmd,\ui\item_info.arc,item_info.arc,12391
0,,,,ui\00_message\common\item_info.gmd,\ui\item_info.arc,item_info.arc,12392
0,,,,ui\00_message\common\item_info.gmd,\ui\item_info.arc,item_info.arc,12393
0,,,,ui\00_message\common\item_info.gmd,\ui\item_info.arc,item_info.arc,12394
0,,,,ui\00_message\common\item_info.gmd,\ui\item_info.arc,item_info.arc,12395
0,,,,ui\00_message\common\item_info.gmd,\ui\item_info.arc,item_info.arc,12396
0,,,,ui\00_message\common\item_info.gmd,\ui\item_info.arc,item_info.arc,12397
0,,,,ui\00_message\common\item_info.gmd,\ui\item_info.arc,item_info.arc,12398
0,,,,ui\00_message\common\item_info.gmd,\ui\item_info.arc,item_info.arc,12399
0,,,,ui\00_message\common\item_info.gmd,\ui\item_info.arc,item_info.arc,12400
0,,,,ui\00_message\common\item_info.gmd,\ui\item_info.arc,item_info.arc,12401
0,,,,ui\00_message\common\item_info.gmd,\ui\item_info.arc,item_info.arc,12402
0,,,,ui\00_message\common\item_info.gmd,\ui\item_info.arc,item_info.arc,12403
0,,,,ui\00_message\common\item_info.gmd,\ui\item_info.arc,item_info.arc,12404
0,,,,ui\00_message\common\item_info.gmd,\ui\item_info.arc,item_info.arc,12405
0,,,,ui\00_message\common\item_info.gmd,\ui\item_info.arc,item_info.arc,12406
0,,,,ui\00_message\common\item_info.gmd,\ui\item_info.arc,item_info.arc,12407
0,,,,ui\00_message\common\item_info.gmd,\ui\item_info.arc,item_info.arc,12408
0,,,,ui\00_message\common\item_info.gmd,\ui\item_info.arc,item_info.arc,12409
0,,,,ui\00_message\common\item_info.gmd,\ui\item_info.arc,item_info.arc,12410
0,,,,ui\00_message\common\item_info.gmd,\ui\item_info.arc,item_info.arc,12411
0,,,,ui\00_message\common\item_info.gmd,\ui\item_info.arc,item_info.arc,12412
0,,,,ui\00_message\common\item_info.gmd,\ui\item_info.arc,item_info.arc,12413
0,,,,ui\00_message\common\item_info.gmd,\ui\item_info.arc,item_info.arc,12414
0,,,,ui\00_message\common\item_info.gmd,\ui\item_info.arc,item_info.arc,12415
0,,,,ui\00_message\common\item_info.gmd,\ui\item_info.arc,item_info.arc,12416
0,,,,ui\00_message\common\item_info.gmd,\ui\item_info.arc,item_info.arc,12417
0,,,,ui\00_message\common\item_info.gmd,\ui\item_info.arc,item_info.arc,12418
0,,,,ui\00_message\common\item_info.gmd,\ui\item_info.arc,item_info.arc,12419
0,,,,ui\00_message\common\item_info.gmd,\ui\item_info.arc,item_info.arc,12420
0,,,,ui\00_message\common\item_info.gmd,\ui\item_info.arc,item_info.arc,12421
0,,,,ui\00_message\common\item_info.gmd,\ui\item_info.arc,item_info.arc,12422
0,,,,ui\00_message\common\item_info.gmd,\ui\item_info.arc,item_info.arc,12423
0,,,,ui\00_message\common\item_info.gmd,\ui\item_info.arc,item_info.arc,12424
0,,,,ui\00_message\common\item_info.gmd,\ui\item_info.arc,item_info.arc,12425
0,,,,ui\00_message\common\item_info.gmd,\ui\item_info.arc,item_info.arc,12426
0,,,,ui\00_message\common\item_info.gmd,\ui\item_info.arc,item_info.arc,12427
0,,,,ui\00_message\common\item_info.gmd,\ui\item_info.arc,item_info.arc,12428
0,,,,ui\00_message\common\item_info.gmd,\ui\item_info.arc,item_info.arc,12429
0,,,,ui\00_message\common\item_info.gmd,\ui\item_info.arc,item_info.arc,12430
0,,,,ui\00_message\common\item_info.gmd,\ui\item_info.arc,item_info.arc,12431
0,,,,ui\00_message\common\item_info.gmd,\ui\item_info.arc,item_info.arc,12432
0,,,,ui\00_message\common\item_info.gmd,\ui\item_info.arc,item_info.arc,12433
0,,,,ui\00_message\common\item_info.gmd,\ui\item_info.arc,item_info.arc,12434
0,,,,ui\00_message\common\item_info.gmd,\ui\item_info.arc,item_info.arc,12435
0,,,,ui\00_message\common\item_info.gmd,\ui\item_info.arc,item_info.arc,12436
0,,,,ui\00_message\common\item_info.gmd,\ui\item_info.arc,item_info.arc,12437
0,,,,ui\00_message\common\item_info.gmd,\ui\item_info.arc,item_info.arc,12438
0,,,,ui\00_message\common\item_info.gmd,\ui\item_info.arc,item_info.arc,12439
0,,,,ui\00_message\common\item_info.gmd,\ui\item_info.arc,item_info.arc,12440
0,,,,ui\00_message\common\item_info.gmd,\ui\item_info.arc,item_info.arc,12441
0,,,,ui\00_message\common\item_info.gmd,\ui\item_info.arc,item_info.arc,12442
0,,,,ui\00_message\common\item_info.gmd,\ui\item_info.arc,item_info.arc,12443
0,,,,ui\00_message\common\item_info.gmd,\ui\item_info.arc,item_info.arc,12444
0,,,,ui\00_message\common\item_info.gmd,\ui\item_info.arc,item_info.arc,12445
0,,,,ui\00_message\common\item_info.gmd,\ui\item_info.arc,item_info.arc,12446
0,,,,ui\00_message\common\item_info.gmd,\ui\item_info.arc,item_info.arc,12447
0,,,,ui\00_message\common\item_info.gmd,\ui\item_info.arc,item_info.arc,12448
0,,,,ui\00_message\common\item_info.gmd,\ui\item_info.arc,item_info.arc,12449
0,,,,ui\00_message\common\item_info.gmd,\ui\item_info.arc,item_info.arc,12450
0,,,,ui\00_message\common\item_info.gmd,\ui\item_info.arc,item_info.arc,12451
0,,,,ui\00_message\common\item_info.gmd,\ui\item_info.arc,item_info.arc,12452
0,,,,ui\00_message\common\item_info.gmd,\ui\item_info.arc,item_info.arc,12453
0,,,,ui\00_message\common\item_info.gmd,\ui\item_info.arc,item_info.arc,12454
0,,,,ui\00_message\common\item_info.gmd,\ui\item_info.arc,item_info.arc,12455
0,,,,ui\00_message\common\item_info.gmd,\ui\item_info.arc,item_info.arc,12456
0,,,,ui\00_message\common\item_info.gmd,\ui\item_info.arc,item_info.arc,12457
0,,,,ui\00_message\common\item_info.gmd,\ui\item_info.arc,item_info.arc,12458
0,,,,ui\00_message\common\item_info.gmd,\ui\item_info.arc,item_info.arc,12459
0,,,,ui\00_message\common\item_info.gmd,\ui\item_info.arc,item_info.arc,12460
0,,,,ui\00_message\common\item_info.gmd,\ui\item_info.arc,item_info.arc,12461
0,,,,ui\00_message\common\item_info.gmd,\ui\item_info.arc,item_info.arc,12462
0,,,,ui\00_message\common\item_info.gmd,\ui\item_info.arc,item_info.arc,12463
0,,,,ui\00_message\common\item_info.gmd,\ui\item_info.arc,item_info.arc,12464
0,,,,ui\00_message\common\item_info.gmd,\ui\item_info.arc,item_info.arc,12465
0,,,,ui\00_message\common\item_info.gmd,\ui\item_info.arc,item_info.arc,12466
0,,,,ui\00_message\common\item_info.gmd,\ui\item_info.arc,item_info.arc,12467
0,,,,ui\00_message\common\item_info.gmd,\ui\item_info.arc,item_info.arc,12468
0,,,,ui\00_message\common\item_info.gmd,\ui\item_info.arc,item_info.arc,12469
0,,,,ui\00_message\common\item_info.gmd,\ui\item_info.arc,item_info.arc,12470
0,,,,ui\00_message\common\item_info.gmd,\ui\item_info.arc,item_info.arc,12471
0,,,,ui\00_message\common\item_info.gmd,\ui\item_info.arc,item_info.arc,12472
0,,,,ui\00_message\common\item_info.gmd,\ui\item_info.arc,item_info.arc,12473
0,,,,ui\00_message\common\item_info.gmd,\ui\item_info.arc,item_info.arc,12474
0,,,,ui\00_message\common\item_info.gmd,\ui\item_info.arc,item_info.arc,12475
0,,,,ui\00_message\common\item_info.gmd,\ui\item_info.arc,item_info.arc,12476
0,,,,ui\00_message\common\item_info.gmd,\ui\item_info.arc,item_info.arc,12477
0,,,,ui\00_message\common\item_info.gmd,\ui\item_info.arc,item_info.arc,12478
0,,,,ui\00_message\common\item_info.gmd,\ui\item_info.arc,item_info.arc,12479
0,,,,ui\00_message\common\item_info.gmd,\ui\item_info.arc,item_info.arc,12480
0,,,,ui\00_message\common\item_info.gmd,\ui\item_info.arc,item_info.arc,12481
0,,,,ui\00_message\common\item_info.gmd,\ui\item_info.arc,item_info.arc,12482
0,,,,ui\00_message\common\item_info.gmd,\ui\item_info.arc,item_info.arc,12483
0,,,,ui\00_message\common\item_info.gmd,\ui\item_info.arc,item_info.arc,12484
0,,,,ui\00_message\common\item_info.gmd,\ui\item_info.arc,item_info.arc,12485
0,,,,ui\00_message\common\item_info.gmd,\ui\item_info.arc,item_info.arc,12486
0,,,,ui\00_message\common\item_info.gmd,\ui\item_info.arc,item_info.arc,12487
0,,,,ui\00_message\common\item_info.gmd,\ui\item_info.arc,item_info.arc,12488
0,,,,ui\00_message\common\item_info.gmd,\ui\item_info.arc,item_info.arc,12489
0,,,,ui\00_message\common\item_info.gmd,\ui\item_info.arc,item_info.arc,12490
0,,,,ui\00_message\common\item_info.gmd,\ui\item_info.arc,item_info.arc,12491
0,,,,ui\00_message\common\item_info.gmd,\ui\item_info.arc,item_info.arc,12492
0,,,,ui\00_message\common\item_info.gmd,\ui\item_info.arc,item_info.arc,12493
0,,,,ui\00_message\common\item_info.gmd,\ui\item_info.arc,item_info.arc,12494
0,,,,ui\00_message\common\item_info.gmd,\ui\item_info.arc,item_info.arc,12495
0,,,,ui\00_message\common\item_info.gmd,\ui\item_info.arc,item_info.arc,12496
0,,,,ui\00_message\common\item_info.gmd,\ui\item_info.arc,item_info.arc,12497
0,,,,ui\00_message\common\item_info.gmd,\ui\item_info.arc,item_info.arc,12498
0,,,,ui\00_message\common\item_info.gmd,\ui\item_info.arc,item_info.arc,12499
0,,,,ui\00_message\common\item_info.gmd,\ui\item_info.arc,item_info.arc,12500
0,,,,ui\00_message\common\item_info.gmd,\ui\item_info.arc,item_info.arc,12501
0,,,,ui\00_message\common\item_info.gmd,\ui\item_info.arc,item_info.arc,12502
0,,,,ui\00_message\common\item_info.gmd,\ui\item_info.arc,item_info.arc,12503
0,,,,ui\00_message\common\item_info.gmd,\ui\item_info.arc,item_info.arc,12504
0,,,,ui\00_message\common\item_info.gmd,\ui\item_info.arc,item_info.arc,12505
0,,,,ui\00_message\common\item_info.gmd,\ui\item_info.arc,item_info.arc,12506
0,,,,ui\00_message\common\item_info.gmd,\ui\item_info.arc,item_info.arc,12507
0,,,,ui\00_message\common\item_info.gmd,\ui\item_info.arc,item_info.arc,12508
0,,,,ui\00_message\common\item_info.gmd,\ui\item_info.arc,item_info.arc,12509
0,,,,ui\00_message\common\item_info.gmd,\ui\item_info.arc,item_info.arc,12510
0,,,,ui\00_message\common\item_info.gmd,\ui\item_info.arc,item_info.arc,12511
0,,,,ui\00_message\common\item_info.gmd,\ui\item_info.arc,item_info.arc,12512
0,,,,ui\00_message\common\item_info.gmd,\ui\item_info.arc,item_info.arc,12513
0,,,,ui\00_message\common\item_info.gmd,\ui\item_info.arc,item_info.arc,12514
0,,,,ui\00_message\common\item_info.gmd,\ui\item_info.arc,item_info.arc,12515
0,,,,ui\00_message\common\item_info.gmd,\ui\item_info.arc,item_info.arc,12516
0,,,,ui\00_message\common\item_info.gmd,\ui\item_info.arc,item_info.arc,12517
0,,,,ui\00_message\common\item_info.gmd,\ui\item_info.arc,item_info.arc,12518
0,,,,ui\00_message\common\item_info.gmd,\ui\item_info.arc,item_info.arc,12519
0,,,,ui\00_message\common\item_info.gmd,\ui\item_info.arc,item_info.arc,12520
0,,,,ui\00_message\common\item_info.gmd,\ui\item_info.arc,item_info.arc,12521
0,,,,ui\00_message\common\item_info.gmd,\ui\item_info.arc,item_info.arc,12522
0,,,,ui\00_message\common\item_info.gmd,\ui\item_info.arc,item_info.arc,12523
0,,,,ui\00_message\common\item_info.gmd,\ui\item_info.arc,item_info.arc,12524
0,,,,ui\00_message\common\item_info.gmd,\ui\item_info.arc,item_info.arc,12525
0,,,,ui\00_message\common\item_info.gmd,\ui\item_info.arc,item_info.arc,12526
0,,,,ui\00_message\common\item_info.gmd,\ui\item_info.arc,item_info.arc,12527
0,,,,ui\00_message\common\item_info.gmd,\ui\item_info.arc,item_info.arc,12528
0,,,,ui\00_message\common\item_info.gmd,\ui\item_info.arc,item_info.arc,12529
0,,,,ui\00_message\common\item_info.gmd,\ui\item_info.arc,item_info.arc,12530
0,,,,ui\00_message\common\item_info.gmd,\ui\item_info.arc,item_info.arc,12531
0,,,,ui\00_message\common\item_info.gmd,\ui\item_info.arc,item_info.arc,12532
0,,,,ui\00_message\common\item_info.gmd,\ui\item_info.arc,item_info.arc,12533
0,,,,ui\00_message\common\item_info.gmd,\ui\item_info.arc,item_info.arc,12534
0,,,,ui\00_message\common\item_info.gmd,\ui\item_info.arc,item_info.arc,12535
0,,,,ui\00_message\common\item_info.gmd,\ui\item_info.arc,item_info.arc,12536
0,,,,ui\00_message\common\item_info.gmd,\ui\item_info.arc,item_info.arc,12537
0,,,,ui\00_message\common\item_info.gmd,\ui\item_info.arc,item_info.arc,12538
0,,,,ui\00_message\common\item_info.gmd,\ui\item_info.arc,item_info.arc,12539
0,,,,ui\00_message\common\item_info.gmd,\ui\item_info.arc,item_info.arc,12540
0,,,,ui\00_message\common\item_info.gmd,\ui\item_info.arc,item_info.arc,12541
0,,,,ui\00_message\common\item_info.gmd,\ui\item_info.arc,item_info.arc,12542
0,,,,ui\00_message\common\item_info.gmd,\ui\item_info.arc,item_info.arc,12543
0,,,,ui\00_message\common\item_info.gmd,\ui\item_info.arc,item_info.arc,12544
0,,,,ui\00_message\common\item_info.gmd,\ui\item_info.arc,item_info.arc,12545
0,,,,ui\00_message\common\item_info.gmd,\ui\item_info.arc,item_info.arc,12546
0,,,,ui\00_message\common\item_info.gmd,\ui\item_info.arc,item_info.arc,12547
0,,,,ui\00_message\common\item_info.gmd,\ui\item_info.arc,item_info.arc,12548
0,,,,ui\00_message\common\item_info.gmd,\ui\item_info.arc,item_info.arc,12549
0,,,,ui\00_message\common\item_info.gmd,\ui\item_info.arc,item_info.arc,12550
0,,,,ui\00_message\common\item_info.gmd,\ui\item_info.arc,item_info.arc,12551
0,,,,ui\00_message\common\item_info.gmd,\ui\item_info.arc,item_info.arc,12552
0,,,,ui\00_message\common\item_info.gmd,\ui\item_info.arc,item_info.arc,12553
0,,,,ui\00_message\common\item_info.gmd,\ui\item_info.arc,item_info.arc,12554
0,,,,ui\00_message\common\item_info.gmd,\ui\item_info.arc,item_info.arc,12555
0,,,,ui\00_message\common\item_info.gmd,\ui\item_info.arc,item_info.arc,12556
0,,,,ui\00_message\common\item_info.gmd,\ui\item_info.arc,item_info.arc,12557
0,,,,ui\00_message\common\item_info.gmd,\ui\item_info.arc,item_info.arc,12558
0,,,,ui\00_message\common\item_info.gmd,\ui\item_info.arc,item_info.arc,12559
0,,,,ui\00_message\common\item_info.gmd,\ui\item_info.arc,item_info.arc,12560
0,,,,ui\00_message\common\item_info.gmd,\ui\item_info.arc,item_info.arc,12561
0,,,,ui\00_message\common\item_info.gmd,\ui\item_info.arc,item_info.arc,12562
0,,,,ui\00_message\common\item_info.gmd,\ui\item_info.arc,item_info.arc,12563
0,,,,ui\00_message\common\item_info.gmd,\ui\item_info.arc,item_info.arc,12564
0,,,,ui\00_message\common\item_info.gmd,\ui\item_info.arc,item_info.arc,12565
0,,,,ui\00_message\common\item_info.gmd,\ui\item_info.arc,item_info.arc,12566
0,,,,ui\00_message\common\item_info.gmd,\ui\item_info.arc,item_info.arc,12567
0,,,,ui\00_message\common\item_info.gmd,\ui\item_info.arc,item_info.arc,12568
0,,,,ui\00_message\common\item_info.gmd,\ui\item_info.arc,item_info.arc,12569
0,,,,ui\00_message\common\item_info.gmd,\ui\item_info.arc,item_info.arc,12570
0,,,,ui\00_message\common\item_info.gmd,\ui\item_info.arc,item_info.arc,12571
0,,,,ui\00_message\common\item_info.gmd,\ui\item_info.arc,item_info.arc,12572
0,,,,ui\00_message\common\item_info.gmd,\ui\item_info.arc,item_info.arc,12573
0,,,,ui\00_message\common\item_info.gmd,\ui\item_info.arc,item_info.arc,12574
0,,,,ui\00_message\common\item_info.gmd,\ui\item_info.arc,item_info.arc,12575
0,,,,ui\00_message\common\item_info.gmd,\ui\item_info.arc,item_info.arc,12576
0,,,,ui\00_message\common\item_info.gmd,\ui\item_info.arc,item_info.arc,12577
0,,,,ui\00_message\common\item_info.gmd,\ui\item_info.arc,item_info.arc,12578
0,,,,ui\00_message\common\item_info.gmd,\ui\item_info.arc,item_info.arc,12579
0,,,,ui\00_message\common\item_info.gmd,\ui\item_info.arc,item_info.arc,12580
0,,,,ui\00_message\common\item_info.gmd,\ui\item_info.arc,item_info.arc,12581
0,,,,ui\00_message\common\item_info.gmd,\ui\item_info.arc,item_info.arc,12582
0,,,,ui\00_message\common\item_info.gmd,\ui\item_info.arc,item_info.arc,12583
0,,,,ui\00_message\common\item_info.gmd,\ui\item_info.arc,item_info.arc,12584
0,,,,ui\00_message\common\item_info.gmd,\ui\item_info.arc,item_info.arc,12585
0,,,,ui\00_message\common\item_info.gmd,\ui\item_info.arc,item_info.arc,12586
0,,,,ui\00_message\common\item_info.gmd,\ui\item_info.arc,item_info.arc,12587
0,,,,ui\00_message\common\item_info.gmd,\ui\item_info.arc,item_info.arc,12588
0,,,,ui\00_message\common\item_info.gmd,\ui\item_info.arc,item_info.arc,12589
0,,,,ui\00_message\common\item_info.gmd,\ui\item_info.arc,item_info.arc,12590
0,,,,ui\00_message\common\item_info.gmd,\ui\item_info.arc,item_info.arc,12591
0,,,,ui\00_message\common\item_info.gmd,\ui\item_info.arc,item_info.arc,12592
0,,,,ui\00_message\common\item_info.gmd,\ui\item_info.arc,item_info.arc,12593
0,,,,ui\00_message\common\item_info.gmd,\ui\item_info.arc,item_info.arc,12594
0,,,,ui\00_message\common\item_info.gmd,\ui\item_info.arc,item_info.arc,12595
0,,,,ui\00_message\common\item_info.gmd,\ui\item_info.arc,item_info.arc,12596
0,,,,ui\00_message\common\item_info.gmd,\ui\item_info.arc,item_info.arc,12597
0,,,,ui\00_message\common\item_info.gmd,\ui\item_info.arc,item_info.arc,12598
0,,,,ui\00_message\common\item_info.gmd,\ui\item_info.arc,item_info.arc,12599
0,,,,ui\00_message\common\item_info.gmd,\ui\item_info.arc,item_info.arc,12600
0,,,,ui\00_message\common\item_info.gmd,\ui\item_info.arc,item_info.arc,12601
0,,,,ui\00_message\common\item_info.gmd,\ui\item_info.arc,item_info.arc,12602
0,,,,ui\00_message\common\item_info.gmd,\ui\item_info.arc,item_info.arc,12603
0,,,,ui\00_message\common\item_info.gmd,\ui\item_info.arc,item_info.arc,12604
0,,,,ui\00_message\common\item_info.gmd,\ui\item_info.arc,item_info.arc,12605
0,,,,ui\00_message\common\item_info.gmd,\ui\item_info.arc,item_info.arc,12606
0,,,,ui\00_message\common\item_info.gmd,\ui\item_info.arc,item_info.arc,12607
0,,,,ui\00_message\common\item_info.gmd,\ui\item_info.arc,item_info.arc,12608
0,,,,ui\00_message\common\item_info.gmd,\ui\item_info.arc,item_info.arc,12609
0,,,,ui\00_message\common\item_info.gmd,\ui\item_info.arc,item_info.arc,12610
0,,,,ui\00_message\common\item_info.gmd,\ui\item_info.arc,item_info.arc,12611
0,,,,ui\00_message\common\item_info.gmd,\ui\item_info.arc,item_info.arc,12612
0,,,,ui\00_message\common\item_info.gmd,\ui\item_info.arc,item_info.arc,12613
0,,,,ui\00_message\common\item_info.gmd,\ui\item_info.arc,item_info.arc,12614
0,,,,ui\00_message\common\item_info.gmd,\ui\item_info.arc,item_info.arc,12615
0,,,,ui\00_message\common\item_info.gmd,\ui\item_info.arc,item_info.arc,12616
0,,,,ui\00_message\common\item_info.gmd,\ui\item_info.arc,item_info.arc,12617
0,,,,ui\00_message\common\item_info.gmd,\ui\item_info.arc,item_info.arc,12618
0,,,,ui\00_message\common\item_info.gmd,\ui\item_info.arc,item_info.arc,12619
0,,,,ui\00_message\common\item_info.gmd,\ui\item_info.arc,item_info.arc,12620
0,,,,ui\00_message\common\item_info.gmd,\ui\item_info.arc,item_info.arc,12621
0,,,,ui\00_message\common\item_info.gmd,\ui\item_info.arc,item_info.arc,12622
0,,,,ui\00_message\common\item_info.gmd,\ui\item_info.arc,item_info.arc,12623
0,,,,ui\00_message\common\item_info.gmd,\ui\item_info.arc,item_info.arc,12624
0,,,,ui\00_message\common\item_info.gmd,\ui\item_info.arc,item_info.arc,12625
0,,,,ui\00_message\common\item_info.gmd,\ui\item_info.arc,item_info.arc,12626
0,,,,ui\00_message\common\item_info.gmd,\ui\item_info.arc,item_info.arc,12627
0,,,,ui\00_message\common\item_info.gmd,\ui\item_info.arc,item_info.arc,12628
0,,,,ui\00_message\common\item_info.gmd,\ui\item_info.arc,item_info.arc,12629
0,,,,ui\00_message\common\item_info.gmd,\ui\item_info.arc,item_info.arc,12630
0,,,,ui\00_message\common\item_info.gmd,\ui\item_info.arc,item_info.arc,12631
0,,,,ui\00_message\common\item_info.gmd,\ui\item_info.arc,item_info.arc,12632
0,,,,ui\00_message\common\item_info.gmd,\ui\item_info.arc,item_info.arc,12633
0,,,,ui\00_message\common\item_info.gmd,\ui\item_info.arc,item_info.arc,12634
0,,,,ui\00_message\common\item_info.gmd,\ui\item_info.arc,item_info.arc,12635
0,,,,ui\00_message\common\item_info.gmd,\ui\item_info.arc,item_info.arc,12636
0,,,,ui\00_message\common\item_info.gmd,\ui\item_info.arc,item_info.arc,12637
0,,,,ui\00_message\common\item_info.gmd,\ui\item_info.arc,item_info.arc,12638
0,,,,ui\00_message\common\item_info.gmd,\ui\item_info.arc,item_info.arc,12639
0,,,,ui\00_message\common\item_info.gmd,\ui\item_info.arc,item_info.arc,12640
0,,,,ui\00_message\common\item_info.gmd,\ui\item_info.arc,item_info.arc,12641
0,,,,ui\00_message\common\item_info.gmd,\ui\item_info.arc,item_info.arc,12642
0,,,,ui\00_message\common\item_info.gmd,\ui\item_info.arc,item_info.arc,12643
0,,,,ui\00_message\common\item_info.gmd,\ui\item_info.arc,item_info.arc,12644
0,,,,ui\00_message\common\item_info.gmd,\ui\item_info.arc,item_info.arc,12645
0,,,,ui\00_message\common\item_info.gmd,\ui\item_info.arc,item_info.arc,12646
0,,,,ui\00_message\common\item_info.gmd,\ui\item_info.arc,item_info.arc,12647
0,,,,ui\00_message\common\item_info.gmd,\ui\item_info.arc,item_info.arc,12648
0,,,,ui\00_message\common\item_info.gmd,\ui\item_info.arc,item_info.arc,12649
0,,,,ui\00_message\common\item_info.gmd,\ui\item_info.arc,item_info.arc,12650
0,,,,ui\00_message\common\item_info.gmd,\ui\item_info.arc,item_info.arc,12651
0,,,,ui\00_message\common\item_info.gmd,\ui\item_info.arc,item_info.arc,12652
0,,,,ui\00_message\common\item_info.gmd,\ui\item_info.arc,item_info.arc,12653
0,,,,ui\00_message\common\item_info.gmd,\ui\item_info.arc,item_info.arc,12654
0,,,,ui\00_message\common\item_info.gmd,\ui\item_info.arc,item_info.arc,12655
0,,,,ui\00_message\common\item_info.gmd,\ui\item_info.arc,item_info.arc,12656
0,,,,ui\00_message\common\item_info.gmd,\ui\item_info.arc,item_info.arc,12657
0,,,,ui\00_message\common\item_info.gmd,\ui\item_info.arc,item_info.arc,12658
0,,,,ui\00_message\common\item_info.gmd,\ui\item_info.arc,item_info.arc,12659
0,,,,ui\00_message\common\item_info.gmd,\ui\item_info.arc,item_info.arc,12660
0,,,,ui\00_message\common\item_info.gmd,\ui\item_info.arc,item_info.arc,12661
0,,,,ui\00_message\common\item_info.gmd,\ui\item_info.arc,item_info.arc,12662
0,,,,ui\00_message\common\item_info.gmd,\ui\item_info.arc,item_info.arc,12663
0,,,,ui\00_message\common\item_info.gmd,\ui\item_info.arc,item_info.arc,12664
0,,,,ui\00_message\common\item_info.gmd,\ui\item_info.arc,item_info.arc,12665
0,,,,ui\00_message\common\item_info.gmd,\ui\item_info.arc,item_info.arc,12666
0,,,,ui\00_message\common\item_info.gmd,\ui\item_info.arc,item_info.arc,12667
0,,,,ui\00_message\common\item_info.gmd,\ui\item_info.arc,item_info.arc,12668
0,,,,ui\00_message\common\item_info.gmd,\ui\item_info.arc,item_info.arc,12669
0,,,,ui\00_message\common\item_info.gmd,\ui\item_info.arc,item_info.arc,12670
0,,,,ui\00_message\common\item_info.gmd,\ui\item_info.arc,item_info.arc,12671
0,,,,ui\00_message\common\item_info.gmd,\ui\item_info.arc,item_info.arc,12672
0,,,,ui\00_message\common\item_info.gmd,\ui\item_info.arc,item_info.arc,12673
0,,,,ui\00_message\common\item_info.gmd,\ui\item_info.arc,item_info.arc,12674
0,,,,ui\00_message\common\item_info.gmd,\ui\item_info.arc,item_info.arc,12675
0,,,,ui\00_message\common\item_info.gmd,\ui\item_info.arc,item_info.arc,12676
0,,,,ui\00_message\common\item_info.gmd,\ui\item_info.arc,item_info.arc,12677
0,,,,ui\00_message\common\item_info.gmd,\ui\item_info.arc,item_info.arc,12678
0,,,,ui\00_message\common\item_info.gmd,\ui\item_info.arc,item_info.arc,12679
0,,,,ui\00_message\common\item_info.gmd,\ui\item_info.arc,item_info.arc,12680
0,,,,ui\00_message\common\item_info.gmd,\ui\item_info.arc,item_info.arc,12681
0,,,,ui\00_message\common\item_info.gmd,\ui\item_info.arc,item_info.arc,12682
0,,,,ui\00_message\common\item_info.gmd,\ui\item_info.arc,item_info.arc,12683
0,,,,ui\00_message\common\item_info.gmd,\ui\item_info.arc,item_info.arc,12684
0,,,,ui\00_message\common\item_info.gmd,\ui\item_info.arc,item_info.arc,12685
0,,,,ui\00_message\common\item_info.gmd,\ui\item_info.arc,item_info.arc,12686
0,,,,ui\00_message\common\item_info.gmd,\ui\item_info.arc,item_info.arc,12687
0,,,,ui\00_message\common\item_info.gmd,\ui\item_info.arc,item_info.arc,12688
0,,,,ui\00_message\common\item_info.gmd,\ui\item_info.arc,item_info.arc,12689
0,,,,ui\00_message\common\item_info.gmd,\ui\item_info.arc,item_info.arc,12690
0,,,,ui\00_message\common\item_info.gmd,\ui\item_info.arc,item_info.arc,12691
0,,,,ui\00_message\common\item_info.gmd,\ui\item_info.arc,item_info.arc,12692
0,,,,ui\00_message\common\item_info.gmd,\ui\item_info.arc,item_info.arc,12693
0,,,,ui\00_message\common\item_info.gmd,\ui\item_info.arc,item_info.arc,12694
0,,,,ui\00_message\common\item_info.gmd,\ui\item_info.arc,item_info.arc,12695
0,,,,ui\00_message\common\item_info.gmd,\ui\item_info.arc,item_info.arc,12696
0,,,,ui\00_message\common\item_info.gmd,\ui\item_info.arc,item_info.arc,12697
0,,,,ui\00_message\common\item_info.gmd,\ui\item_info.arc,item_info.arc,12698
0,,,,ui\00_message\common\item_info.gmd,\ui\item_info.arc,item_info.arc,12699
0,,,,ui\00_message\common\item_info.gmd,\ui\item_info.arc,item_info.arc,12700
0,,,,ui\00_message\common\item_info.gmd,\ui\item_info.arc,item_info.arc,12701
0,,,,ui\00_message\common\item_info.gmd,\ui\item_info.arc,item_info.arc,12702
0,,,,ui\00_message\common\item_info.gmd,\ui\item_info.arc,item_info.arc,12703
0,,,,ui\00_message\common\item_info.gmd,\ui\item_info.arc,item_info.arc,12704
0,,,,ui\00_message\common\item_info.gmd,\ui\item_info.arc,item_info.arc,12705
0,,,,ui\00_message\common\item_info.gmd,\ui\item_info.arc,item_info.arc,12706
0,,,,ui\00_message\common\item_info.gmd,\ui\item_info.arc,item_info.arc,12707
0,,,,ui\00_message\common\item_info.gmd,\ui\item_info.arc,item_info.arc,12708
0,,,,ui\00_message\common\item_info.gmd,\ui\item_info.arc,item_info.arc,12709
0,,,,ui\00_message\common\item_info.gmd,\ui\item_info.arc,item_info.arc,12710
0,,,,ui\00_message\common\item_info.gmd,\ui\item_info.arc,item_info.arc,12711
0,,,,ui\00_message\common\item_info.gmd,\ui\item_info.arc,item_info.arc,12712
0,,,,ui\00_message\common\item_info.gmd,\ui\item_info.arc,item_info.arc,12713
0,,,,ui\00_message\common\item_info.gmd,\ui\item_info.arc,item_info.arc,12714
0,,,,ui\00_message\common\item_info.gmd,\ui\item_info.arc,item_info.arc,12715
0,,,,ui\00_message\common\item_info.gmd,\ui\item_info.arc,item_info.arc,12716
0,,,,ui\00_message\common\item_info.gmd,\ui\item_info.arc,item_info.arc,12717
0,,,,ui\00_message\common\item_info.gmd,\ui\item_info.arc,item_info.arc,12718
0,,,,ui\00_message\common\item_info.gmd,\ui\item_info.arc,item_info.arc,12719
0,,,,ui\00_message\common\item_info.gmd,\ui\item_info.arc,item_info.arc,12720
0,,,,ui\00_message\common\item_info.gmd,\ui\item_info.arc,item_info.arc,12721
0,,,,ui\00_message\common\item_info.gmd,\ui\item_info.arc,item_info.arc,12722
0,,,,ui\00_message\common\item_info.gmd,\ui\item_info.arc,item_info.arc,12723
0,,,,ui\00_message\common\item_info.gmd,\ui\item_info.arc,item_info.arc,12724
0,,,,ui\00_message\common\item_info.gmd,\ui\item_info.arc,item_info.arc,12725
0,,,,ui\00_message\common\item_info.gmd,\ui\item_info.arc,item_info.arc,12726
0,,,,ui\00_message\common\item_info.gmd,\ui\item_info.arc,item_info.arc,12727
0,,,,ui\00_message\common\item_info.gmd,\ui\item_info.arc,item_info.arc,12728
0,,,,ui\00_message\common\item_info.gmd,\ui\item_info.arc,item_info.arc,12729
0,,,,ui\00_message\common\item_info.gmd,\ui\item_info.arc,item_info.arc,12730
0,,,,ui\00_message\common\item_info.gmd,\ui\item_info.arc,item_info.arc,12731
0,,,,ui\00_message\common\item_info.gmd,\ui\item_info.arc,item_info.arc,12732
0,,,,ui\00_message\common\item_info.gmd,\ui\item_info.arc,item_info.arc,12733
0,,,,ui\00_message\common\item_info.gmd,\ui\item_info.arc,item_info.arc,12734
0,,,,ui\00_message\common\item_info.gmd,\ui\item_info.arc,item_info.arc,12735
0,,,,ui\00_message\common\item_info.gmd,\ui\item_info.arc,item_info.arc,12736
0,,,,ui\00_message\common\item_info.gmd,\ui\item_info.arc,item_info.arc,12737
0,,,,ui\00_message\common\item_info.gmd,\ui\item_info.arc,item_info.arc,12738
0,,,,ui\00_message\common\item_info.gmd,\ui\item_info.arc,item_info.arc,12739
0,,,,ui\00_message\common\item_info.gmd,\ui\item_info.arc,item_info.arc,12740
0,,,,ui\00_message\common\item_info.gmd,\ui\item_info.arc,item_info.arc,12741
0,,,,ui\00_message\common\item_info.gmd,\ui\item_info.arc,item_info.arc,12742
0,,,,ui\00_message\common\item_info.gmd,\ui\item_info.arc,item_info.arc,12743
0,,,,ui\00_message\common\item_info.gmd,\ui\item_info.arc,item_info.arc,12744
0,,,,ui\00_message\common\item_info.gmd,\ui\item_info.arc,item_info.arc,12745
0,,,,ui\00_message\common\item_info.gmd,\ui\item_info.arc,item_info.arc,12746
0,,,,ui\00_message\common\item_info.gmd,\ui\item_info.arc,item_info.arc,12747
0,,,,ui\00_message\common\item_info.gmd,\ui\item_info.arc,item_info.arc,12748
0,,,,ui\00_message\common\item_info.gmd,\ui\item_info.arc,item_info.arc,12749
0,,,,ui\00_message\common\item_info.gmd,\ui\item_info.arc,item_info.arc,12750
0,,,,ui\00_message\common\item_info.gmd,\ui\item_info.arc,item_info.arc,12751
0,,,,ui\00_message\common\item_info.gmd,\ui\item_info.arc,item_info.arc,12752
0,,,,ui\00_message\common\item_info.gmd,\ui\item_info.arc,item_info.arc,12753
0,,,,ui\00_message\common\item_info.gmd,\ui\item_info.arc,item_info.arc,12754
0,,,,ui\00_message\common\item_info.gmd,\ui\item_info.arc,item_info.arc,12755
0,,,,ui\00_message\common\item_info.gmd,\ui\item_info.arc,item_info.arc,12756
0,,,,ui\00_message\common\item_info.gmd,\ui\item_info.arc,item_info.arc,12757
0,,,,ui\00_message\common\item_info.gmd,\ui\item_info.arc,item_info.arc,12758
0,,,,ui\00_message\common\item_info.gmd,\ui\item_info.arc,item_info.arc,12759
0,,,,ui\00_message\common\item_info.gmd,\ui\item_info.arc,item_info.arc,12760
0,,,,ui\00_message\common\item_info.gmd,\ui\item_info.arc,item_info.arc,12761
0,,,,ui\00_message\common\item_info.gmd,\ui\item_info.arc,item_info.arc,12762
0,,,,ui\00_message\common\item_info.gmd,\ui\item_info.arc,item_info.arc,12763
0,,,,ui\00_message\common\item_info.gmd,\ui\item_info.arc,item_info.arc,12764
0,,,,ui\00_message\common\item_info.gmd,\ui\item_info.arc,item_info.arc,12765
0,,,,ui\00_message\common\item_info.gmd,\ui\item_info.arc,item_info.arc,12766
0,,,,ui\00_message\common\item_info.gmd,\ui\item_info.arc,item_info.arc,12767
0,,,,ui\00_message\common\item_info.gmd,\ui\item_info.arc,item_info.arc,12768
0,,,,ui\00_message\common\item_info.gmd,\ui\item_info.arc,item_info.arc,12769
0,,,,ui\00_message\common\item_info.gmd,\ui\item_info.arc,item_info.arc,12770
0,,,,ui\00_message\common\item_info.gmd,\ui\item_info.arc,item_info.arc,12771
0,,,,ui\00_message\common\item_info.gmd,\ui\item_info.arc,item_info.arc,12772
0,,,,ui\00_message\common\item_info.gmd,\ui\item_info.arc,item_info.arc,12773
0,,,,ui\00_message\common\item_info.gmd,\ui\item_info.arc,item_info.arc,12774
0,,,,ui\00_message\common\item_info.gmd,\ui\item_info.arc,item_info.arc,12775
0,,,,ui\00_message\common\item_info.gmd,\ui\item_info.arc,item_info.arc,12776
0,,,,ui\00_message\common\item_info.gmd,\ui\item_info.arc,item_info.arc,12777
0,,,,ui\00_message\common\item_info.gmd,\ui\item_info.arc,item_info.arc,12778
0,,,,ui\00_message\common\item_info.gmd,\ui\item_info.arc,item_info.arc,12779
0,,,,ui\00_message\common\item_info.gmd,\ui\item_info.arc,item_info.arc,12780
0,,,,ui\00_message\common\item_info.gmd,\ui\item_info.arc,item_info.arc,12781
0,,,,ui\00_message\common\item_info.gmd,\ui\item_info.arc,item_info.arc,12782
0,,,,ui\00_message\common\item_info.gmd,\ui\item_info.arc,item_info.arc,12783
0,,,,ui\00_message\common\item_info.gmd,\ui\item_info.arc,item_info.arc,12784
0,,,,ui\00_message\common\item_info.gmd,\ui\item_info.arc,item_info.arc,12785
0,,,,ui\00_message\common\item_info.gmd,\ui\item_info.arc,item_info.arc,12786
0,,,,ui\00_message\common\item_info.gmd,\ui\item_info.arc,item_info.arc,12787
0,,,,ui\00_message\common\item_info.gmd,\ui\item_info.arc,item_info.arc,12788
0,,,,ui\00_message\common\item_info.gmd,\ui\item_info.arc,item_info.arc,12789
0,,,,ui\00_message\common\item_info.gmd,\ui\item_info.arc,item_info.arc,12790
0,,,,ui\00_message\common\item_info.gmd,\ui\item_info.arc,item_info.arc,12791
0,,,,ui\00_message\common\item_info.gmd,\ui\item_info.arc,item_info.arc,12792
0,,,,ui\00_message\common\item_info.gmd,\ui\item_info.arc,item_info.arc,12793
0,,,,ui\00_message\common\item_info.gmd,\ui\item_info.arc,item_info.arc,12794
0,,,,ui\00_message\common\item_info.gmd,\ui\item_info.arc,item_info.arc,12795
0,,,,ui\00_message\common\item_info.gmd,\ui\item_info.arc,item_info.arc,12796
0,,,,ui\00_message\common\item_info.gmd,\ui\item_info.arc,item_info.arc,12797
0,,,,ui\00_message\common\item_info.gmd,\ui\item_info.arc,item_info.arc,12798
0,,,,ui\00_message\common\item_info.gmd,\ui\item_info.arc,item_info.arc,12799
0,,,,ui\00_message\common\item_info.gmd,\ui\item_info.arc,item_info.arc,12800
0,,,,ui\00_message\common\item_info.gmd,\ui\item_info.arc,item_info.arc,12801
0,,,,ui\00_message\common\item_info.gmd,\ui\item_info.arc,item_info.arc,12802
0,,,,ui\00_message\common\item_info.gmd,\ui\item_info.arc,item_info.arc,12803
0,,,,ui\00_message\common\item_info.gmd,\ui\item_info.arc,item_info.arc,12804
0,,,,ui\00_message\common\item_info.gmd,\ui\item_info.arc,item_info.arc,12805
0,,,,ui\00_message\common\item_info.gmd,\ui\item_info.arc,item_info.arc,12806
0,,,,ui\00_message\common\item_info.gmd,\ui\item_info.arc,item_info.arc,12807
0,,,,ui\00_message\common\item_info.gmd,\ui\item_info.arc,item_info.arc,12808
0,,,,ui\00_message\common\item_info.gmd,\ui\item_info.arc,item_info.arc,12809
0,,,,ui\00_message\common\item_info.gmd,\ui\item_info.arc,item_info.arc,12810
0,,,,ui\00_message\common\item_info.gmd,\ui\item_info.arc,item_info.arc,12811
0,,,,ui\00_message\common\item_info.gmd,\ui\item_info.arc,item_info.arc,12812
0,,,,ui\00_message\common\item_info.gmd,\ui\item_info.arc,item_info.arc,12813
0,,,,ui\00_message\common\item_info.gmd,\ui\item_info.arc,item_info.arc,12814
0,,,,ui\00_message\common\item_info.gmd,\ui\item_info.arc,item_info.arc,12815
0,,,,ui\00_message\common\item_info.gmd,\ui\item_info.arc,item_info.arc,12816
0,,,,ui\00_message\common\item_info.gmd,\ui\item_info.arc,item_info.arc,12817
0,,,,ui\00_message\common\item_info.gmd,\ui\item_info.arc,item_info.arc,12818
0,,,,ui\00_message\common\item_info.gmd,\ui\item_info.arc,item_info.arc,12819
0,,,,ui\00_message\common\item_info.gmd,\ui\item_info.arc,item_info.arc,12820
0,,,,ui\00_message\common\item_info.gmd,\ui\item_info.arc,item_info.arc,12821
0,,,,ui\00_message\common\item_info.gmd,\ui\item_info.arc,item_info.arc,12822
0,,,,ui\00_message\common\item_info.gmd,\ui\item_info.arc,item_info.arc,12823
0,,,,ui\00_message\common\item_info.gmd,\ui\item_info.arc,item_info.arc,12824
0,,,,ui\00_message\common\item_info.gmd,\ui\item_info.arc,item_info.arc,12825
0,,,,ui\00_message\common\item_info.gmd,\ui\item_info.arc,item_info.arc,12826
0,,,,ui\00_message\common\item_info.gmd,\ui\item_info.arc,item_info.arc,12827
0,,,,ui\00_message\common\item_info.gmd,\ui\item_info.arc,item_info.arc,12828
0,,,,ui\00_message\common\item_info.gmd,\ui\item_info.arc,item_info.arc,12829
0,,,,ui\00_message\common\item_info.gmd,\ui\item_info.arc,item_info.arc,12830
0,,,,ui\00_message\common\item_info.gmd,\ui\item_info.arc,item_info.arc,12831
0,,,,ui\00_message\common\item_info.gmd,\ui\item_info.arc,item_info.arc,12832
0,,,,ui\00_message\common\item_info.gmd,\ui\item_info.arc,item_info.arc,12833
0,,,,ui\00_message\common\item_info.gmd,\ui\item_info.arc,item_info.arc,12834
0,,,,ui\00_message\common\item_info.gmd,\ui\item_info.arc,item_info.arc,12835
0,,,,ui\00_message\common\item_info.gmd,\ui\item_info.arc,item_info.arc,12836
0,,,,ui\00_message\common\item_info.gmd,\ui\item_info.arc,item_info.arc,12837
0,,,,ui\00_message\common\item_info.gmd,\ui\item_info.arc,item_info.arc,12838
0,,,,ui\00_message\common\item_info.gmd,\ui\item_info.arc,item_info.arc,12839
0,,,,ui\00_message\common\item_info.gmd,\ui\item_info.arc,item_info.arc,12840
0,,,,ui\00_message\common\item_info.gmd,\ui\item_info.arc,item_info.arc,12841
0,,,,ui\00_message\common\item_info.gmd,\ui\item_info.arc,item_info.arc,12842
0,,,,ui\00_message\common\item_info.gmd,\ui\item_info.arc,item_info.arc,12843
0,,,,ui\00_message\common\item_info.gmd,\ui\item_info.arc,item_info.arc,12844
0,,,,ui\00_message\common\item_info.gmd,\ui\item_info.arc,item_info.arc,12845
0,,,,ui\00_message\common\item_info.gmd,\ui\item_info.arc,item_info.arc,12846
0,,,,ui\00_message\common\item_info.gmd,\ui\item_info.arc,item_info.arc,12847
0,,,,ui\00_message\common\item_info.gmd,\ui\item_info.arc,item_info.arc,12848
0,,,,ui\00_message\common\item_info.gmd,\ui\item_info.arc,item_info.arc,12849
0,,,,ui\00_message\common\item_info.gmd,\ui\item_info.arc,item_info.arc,12850
0,,,,ui\00_message\common\item_info.gmd,\ui\item_info.arc,item_info.arc,12851
0,,,,ui\00_message\common\item_info.gmd,\ui\item_info.arc,item_info.arc,12852
0,,,,ui\00_message\common\item_info.gmd,\ui\item_info.arc,item_info.arc,12853
0,,,,ui\00_message\common\item_info.gmd,\ui\item_info.arc,item_info.arc,12854
0,,,,ui\00_message\common\item_info.gmd,\ui\item_info.arc,item_info.arc,12855
0,,,,ui\00_message\common\item_info.gmd,\ui\item_info.arc,item_info.arc,12856
0,,,,ui\00_message\common\item_info.gmd,\ui\item_info.arc,item_info.arc,12857
0,,,,ui\00_message\common\item_info.gmd,\ui\item_info.arc,item_info.arc,12858
0,,,,ui\00_message\common\item_info.gmd,\ui\item_info.arc,item_info.arc,12859
0,,,,ui\00_message\common\item_info.gmd,\ui\item_info.arc,item_info.arc,12860
0,,,,ui\00_message\common\item_info.gmd,\ui\item_info.arc,item_info.arc,12861
0,,,,ui\00_message\common\item_info.gmd,\ui\item_info.arc,item_info.arc,12862
0,,,,ui\00_message\common\item_info.gmd,\ui\item_info.arc,item_info.arc,12863
0,,,,ui\00_message\common\item_info.gmd,\ui\item_info.arc,item_info.arc,12864
0,,,,ui\00_message\common\item_info.gmd,\ui\item_info.arc,item_info.arc,12865
0,,,,ui\00_message\common\item_info.gmd,\ui\item_info.arc,item_info.arc,12866
0,,,,ui\00_message\common\item_info.gmd,\ui\item_info.arc,item_info.arc,12867
0,,,,ui\00_message\common\item_info.gmd,\ui\item_info.arc,item_info.arc,12868
0,,,,ui\00_message\common\item_info.gmd,\ui\item_info.arc,item_info.arc,12869
0,,,,ui\00_message\common\item_info.gmd,\ui\item_info.arc,item_info.arc,12870
0,,,,ui\00_message\common\item_info.gmd,\ui\item_info.arc,item_info.arc,12871
0,,,,ui\00_message\common\item_info.gmd,\ui\item_info.arc,item_info.arc,12872
0,,,,ui\00_message\common\item_info.gmd,\ui\item_info.arc,item_info.arc,12873
0,,,,ui\00_message\common\item_info.gmd,\ui\item_info.arc,item_info.arc,12874
0,,,,ui\00_message\common\item_info.gmd,\ui\item_info.arc,item_info.arc,12875
0,,,,ui\00_message\common\item_info.gmd,\ui\item_info.arc,item_info.arc,12876
0,,,,ui\00_message\common\item_info.gmd,\ui\item_info.arc,item_info.arc,12877
0,,,,ui\00_message\common\item_info.gmd,\ui\item_info.arc,item_info.arc,12878
0,,,,ui\00_message\common\item_info.gmd,\ui\item_info.arc,item_info.arc,12879
0,,,,ui\00_message\common\item_info.gmd,\ui\item_info.arc,item_info.arc,12880
0,,,,ui\00_message\common\item_info.gmd,\ui\item_info.arc,item_info.arc,12881
0,,,,ui\00_message\common\item_info.gmd,\ui\item_info.arc,item_info.arc,12882
0,,,,ui\00_message\common\item_info.gmd,\ui\item_info.arc,item_info.arc,12883
0,,,,ui\00_message\common\item_info.gmd,\ui\item_info.arc,item_info.arc,12884
0,,,,ui\00_message\common\item_info.gmd,\ui\item_info.arc,item_info.arc,12885
0,,,,ui\00_message\common\item_info.gmd,\ui\item_info.arc,item_info.arc,12886
0,,,,ui\00_message\common\item_info.gmd,\ui\item_info.arc,item_info.arc,12887
0,,,,ui\00_message\common\item_info.gmd,\ui\item_info.arc,item_info.arc,12888
0,,,,ui\00_message\common\item_info.gmd,\ui\item_info.arc,item_info.arc,12889
0,,,,ui\00_message\common\item_info.gmd,\ui\item_info.arc,item_info.arc,12890
0,,,,ui\00_message\common\item_info.gmd,\ui\item_info.arc,item_info.arc,12891
0,,,,ui\00_message\common\item_info.gmd,\ui\item_info.arc,item_info.arc,12892
0,,,,ui\00_message\common\item_info.gmd,\ui\item_info.arc,item_info.arc,12893
0,,,,ui\00_message\common\item_info.gmd,\ui\item_info.arc,item_info.arc,12894
0,,,,ui\00_message\common\item_info.gmd,\ui\item_info.arc,item_info.arc,12895
0,,,,ui\00_message\common\item_info.gmd,\ui\item_info.arc,item_info.arc,12896
0,,,,ui\00_message\common\item_info.gmd,\ui\item_info.arc,item_info.arc,12897
0,,,,ui\00_message\common\item_info.gmd,\ui\item_info.arc,item_info.arc,12898
0,,,,ui\00_message\common\item_info.gmd,\ui\item_info.arc,item_info.arc,12899
0,,,,ui\00_message\common\item_info.gmd,\ui\item_info.arc,item_info.arc,12900
0,,,,ui\00_message\common\item_info.gmd,\ui\item_info.arc,item_info.arc,12901
0,,,,ui\00_message\common\item_info.gmd,\ui\item_info.arc,item_info.arc,12902
0,,,,ui\00_message\common\item_info.gmd,\ui\item_info.arc,item_info.arc,12903
0,,,,ui\00_message\common\item_info.gmd,\ui\item_info.arc,item_info.arc,12904
0,,,,ui\00_message\common\item_info.gmd,\ui\item_info.arc,item_info.arc,12905
0,,,,ui\00_message\common\item_info.gmd,\ui\item_info.arc,item_info.arc,12906
0,,,,ui\00_message\common\item_info.gmd,\ui\item_info.arc,item_info.arc,12907
0,,,,ui\00_message\common\item_info.gmd,\ui\item_info.arc,item_info.arc,12908
0,,,,ui\00_message\common\item_info.gmd,\ui\item_info.arc,item_info.arc,12909
0,,,,ui\00_message\common\item_info.gmd,\ui\item_info.arc,item_info.arc,12910
0,,,,ui\00_message\common\item_info.gmd,\ui\item_info.arc,item_info.arc,12911
0,,,,ui\00_message\common\item_info.gmd,\ui\item_info.arc,item_info.arc,12912
0,,,,ui\00_message\common\item_info.gmd,\ui\item_info.arc,item_info.arc,12913
0,,,,ui\00_message\common\item_info.gmd,\ui\item_info.arc,item_info.arc,12914
0,,,,ui\00_message\common\item_info.gmd,\ui\item_info.arc,item_info.arc,12915
0,,,,ui\00_message\common\item_info.gmd,\ui\item_info.arc,item_info.arc,12916
0,,,,ui\00_message\common\item_info.gmd,\ui\item_info.arc,item_info.arc,12917
0,,,,ui\00_message\common\item_info.gmd,\ui\item_info.arc,item_info.arc,12918
0,,,,ui\00_message\common\item_info.gmd,\ui\item_info.arc,item_info.arc,12919
0,,,,ui\00_message\common\item_info.gmd,\ui\item_info.arc,item_info.arc,12920
0,,,,ui\00_message\common\item_info.gmd,\ui\item_info.arc,item_info.arc,12921
0,,,,ui\00_message\common\item_info.gmd,\ui\item_info.arc,item_info.arc,12922
0,,,,ui\00_message\common\item_info.gmd,\ui\item_info.arc,item_info.arc,12923
0,,,,ui\00_message\common\item_info.gmd,\ui\item_info.arc,item_info.arc,12924
0,,,,ui\00_message\common\item_info.gmd,\ui\item_info.arc,item_info.arc,12925
0,,,,ui\00_message\common\item_info.gmd,\ui\item_info.arc,item_info.arc,12926
0,,,,ui\00_message\common\item_info.gmd,\ui\item_info.arc,item_info.arc,12927
0,,,,ui\00_message\common\item_info.gmd,\ui\item_info.arc,item_info.arc,12928
0,,,,ui\00_message\common\item_info.gmd,\ui\item_info.arc,item_info.arc,12929
0,,,,ui\00_message\common\item_info.gmd,\ui\item_info.arc,item_info.arc,12930
0,,,,ui\00_message\common\item_info.gmd,\ui\item_info.arc,item_info.arc,12931
0,,,,ui\00_message\common\item_info.gmd,\ui\item_info.arc,item_info.arc,12932
0,,,,ui\00_message\common\item_info.gmd,\ui\item_info.arc,item_info.arc,12933
0,,,,ui\00_message\common\item_info.gmd,\ui\item_info.arc,item_info.arc,12934
0,,,,ui\00_message\common\item_info.gmd,\ui\item_info.arc,item_info.arc,12935
0,,,,ui\00_message\common\item_info.gmd,\ui\item_info.arc,item_info.arc,12936
0,,,,ui\00_message\common\item_info.gmd,\ui\item_info.arc,item_info.arc,12937
0,,,,ui\00_message\common\item_info.gmd,\ui\item_info.arc,item_info.arc,12938
0,,,,ui\00_message\common\item_info.gmd,\ui\item_info.arc,item_info.arc,12939
0,,,,ui\00_message\common\item_info.gmd,\ui\item_info.arc,item_info.arc,12940
0,,,,ui\00_message\common\item_info.gmd,\ui\item_info.arc,item_info.arc,12941
0,,,,ui\00_message\common\item_info.gmd,\ui\item_info.arc,item_info.arc,12942
0,,,,ui\00_message\common\item_info.gmd,\ui\item_info.arc,item_info.arc,12943
0,,,,ui\00_message\common\item_info.gmd,\ui\item_info.arc,item_info.arc,12944
0,,,,ui\00_message\common\item_info.gmd,\ui\item_info.arc,item_info.arc,12945
0,,,,ui\00_message\common\item_info.gmd,\ui\item_info.arc,item_info.arc,12946
0,,,,ui\00_message\common\item_info.gmd,\ui\item_info.arc,item_info.arc,12947
0,,,,ui\00_message\common\item_info.gmd,\ui\item_info.arc,item_info.arc,12948
0,,,,ui\00_message\common\item_info.gmd,\ui\item_info.arc,item_info.arc,12949
0,,,,ui\00_message\common\item_info.gmd,\ui\item_info.arc,item_info.arc,12950
0,,,,ui\00_message\common\item_info.gmd,\ui\item_info.arc,item_info.arc,12951
0,,,,ui\00_message\common\item_info.gmd,\ui\item_info.arc,item_info.arc,12952
0,,,,ui\00_message\common\item_info.gmd,\ui\item_info.arc,item_info.arc,12953
0,,,,ui\00_message\common\item_info.gmd,\ui\item_info.arc,item_info.arc,12954
0,,,,ui\00_message\common\item_info.gmd,\ui\item_info.arc,item_info.arc,12955
0,,,,ui\00_message\common\item_info.gmd,\ui\item_info.arc,item_info.arc,12956
0,,,,ui\00_message\common\item_info.gmd,\ui\item_info.arc,item_info.arc,12957
0,,,,ui\00_message\common\item_info.gmd,\ui\item_info.arc,item_info.arc,12958
0,,,,ui\00_message\common\item_info.gmd,\ui\item_info.arc,item_info.arc,12959
0,,,,ui\00_message\common\item_info.gmd,\ui\item_info.arc,item_info.arc,12960
0,,,,ui\00_message\common\item_info.gmd,\ui\item_info.arc,item_info.arc,12961
0,,,,ui\00_message\common\item_info.gmd,\ui\item_info.arc,item_info.arc,12962
0,,,,ui\00_message\common\item_info.gmd,\ui\item_info.arc,item_info.arc,12963
0,,,,ui\00_message\common\item_info.gmd,\ui\item_info.arc,item_info.arc,12964
0,,,,ui\00_message\common\item_info.gmd,\ui\item_info.arc,item_info.arc,12965
0,,,,ui\00_message\common\item_info.gmd,\ui\item_info.arc,item_info.arc,12966
0,,,,ui\00_message\common\item_info.gmd,\ui\item_info.arc,item_info.arc,12967
0,,,,ui\00_message\common\item_info.gmd,\ui\item_info.arc,item_info.arc,12968
0,,,,ui\00_message\common\item_info.gmd,\ui\item_info.arc,item_info.arc,12969
0,,,,ui\00_message\common\item_info.gmd,\ui\item_info.arc,item_info.arc,12970
0,,,,ui\00_message\common\item_info.gmd,\ui\item_info.arc,item_info.arc,12971
0,,,,ui\00_message\common\item_info.gmd,\ui\item_info.arc,item_info.arc,12972
0,,,,ui\00_message\common\item_info.gmd,\ui\item_info.arc,item_info.arc,12973
0,,,,ui\00_message\common\item_info.gmd,\ui\item_info.arc,item_info.arc,12974
0,,,,ui\00_message\common\item_info.gmd,\ui\item_info.arc,item_info.arc,12975
0,,,,ui\00_message\common\item_info.gmd,\ui\item_info.arc,item_info.arc,12976
0,,,,ui\00_message\common\item_info.gmd,\ui\item_info.arc,item_info.arc,12977
0,,,,ui\00_message\common\item_info.gmd,\ui\item_info.arc,item_info.arc,12978
0,,,,ui\00_message\common\item_info.gmd,\ui\item_info.arc,item_info.arc,12979
0,,,,ui\00_message\common\item_info.gmd,\ui\item_info.arc,item_info.arc,12980
0,,,,ui\00_message\common\item_info.gmd,\ui\item_info.arc,item_info.arc,12981
0,,,,ui\00_message\common\item_info.gmd,\ui\item_info.arc,item_info.arc,12982
0,,,,ui\00_message\common\item_info.gmd,\ui\item_info.arc,item_info.arc,12983
0,,,,ui\00_message\common\item_info.gmd,\ui\item_info.arc,item_info.arc,12984
0,,,,ui\00_message\common\item_info.gmd,\ui\item_info.arc,item_info.arc,12985
0,,,,ui\00_message\common\item_info.gmd,\ui\item_info.arc,item_info.arc,12986
0,,,,ui\00_message\common\item_info.gmd,\ui\item_info.arc,item_info.arc,12987
0,,,,ui\00_message\common\item_info.gmd,\ui\item_info.arc,item_info.arc,12988
0,,,,ui\00_message\common\item_info.gmd,\ui\item_info.arc,item_info.arc,12989
0,,,,ui\00_message\common\item_info.gmd,\ui\item_info.arc,item_info.arc,12990
0,,,,ui\00_message\common\item_info.gmd,\ui\item_info.arc,item_info.arc,12991
0,,,,ui\00_message\common\item_info.gmd,\ui\item_info.arc,item_info.arc,12992
0,,,,ui\00_message\common\item_info.gmd,\ui\item_info.arc,item_info.arc,12993
0,,,,ui\00_message\common\item_info.gmd,\ui\item_info.arc,item_info.arc,12994
0,,,,ui\00_message\common\item_info.gmd,\ui\item_info.arc,item_info.arc,12995
0,,,,ui\00_message\common\item_info.gmd,\ui\item_info.arc,item_info.arc,12996
0,,,,ui\00_message\common\item_info.gmd,\ui\item_info.arc,item_info.arc,12997
0,,,,ui\00_message\common\item_info.gmd,\ui\item_info.arc,item_info.arc,12998
0,,,,ui\00_message\common\item_info.gmd,\ui\item_info.arc,item_info.arc,12999
0,,,,ui\00_message\common\item_info.gmd,\ui\item_info.arc,item_info.arc,13000
0,,,,ui\00_message\common\item_info.gmd,\ui\item_info.arc,item_info.arc,13001
0,,,,ui\00_message\common\item_info.gmd,\ui\item_info.arc,item_info.arc,13002
0,,,,ui\00_message\common\item_info.gmd,\ui\item_info.arc,item_info.arc,13003
0,,,,ui\00_message\common\item_info.gmd,\ui\item_info.arc,item_info.arc,13004
0,,,,ui\00_message\common\item_info.gmd,\ui\item_info.arc,item_info.arc,13005
0,,,,ui\00_message\common\item_info.gmd,\ui\item_info.arc,item_info.arc,13006
0,,,,ui\00_message\common\item_info.gmd,\ui\item_info.arc,item_info.arc,13007
0,,,,ui\00_message\common\item_info.gmd,\ui\item_info.arc,item_info.arc,13008
0,,,,ui\00_message\common\item_info.gmd,\ui\item_info.arc,item_info.arc,13009
0,,,,ui\00_message\common\item_info.gmd,\ui\item_info.arc,item_info.arc,13010
0,,,,ui\00_message\common\item_info.gmd,\ui\item_info.arc,item_info.arc,13011
0,,,,ui\00_message\common\item_info.gmd,\ui\item_info.arc,item_info.arc,13012
0,,,,ui\00_message\common\item_info.gmd,\ui\item_info.arc,item_info.arc,13013
0,,,,ui\00_message\common\item_info.gmd,\ui\item_info.arc,item_info.arc,13014
0,,,,ui\00_message\common\item_info.gmd,\ui\item_info.arc,item_info.arc,13015
0,,,,ui\00_message\common\item_info.gmd,\ui\item_info.arc,item_info.arc,13016
0,,,,ui\00_message\common\item_info.gmd,\ui\item_info.arc,item_info.arc,13017
0,,,,ui\00_message\common\item_info.gmd,\ui\item_info.arc,item_info.arc,13018
0,,,,ui\00_message\common\item_info.gmd,\ui\item_info.arc,item_info.arc,13019
0,,,,ui\00_message\common\item_info.gmd,\ui\item_info.arc,item_info.arc,13020
0,,,,ui\00_message\common\item_info.gmd,\ui\item_info.arc,item_info.arc,13021
0,,,,ui\00_message\common\item_info.gmd,\ui\item_info.arc,item_info.arc,13022
0,,,,ui\00_message\common\item_info.gmd,\ui\item_info.arc,item_info.arc,13023
0,,,,ui\00_message\common\item_info.gmd,\ui\item_info.arc,item_info.arc,13024
0,,,,ui\00_message\common\item_info.gmd,\ui\item_info.arc,item_info.arc,13025
0,,,,ui\00_message\common\item_info.gmd,\ui\item_info.arc,item_info.arc,13026
0,,,,ui\00_message\common\item_info.gmd,\ui\item_info.arc,item_info.arc,13027
0,,,,ui\00_message\common\item_info.gmd,\ui\item_info.arc,item_info.arc,13028
0,,,,ui\00_message\common\item_info.gmd,\ui\item_info.arc,item_info.arc,13029
0,,,,ui\00_message\common\item_info.gmd,\ui\item_info.arc,item_info.arc,13030
0,,,,ui\00_message\common\item_info.gmd,\ui\item_info.arc,item_info.arc,13031
0,,,,ui\00_message\common\item_info.gmd,\ui\item_info.arc,item_info.arc,13032
0,,,,ui\00_message\common\item_info.gmd,\ui\item_info.arc,item_info.arc,13033
0,,,,ui\00_message\common\item_info.gmd,\ui\item_info.arc,item_info.arc,13034
0,,,,ui\00_message\common\item_info.gmd,\ui\item_info.arc,item_info.arc,13035
0,,,,ui\00_message\common\item_info.gmd,\ui\item_info.arc,item_info.arc,13036
0,,,,ui\00_message\common\item_info.gmd,\ui\item_info.arc,item_info.arc,13037
0,,,,ui\00_message\common\item_info.gmd,\ui\item_info.arc,item_info.arc,13038
0,,,,ui\00_message\common\item_info.gmd,\ui\item_info.arc,item_info.arc,13039
0,,,,ui\00_message\common\item_info.gmd,\ui\item_info.arc,item_info.arc,13040
0,,,,ui\00_message\common\item_info.gmd,\ui\item_info.arc,item_info.arc,13041
0,,,,ui\00_message\common\item_info.gmd,\ui\item_info.arc,item_info.arc,13042
0,,,,ui\00_message\common\item_info.gmd,\ui\item_info.arc,item_info.arc,13043
0,,,,ui\00_message\common\item_info.gmd,\ui\item_info.arc,item_info.arc,13044
0,,,,ui\00_message\common\item_info.gmd,\ui\item_info.arc,item_info.arc,13045
0,,,,ui\00_message\common\item_info.gmd,\ui\item_info.arc,item_info.arc,13046
0,,,,ui\00_message\common\item_info.gmd,\ui\item_info.arc,item_info.arc,13047
0,,,,ui\00_message\common\item_info.gmd,\ui\item_info.arc,item_info.arc,13048
0,,,,ui\00_message\common\item_info.gmd,\ui\item_info.arc,item_info.arc,13049
0,,,,ui\00_message\common\item_info.gmd,\ui\item_info.arc,item_info.arc,13050
0,,,,ui\00_message\common\item_info.gmd,\ui\item_info.arc,item_info.arc,13051
0,,,,ui\00_message\common\item_info.gmd,\ui\item_info.arc,item_info.arc,13052
0,,,,ui\00_message\common\item_info.gmd,\ui\item_info.arc,item_info.arc,13053
0,,,,ui\00_message\common\item_info.gmd,\ui\item_info.arc,item_info.arc,13054
0,,,,ui\00_message\common\item_info.gmd,\ui\item_info.arc,item_info.arc,13055
0,,,,ui\00_message\common\item_info.gmd,\ui\item_info.arc,item_info.arc,13056
0,,,,ui\00_message\common\item_info.gmd,\ui\item_info.arc,item_info.arc,13057
0,,,,ui\00_message\common\item_info.gmd,\ui\item_info.arc,item_info.arc,13058
0,,,,ui\00_message\common\item_info.gmd,\ui\item_info.arc,item_info.arc,13059
0,,,,ui\00_message\common\item_info.gmd,\ui\item_info.arc,item_info.arc,13060
0,,,,ui\00_message\common\item_info.gmd,\ui\item_info.arc,item_info.arc,13061
0,,,,ui\00_message\common\item_info.gmd,\ui\item_info.arc,item_info.arc,13062
0,,,,ui\00_message\common\item_info.gmd,\ui\item_info.arc,item_info.arc,13063
0,,,,ui\00_message\common\item_info.gmd,\ui\item_info.arc,item_info.arc,13064
0,,,,ui\00_message\common\item_info.gmd,\ui\item_info.arc,item_info.arc,13065
0,,,,ui\00_message\common\item_info.gmd,\ui\item_info.arc,item_info.arc,13066
0,,,,ui\00_message\common\item_info.gmd,\ui\item_info.arc,item_info.arc,13067
0,,,,ui\00_message\common\item_info.gmd,\ui\item_info.arc,item_info.arc,13068
0,,,,ui\00_message\common\item_info.gmd,\ui\item_info.arc,item_info.arc,13069
0,,,,ui\00_message\common\item_info.gmd,\ui\item_info.arc,item_info.arc,13070
0,,,,ui\00_message\common\item_info.gmd,\ui\item_info.arc,item_info.arc,13071
0,,,,ui\00_message\common\item_info.gmd,\ui\item_info.arc,item_info.arc,13072
0,,,,ui\00_message\common\item_info.gmd,\ui\item_info.arc,item_info.arc,13073
0,,,,ui\00_message\common\item_info.gmd,\ui\item_info.arc,item_info.arc,13074
0,,,,ui\00_message\common\item_info.gmd,\ui\item_info.arc,item_info.arc,13075
0,,,,ui\00_message\common\item_info.gmd,\ui\item_info.arc,item_info.arc,13076
0,,,,ui\00_message\common\item_info.gmd,\ui\item_info.arc,item_info.arc,13077
0,,,,ui\00_message\common\item_info.gmd,\ui\item_info.arc,item_info.arc,13078
0,,,,ui\00_message\common\item_info.gmd,\ui\item_info.arc,item_info.arc,13079
0,,,,ui\00_message\common\item_info.gmd,\ui\item_info.arc,item_info.arc,13080
0,,,,ui\00_message\common\item_info.gmd,\ui\item_info.arc,item_info.arc,13081
0,,,,ui\00_message\common\item_info.gmd,\ui\item_info.arc,item_info.arc,13082
0,,,,ui\00_message\common\item_info.gmd,\ui\item_info.arc,item_info.arc,13083
0,,,,ui\00_message\common\item_info.gmd,\ui\item_info.arc,item_info.arc,13084
0,,,,ui\00_message\common\item_info.gmd,\ui\item_info.arc,item_info.arc,13085
0,,,,ui\00_message\common\item_info.gmd,\ui\item_info.arc,item_info.arc,13086
0,,,,ui\00_message\common\item_info.gmd,\ui\item_info.arc,item_info.arc,13087
0,,,,ui\00_message\common\item_info.gmd,\ui\item_info.arc,item_info.arc,13088
0,,,,ui\00_message\common\item_info.gmd,\ui\item_info.arc,item_info.arc,13089
0,,,,ui\00_message\common\item_info.gmd,\ui\item_info.arc,item_info.arc,13090
0,,,,ui\00_message\common\item_info.gmd,\ui\item_info.arc,item_info.arc,13091
0,,,,ui\00_message\common\item_info.gmd,\ui\item_info.arc,item_info.arc,13092
0,,,,ui\00_message\common\item_info.gmd,\ui\item_info.arc,item_info.arc,13093
0,,,,ui\00_message\common\item_info.gmd,\ui\item_info.arc,item_info.arc,13094
0,,,,ui\00_message\common\item_info.gmd,\ui\item_info.arc,item_info.arc,13095
0,,,,ui\00_message\common\item_info.gmd,\ui\item_info.arc,item_info.arc,13096
0,,,,ui\00_message\common\item_info.gmd,\ui\item_info.arc,item_info.arc,13097
0,,,,ui\00_message\common\item_info.gmd,\ui\item_info.arc,item_info.arc,13098
0,,,,ui\00_message\common\item_info.gmd,\ui\item_info.arc,item_info.arc,13099
0,,,,ui\00_message\common\item_info.gmd,\ui\item_info.arc,item_info.arc,13100
0,,,,ui\00_message\common\item_info.gmd,\ui\item_info.arc,item_info.arc,13101
0,,,,ui\00_message\common\item_info.gmd,\ui\item_info.arc,item_info.arc,13102
0,,,,ui\00_message\common\item_info.gmd,\ui\item_info.arc,item_info.arc,13103
0,,,,ui\00_message\common\item_info.gmd,\ui\item_info.arc,item_info.arc,13104
0,,,,ui\00_message\common\item_info.gmd,\ui\item_info.arc,item_info.arc,13105
0,,,,ui\00_message\common\item_info.gmd,\ui\item_info.arc,item_info.arc,13106
0,,,,ui\00_message\common\item_info.gmd,\ui\item_info.arc,item_info.arc,13107
0,,,,ui\00_message\common\item_info.gmd,\ui\item_info.arc,item_info.arc,13108
0,,,,ui\00_message\common\item_info.gmd,\ui\item_info.arc,item_info.arc,13109
0,,,,ui\00_message\common\item_info.gmd,\ui\item_info.arc,item_info.arc,13110
0,,,,ui\00_message\common\item_info.gmd,\ui\item_info.arc,item_info.arc,13111
0,,,,ui\00_message\common\item_info.gmd,\ui\item_info.arc,item_info.arc,13112
0,,,,ui\00_message\common\item_info.gmd,\ui\item_info.arc,item_info.arc,13113
0,,,,ui\00_message\common\item_info.gmd,\ui\item_info.arc,item_info.arc,13114
0,,,,ui\00_message\common\item_info.gmd,\ui\item_info.arc,item_info.arc,13115
0,,,,ui\00_message\common\item_info.gmd,\ui\item_info.arc,item_info.arc,13116
0,,,,ui\00_message\common\item_info.gmd,\ui\item_info.arc,item_info.arc,13117
0,,,,ui\00_message\common\item_info.gmd,\ui\item_info.arc,item_info.arc,13118
0,,,,ui\00_message\common\item_info.gmd,\ui\item_info.arc,item_info.arc,13119
0,,,,ui\00_message\common\item_info.gmd,\ui\item_info.arc,item_info.arc,13120
0,,,,ui\00_message\common\item_info.gmd,\ui\item_info.arc,item_info.arc,13121
0,,,,ui\00_message\common\item_info.gmd,\ui\item_info.arc,item_info.arc,13122
0,,,,ui\00_message\common\item_info.gmd,\ui\item_info.arc,item_info.arc,13123
0,,,,ui\00_message\common\item_info.gmd,\ui\item_info.arc,item_info.arc,13124
0,,,,ui\00_message\common\item_info.gmd,\ui\item_info.arc,item_info.arc,13125
0,,,,ui\00_message\common\item_info.gmd,\ui\item_info.arc,item_info.arc,13126
0,,,,ui\00_message\common\item_info.gmd,\ui\item_info.arc,item_info.arc,13127
0,,,,ui\00_message\common\item_info.gmd,\ui\item_info.arc,item_info.arc,13128
0,,,,ui\00_message\common\item_info.gmd,\ui\item_info.arc,item_info.arc,13129
0,,,,ui\00_message\common\item_info.gmd,\ui\item_info.arc,item_info.arc,13130
0,,,,ui\00_message\common\item_info.gmd,\ui\item_info.arc,item_info.arc,13131
0,,,,ui\00_message\common\item_info.gmd,\ui\item_info.arc,item_info.arc,13132
0,,,,ui\00_message\common\item_info.gmd,\ui\item_info.arc,item_info.arc,13133
0,,,,ui\00_message\common\item_info.gmd,\ui\item_info.arc,item_info.arc,13134
0,,,,ui\00_message\common\item_info.gmd,\ui\item_info.arc,item_info.arc,13135
0,,,,ui\00_message\common\item_info.gmd,\ui\item_info.arc,item_info.arc,13136
0,,,,ui\00_message\common\item_info.gmd,\ui\item_info.arc,item_info.arc,13137
0,,,,ui\00_message\common\item_info.gmd,\ui\item_info.arc,item_info.arc,13138
0,,,,ui\00_message\common\item_info.gmd,\ui\item_info.arc,item_info.arc,13139
0,,,,ui\00_message\common\item_info.gmd,\ui\item_info.arc,item_info.arc,13140
0,,,,ui\00_message\common\item_info.gmd,\ui\item_info.arc,item_info.arc,13141
0,,,,ui\00_message\common\item_info.gmd,\ui\item_info.arc,item_info.arc,13142
0,,,,ui\00_message\common\item_info.gmd,\ui\item_info.arc,item_info.arc,13143
0,,,,ui\00_message\common\item_info.gmd,\ui\item_info.arc,item_info.arc,13144
0,,,,ui\00_message\common\item_info.gmd,\ui\item_info.arc,item_info.arc,13145
0,,,,ui\00_message\common\item_info.gmd,\ui\item_info.arc,item_info.arc,13146
0,,,,ui\00_message\common\item_info.gmd,\ui\item_info.arc,item_info.arc,13147
0,,,,ui\00_message\common\item_info.gmd,\ui\item_info.arc,item_info.arc,13148
0,,,,ui\00_message\common\item_info.gmd,\ui\item_info.arc,item_info.arc,13149
0,,,,ui\00_message\common\item_info.gmd,\ui\item_info.arc,item_info.arc,13150
0,,,,ui\00_message\common\item_info.gmd,\ui\item_info.arc,item_info.arc,13151
0,,,,ui\00_message\common\item_info.gmd,\ui\item_info.arc,item_info.arc,13152
0,,,,ui\00_message\common\item_info.gmd,\ui\item_info.arc,item_info.arc,13153
0,,,,ui\00_message\common\item_info.gmd,\ui\item_info.arc,item_info.arc,13154
0,,,,ui\00_message\common\item_info.gmd,\ui\item_info.arc,item_info.arc,13155
0,,,,ui\00_message\common\item_info.gmd,\ui\item_info.arc,item_info.arc,13156
0,,,,ui\00_message\common\item_info.gmd,\ui\item_info.arc,item_info.arc,13157
0,,,,ui\00_message\common\item_info.gmd,\ui\item_info.arc,item_info.arc,13158
0,,,,ui\00_message\common\item_info.gmd,\ui\item_info.arc,item_info.arc,13159
0,,,,ui\00_message\common\item_info.gmd,\ui\item_info.arc,item_info.arc,13160
0,,,,ui\00_message\common\item_info.gmd,\ui\item_info.arc,item_info.arc,13161
0,,,,ui\00_message\common\item_info.gmd,\ui\item_info.arc,item_info.arc,13162
0,,,,ui\00_message\common\item_info.gmd,\ui\item_info.arc,item_info.arc,13163
0,,,,ui\00_message\common\item_info.gmd,\ui\item_info.arc,item_info.arc,13164
0,,,,ui\00_message\common\item_info.gmd,\ui\item_info.arc,item_info.arc,13165
0,,,,ui\00_message\common\item_info.gmd,\ui\item_info.arc,item_info.arc,13166
0,,,,ui\00_message\common\item_info.gmd,\ui\item_info.arc,item_info.arc,13167
0,,,,ui\00_message\common\item_info.gmd,\ui\item_info.arc,item_info.arc,13168
0,,,,ui\00_message\common\item_info.gmd,\ui\item_info.arc,item_info.arc,13169
0,,,,ui\00_message\common\item_info.gmd,\ui\item_info.arc,item_info.arc,13170
0,,,,ui\00_message\common\item_info.gmd,\ui\item_info.arc,item_info.arc,13171
0,,,,ui\00_message\common\item_info.gmd,\ui\item_info.arc,item_info.arc,13172
0,,,,ui\00_message\common\item_info.gmd,\ui\item_info.arc,item_info.arc,13173
0,,,,ui\00_message\common\item_info.gmd,\ui\item_info.arc,item_info.arc,13174
0,,,,ui\00_message\common\item_info.gmd,\ui\item_info.arc,item_info.arc,13175
0,,,,ui\00_message\common\item_info.gmd,\ui\item_info.arc,item_info.arc,13176
0,,,,ui\00_message\common\item_info.gmd,\ui\item_info.arc,item_info.arc,13177
0,,,,ui\00_message\common\item_info.gmd,\ui\item_info.arc,item_info.arc,13178
0,,,,ui\00_message\common\item_info.gmd,\ui\item_info.arc,item_info.arc,13179
0,,,,ui\00_message\common\item_info.gmd,\ui\item_info.arc,item_info.arc,13180
0,,,,ui\00_message\common\item_info.gmd,\ui\item_info.arc,item_info.arc,13181
0,,,,ui\00_message\common\item_info.gmd,\ui\item_info.arc,item_info.arc,13182
0,,,,ui\00_message\common\item_info.gmd,\ui\item_info.arc,item_info.arc,13183
0,,,,ui\00_message\common\item_info.gmd,\ui\item_info.arc,item_info.arc,13184
0,,,,ui\00_message\common\item_info.gmd,\ui\item_info.arc,item_info.arc,13185
0,,,,ui\00_message\common\item_info.gmd,\ui\item_info.arc,item_info.arc,13186
0,,,,ui\00_message\common\item_info.gmd,\ui\item_info.arc,item_info.arc,13187
0,,,,ui\00_message\common\item_info.gmd,\ui\item_info.arc,item_info.arc,13188
0,,,,ui\00_message\common\item_info.gmd,\ui\item_info.arc,item_info.arc,13189
0,,,,ui\00_message\common\item_info.gmd,\ui\item_info.arc,item_info.arc,13190
0,,,,ui\00_message\common\item_info.gmd,\ui\item_info.arc,item_info.arc,13191
0,,,,ui\00_message\common\item_info.gmd,\ui\item_info.arc,item_info.arc,13192
0,,,,ui\00_message\common\item_info.gmd,\ui\item_info.arc,item_info.arc,13193
0,,,,ui\00_message\common\item_info.gmd,\ui\item_info.arc,item_info.arc,13194
0,,,,ui\00_message\common\item_info.gmd,\ui\item_info.arc,item_info.arc,13195
0,,,,ui\00_message\common\item_info.gmd,\ui\item_info.arc,item_info.arc,13196
0,,,,ui\00_message\common\item_info.gmd,\ui\item_info.arc,item_info.arc,13197
0,,,,ui\00_message\common\item_info.gmd,\ui\item_info.arc,item_info.arc,13198
0,,,,ui\00_message\common\item_info.gmd,\ui\item_info.arc,item_info.arc,13199
0,,,,ui\00_message\common\item_info.gmd,\ui\item_info.arc,item_info.arc,13200
0,,,,ui\00_message\common\item_info.gmd,\ui\item_info.arc,item_info.arc,13201
0,,,,ui\00_message\common\item_info.gmd,\ui\item_info.arc,item_info.arc,13202
0,,,,ui\00_message\common\item_info.gmd,\ui\item_info.arc,item_info.arc,13203
0,,,,ui\00_message\common\item_info.gmd,\ui\item_info.arc,item_info.arc,13204
0,,,,ui\00_message\common\item_info.gmd,\ui\item_info.arc,item_info.arc,13205
0,,,,ui\00_message\common\item_info.gmd,\ui\item_info.arc,item_info.arc,13206
0,,,,ui\00_message\common\item_info.gmd,\ui\item_info.arc,item_info.arc,13207
0,,,,ui\00_message\common\item_info.gmd,\ui\item_info.arc,item_info.arc,13208
0,,,,ui\00_message\common\item_info.gmd,\ui\item_info.arc,item_info.arc,13209
0,,,,ui\00_message\common\item_info.gmd,\ui\item_info.arc,item_info.arc,13210
0,,,,ui\00_message\common\item_info.gmd,\ui\item_info.arc,item_info.arc,13211
0,,,,ui\00_message\common\item_info.gmd,\ui\item_info.arc,item_info.arc,13212
0,,,,ui\00_message\common\item_info.gmd,\ui\item_info.arc,item_info.arc,13213
0,,,,ui\00_message\common\item_info.gmd,\ui\item_info.arc,item_info.arc,13214
0,,,,ui\00_message\common\item_info.gmd,\ui\item_info.arc,item_info.arc,13215
0,,,,ui\00_message\common\item_info.gmd,\ui\item_info.arc,item_info.arc,13216
0,,,,ui\00_message\common\item_info.gmd,\ui\item_info.arc,item_info.arc,13217
0,,,,ui\00_message\common\item_info.gmd,\ui\item_info.arc,item_info.arc,13218
0,,,,ui\00_message\common\item_info.gmd,\ui\item_info.arc,item_info.arc,13219
0,,,,ui\00_message\common\item_info.gmd,\ui\item_info.arc,item_info.arc,13220
0,,,,ui\00_message\common\item_info.gmd,\ui\item_info.arc,item_info.arc,13221
0,,,,ui\00_message\common\item_info.gmd,\ui\item_info.arc,item_info.arc,13222
0,,,,ui\00_message\common\item_info.gmd,\ui\item_info.arc,item_info.arc,13223
0,,,,ui\00_message\common\item_info.gmd,\ui\item_info.arc,item_info.arc,13224
0,,,,ui\00_message\common\item_info.gmd,\ui\item_info.arc,item_info.arc,13225
0,,,,ui\00_message\common\item_info.gmd,\ui\item_info.arc,item_info.arc,13226
0,,,,ui\00_message\common\item_info.gmd,\ui\item_info.arc,item_info.arc,13227
0,,,,ui\00_message\common\item_info.gmd,\ui\item_info.arc,item_info.arc,13228
0,,,,ui\00_message\common\item_info.gmd,\ui\item_info.arc,item_info.arc,13229
0,,,,ui\00_message\common\item_info.gmd,\ui\item_info.arc,item_info.arc,13230
0,,,,ui\00_message\common\item_info.gmd,\ui\item_info.arc,item_info.arc,13231
0,,,,ui\00_message\common\item_info.gmd,\ui\item_info.arc,item_info.arc,13232
0,,,,ui\00_message\common\item_info.gmd,\ui\item_info.arc,item_info.arc,13233
0,,,,ui\00_message\common\item_info.gmd,\ui\item_info.arc,item_info.arc,13234
0,,,,ui\00_message\common\item_info.gmd,\ui\item_info.arc,item_info.arc,13235
0,,,,ui\00_message\common\item_info.gmd,\ui\item_info.arc,item_info.arc,13236
0,,,,ui\00_message\common\item_info.gmd,\ui\item_info.arc,item_info.arc,13237
0,,,,ui\00_message\common\item_info.gmd,\ui\item_info.arc,item_info.arc,13238
0,,,,ui\00_message\common\item_info.gmd,\ui\item_info.arc,item_info.arc,13239
0,,,,ui\00_message\common\item_info.gmd,\ui\item_info.arc,item_info.arc,13240
0,,,,ui\00_message\common\item_info.gmd,\ui\item_info.arc,item_info.arc,13241
0,,,,ui\00_message\common\item_info.gmd,\ui\item_info.arc,item_info.arc,13242
0,,,,ui\00_message\common\item_info.gmd,\ui\item_info.arc,item_info.arc,13243
0,,,,ui\00_message\common\item_info.gmd,\ui\item_info.arc,item_info.arc,13244
0,,,,ui\00_message\common\item_info.gmd,\ui\item_info.arc,item_info.arc,13245
0,,,,ui\00_message\common\item_info.gmd,\ui\item_info.arc,item_info.arc,13246
0,,,,ui\00_message\common\item_info.gmd,\ui\item_info.arc,item_info.arc,13247
0,,,,ui\00_message\common\item_info.gmd,\ui\item_info.arc,item_info.arc,13248
0,,,,ui\00_message\common\item_info.gmd,\ui\item_info.arc,item_info.arc,13249
0,,,,ui\00_message\common\item_info.gmd,\ui\item_info.arc,item_info.arc,13250
0,,,,ui\00_message\common\item_info.gmd,\ui\item_info.arc,item_info.arc,13251
0,,,,ui\00_message\common\item_info.gmd,\ui\item_info.arc,item_info.arc,13252
0,,,,ui\00_message\common\item_info.gmd,\ui\item_info.arc,item_info.arc,13253
0,,,,ui\00_message\common\item_info.gmd,\ui\item_info.arc,item_info.arc,13254
0,,,,ui\00_message\common\item_info.gmd,\ui\item_info.arc,item_info.arc,13255
0,,,,ui\00_message\common\item_info.gmd,\ui\item_info.arc,item_info.arc,13256
0,,,,ui\00_message\common\item_info.gmd,\ui\item_info.arc,item_info.arc,13257
0,,,,ui\00_message\common\item_info.gmd,\ui\item_info.arc,item_info.arc,13258
0,,,,ui\00_message\common\item_info.gmd,\ui\item_info.arc,item_info.arc,13259
0,,,,ui\00_message\common\item_info.gmd,\ui\item_info.arc,item_info.arc,13260
0,,,,ui\00_message\common\item_info.gmd,\ui\item_info.arc,item_info.arc,13261
0,,,,ui\00_message\common\item_info.gmd,\ui\item_info.arc,item_info.arc,13262
0,,,,ui\00_message\common\item_info.gmd,\ui\item_info.arc,item_info.arc,13263
0,,,,ui\00_message\common\item_info.gmd,\ui\item_info.arc,item_info.arc,13264
0,,,,ui\00_message\common\item_info.gmd,\ui\item_info.arc,item_info.arc,13265
0,,,,ui\00_message\common\item_info.gmd,\ui\item_info.arc,item_info.arc,13266
0,,,,ui\00_message\common\item_info.gmd,\ui\item_info.arc,item_info.arc,13267
0,,,,ui\00_message\common\item_info.gmd,\ui\item_info.arc,item_info.arc,13268
0,,,,ui\00_message\common\item_info.gmd,\ui\item_info.arc,item_info.arc,13269
0,,,,ui\00_message\common\item_info.gmd,\ui\item_info.arc,item_info.arc,13270
0,,,,ui\00_message\common\item_info.gmd,\ui\item_info.arc,item_info.arc,13271
0,,,,ui\00_message\common\item_info.gmd,\ui\item_info.arc,item_info.arc,13272
0,,,,ui\00_message\common\item_info.gmd,\ui\item_info.arc,item_info.arc,13273
0,,,,ui\00_message\common\item_info.gmd,\ui\item_info.arc,item_info.arc,13274
0,,,,ui\00_message\common\item_info.gmd,\ui\item_info.arc,item_info.arc,13275
0,,,,ui\00_message\common\item_info.gmd,\ui\item_info.arc,item_info.arc,13276
0,,,,ui\00_message\common\item_info.gmd,\ui\item_info.arc,item_info.arc,13277
0,,,,ui\00_message\common\item_info.gmd,\ui\item_info.arc,item_info.arc,13278
0,,,,ui\00_message\common\item_info.gmd,\ui\item_info.arc,item_info.arc,13279
0,,,,ui\00_message\common\item_info.gmd,\ui\item_info.arc,item_info.arc,13280
0,,,,ui\00_message\common\item_info.gmd,\ui\item_info.arc,item_info.arc,13281
0,,,,ui\00_message\common\item_info.gmd,\ui\item_info.arc,item_info.arc,13282
0,,,,ui\00_message\common\item_info.gmd,\ui\item_info.arc,item_info.arc,13283
0,,,,ui\00_message\common\item_info.gmd,\ui\item_info.arc,item_info.arc,13284
0,,,,ui\00_message\common\item_info.gmd,\ui\item_info.arc,item_info.arc,13285
0,,,,ui\00_message\common\item_info.gmd,\ui\item_info.arc,item_info.arc,13286
0,,,,ui\00_message\common\item_info.gmd,\ui\item_info.arc,item_info.arc,13287
0,,,,ui\00_message\common\item_info.gmd,\ui\item_info.arc,item_info.arc,13288
0,,,,ui\00_message\common\item_info.gmd,\ui\item_info.arc,item_info.arc,13289
0,,,,ui\00_message\common\item_info.gmd,\ui\item_info.arc,item_info.arc,13290
0,,,,ui\00_message\common\item_info.gmd,\ui\item_info.arc,item_info.arc,13291
0,,,,ui\00_message\common\item_info.gmd,\ui\item_info.arc,item_info.arc,13292
0,,,,ui\00_message\common\item_info.gmd,\ui\item_info.arc,item_info.arc,13293
0,,,,ui\00_message\common\item_info.gmd,\ui\item_info.arc,item_info.arc,13294
0,,,,ui\00_message\common\item_info.gmd,\ui\item_info.arc,item_info.arc,13295
0,,,,ui\00_message\common\item_info.gmd,\ui\item_info.arc,item_info.arc,13296
0,,,,ui\00_message\common\item_info.gmd,\ui\item_info.arc,item_info.arc,13297
0,,,,ui\00_message\common\item_info.gmd,\ui\item_info.arc,item_info.arc,13298
0,,,,ui\00_message\common\item_info.gmd,\ui\item_info.arc,item_info.arc,13299
0,,,,ui\00_message\common\item_info.gmd,\ui\item_info.arc,item_info.arc,13300
0,,,,ui\00_message\common\item_info.gmd,\ui\item_info.arc,item_info.arc,13301
0,,,,ui\00_message\common\item_info.gmd,\ui\item_info.arc,item_info.arc,13302
0,,,,ui\00_message\common\item_info.gmd,\ui\item_info.arc,item_info.arc,13303
0,,,,ui\00_message\common\item_info.gmd,\ui\item_info.arc,item_info.arc,13304
0,,,,ui\00_message\common\item_info.gmd,\ui\item_info.arc,item_info.arc,13305
0,,,,ui\00_message\common\item_info.gmd,\ui\item_info.arc,item_info.arc,13306
0,,,,ui\00_message\common\item_info.gmd,\ui\item_info.arc,item_info.arc,13307
0,,,,ui\00_message\common\item_info.gmd,\ui\item_info.arc,item_info.arc,13308
0,,,,ui\00_message\common\item_info.gmd,\ui\item_info.arc,item_info.arc,13309
0,,,,ui\00_message\common\item_info.gmd,\ui\item_info.arc,item_info.arc,13310
0,,,,ui\00_message\common\item_info.gmd,\ui\item_info.arc,item_info.arc,13311
0,,,,ui\00_message\common\item_info.gmd,\ui\item_info.arc,item_info.arc,13312
0,,,,ui\00_message\common\item_info.gmd,\ui\item_info.arc,item_info.arc,13313
0,,,,ui\00_message\common\item_info.gmd,\ui\item_info.arc,item_info.arc,13314
0,,,,ui\00_message\common\item_info.gmd,\ui\item_info.arc,item_info.arc,13315
0,,,,ui\00_message\common\item_info.gmd,\ui\item_info.arc,item_info.arc,13316
0,,,,ui\00_message\common\item_info.gmd,\ui\item_info.arc,item_info.arc,13317
0,,,,ui\00_message\common\item_info.gmd,\ui\item_info.arc,item_info.arc,13318
0,,,,ui\00_message\common\item_info.gmd,\ui\item_info.arc,item_info.arc,13319
0,,,,ui\00_message\common\item_info.gmd,\ui\item_info.arc,item_info.arc,13320
0,,,,ui\00_message\common\item_info.gmd,\ui\item_info.arc,item_info.arc,13321
0,,,,ui\00_message\common\item_info.gmd,\ui\item_info.arc,item_info.arc,13322
0,,,,ui\00_message\common\item_info.gmd,\ui\item_info.arc,item_info.arc,13323
0,,,,ui\00_message\common\item_info.gmd,\ui\item_info.arc,item_info.arc,13324
0,,,,ui\00_message\common\item_info.gmd,\ui\item_info.arc,item_info.arc,13325
0,,,,ui\00_message\common\item_info.gmd,\ui\item_info.arc,item_info.arc,13326
0,,,,ui\00_message\common\item_info.gmd,\ui\item_info.arc,item_info.arc,13327
0,,,,ui\00_message\common\item_info.gmd,\ui\item_info.arc,item_info.arc,13328
0,,,,ui\00_message\common\item_info.gmd,\ui\item_info.arc,item_info.arc,13329
0,,,,ui\00_message\common\item_info.gmd,\ui\item_info.arc,item_info.arc,13330
0,,,,ui\00_message\common\item_info.gmd,\ui\item_info.arc,item_info.arc,13331
0,,,,ui\00_message\common\item_info.gmd,\ui\item_info.arc,item_info.arc,13332
0,,,,ui\00_message\common\item_info.gmd,\ui\item_info.arc,item_info.arc,13333
0,,,,ui\00_message\common\item_info.gmd,\ui\item_info.arc,item_info.arc,13334
0,,,,ui\00_message\common\item_info.gmd,\ui\item_info.arc,item_info.arc,13335
0,,,,ui\00_message\common\item_info.gmd,\ui\item_info.arc,item_info.arc,13336
0,,,,ui\00_message\common\item_info.gmd,\ui\item_info.arc,item_info.arc,13337
0,,,,ui\00_message\common\item_info.gmd,\ui\item_info.arc,item_info.arc,13338
0,,,,ui\00_message\common\item_info.gmd,\ui\item_info.arc,item_info.arc,13339
0,,,,ui\00_message\common\item_info.gmd,\ui\item_info.arc,item_info.arc,13340
0,,,,ui\00_message\common\item_info.gmd,\ui\item_info.arc,item_info.arc,13341
0,,,,ui\00_message\common\item_info.gmd,\ui\item_info.arc,item_info.arc,13342
0,,,,ui\00_message\common\item_info.gmd,\ui\item_info.arc,item_info.arc,13343
0,,,,ui\00_message\common\item_info.gmd,\ui\item_info.arc,item_info.arc,13344
0,,,,ui\00_message\common\item_info.gmd,\ui\item_info.arc,item_info.arc,13345
0,,,,ui\00_message\common\item_info.gmd,\ui\item_info.arc,item_info.arc,13346
0,,,,ui\00_message\common\item_info.gmd,\ui\item_info.arc,item_info.arc,13347
0,,,,ui\00_message\common\item_info.gmd,\ui\item_info.arc,item_info.arc,13348
0,,,,ui\00_message\common\item_info.gmd,\ui\item_info.arc,item_info.arc,13349
0,,,,ui\00_message\common\item_info.gmd,\ui\item_info.arc,item_info.arc,13350
0,,,,ui\00_message\common\item_info.gmd,\ui\item_info.arc,item_info.arc,13351
0,,,,ui\00_message\common\item_info.gmd,\ui\item_info.arc,item_info.arc,13352
0,,,,ui\00_message\common\item_info.gmd,\ui\item_info.arc,item_info.arc,13353
0,,,,ui\00_message\common\item_info.gmd,\ui\item_info.arc,item_info.arc,13354
0,,,,ui\00_message\common\item_info.gmd,\ui\item_info.arc,item_info.arc,13355
0,,,,ui\00_message\common\item_info.gmd,\ui\item_info.arc,item_info.arc,13356
0,,,,ui\00_message\common\item_info.gmd,\ui\item_info.arc,item_info.arc,13357
0,,,,ui\00_message\common\item_info.gmd,\ui\item_info.arc,item_info.arc,13358
0,,,,ui\00_message\common\item_info.gmd,\ui\item_info.arc,item_info.arc,13359
0,,,,ui\00_message\common\item_info.gmd,\ui\item_info.arc,item_info.arc,13360
0,,,,ui\00_message\common\item_info.gmd,\ui\item_info.arc,item_info.arc,13361
0,,,,ui\00_message\common\item_info.gmd,\ui\item_info.arc,item_info.arc,13362
0,,,,ui\00_message\common\item_info.gmd,\ui\item_info.arc,item_info.arc,13363
0,,,,ui\00_message\common\item_info.gmd,\ui\item_info.arc,item_info.arc,13364
0,,,,ui\00_message\common\item_info.gmd,\ui\item_info.arc,item_info.arc,13365
0,,,,ui\00_message\common\item_info.gmd,\ui\item_info.arc,item_info.arc,13366
0,,,,ui\00_message\common\item_info.gmd,\ui\item_info.arc,item_info.arc,13367
0,,,,ui\00_message\common\item_info.gmd,\ui\item_info.arc,item_info.arc,13368
0,,,,ui\00_message\common\item_info.gmd,\ui\item_info.arc,item_info.arc,13369
0,,,,ui\00_message\common\item_info.gmd,\ui\item_info.arc,item_info.arc,13370