#Index,Key,MsgJp,MsgEn,GmdPath,ArcPath,ArcName,ReadIndex
0,,,,ui\00_message\common\item_info.gmd,\ui\item_info.arc,item_info.arc,16371
0,,,,ui\00_message\common\item_info.gmd,\ui\item_info.arc,item_info.arc,16372
0,,,,ui\00_message\common\item_info.gmd,\ui\item_info.arc,item_info.arc,16373
0,,,,ui\00_message\common\item_info.gmd,\ui\item_info.arc,item_info.arc,16374
0,,,,ui\00_message\common\item_info.gmd,\ui\item_info.arc,item_info.arc,16375
0,,,,ui\00_message\common\item_info.gmd,\ui\item_info.arc,item_info.arc,16376
0,,,,ui\00_message\common\item_info.gmd,\ui\item_info.arc,item_info.arc,16377
0,,,,ui\00_message\common\item_info.gmd,\ui\item_info.arc,item_info.arc,16378
0,,,,ui\00_message\common\item_info.gmd,\ui\item_info.arc,item_info.arc,16379
0,,,,ui\00_message\common\item_info.gmd,\ui\item_info.arc,item_info.arc,16380
0,,,,ui\00_message\common\item_info.gmd,\ui\item_info.arc,item_info.arc,16381
0,,,,ui\00_message\common\item_info.gmd,\ui\item_info.arc,item_info.arc,16382
0,,,,ui\00_message\common\item_info.gmd,\ui\item_info.arc,item_info.arc,16383
0,,,,ui\00_message\common\item_info.gmd,\ui\item_info.arc,item_info.arc,16384
0,,,,ui\00_message\common\item_info.gmd,\ui\item_info.arc,item_info.arc,16385
0,,,,ui\00_message\common\item_info.gmd,\ui\item_info.arc,item_info.arc,16386
0,,,,ui\00_message\common\item_info.gmd,\ui\item_info.arc,item_info.arc,16387
0,,,,ui\00_message\common\item_info.gmd,\ui\item_info.arc,item_info.arc,16388
0,,,,ui\00_message\common\item_info.gmd,\ui\item_info.arc,item_info.arc,16389
0,,,,ui\00_message\common\item_info.gmd,\ui\item_info.arc,item_info.arc,16390
0,,,,ui\00_message\common\item_info.gmd,\ui\item_info.arc,item_info.arc,16391
0,,,,ui\00_message\common\item_info.gmd,\ui\item_info.arc,item_info.arc,16392
0,,,,ui\00_message\common\item_info.gmd,\ui\item_info.arc,item_info.arc,16393
0,,,,ui\00_message\common\item_info.gmd,\ui\item_info.arc,item_info.arc,16394
0,,,,ui\00_message\common\item_info.gmd,\ui\item_info.arc,item_info.arc,16395
0,,,,ui\00_message\common\item_info.gmd,\ui\item_info.arc,item_info.arc,16396
0,,,,ui\00_message\common\item_info.gmd,\ui\item_info.arc,item_info.arc,16397
0,,,,ui\00_message\common\item_info.gmd,\ui\item_info.arc,item_info.arc,16398
0,,,,ui\00_message\common\item_info.gmd,\ui\item_info.arc,item_info.arc,16399
0,,,,ui\00_message\common\item_info.gmd,\ui\item_info.arc,item_info.arc,16400
0,,,,ui\00_message\common\item_info.gmd,\ui\item_info.arc,item_info.arc,16401
0,,,,ui\00_message\common\item_info.gmd,\ui\item_info.arc,item_info.arc,16402
0,,,,ui\00_message\common\item_info.gmd,\ui\item_info.arc,item_info.arc,16403
0,,,,ui\00_message\common\item_info.gmd,\ui\item_info.arc,item_info.arc,16404
0,,,,ui\00_message\common\item_info.gmd,\ui\item_info.arc,item_info.arc,16405
0,,,,ui\00_message\common\item_info.gmd,\ui\item_info.arc,item_info.arc,16406
0,,,,ui\00_message\common\item_info.gmd,\ui\item_info.arc,item_info.arc,16407
0,,,,ui\00_message\common\item_info.gmd,\ui\item_info.arc,item_info.arc,16408
0,,,,ui\00_message\common\item_info.gmd,\ui\item_info.arc,item_info.arc,16409
0,,,,ui\00_message\common\item_info.gmd,\ui\item_info.arc,item_info.arc,16410
0,,,,ui\00_message\common\item_info.gmd,\ui\item_info.arc,item_info.arc,16411
0,,,,ui\00_message\common\item_info.gmd,\ui\item_info.arc,item_info.arc,16412
0,,,,ui\00_message\common\item_info.gmd,\ui\item_info.arc,item_info.arc,16413
0,,,,ui\00_message\common\item_info.gmd,\ui\item_info.arc,item_info.arc,16414
0,,,,ui\00_message\common\item_info.gmd,\ui\item_info.arc,item_info.arc,16415
0,,,,ui\00_message\common\item_info.gmd,\ui\item_info.arc,item_info.arc,16416
0,,,,ui\00_message\common\item_info.gmd,\ui\item_info.arc,item_info.arc,16417
0,,,,ui\00_message\common\item_info.gmd,\ui\item_info.arc,item_info.arc,16418
0,,,,ui\00_message\common\item_info.gmd,\ui\item_info.arc,item_info.arc,16419
0,,,,ui\00_message\common\item_info.gmd,\ui\item_info.arc,item_info.arc,16420
0,,,,ui\00_message\common\item_info.gmd,\ui\item_info.arc,item_info.arc,16421
0,,,,ui\00_message\common\item_info.gmd,\ui\item_info.arc,item_info.arc,16422
0,,,,ui\00_message\common\item_info.gmd,\ui\item_info.arc,item_info.arc,16423
0,,,,ui\00_message\common\item_info.gmd,\ui\item_info.arc,item_info.arc,16424
0,,,,ui\00_message\common\item_info.gmd,\ui\item_info.arc,item_info.arc,16425
0,,,,ui\00_message\common\item_info.gmd,\ui\item_info.arc,item_info.arc,16426
0,,,,ui\00_message\common\item_info.gmd,\ui\item_info.arc,item_info.arc,16427
0,,,,ui\00_message\common\item_info.gmd,\ui\item_info.arc,item_info.arc,16428
0,,,,ui\00_message\common\item_info.gmd,\ui\item_info.arc,item_info.arc,16429
0,,,,ui\00_message\common\item_info.gmd,\ui\item_info.arc,item_info.arc,16430
0,,,,ui\00_message\common\item_info.gmd,\ui\item_info.arc,item_info.arc,16431
0,,,,ui\00_message\common\item_info.gmd,\ui\item_info.arc,item_info.arc,16432
0,,,,ui\00_message\common\item_info.gmd,\ui\item_info.arc,item_info.arc,16433
0,,,,ui\00_message\common\item_info.gmd,\ui\item_info.arc,item_info.arc,16434
0,,,,ui\00_message\common\item_info.gmd,\ui\item_info.arc,item_info.arc,16435
0,,,,ui\00_message\common\item_info.gmd,\ui\item_info.arc,item_info.arc,16436
0,,,,ui\00_message\common\item_info.gmd,\ui\item_info.arc,item_info.arc,16437
0,,,,ui\00_message\common\item_info.gmd,\ui\item_info.arc,item_info.arc,16438
0,,,,ui\00_message\common\item_info.gmd,\ui\item_info.arc,item_info.arc,16439
0,,,,ui\00_message\common\item_info.gmd,\ui\item_info.arc,item_info.arc,16440
0,,,,ui\00_message\common\item_info.gmd,\ui\item_info.arc,item_info.arc,16441
0,,,,ui\00_message\common\item_info.gmd,\ui\item_info.arc,item_info.arc,16442
0,,,,ui\00_message\common\item_info.gmd,\ui\item_info.arc,item_info.arc,16443
0,,,,ui\00_message\common\item_info.gmd,\ui\item_info.arc,item_info.arc,16444
0,,,,ui\00_message\common\item_info.gmd,\ui\item_info.arc,item_info.arc,16445
0,,,,ui\00_message\common\item_info.gmd,\ui\item_info.arc,item_info.arc,16446
0,,,,ui\00_message\common\item_info.gmd,\ui\item_info.arc,item_info.arc,16447
0,,,,ui\00_message\common\item_info.gmd,\ui\item_info.arc,item_info.arc,16448
0,,,,ui\00_message\common\item_info.gmd,\ui\item_info.arc,item_info.arc,16449
0,,,,ui\00_message\common\item_info.gmd,\ui\item_info.arc,item_info.arc,16450
0,,,,ui\00_message\common\item_info.gmd,\ui\item_info.arc,item_info.arc,16451
0,,,,ui\00_message\common\item_info.gmd,\ui\item_info.arc,item_info.arc,16452
0,,,,ui\00_message\common\item_info.gmd,\ui\item_info.arc,item_info.arc,16453
0,,,,ui\00_message\common\item_info.gmd,\ui\item_info.arc,item_info.arc,16454
0,,,,ui\00_message\common\item_info.gmd,\ui\item_info.arc,item_info.arc,16455
0,,,,ui\00_message\common\item_info.gmd,\ui\item_info.arc,item_info.arc,16456
0,,,,ui\00_message\common\item_info.gmd,\ui\item_info.arc,item_info.arc,16457
0,,,,ui\00_message\common\item_info.gmd,\ui\item_info.arc,item_info.arc,16458
0,,,,ui\00_message\common\item_info.gmd,\ui\item_info.arc,item_info.arc,16459
0,,,,ui\00_message\common\item_info.gmd,\ui\item_info.arc,item_info.arc,16460
0,,,,ui\00_message\common\item_info.gmd,\ui\item_info.arc,item_info.arc,16461
0,,,,ui\00_message\common\item_info.gmd,\ui\item_info.arc,item_info.arc,16462
0,,,,ui\00_message\common\item_info.gmd,\ui\item_info.arc,item_info.arc,16463
0,,,,ui\00_message\common\item_info.gmd,\ui\item_info.arc,item_info.arc,16464
0,,,,ui\00_message\common\item_info.gmd,\ui\item_info.arc,item_info.arc,16465
0,,,,ui\00_message\common\item_info.gmd,\ui\item_info.arc,item_info.arc,16466
0,,,,ui\00_message\common\item_info.gmd,\ui\item_info.arc,item_info.arc,16467
0,,,,ui\00_message\common\item_info.gmd,\ui\item_info.arc,item_info.arc,16468
0,,,,ui\00_message\common\item_info.gmd,\ui\item_info.arc,item_info.arc,16469
0,,,,ui\00_message\common\item_info.gmd,\ui\item_info.arc,item_info.arc,16470
0,,,,ui\00_message\common\item_info.gmd,\ui\item_info.arc,item_info.arc,16471
0,,,,ui\00_message\common\item_info.gmd,\ui\item_info.arc,item_info.arc,16472
0,,,,ui\00_message\common\item_info.gmd,\ui\item_info.arc,item_info.arc,16473
0,,,,ui\00_message\common\item_info.gmd,\ui\item_info.arc,item_info.arc,16474
0,,,,ui\00_message\common\item_info.gmd,\ui\item_info.arc,item_info.arc,16475
0,,,,ui\00_message\common\item_info.gmd,\ui\item_info.arc,item_info.arc,16476
0,,,,ui\00_message\common\item_info.gmd,\ui\item_info.arc,item_info.arc,16477
0,,,,ui\00_message\common\item_info.gmd,\ui\item_info.arc,item_info.arc,16478
0,,,,ui\00_message\common\item_info.gmd,\ui\item_info.arc,item_info.arc,16479
0,,,,ui\00_message\common\item_info.gmd,\ui\item_info.arc,item_info.arc,16480
0,,,,ui\00_message\common\item_info.gmd,\ui\item_info.arc,item_info.arc,16481
0,,,,ui\00_message\common\item_info.gmd,\ui\item_info.arc,item_info.arc,16482
0,,,,ui\00_message\common\item_info.gmd,\ui\item_info.arc,item_info.arc,16483
0,,,,ui\00_message\common\item_info.gmd,\ui\item_info.arc,item_info.arc,16484
0,,,,ui\00_message\common\item_info.gmd,\ui\item_info.arc,item_info.arc,16485
0,,,,ui\00_message\common\item_info.gmd,\ui\item_info.arc,item_info.arc,16486
0,,,,ui\00_message\common\item_info.gmd,\ui\item_info.arc,item_info.arc,16487
0,,,,ui\00_message\common\item_info.gmd,\ui\item_info.arc,item_info.arc,16488
0,,,,ui\00_message\common\item_info.gmd,\ui\item_info.arc,item_info.arc,16489
0,,,,ui\00_message\common\item_info.gmd,\ui\item_info.arc,item_info.arc,16490
0,,,,ui\00_message\common\item_info.gmd,\ui\item_info.arc,item_info.arc,16491
0,,,,ui\00_message\common\item_info.gmd,\ui\item_info.arc,item_info.arc,16492
0,,,,ui\00_message\common\item_info.gmd,\ui\item_info.arc,item_info.arc,16493
0,,,,ui\00_message\common\item_info.gmd,\ui\item_info.arc,item_info.arc,16494
0,,,,ui\00_message\common\item_info.gmd,\ui\item_info.arc,item_info.arc,16495
0,,,,ui\00_message\common\item_info.gmd,\ui\item_info.arc,item_info.arc,16496
0,,,,ui\00_message\common\item_info.gmd,\ui\item_info.arc,item_info.arc,16497
0,,,,ui\00_message\common\item_info.gmd,\ui\item_info.arc,item_info.arc,16498
0,,,,ui\00_message\common\item_info.gmd,\ui\item_info.arc,item_info.arc,16499
0,,,,ui\00_message\common\item_info.gmd,\ui\item_info.arc,item_info.arc,16500
0,,,,ui\00_message\common\item_info.gmd,\ui\item_info.arc,item_info.arc,16501
0,,,,ui\00_message\common\item_info.gmd,\ui\item_info.arc,item_info.arc,16502
0,,,,ui\00_message\common\item_info.gmd,\ui\item_info.arc,item_info.arc,16503
0,,,,ui\00_message\common\item_info.gmd,\ui\item_info.arc,item_info.arc,16504
0,,,,ui\00_message\common\item_info.gmd,\ui\item_info.arc,item_info.arc,16505
0,,,,ui\00_message\common\item_info.gmd,\ui\item_info.arc,item_info.arc,16506
0,,,,ui\00_message\common\item_info.gmd,\ui\item_info.arc,item_info.arc,16507
0,,,,ui\00_message\common\item_info.gmd,\ui\item_info.arc,item_info.arc,16508
0,,,,ui\00_message\common\item_info.gmd,\ui\item_info.arc,item_info.arc,16509
0,,,,ui\00_message\common\item_info.gmd,\ui\item_info.arc,item_info.arc,16510
0,,,,ui\00_message\common\item_info.gmd,\ui\item_info.arc,item_info.arc,16511
0,,,,ui\00_message\common\item_info.gmd,\ui\item_info.arc,item_info.arc,16512
0,,,,ui\00_message\common\item_info.gmd,\ui\item_info.arc,item_info.arc,16513
0,,,,ui\00_message\common\item_info.gmd,\ui\item_info.arc,item_info.arc,16514
0,,,,ui\00_message\common\item_info.gmd,\ui\item_info.arc,item_info.arc,16515
0,,,,ui\00_message\common\item_info.gmd,\ui\item_info.arc,item_info.arc,16516
0,,,,ui\00_message\common\item_info.gmd,\ui\item_info.arc,item_info.arc,16517
0,,,,ui\00_message\common\item_info.gmd,\ui\item_info.arc,item_info.arc,16518
0,,,,ui\00_message\common\item_info.gmd,\ui\item_info.arc,item_info.arc,16519
0,,,,ui\00_message\common\item_info.gmd,\ui\item_info.arc,item_info.arc,16520
0,,,,ui\00_message\common\item_info.gmd,\ui\item_info.arc,item_info.arc,16521
0,,,,ui\00_message\common\item_info.gmd,\ui\item_info.arc,item_info.arc,16522
0,,,,ui\00_message\common\item_info.gmd,\ui\item_info.arc,item_info.arc,16523
0,,,,ui\00_message\common\item_info.gmd,\ui\item_info.arc,item_info.arc,16524
0,,,,ui\00_message\common\item_info.gmd,\ui\item_info.arc,item_info.arc,16525
0,,,,ui\00_message\common\item_info.gmd,\ui\item_info.arc,item_info.arc,16526
0,,,,ui\00_message\common\item_info.gmd,\ui\item_info.arc,item_info.arc,16527
0,,,,ui\00_message\common\item_info.gmd,\ui\item_info.arc,item_info.arc,16528
0,,,,ui\00_message\common\item_info.gmd,\ui\item_info.arc,item_info.arc,16529
0,,,,ui\00_message\common\item_info.gmd,\ui\item_info.arc,item_info.arc,16530
0,,,,ui\00_message\common\item_info.gmd,\ui\item_info.arc,item_info.arc,16531
0,,,,ui\00_message\common\item_info.gmd,\ui\item_info.arc,item_info.arc,16532
0,,,,ui\00_message\common\item_info.gmd,\ui\item_info.arc,item_info.arc,16533
0,,,,ui\00_message\common\item_info.gmd,\ui\item_info.arc,item_info.arc,16534
0,,,,ui\00_message\common\item_info.gmd,\ui\item_info.arc,item_info.arc,16535
0,,,,ui\00_message\common\item_info.gmd,\ui\item_info.arc,item_info.arc,16536
0,,,,ui\00_message\common\item_info.gmd,\ui\item_info.arc,item_info.arc,16537
0,,,,ui\00_message\common\item_info.gmd,\ui\item_info.arc,item_info.arc,16538
0,,,,ui\00_message\common\item_info.gmd,\ui\item_info.arc,item_info.arc,16539
0,,,,ui\00_message\common\item_info.gmd,\ui\item_info.arc,item_info.arc,16540
0,,,,ui\00_message\common\item_info.gmd,\ui\item_info.arc,item_info.arc,16541
0,,,,ui\00_message\common\item_info.gmd,\ui\item_info.arc,item_info.arc,16542
0,,,,ui\00_message\common\item_info.gmd,\ui\item_info.arc,item_info.arc,16543
0,,,,ui\00_message\common\item_info.gmd,\ui\item_info.arc,item_info.arc,16544
0,,,,ui\00_message\common\item_info.gmd,\ui\item_info.arc,item_info.arc,16545
0,,,,ui\00_message\common\item_info.gmd,\ui\item_info.arc,item_info.arc,16546
0,,,,ui\00_message\common\item_info.gmd,\ui\item_info.arc,item_info.arc,16547
0,,,,ui\00_message\common\item_info.gmd,\ui\item_info.arc,item_info.arc,16548
0,,,,ui\00_message\common\item_info.gmd,\ui\item_info.arc,item_info.arc,16549
0,,,,ui\00_message\common\item_info.gmd,\ui\item_info.arc,item_info.arc,16550
0,,,,ui\00_message\common\item_info.gmd,\ui\item_info.arc,item_info.arc,16551
0,,,,ui\00_message\common\item_info.gmd,\ui\item_info.arc,item_info.arc,16552
0,,,,ui\00_message\common\item_info.gmd,\ui\item_info.arc,item_info.arc,16553
0,,,,ui\00_message\common\item_info.gmd,\ui\item_info.arc,item_info.arc,16554
0,,,,ui\00_message\common\item_info.gmd,\ui\item_info.arc,item_info.arc,16555
0,,,,ui\00_message\common\item_info.gmd,\ui\item_info.arc,item_info.arc,16556
0,,,,ui\00_message\common\item_info.gmd,\ui\item_info.arc,item_info.arc,16557
0,,,,ui\00_message\common\item_info.gmd,\ui\item_info.arc,item_info.arc,16558
0,,,,ui\00_message\common\item_info.gmd,\ui\item_info.arc,item_info.arc,16559
0,,,,ui\00_message\common\item_info.gmd,\ui\item_info.arc,item_info.arc,16560
0,,,,ui\00_message\common\item_info.gmd,\ui\item_info.arc,item_info.arc,16561
0,,,,ui\00_message\common\item_info.gmd,\ui\item_info.arc,item_info.arc,16562
0,,,,ui\00_message\common\item_info.gmd,\ui\item_info.arc,item_info.arc,16563
0,,,,ui\00_message\common\item_info.gmd,\ui\item_info.arc,item_info.arc,16564
0,,,,ui\00_message\common\item_info.gmd,\ui\item_info.arc,item_info.arc,16565
0,,,,ui\00_message\common\item_info.gmd,\ui\item_info.arc,item_info.arc,16566
0,,,,ui\00_message\common\item_info.gmd,\ui\item_info.arc,item_info.arc,16567
0,,,,ui\00_message\common\item_info.gmd,\ui\item_info.arc,item_info.arc,16568
0,,,,ui\00_message\common\item_info.gmd,\ui\item_info.arc,item_info.arc,16569
0,,,,ui\00_message\common\item_info.gmd,\ui\item_info.arc,item_info.arc,16570
0,,,,ui\00_message\common\item_info.gmd,\ui\item_info.arc,item_info.arc,16571
0,,,,ui\00_message\common\item_info.gmd,\ui\item_info.arc,item_info.arc,16572
0,,,,ui\00_message\common\item_info.gmd,\ui\item_info.arc,item_info.arc,16573
0,,,,ui\00_message\common\item_info.gmd,\ui\item_info.arc,item_info.arc,16574
0,,,,ui\00_message\common\item_info.gmd,\ui\item_info.arc,item_info.arc,16575
0,,,,ui\00_message\common\item_info.gmd,\ui\item_info.arc,item_info.arc,16576
0,,,,ui\00_message\common\item_info.gmd,\ui\item_info.arc,item_info.arc,16577
0,,,,ui\00_message\common\item_info.gmd,\ui\item_info.arc,item_info.arc,16578
0,,,,ui\00_message\common\item_info.gmd,\ui\item_info.arc,item_info.arc,16579
0,,,,ui\00_message\common\item_info.gmd,\ui\item_info.arc,item_info.arc,16580
0,,,,ui\00_message\common\item_info.gmd,\ui\item_info.arc,item_info.arc,16581
0,,,,ui\00_message\common\item_info.gmd,\ui\item_info.arc,item_info.arc,16582
0,,,,ui\00_message\common\item_info.gmd,\ui\item_info.arc,item_info.arc,16583
0,,,,ui\00_message\common\item_info.gmd,\ui\item_info.arc,item_info.arc,16584
0,,,,ui\00_message\common\item_info.gmd,\ui\item_info.arc,item_info.arc,16585
0,,,,ui\00_message\common\item_info.gmd,\ui\item_info.arc,item_info.arc,16586
0,,,,ui\00_message\common\item_info.gmd,\ui\item_info.arc,item_info.arc,16587
0,,,,ui\00_message\common\item_info.gmd,\ui\item_info.arc,item_info.arc,16588
0,,,,ui\00_message\common\item_info.gmd,\ui\item_info.arc,item_info.arc,16589
0,,,,ui\00_message\common\item_info.gmd,\ui\item_info.arc,item_info.arc,16590
0,,,,ui\00_message\common\item_info.gmd,\ui\item_info.arc,item_info.arc,16591
0,,,,ui\00_message\common\item_info.gmd,\ui\item_info.arc,item_info.arc,16592
0,,,,ui\00_message\common\item_info.gmd,\ui\item_info.arc,item_info.arc,16593
0,,,,ui\00_message\common\item_info.gmd,\ui\item_info.arc,item_info.arc,16594
0,,,,ui\00_message\common\item_info.gmd,\ui\item_info.arc,item_info.arc,16595
0,,,,ui\00_message\common\item_info.gmd,\ui\item_info.arc,item_info.arc,16596
0,,,,ui\00_message\common\item_info.gmd,\ui\item_info.arc,item_info.arc,16597
0,,,,ui\00_message\common\item_info.gmd,\ui\item_info.arc,item_info.arc,16598
0,,,,ui\00_message\common\item_info.gmd,\ui\item_info.arc,item_info.arc,16599
0,,,,ui\00_message\common\item_info.gmd,\ui\item_info.arc,item_info.arc,16600
0,,,,ui\00_message\common\item_info.gmd,\ui\item_info.arc,item_info.arc,16601
0,,,,ui\00_message\common\item_info.gmd,\ui\item_info.arc,item_info.arc,16602
0,,,,ui\00_message\common\item_info.gmd,\ui\item_info.arc,item_info.arc,16603
0,,,,ui\00_message\common\item_info.gmd,\ui\item_info.arc,item_info.arc,16604
0,,,,ui\00_message\common\item_info.gmd,\ui\item_info.arc,item_info.arc,16605
0,,,,ui\00_message\common\item_info.gmd,\ui\item_info.arc,item_info.arc,16606
0,,,,ui\00_message\common\item_info.gmd,\ui\item_info.arc,item_info.arc,16607
0,,,,ui\00_message\common\item_info.gmd,\ui\item_info.arc,item_info.arc,16608
0,,,,ui\00_message\common\item_info.gmd,\ui\item_info.arc,item_info.arc,16609
0,,,,ui\00_message\common\item_info.gmd,\ui\item_info.arc,item_info.arc,16610
0,,,,ui\00_message\common\item_info.gmd,\ui\item_info.arc,item_info.arc,16611
0,,,,ui\00_message\common\item_info.gmd,\ui\item_info.arc,item_info.arc,16612
0,,,,ui\00_message\common\item_info.gmd,\ui\item_info.arc,item_info.arc,16613
0,,,,ui\00_message\common\item_info.gmd,\ui\item_info.arc,item_info.arc,16614
0,,,,ui\00_message\common\item_info.gmd,\ui\item_info.arc,item_info.arc,16615
0,,,,ui\00_message\common\item_info.gmd,\ui\item_info.arc,item_info.arc,16616
0,,,,ui\00_message\common\item_info.gmd,\ui\item_info.arc,item_info.arc,16617
0,,,,ui\00_message\common\item_info.gmd,\ui\item_info.arc,item_info.arc,16618
0,,,,ui\00_message\common\item_info.gmd,\ui\item_info.arc,item_info.arc,16619
0,,,,ui\00_message\common\item_info.gmd,\ui\item_info.arc,item_info.arc,16620
0,,,,ui\00_message\common\item_info.gmd,\ui\item_info.arc,item_info.arc,16621
0,,,,ui\00_message\common\item_info.gmd,\ui\item_info.arc,item_info.arc,16622
0,,,,ui\00_message\common\item_info.gmd,\ui\item_info.arc,item_info.arc,16623
0,,,,ui\00_message\common\item_info.gmd,\ui\item_info.arc,item_info.arc,16624
0,,,,ui\00_message\common\item_info.gmd,\ui\item_info.arc,item_info.arc,16625
0,,,,ui\00_message\common\item_info.gmd,\ui\item_info.arc,item_info.arc,16626
0,,,,ui\00_message\common\item_info.gmd,\ui\item_info.arc,item_info.arc,16627
0,,,,ui\00_message\common\item_info.gmd,\ui\item_info.arc,item_info.arc,16628
0,,,,ui\00_message\common\item_info.gmd,\ui\item_info.arc,item_info.arc,16629
0,,,,ui\00_message\common\item_info.gmd,\ui\item_info.arc,item_info.arc,16630
0,,,,ui\00_message\common\item_info.gmd,\ui\item_info.arc,item_info.arc,16631
0,,,,ui\00_message\common\item_info.gmd,\ui\item_info.arc,item_info.arc,16632
0,,,,ui\00_message\common\item_info.gmd,\ui\item_info.arc,item_info.arc,16633
0,,,,ui\00_message\common\item_info.gmd,\ui\item_info.arc,item_info.arc,16634
0,,,,ui\00_message\common\item_info.gmd,\ui\item_info.arc,item_info.arc,16635
0,,,,ui\00_message\common\item_info.gmd,\ui\item_info.arc,item_info.arc,16636
0,,,,ui\00_message\common\item_info.gmd,\ui\item_info.arc,item_info.arc,16637
0,,,,ui\00_message\common\item_info.gmd,\ui\item_info.arc,item_info.arc,16638
0,,,,ui\00_message\common\item_info.gmd,\ui\item_info.arc,item_info.arc,16639
0,,,,ui\00_message\common\item_info.gmd,\ui\item_info.arc,item_info.arc,16640
0,,,,ui\00_message\common\item_info.gmd,\ui\item_info.arc,item_info.arc,16641
0,,,,ui\00_message\common\item_info.gmd,\ui\item_info.arc,item_info.arc,16642
0,,,,ui\00_message\common\item_info.gmd,\ui\item_info.arc,item_info.arc,16643
0,,,,ui\00_message\common\item_info.gmd,\ui\item_info.arc,item_info.arc,16644
0,,,,ui\00_message\common\item_info.gmd,\ui\item_info.arc,item_info.arc,16645
0,,,,ui\00_message\common\item_info.gmd,\ui\item_info.arc,item_info.arc,16646
0,,,,ui\00_message\common\item_info.gmd,\ui\item_info.arc,item_info.arc,16647
0,,,,ui\00_message\common\item_info.gmd,\ui\item_info.arc,item_info.arc,16648
0,,,,ui\00_message\common\item_info.gmd,\ui\item_info.arc,item_info.arc,16649
0,,,,ui\00_message\common\item_info.gmd,\ui\item_info.arc,item_info.arc,16650
0,,,,ui\00_message\common\item_info.gmd,\ui\item_info.arc,item_info.arc,16651
0,,,,ui\00_message\common\item_info.gmd,\ui\item_info.arc,item_info.arc,16652
0,,,,ui\00_message\common\item_info.gmd,\ui\item_info.arc,item_info.arc,16653
0,,,,ui\00_message\common\item_info.gmd,\ui\item_info.arc,item_info.arc,16654
0,,,,ui\00_message\common\item_info.gmd,\ui\item_info.arc,item_info.arc,16655
0,,,,ui\00_message\common\item_info.gmd,\ui\item_info.arc,item_info.arc,16656
0,,,,ui\00_message\common\item_info.gmd,\ui\item_info.arc,item_info.arc,16657
0,,,,ui\00_message\common\item_info.gmd,\ui\item_info.arc,item_info.arc,16658
0,,,,ui\00_message\common\item_info.gmd,\ui\item_info.arc,item_info.arc,16659
0,,,,ui\00_message\common\item_info.gmd,\ui\item_info.arc,item_info.arc,16660
0,,,,ui\00_message\common\item_info.gmd,\ui\item_info.arc,item_info.arc,16661
0,,,,ui\00_message\common\item_info.gmd,\ui\item_info.arc,item_info.arc,16662
0,,,,ui\00_message\common\item_info.gmd,\ui\item_info.arc,item_info.arc,16663
0,,,,ui\00_message\common\item_info.gmd,\ui\item_info.arc,item_info.arc,16664
0,,,,ui\00_message\common\item_info.gmd,\ui\item_info.arc,item_info.arc,16665
0,,,,ui\00_message\common\item_info.gmd,\ui\item_info.arc,item_info.arc,16666
0,,,,ui\00_message\common\item_info.gmd,\ui\item_info.arc,item_info.arc,16667
0,,,,ui\00_message\common\item_info.gmd,\ui\item_info.arc,item_info.arc,16668
0,,,,ui\00_message\common\item_info.gmd,\ui\item_info.arc,item_info.arc,16669
0,,,,ui\00_message\common\item_info.gmd,\ui\item_info.arc,item_info.arc,16670
0,,,,ui\00_message\common\item_info.gmd,\ui\item_info.arc,item_info.arc,16671
0,,,,ui\00_message\common\item_info.gmd,\ui\item_info.arc,item_info.arc,16672
0,,,,ui\00_message\common\item_info.gmd,\ui\item_info.arc,item_info.arc,16673
0,,,,ui\00_message\common\item_info.gmd,\ui\item_info.arc,item_info.arc,16674
0,,,,ui\00_message\common\item_info.gmd,\ui\item_info.arc,item_info.arc,16675
0,,,,ui\00_message\common\item_info.gmd,\ui\item_info.arc,item_info.arc,16676
0,,,,ui\00_message\common\item_info.gmd,\ui\item_info.arc,item_info.arc,16677
0,,,,ui\00_message\common\item_info.gmd,\ui\item_info.arc,item_info.arc,16678
0,,,,ui\00_message\common\item_info.gmd,\ui\item_info.arc,item_info.arc,16679
0,,,,ui\00_message\common\item_info.gmd,\ui\item_info.arc,item_info.arc,16680
0,,,,ui\00_message\common\item_info.gmd,\ui\item_info.arc,item_info.arc,16681
0,,,,ui\00_message\common\item_info.gmd,\ui\item_info.arc,item_info.arc,16682
0,,,,ui\00_message\common\item_info.gmd,\ui\item_info.arc,item_info.arc,16683
0,,,,ui\00_message\common\item_info.gmd,\ui\item_info.arc,item_info.arc,16684
0,,,,ui\00_message\common\item_info.gmd,\ui\item_info.arc,item_info.arc,16685
0,,,,ui\00_message\common\item_info.gmd,\ui\item_info.arc,item_info.arc,16686
0,,,,ui\00_message\common\item_info.gmd,\ui\item_info.arc,item_info.arc,16687
0,,,,ui\00_message\common\item_info.gmd,\ui\item_info.arc,item_info.arc,16688
0,,,,ui\00_message\common\item_info.gmd,\ui\item_info.arc,item_info.arc,16689
0,,,,ui\00_message\common\item_info.gmd,\ui\item_info.arc,item_info.arc,16690
0,,,,ui\00_message\common\item_info.gmd,\ui\item_info.arc,item_info.arc,16691
0,,,,ui\00_message\common\item_info.gmd,\ui\item_info.arc,item_info.arc,16692
0,,,,ui\00_message\common\item_info.gmd,\ui\item_info.arc,item_info.arc,16693
0,,,,ui\00_message\common\item_info.gmd,\ui\item_info.arc,item_info.arc,16694
0,,,,ui\00_message\common\item_info.gmd,\ui\item_info.arc,item_info.arc,16695
0,,,,ui\00_message\common\item_info.gmd,\ui\item_info.arc,item_info.arc,16696
0,,,,ui\00_message\common\item_info.gmd,\ui\item_info.arc,item_info.arc,16697
0,,,,ui\00_message\common\item_info.gmd,\ui\item_info.arc,item_info.arc,16698
0,,,,ui\00_message\common\item_info.gmd,\ui\item_info.arc,item_info.arc,16699
0,,,,ui\00_message\common\item_info.gmd,\ui\item_info.arc,item_info.arc,16700
0,,,,ui\00_message\common\item_info.gmd,\ui\item_info.arc,item_info.arc,16701
0,,,,ui\00_message\common\item_info.gmd,\ui\item_info.arc,item_info.arc,16702
0,,,,ui\00_message\common\item_info.gmd,\ui\item_info.arc,item_info.arc,16703
0,,,,ui\00_message\common\item_info.gmd,\ui\item_info.arc,item_info.arc,16704
0,,,,ui\00_message\common\item_info.gmd,\ui\item_info.arc,item_info.arc,16705
0,,,,ui\00_message\common\item_info.gmd,\ui\item_info.arc,item_info.arc,16706
0,,,,ui\00_message\common\item_info.gmd,\ui\item_info.arc,item_info.arc,16707
0,,,,ui\00_message\common\item_info.gmd,\ui\item_info.arc,item_info.arc,16708
0,,,,ui\00_message\common\item_info.gmd,\ui\item_info.arc,item_info.arc,16709
0,,,,ui\00_message\common\item_info.gmd,\ui\item_info.arc,item_info.arc,16710
0,,,,ui\00_message\common\item_info.gmd,\ui\item_info.arc,item_info.arc,16711
0,,,,ui\00_message\common\item_info.gmd,\ui\item_info.arc,item_info.arc,16712
0,,,,ui\00_message\common\item_info.gmd,\ui\item_info.arc,item_info.arc,16713
0,,,,ui\00_message\common\item_info.gmd,\ui\item_info.arc,item_info.arc,16714
0,,,,ui\00_message\common\item_info.gmd,\ui\item_info.arc,item_info.arc,16715
0,,,,ui\00_message\common\item_info.gmd,\ui\item_info.arc,item_info.arc,16716
0,,,,ui\00_message\common\item_info.gmd,\ui\item_info.arc,item_info.arc,16717
0,,,,ui\00_message\common\item_info.gmd,\ui\item_info.arc,item_info.arc,16718
0,,,,ui\00_message\common\item_info.gmd,\ui\item_info.arc,item_info.arc,16719
0,,,,ui\00_message\common\item_info.gmd,\ui\item_info.arc,item_info.arc,16720
0,,,,ui\00_message\common\item_info.gmd,\ui\item_info.arc,item_info.arc,16721
0,,,,ui\00_message\common\item_info.gmd,\ui\item_info.arc,item_info.arc,16722
0,,,,ui\00_message\common\item_info.gmd,\ui\item_info.arc,item_info.arc,16723
0,,,,ui\00_message\common\item_info.gmd,\ui\item_info.arc,item_info.arc,16724
0,,,,ui\00_message\common\item_info.gmd,\ui\item_info.arc,item_info.arc,16725
0,,,,ui\00_message\common\item_info.gmd,\ui\item_info.arc,item_info.arc,16726
0,,,,ui\00_message\common\item_info.gmd,\ui\item_info.arc,item_info.arc,16727
0,,,,ui\00_message\common\item_info.gmd,\ui\item_info.arc,item_info.arc,16728
0,,,,ui\00_message\common\item_info.gmd,\ui\item_info.arc,item_info.arc,16729
0,,,,ui\00_message\common\item_info.gmd,\ui\item_info.arc,item_info.arc,16730
0,,,,ui\00_message\common\item_info.gmd,\ui\item_info.arc,item_info.arc,16731
0,,,,ui\00_message\common\item_info.gmd,\ui\item_info.arc,item_info.arc,16732
0,,,,ui\00_message\common\item_info.gmd,\ui\item_info.arc,item_info.arc,16733
0,,,,ui\00_message\common\item_info.gmd,\ui\item_info.arc,item_info.arc,16734
0,,,,ui\00_message\common\item_info.gmd,\ui\item_info.arc,item_info.arc,16735
0,,,,ui\00_message\common\item_info.gmd,\ui\item_info.arc,item_info.arc,16736
0,,,,ui\00_message\common\item_info.gmd,\ui\item_info.arc,item_info.arc,16737
0,,,,ui\00_message\common\item_info.gmd,\ui\item_info.arc,item_info.arc,16738
0,,,,ui\00_message\common\item_info.gmd,\ui\item_info.arc,item_info.arc,16739
0,,,,ui\00_message\common\item_info.gmd,\ui\item_info.arc,item_info.arc,16740
0,,,,ui\00_message\common\item_info.gmd,\ui\item_info.arc,item_info.arc,16741
0,,,,ui\00_message\common\item_info.gmd,\ui\item_info.arc,item_info.arc,16742
0,,,,ui\00_message\common\item_info.gmd,\ui\item_info.arc,item_info.arc,16743
0,,,,ui\00_message\common\item_info.gmd,\ui\item_info.arc,item_info.arc,16744
0,,,,ui\00_message\common\item_info.gmd,\ui\item_info.arc,item_info.arc,16745
0,,,,ui\00_message\common\item_info.gmd,\ui\item_info.arc,item_info.arc,16746
0,,,,ui\00_message\common\item_info.gmd,\ui\item_info.arc,item_info.arc,16747
0,,,,ui\00_message\common\item_info.gmd,\ui\item_info.arc,item_info.arc,16748
0,,,,ui\00_message\common\item_info.gmd,\ui\item_info.arc,item_info.arc,16749
0,,,,ui\00_message\common\item_info.gmd,\ui\item_info.arc,item_info.arc,16750
0,,,,ui\00_message\common\item_info.gmd,\ui\item_info.arc,item_info.arc,16751
0,,,,ui\00_message\common\item_info.gmd,\ui\item_info.arc,item_info.arc,16752
0,,,,ui\00_message\common\item_info.gmd,\ui\item_info.arc,item_info.arc,16753
0,,,,ui\00_message\common\item_info.gmd,\ui\item_info.arc,item_info.arc,16754
0,,,,ui\00_message\common\item_info.gmd,\ui\item_info.arc,item_info.arc,16755
0,,,,ui\00_message\common\item_info.gmd,\ui\item_info.arc,item_info.arc,16756
0,,,,ui\00_message\common\item_info.gmd,\ui\item_info.arc,item_info.arc,16757
0,,,,ui\00_message\common\item_info.gmd,\ui\item_info.arc,item_info.arc,16758
0,,,,ui\00_message\common\item_info.gmd,\ui\item_info.arc,item_info.arc,16759
0,,,,ui\00_message\common\item_info.gmd,\ui\item_info.arc,item_info.arc,16760
0,,,,ui\00_message\common\item_info.gmd,\ui\item_info.arc,item_info.arc,16761
0,,,,ui\00_message\common\item_info.gmd,\ui\item_info.arc,item_info.arc,16762
0,,,,ui\00_message\common\item_info.gmd,\ui\item_info.arc,item_info.arc,16763
0,,,,ui\00_message\common\item_info.gmd,\ui\item_info.arc,item_info.arc,16764
0,,,,ui\00_message\common\item_info.gmd,\ui\item_info.arc,item_info.arc,16765
0,,,,ui\00_message\common\item_info.gmd,\ui\item_info.arc,item_info.arc,16766
0,,,,ui\00_message\common\item_info.gmd,\ui\item_info.arc,item_info.arc,16767
0,,,,ui\00_message\common\item_info.gmd,\ui\item_info.arc,item_info.arc,16768
0,,,,ui\00_message\common\item_info.gmd,\ui\item_info.arc,item_info.arc,16769
0,,,,ui\00_message\common\item_info.gmd,\ui\item_info.arc,item_info.arc,16770
0,,,,ui\00_message\common\item_info.gmd,\ui\item_info.arc,item_info.arc,16771
0,,,,ui\00_message\common\item_info.gmd,\ui\item_info.arc,item_info.arc,16772
0,,,,ui\00_message\common\item_info.gmd,\ui\item_info.arc,item_info.arc,16773
0,,,,ui\00_message\common\item_info.gmd,\ui\item_info.arc,item_info.arc,16774
0,,,,ui\00_message\common\item_info.gmd,\ui\item_info.arc,item_info.arc,16775
0,,,,ui\00_message\common\item_info.gmd,\ui\item_info.arc,item_info.arc,16776
0,,,,ui\00_message\common\item_info.gmd,\ui\item_info.arc,item_info.arc,16777
0,,,,ui\00_message\common\item_info.gmd,\ui\item_info.arc,item_info.arc,16778
0,,,,ui\00_message\common\item_info.gmd,\ui\item_info.arc,item_info.arc,16779
0,,,,ui\00_message\common\item_info.gmd,\ui\item_info.arc,item_info.arc,16780
0,,,,ui\00_message\common\item_info.gmd,\ui\item_info.arc,item_info.arc,16781
0,,,,ui\00_message\common\item_info.gmd,\ui\item_info.arc,item_info.arc,16782
0,,,,ui\00_message\common\item_info.gmd,\ui\item_info.arc,item_info.arc,16783
0,,,,ui\00_message\common\item_info.gmd,\ui\item_info.arc,item_info.arc,16784
0,,,,ui\00_message\common\item_info.gmd,\ui\item_info.arc,item_info.arc,16785
0,,,,ui\00_message\common\item_info.gmd,\ui\item_info.arc,item_info.arc,16786
0,,,,ui\00_message\common\item_info.gmd,\ui\item_info.arc,item_info.arc,16787
0,,,,ui\00_message\common\item_info.gmd,\ui\item_info.arc,item_info.arc,16788
0,,,,ui\00_message\common\item_info.gmd,\ui\item_info.arc,item_info.arc,16789
0,,,,ui\00_message\common\item_info.gmd,\ui\item_info.arc,item_info.arc,16790
0,,,,ui\00_message\common\item_info.gmd,\ui\item_info.arc,item_info.arc,16791
0,,,,ui\00_message\common\item_info.gmd,\ui\item_info.arc,item_info.arc,16792
0,,,,ui\00_message\common\item_info.gmd,\ui\item_info.arc,item_info.arc,16793
0,,,,ui\00_message\common\item_info.gmd,\ui\item_info.arc,item_info.arc,16794
0,,,,ui\00_message\common\item_info.gmd,\ui\item_info.arc,item_info.arc,16795
0,,,,ui\00_message\common\item_info.gmd,\ui\item_info.arc,item_info.arc,16796
0,,,,ui\00_message\common\item_info.gmd,\ui\item_info.arc,item_info.arc,16797
0,,,,ui\00_message\common\item_info.gmd,\ui\item_info.arc,item_info.arc,16798
0,,,,ui\00_message\common\item_info.gmd,\ui\item_info.arc,item_info.arc,16799
0,,,,ui\00_message\common\item_info.gmd,\ui\item_info.arc,item_info.arc,16800
0,,,,ui\00_message\common\item_info.gmd,\ui\item_info.arc,item_info.arc,16801
0,,,,ui\00_message\common\item_info.gmd,\ui\item_info.arc,item_info.arc,16802
0,,,,ui\00_message\common\item_info.gmd,\ui\item_info.arc,item_info.arc,16803
0,,,,ui\00_message\common\item_info.gmd,\ui\item_info.arc,item_info.arc,16804
0,,,,ui\00_message\common\item_info.gmd,\ui\item_info.arc,item_info.arc,16805
0,,,,ui\00_message\common\item_info.gmd,\ui\item_info.arc,item_info.arc,16806
0,,,,ui\00_message\common\item_info.gmd,\ui\item_info.arc,item_info.arc,16807
0,,,,ui\00_message\common\item_info.gmd,\ui\item_info.arc,item_info.arc,16808
0,,,,ui\00_message\common\item_info.gmd,\ui\item_info.arc,item_info.arc,16809
0,,,,ui\00_message\common\item_info.gmd,\ui\item_info.arc,item_info.arc,16810
0,,,,ui\00_message\common\item_info.gmd,\ui\item_info.arc,item_info.arc,16811
0,,,,ui\00_message\common\item_info.gmd,\ui\item_info.arc,item_info.arc,16812
0,,,,ui\00_message\common\item_info.gmd,\ui\item_info.arc,item_info.arc,16813
0,,,,ui\00_message\common\item_info.gmd,\ui\item_info.arc,item_info.arc,16814
0,,,,ui\00_message\common\item_info.gmd,\ui\item_info.arc,item_info.arc,16815
0,,,,ui\00_message\common\item_info.gmd,\ui\item_info.arc,item_info.arc,16816
0,,,,ui\00_message\common\item_info.gmd,\ui\item_info.arc,item_info.arc,16817
0,,,,ui\00_message\common\item_info.gmd,\ui\item_info.arc,item_info.arc,16818
0,,,,ui\00_message\common\item_info.gmd,\ui\item_info.arc,item_info.arc,16819
0,,,,ui\00_message\common\item_info.gmd,\ui\item_info.arc,item_info.arc,16820
0,,,,ui\00_message\common\item_info.gmd,\ui\item_info.arc,item_info.arc,16821
0,,,,ui\00_message\common\item_info.gmd,\ui\item_info.arc,item_info.arc,16822
0,,,,ui\00_message\common\item_info.gmd,\ui\item_info.arc,item_info.arc,16823
0,,,,ui\00_message\common\item_info.gmd,\ui\item_info.arc,item_info.arc,16824
0,,,,ui\00_message\common\item_info.gmd,\ui\item_info.arc,item_info.arc,16825
0,,,,ui\00_message\common\item_info.gmd,\ui\item_info.arc,item_info.arc,16826
0,,,,ui\00_message\common\item_info.gmd,\ui\item_info.arc,item_info.arc,16827
0,,,,ui\00_message\common\item_info.gmd,\ui\item_info.arc,item_info.arc,16828
0,,,,ui\00_message\common\item_info.gmd,\ui\item_info.arc,item_info.arc,16829
0,,,,ui\00_message\common\item_info.gmd,\ui\item_info.arc,item_info.arc,16830
0,,,,ui\00_message\common\item_info.gmd,\ui\item_info.arc,item_info.arc,16831
0,,,,ui\00_message\common\item_info.gmd,\ui\item_info.arc,item_info.arc,16832
0,,,,ui\00_message\common\item_info.gmd,\ui\item_info.arc,item_info.arc,16833
0,,,,ui\00_message\common\item_info.gmd,\ui\item_info.arc,item_info.arc,16834
0,,,,ui\00_message\common\item_info.gmd,\ui\item_info.arc,item_info.arc,16835
0,,,,ui\00_message\common\item_info.gmd,\ui\item_info.arc,item_info.arc,16836
0,,,,ui\00_message\common\item_info.gmd,\ui\item_info.arc,item_info.arc,16837
0,,,,ui\00_message\common\item_info.gmd,\ui\item_info.arc,item_info.arc,16838
0,,,,ui\00_message\common\item_info.gmd,\ui\item_info.arc,item_info.arc,16839
0,,,,ui\00_message\common\item_info.gmd,\ui\item_info.arc,item_info.arc,16840
0,,,,ui\00_message\common\item_info.gmd,\ui\item_info.arc,item_info.arc,16841
0,,,,ui\00_message\common\item_info.gmd,\ui\item_info.arc,item_info.arc,16842
0,,,,ui\00_message\common\item_info.gmd,\ui\item_info.arc,item_info.arc,16843
0,,,,ui\00_message\common\item_info.gmd,\ui\item_info.arc,item_info.arc,16844
0,,,,ui\00_message\common\item_info.gmd,\ui\item_info.arc,item_info.arc,16845
0,,,,ui\00_message\common\item_info.gmd,\ui\item_info.arc,item_info.arc,16846
0,,,,ui\00_message\common\item_info.gmd,\ui\item_info.arc,item_info.arc,16847
0,,,,ui\00_message\common\item_info.gmd,\ui\item_info.arc,item_info.arc,16848
0,,,,ui\00_message\common\item_info.gmd,\ui\item_info.arc,item_info.arc,16849
0,,,,ui\00_message\common\item_info.gmd,\ui\item_info.arc,item_info.arc,16850
0,,,,ui\00_message\common\item_info.gmd,\ui\item_info.arc,item_info.arc,16851
0,,,,ui\00_message\common\item_info.gmd,\ui\item_info.arc,item_info.arc,16852
0,,,,ui\00_message\common\item_info.gmd,\ui\item_info.arc,item_info.arc,16853
0,,,,ui\00_message\common\item_info.gmd,\ui\item_info.arc,item_info.arc,16854
0,,,,ui\00_message\common\item_info.gmd,\ui\item_info.arc,item_info.arc,16855
0,,,,ui\00_message\common\item_info.gmd,\ui\item_info.arc,item_info.arc,16856
0,,,,ui\00_message\common\item_info.gmd,\ui\item_info.arc,item_info.arc,16857
0,,,,ui\00_message\common\item_info.gmd,\ui\item_info.arc,item_info.arc,16858
0,,,,ui\00_message\common\item_info.gmd,\ui\item_info.arc,item_info.arc,16859
0,,,,ui\00_message\common\item_info.gmd,\ui\item_info.arc,item_info.arc,16860
0,,,,ui\00_message\common\item_info.gmd,\ui\item_info.arc,item_info.arc,16861
0,,,,ui\00_message\common\item_info.gmd,\ui\item_info.arc,item_info.arc,16862
0,,,,ui\00_message\common\item_info.gmd,\ui\item_info.arc,item_info.arc,16863
0,,,,ui\00_message\common\item_info.gmd,\ui\item_info.arc,item_info.arc,16864
0,,,,ui\00_message\common\item_info.gmd,\ui\item_info.arc,item_info.arc,16865
0,,,,ui\00_message\common\item_info.gmd,\ui\item_info.arc,item_info.arc,16866
0,,,,ui\00_message\common\item_info.gmd,\ui\item_info.arc,item_info.arc,16867
0,,,,ui\00_message\common\item_info.gmd,\ui\item_info.arc,item_info.arc,16868
0,,,,ui\00_message\common\item_info.gmd,\ui\item_info.arc,item_info.arc,16869
0,,,,ui\00_message\common\item_info.gmd,\ui\item_info.arc,item_info.arc,16870
0,,,,ui\00_message\common\item_info.gmd,\ui\item_info.arc,item_info.arc,16871
0,,,,ui\00_message\common\item_info.gmd,\ui\item_info.arc,item_info.arc,16872
0,,,,ui\00_message\common\item_info.gmd,\ui\item_info.arc,item_info.arc,16873
0,,,,ui\00_message\common\item_info.gmd,\ui\item_info.arc,item_info.arc,16874
0,,,,ui\00_message\common\item_info.gmd,\ui\item_info.arc,item_info.arc,16875
0,,,,ui\00_message\common\item_info.gmd,\ui\item_info.arc,item_info.arc,16876
0,,,,ui\00_message\common\item_info.gmd,\ui\item_info.arc,item_info.arc,16877
0,,,,ui\00_message\common\item_info.gmd,\ui\item_info.arc,item_info.arc,16878
0,,,,ui\00_message\common\item_info.gmd,\ui\item_info.arc,item_info.arc,16879
0,,,,ui\00_message\common\item_info.gmd,\ui\item_info.arc,item_info.arc,16880
0,,,,ui\00_message\common\item_info.gmd,\ui\item_info.arc,item_info.arc,16881
0,,,,ui\00_message\common\item_info.gmd,\ui\item_info.arc,item_info.arc,16882
0,,,,ui\00_message\common\item_info.gmd,\ui\item_info.arc,item_info.arc,16883
0,,,,ui\00_message\common\item_info.gmd,\ui\item_info.arc,item_info.arc,16884
0,,,,ui\00_message\common\item_info.gmd,\ui\item_info.arc,item_info.arc,16885
0,,,,ui\00_message\common\item_info.gmd,\ui\item_info.arc,item_info.arc,16886
0,,,,ui\00_message\common\item_info.gmd,\ui\item_info.arc,item_info.arc,16887
0,,,,ui\00_message\common\item_info.gmd,\ui\item_info.arc,item_info.arc,16888
0,,,,ui\00_message\common\item_info.gmd,\ui\item_info.arc,item_info.arc,16889
0,,,,ui\00_message\common\item_info.gmd,\ui\item_info.arc,item_info.arc,16890
0,,,,ui\00_message\common\item_info.gmd,\ui\item_info.arc,item_info.arc,16891
0,,,,ui\00_message\common\item_info.gmd,\ui\item_info.arc,item_info.arc,16892
0,,,,ui\00_message\common\item_info.gmd,\ui\item_info.arc,item_info.arc,16893
0,,,,ui\00_message\common\item_info.gmd,\ui\item_info.arc,item_info.arc,16894
0,,,,ui\00_message\common\item_info.gmd,\ui\item_info.arc,item_info.arc,16895
0,,,,ui\00_message\common\item_info.gmd,\ui\item_info.arc,item_info.arc,16896
0,,,,ui\00_message\common\item_info.gmd,\ui\item_info.arc,item_info.arc,16897
0,,,,ui\00_message\common\item_info.gmd,\ui\item_info.arc,item_info.arc,16898
0,,,,ui\00_message\common\item_info.gmd,\ui\item_info.arc,item_info.arc,16899
0,,,,ui\00_message\common\item_info.gmd,\ui\item_info.arc,item_info.arc,16900
0,,,,ui\00_message\common\item_info.gmd,\ui\item_info.arc,item_info.arc,16901
0,,,,ui\00_message\common\item_info.gmd,\ui\item_info.arc,item_info.arc,16902
0,,,,ui\00_message\common\item_info.gmd,\ui\item_info.arc,item_info.arc,16903
0,,,,ui\00_message\common\item_info.gmd,\ui\item_info.arc,item_info.arc,16904
0,,,,ui\00_message\common\item_info.gmd,\ui\item_info.arc,item_info.arc,16905
0,,,,ui\00_message\common\item_info.gmd,\ui\item_info.arc,item_info.arc,16906
0,,,,ui\00_message\common\item_info.gmd,\ui\item_info.arc,item_info.arc,16907
0,,,,ui\00_message\common\item_info.gmd,\ui\item_info.arc,item_info.arc,16908
0,,,,ui\00_message\common\item_info.gmd,\ui\item_info.arc,item_info.arc,16909
0,,,,ui\00_message\common\item_info.gmd,\ui\item_info.arc,item_info.arc,16910
0,,,,ui\00_message\common\item_info.gmd,\ui\item_info.arc,item_info.arc,16911
0,,,,ui\00_message\common\item_info.gmd,\ui\item_info.arc,item_info.arc,16912
0,,,,ui\00_message\common\item_info.gmd,\ui\item_info.arc,item_info.arc,16913
0,,,,ui\00_message\common\item_info.gmd,\ui\item_info.arc,item_info.arc,16914
0,,,,ui\00_message\common\item_info.gmd,\ui\item_info.arc,item_info.arc,16915
0,,,,ui\00_message\common\item_info.gmd,\ui\item_info.arc,item_info.arc,16916
0,,,,ui\00_message\common\item_info.gmd,\ui\item_info.arc,item_info.arc,16917
0,,,,ui\00_message\common\item_info.gmd,\ui\item_info.arc,item_info.arc,16918
0,,,,ui\00_message\common\item_info.gmd,\ui\item_info.arc,item_info.arc,16919
0,,,,ui\00_message\common\item_info.gmd,\ui\item_info.arc,item_info.arc,16920
0,,,,ui\00_message\common\item_info.gmd,\ui\item_info.arc,item_info.arc,16921
0,,,,ui\00_message\common\item_info.gmd,\ui\item_info.arc,item_info.arc,16922
0,,,,ui\00_message\common\item_info.gmd,\ui\item_info.arc,item_info.arc,16923
0,,,,ui\00_message\common\item_info.gmd,\ui\item_info.arc,item_info.arc,16924
0,,,,ui\00_message\common\item_info.gmd,\ui\item_info.arc,item_info.arc,16925
0,,,,ui\00_message\common\item_info.gmd,\ui\item_info.arc,item_info.arc,16926
0,,,,ui\00_message\common\item_info.gmd,\ui\item_info.arc,item_info.arc,16927
0,,,,ui\00_message\common\item_info.gmd,\ui\item_info.arc,item_info.arc,16928
0,,,,ui\00_message\common\item_info.gmd,\ui\item_info.arc,item_info.arc,16929
0,,,,ui\00_message\common\item_info.gmd,\ui\item_info.arc,item_info.arc,16930
0,,,,ui\00_message\common\item_info.gmd,\ui\item_info.arc,item_info.arc,16931
0,,,,ui\00_message\common\item_info.gmd,\ui\item_info.arc,item_info.arc,16932
0,,,,ui\00_message\common\item_info.gmd,\ui\item_info.arc,item_info.arc,16933
0,,,,ui\00_message\common\item_info.gmd,\ui\item_info.arc,item_info.arc,16934
0,,,,ui\00_message\common\item_info.gmd,\ui\item_info.arc,item_info.arc,16935
0,,,,ui\00_message\common\item_info.gmd,\ui\item_info.arc,item_info.arc,16936
0,,,,ui\00_message\common\item_info.gmd,\ui\item_info.arc,item_info.arc,16937
0,,,,ui\00_message\common\item_info.gmd,\ui\item_info.arc,item_info.arc,16938
0,,,,ui\00_message\common\item_info.gmd,\ui\item_info.arc,item_info.arc,16939
0,,,,ui\00_message\common\item_info.gmd,\ui\item_info.arc,item_info.arc,16940
0,,,,ui\00_message\common\item_info.gmd,\ui\item_info.arc,item_info.arc,16941
0,,,,ui\00_message\common\item_info.gmd,\ui\item_info.arc,item_info.arc,16942
0,,,,ui\00_message\common\item_info.gmd,\ui\item_info.arc,item_info.arc,16943
0,,,,ui\00_message\common\item_info.gmd,\ui\item_info.arc,item_info.arc,16944
0,,,,ui\00_message\common\item_info.gmd,\ui\item_info.arc,item_info.arc,16945
0,,,,ui\00_message\common\item_info.gmd,\ui\item_info.arc,item_info.arc,16946
0,,,,ui\00_message\common\item_info.gmd,\ui\item_info.arc,item_info.arc,16947
0,,,,ui\00_message\common\item_info.gmd,\ui\item_info.arc,item_info.arc,16948
0,,,,ui\00_message\common\item_info.gmd,\ui\item_info.arc,item_info.arc,16949
0,,,,ui\00_message\common\item_info.gmd,\ui\item_info.arc,item_info.arc,16950
0,,,,ui\00_message\common\item_info.gmd,\ui\item_info.arc,item_info.arc,16951
0,,,,ui\00_message\common\item_info.gmd,\ui\item_info.arc,item_info.arc,16952
0,,,,ui\00_message\common\item_info.gmd,\ui\item_info.arc,item_info.arc,16953
0,,,,ui\00_message\common\item_info.gmd,\ui\item_info.arc,item_info.arc,16954
0,,,,ui\00_message\common\item_info.gmd,\ui\item_info.arc,item_info.arc,16955
0,,,,ui\00_message\common\item_info.gmd,\ui\item_info.arc,item_info.arc,16956
0,,,,ui\00_message\common\item_info.gmd,\ui\item_info.arc,item_info.arc,16957
0,,,,ui\00_message\common\item_info.gmd,\ui\item_info.arc,item_info.arc,16958
0,,,,ui\00_message\common\item_info.gmd,\ui\item_info.arc,item_info.arc,16959
0,,,,ui\00_message\common\item_info.gmd,\ui\item_info.arc,item_info.arc,16960
0,,,,ui\00_message\common\item_info.gmd,\ui\item_info.arc,item_info.arc,16961
0,,,,ui\00_message\common\item_info.gmd,\ui\item_info.arc,item_info.arc,16962
0,,,,ui\00_message\common\item_info.gmd,\ui\item_info.arc,item_info.arc,16963
0,,,,ui\00_message\common\item_info.gmd,\ui\item_info.arc,item_info.arc,16964
0,,,,ui\00_message\common\item_info.gmd,\ui\item_info.arc,item_info.arc,16965
0,,,,ui\00_message\common\item_info.gmd,\ui\item_info.arc,item_info.arc,16966
0,,,,ui\00_message\common\item_info.gmd,\ui\item_info.arc,item_info.arc,16967
0,,,,ui\00_message\common\item_info.gmd,\ui\item_info.arc,item_info.arc,16968
0,,,,ui\00_message\common\item_info.gmd,\ui\item_info.arc,item_info.arc,16969
0,,,,ui\00_message\common\item_info.gmd,\ui\item_info.arc,item_info.arc,16970
0,,,,ui\00_message\common\item_info.gmd,\ui\item_info.arc,item_info.arc,16971
0,,,,ui\00_message\common\item_info.gmd,\ui\item_info.arc,item_info.arc,16972
0,,,,ui\00_message\common\item_info.gmd,\ui\item_info.arc,item_info.arc,16973
0,,,,ui\00_message\common\item_info.gmd,\ui\item_info.arc,item_info.arc,16974
0,,,,ui\00_message\common\item_info.gmd,\ui\item_info.arc,item_info.arc,16975
0,,,,ui\00_message\common\item_info.gmd,\ui\item_info.arc,item_info.arc,16976
0,,,,ui\00_message\common\item_info.gmd,\ui\item_info.arc,item_info.arc,16977
0,,,,ui\00_message\common\item_info.gmd,\ui\item_info.arc,item_info.arc,16978
0,,,,ui\00_message\common\item_info.gmd,\ui\item_info.arc,item_info.arc,16979
0,,,,ui\00_message\common\item_info.gmd,\ui\item_info.arc,item_info.arc,16980
0,,,,ui\00_message\common\item_info.gmd,\ui\item_info.arc,item_info.arc,16981
0,,,,ui\00_message\common\item_info.gmd,\ui\item_info.arc,item_info.arc,16982
0,,,,ui\00_message\common\item_info.gmd,\ui\item_info.arc,item_info.arc,16983
0,,,,ui\00_message\common\item_info.gmd,\ui\item_info.arc,item_info.arc,16984
0,,,,ui\00_message\common\item_info.gmd,\ui\item_info.arc,item_info.arc,16985
0,,,,ui\00_message\common\item_info.gmd,\ui\item_info.arc,item_info.arc,16986
0,,,,ui\00_message\common\item_info.gmd,\ui\item_info.arc,item_info.arc,16987
0,,,,ui\00_message\common\item_info.gmd,\ui\item_info.arc,item_info.arc,16988
0,,,,ui\00_message\common\item_info.gmd,\ui\item_info.arc,item_info.arc,16989
0,,,,ui\00_message\common\item_info.gmd,\ui\item_info.arc,item_info.arc,16990
0,,,,ui\00_message\common\item_info.gmd,\ui\item_info.arc,item_info.arc,16991
0,,,,ui\00_message\common\item_info.gmd,\ui\item_info.arc,item_info.arc,16992
0,,,,ui\00_message\common\item_info.gmd,\ui\item_info.arc,item_info.arc,16993
0,,,,ui\00_message\common\item_info.gmd,\ui\item_info.arc,item_info.arc,16994
0,,,,ui\00_message\common\item_info.gmd,\ui\item_info.arc,item_info.arc,16995
0,,,,ui\00_message\common\item_info.gmd,\ui\item_info.arc,item_info.arc,16996
0,,,,ui\00_message\common\item_info.gmd,\ui\item_info.arc,item_info.arc,16997
0,,,,ui\00_message\common\item_info.gmd,\ui\item_info.arc,item_info.arc,16998
0,,,,ui\00_message\common\item_info.gmd,\ui\item_info.arc,item_info.arc,16999
0,,,,ui\00_message\common\item_info.gmd,\ui\item_info.arc,item_info.arc,17000
0,,,,ui\00_message\common\item_info.gmd,\ui\item_info.arc,item_info.arc,17001
0,,,,ui\00_message\common\item_info.gmd,\ui\item_info.arc,item_info.arc,17002
0,,,,ui\00_message\common\item_info.gmd,\ui\item_info.arc,item_info.arc,17003
0,,,,ui\00_message\common\item_info.gmd,\ui\item_info.arc,item_info.arc,17004
0,,,,ui\00_message\common\item_info.gmd,\ui\item_info.arc,item_info.arc,17005
0,,,,ui\00_message\common\item_info.gmd,\ui\item_info.arc,item_info.arc,17006
0,,,,ui\00_message\common\item_info.gmd,\ui\item_info.arc,item_info.arc,17007
0,,,,ui\00_message\common\item_info.gmd,\ui\item_info.arc,item_info.arc,17008
0,,,,ui\00_message\common\item_info.gmd,\ui\item_info.arc,item_info.arc,17009
0,,,,ui\00_message\common\item_info.gmd,\ui\item_info.arc,item_info.arc,17010
0,,,,ui\00_message\common\item_info.gmd,\ui\item_info.arc,item_info.arc,17011
0,,,,ui\00_message\common\item_info.gmd,\ui\item_info.arc,item_info.arc,17012
0,,,,ui\00_message\common\item_info.gmd,\ui\item_info.arc,item_info.arc,17013
0,,,,ui\00_message\common\item_info.gmd,\ui\item_info.arc,item_info.arc,17014
0,,,,ui\00_message\common\item_info.gmd,\ui\item_info.arc,item_info.arc,17015
0,,,,ui\00_message\common\item_info.gmd,\ui\item_info.arc,item_info.arc,17016
0,,,,ui\00_message\common\item_info.gmd,\ui\item_info.arc,item_info.arc,17017
0,,,,ui\00_message\common\item_info.gmd,\ui\item_info.arc,item_info.arc,17018
0,,,,ui\00_message\common\item_info.gmd,\ui\item_info.arc,item_info.arc,17019
0,,,,ui\00_message\common\item_info.gmd,\ui\item_info.arc,item_info.arc,17020
0,,,,ui\00_message\common\item_info.gmd,\ui\item_info.arc,item_info.arc,17021
0,,,,ui\00_message\common\item_info.gmd,\ui\item_info.arc,item_info.arc,17022
0,,,,ui\00_message\common\item_info.gmd,\ui\item_info.arc,item_info.arc,17023
0,,,,ui\00_message\common\item_info.gmd,\ui\item_info.arc,item_info.arc,17024
0,,,,ui\00_message\common\item_info.gmd,\ui\item_info.arc,item_info.arc,17025
0,,,,ui\00_message\common\item_info.gmd,\ui\item_info.arc,item_info.arc,17026
0,,,,ui\00_message\common\item_info.gmd,\ui\item_info.arc,item_info.arc,17027
0,,,,ui\00_message\common\item_info.gmd,\ui\item_info.arc,item_info.arc,17028
0,,,,ui\00_message\common\item_info.gmd,\ui\item_info.arc,item_info.arc,17029
0,,,,ui\00_message\common\item_info.gmd,\ui\item_info.arc,item_info.arc,17030
0,,,,ui\00_message\common\item_info.gmd,\ui\item_info.arc,item_info.arc,17031
0,,,,ui\00_message\common\item_info.gmd,\ui\item_info.arc,item_info.arc,17032
0,,,,ui\00_message\common\item_info.gmd,\ui\item_info.arc,item_info.arc,17033
0,,,,ui\00_message\common\item_info.gmd,\ui\item_info.arc,item_info.arc,17034
0,,,,ui\00_message\common\item_info.gmd,\ui\item_info.arc,item_info.arc,17035
0,,,,ui\00_message\common\item_info.gmd,\ui\item_info.arc,item_info.arc,17036
0,,,,ui\00_message\common\item_info.gmd,\ui\item_info.arc,item_info.arc,17037
0,,,,ui\00_message\common\item_info.gmd,\ui\item_info.arc,item_info.arc,17038
0,,,,ui\00_message\common\item_info.gmd,\ui\item_info.arc,item_info.arc,17039
0,,,,ui\00_message\common\item_info.gmd,\ui\item_info.arc,item_info.arc,17040
0,,,,ui\00_message\common\item_info.gmd,\ui\item_info.arc,item_info.arc,17041
0,,,,ui\00_message\common\item_info.gmd,\ui\item_info.arc,item_info.arc,17042
0,,,,ui\00_message\common\item_info.gmd,\ui\item_info.arc,item_info.arc,17043
0,,,,ui\00_message\common\item_info.gmd,\ui\item_info.arc,item_info.arc,17044
0,,,,ui\00_message\common\item_info.gmd,\ui\item_info.arc,item_info.arc,17045
0,,,,ui\00_message\common\item_info.gmd,\ui\item_info.arc,item_info.arc,17046
0,,,,ui\00_message\common\item_info.gmd,\ui\item_info.arc,item_info.arc,17047
0,,,,ui\00_message\common\item_info.gmd,\ui\item_info.arc,item_info.arc,17048
0,,,,ui\00_message\common\item_info.gmd,\ui\item_info.arc,item_info.arc,17049
0,,,,ui\00_message\common\item_info.gmd,\ui\item_info.arc,item_info.arc,17050
0,,,,ui\00_message\common\item_info.gmd,\ui\item_info.arc,item_info.arc,17051
0,,,,ui\00_message\common\item_info.gmd,\ui\item_info.arc,item_info.arc,17052
0,,,,ui\00_message\common\item_info.gmd,\ui\item_info.arc,item_info.arc,17053
0,,,,ui\00_message\common\item_info.gmd,\ui\item_info.arc,item_info.arc,17054
0,,,,ui\00_message\common\item_info.gmd,\ui\item_info.arc,item_info.arc,17055
0,,,,ui\00_message\common\item_info.gmd,\ui\item_info.arc,item_info.arc,17056
0,,,,ui\00_message\common\item_info.gmd,\ui\item_info.arc,item_info.arc,17057
0,,,,ui\00_message\common\item_info.gmd,\ui\item_info.arc,item_info.arc,17058
0,,,,ui\00_message\common\item_info.gmd,\ui\item_info.arc,item_info.arc,17059
0,,,,ui\00_message\common\item_info.gmd,\ui\item_info.arc,item_info.arc,17060
0,,,,ui\00_message\common\item_info.gmd,\ui\item_info.arc,item_info.arc,17061
0,,,,ui\00_message\common\item_info.gmd,\ui\item_info.arc,item_info.arc,17062
0,,,,ui\00_message\common\item_info.gmd,\ui\item_info.arc,item_info.arc,17063
0,,,,ui\00_message\common\item_info.gmd,\ui\item_info.arc,item_info.arc,17064
0,,,,ui\00_message\common\item_info.gmd,\ui\item_info.arc,item_info.arc,17065
0,,,,ui\00_message\common\item_info.gmd,\ui\item_info.arc,item_info.arc,17066
0,,,,ui\00_message\common\item_info.gmd,\ui\item_info.arc,item_info.arc,17067
0,,,,ui\00_message\common\item_info.gmd,\ui\item_info.arc,item_info.arc,17068
0,,,,ui\00_message\common\item_info.gmd,\ui\item_info.arc,item_info.arc,17069
0,,,,ui\00_message\common\item_info.gmd,\ui\item_info.arc,item_info.arc,17070
0,,,,ui\00_message\common\item_info.gmd,\ui\item_info.arc,item_info.arc,17071
0,,,,ui\00_message\common\item_info.gmd,\ui\item_info.arc,item_info.arc,17072
0,,,,ui\00_message\common\item_info.gmd,\ui\item_info.arc,item_info.arc,17073
0,,,,ui\00_message\common\item_info.gmd,\ui\item_info.arc,item_info.arc,17074
0,,,,ui\00_message\common\item_info.gmd,\ui\item_info.arc,item_info.arc,17075
0,,,,ui\00_message\common\item_info.gmd,\ui\item_info.arc,item_info.arc,17076
0,,,,ui\00_message\common\item_info.gmd,\ui\item_info.arc,item_info.arc,17077
0,,,,ui\00_message\common\item_info.gmd,\ui\item_info.arc,item_info.arc,17078
0,,,,ui\00_message\common\item_info.gmd,\ui\item_info.arc,item_info.arc,17079
0,,,,ui\00_message\common\item_info.gmd,\ui\item_info.arc,item_info.arc,17080
0,,,,ui\00_message\common\item_info.gmd,\ui\item_info.arc,item_info.arc,17081
0,,,,ui\00_message\common\item_info.gmd,\ui\item_info.arc,item_info.arc,17082
0,,,,ui\00_message\common\item_info.gmd,\ui\item_info.arc,item_info.arc,17083
0,,,,ui\00_message\common\item_info.gmd,\ui\item_info.arc,item_info.arc,17084
0,,,,ui\00_message\common\item_info.gmd,\ui\item_info.arc,item_info.arc,17085
0,,,,ui\00_message\common\item_info.gmd,\ui\item_info.arc,item_info.arc,17086
0,,,,ui\00_message\common\item_info.gmd,\ui\item_info.arc,item_info.arc,17087
0,,,,ui\00_message\common\item_info.gmd,\ui\item_info.arc,item_info.arc,17088
0,,,,ui\00_message\common\item_info.gmd,\ui\item_info.arc,item_info.arc,17089
0,,,,ui\00_message\common\item_info.gmd,\ui\item_info.arc,item_info.arc,17090
0,,,,ui\00_message\common\item_info.gmd,\ui\item_info.arc,item_info.arc,17091
0,,,,ui\00_message\common\item_info.gmd,\ui\item_info.arc,item_info.arc,17092
0,,,,ui\00_message\common\item_info.gmd,\ui\item_info.arc,item_info.arc,17093
0,,,,ui\00_message\common\item_info.gmd,\ui\item_info.arc,item_info.arc,17094
0,,,,ui\00_message\common\item_info.gmd,\ui\item_info.arc,item_info.arc,17095
0,,,,ui\00_message\common\item_info.gmd,\ui\item_info.arc,item_info.arc,17096
0,,,,ui\00_message\common\item_info.gmd,\ui\item_info.arc,item_info.arc,17097
0,,,,ui\00_message\common\item_info.gmd,\ui\item_info.arc,item_info.arc,17098
0,,,,ui\00_message\common\item_info.gmd,\ui\item_info.arc,item_info.arc,17099
0,,,,ui\00_message\common\item_info.gmd,\ui\item_info.arc,item_info.arc,17100
0,,,,ui\00_message\common\item_info.gmd,\ui\item_info.arc,item_info.arc,17101
0,,,,ui\00_message\common\item_info.gmd,\ui\item_info.arc,item_info.arc,17102
0,,,,ui\00_message\common\item_info.gmd,\ui\item_info.arc,item_info.arc,17103
0,,,,ui\00_message\common\item_info.gmd,\ui\item_info.arc,item_info.arc,17104
0,,,,ui\00_message\common\item_info.gmd,\ui\item_info.arc,item_info.arc,17105
0,,,,ui\00_message\common\item_info.gmd,\ui\item_info.arc,item_info.arc,17106
0,,,,ui\00_message\common\item_info.gmd,\ui\item_info.arc,item_info.arc,17107
0,,,,ui\00_message\common\item_info.gmd,\ui\item_info.arc,item_info.arc,17108
0,,,,ui\00_message\common\item_info.gmd,\ui\item_info.arc,item_info.arc,17109
0,,,,ui\00_message\common\item_info.gmd,\ui\item_info.arc,item_info.arc,17110
0,,,,ui\00_message\common\item_info.gmd,\ui\item_info.arc,item_info.arc,17111
0,,,,ui\00_message\common\item_info.gmd,\ui\item_info.arc,item_info.arc,17112
0,,,,ui\00_message\common\item_info.gmd,\ui\item_info.arc,item_info.arc,17113
0,,,,ui\00_message\common\item_info.gmd,\ui\item_info.arc,item_info.arc,17114
0,,,,ui\00_message\common\item_info.gmd,\ui\item_info.arc,item_info.arc,17115
0,,,,ui\00_message\common\item_info.gmd,\ui\item_info.arc,item_info.arc,17116
0,,,,ui\00_message\common\item_info.gmd,\ui\item_info.arc,item_info.arc,17117
0,,,,ui\00_message\common\item_info.gmd,\ui\item_info.arc,item_info.arc,17118
0,,,,ui\00_message\common\item_info.gmd,\ui\item_info.arc,item_info.arc,17119
0,,,,ui\00_message\common\item_info.gmd,\ui\item_info.arc,item_info.arc,17120
0,,,,ui\00_message\common\item_info.gmd,\ui\item_info.arc,item_info.arc,17121
0,,,,ui\00_message\common\item_info.gmd,\ui\item_info.arc,item_info.arc,17122
0,,,,ui\00_message\common\item_info.gmd,\ui\item_info.arc,item_info.arc,17123
0,,,,ui\00_message\common\item_info.gmd,\ui\item_info.arc,item_info.arc,17124
0,,,,ui\00_message\common\item_info.gmd,\ui\item_info.arc,item_info.arc,17125
0,,,,ui\00_message\common\item_info.gmd,\ui\item_info.arc,item_info.arc,17126
0,,,,ui\00_message\common\item_info.gmd,\ui\item_info.arc,item_info.arc,17127
0,,,,ui\00_message\common\item_info.gmd,\ui\item_info.arc,item_info.arc,17128
0,,,,ui\00_message\common\item_info.gmd,\ui\item_info.arc,item_info.arc,17129
0,,,,ui\00_message\common\item_info.gmd,\ui\item_info.arc,item_info.arc,17130
0,,,,ui\00_message\common\item_info.gmd,\ui\item_info.arc,item_info.arc,17131
0,,,,ui\00_message\common\item_info.gmd,\ui\item_info.arc,item_info.arc,17132
0,,,,ui\00_message\common\item_info.gmd,\ui\item_info.arc,item_info.arc,17133
0,,,,ui\00_message\common\item_info.gmd,\ui\item_info.arc,item_info.arc,17134
0,,,,ui\00_message\common\item_info.gmd,\ui\item_info.arc,item_info.arc,17135
0,,,,ui\00_message\common\item_info.gmd,\ui\item_info.arc,item_info.arc,17136
0,,,,ui\00_message\common\item_info.gmd,\ui\item_info.arc,item_info.arc,17137
0,,,,ui\00_message\common\item_info.gmd,\ui\item_info.arc,item_info.arc,17138
0,,,,ui\00_message\common\item_info.gmd,\ui\item_info.arc,item_info.arc,17139
0,,,,ui\00_message\common\item_info.gmd,\ui\item_info.arc,item_info.arc,17140
0,,,,ui\00_message\common\item_info.gmd,\ui\item_info.arc,item_info.arc,17141
0,,,,ui\00_message\common\item_info.gmd,\ui\item_info.arc,item_info.arc,17142
0,,,,ui\00_message\common\item_info.gmd,\ui\item_info.arc,item_info.arc,17143
0,,,,ui\00_message\common\item_info.gmd,\ui\item_info.arc,item_info.arc,17144
0,,,,ui\00_message\common\item_info.gmd,\ui\item_info.arc,item_info.arc,17145
0,,,,ui\00_message\common\item_info.gmd,\ui\item_info.arc,item_info.arc,17146
0,,,,ui\00_message\common\item_info.gmd,\ui\item_info.arc,item_info.arc,17147
0,,,,ui\00_message\common\item_info.gmd,\ui\item_info.arc,item_info.arc,17148
0,,,,ui\00_message\common\item_info.gmd,\ui\item_info.arc,item_info.arc,17149
0,,,,ui\00_message\common\item_info.gmd,\ui\item_info.arc,item_info.arc,17150
0,,,,ui\00_message\common\item_info.gmd,\ui\item_info.arc,item_info.arc,17151
0,,,,ui\00_message\common\item_info.gmd,\ui\item_info.arc,item_info.arc,17152
0,,,,ui\00_message\common\item_info.gmd,\ui\item_info.arc,item_info.arc,17153
0,,,,ui\00_message\common\item_info.gmd,\ui\item_info.arc,item_info.arc,17154
0,,,,ui\00_message\common\item_info.gmd,\ui\item_info.arc,item_info.arc,17155
0,,,,ui\00_message\common\item_info.gmd,\ui\item_info.arc,item_info.arc,17156
0,,,,ui\00_message\common\item_info.gmd,\ui\item_info.arc,item_info.arc,17157
0,,,,ui\00_message\common\item_info.gmd,\ui\item_info.arc,item_info.arc,17158
0,,,,ui\00_message\common\item_info.gmd,\ui\item_info.arc,item_info.arc,17159
0,,,,ui\00_message\common\item_info.gmd,\ui\item_info.arc,item_info.arc,17160
0,,,,ui\00_message\common\item_info.gmd,\ui\item_info.arc,item_info.arc,17161
0,,,,ui\00_message\common\item_info.gmd,\ui\item_info.arc,item_info.arc,17162
0,,,,ui\00_message\common\item_info.gmd,\ui\item_info.arc,item_info.arc,17163
0,,,,ui\00_message\common\item_info.gmd,\ui\item_info.arc,item_info.arc,17164
0,,,,ui\00_message\common\item_info.gmd,\ui\item_info.arc,item_info.arc,17165
0,,,,ui\00_message\common\item_info.gmd,\ui\item_info.arc,item_info.arc,17166
0,,,,ui\00_message\common\item_info.gmd,\ui\item_info.arc,item_info.arc,17167
0,,,,ui\00_message\common\item_info.gmd,\ui\item_info.arc,item_info.arc,17168
0,,,,ui\00_message\common\item_info.gmd,\ui\item_info.arc,item_info.arc,17169
0,,,,ui\00_message\common\item_info.gmd,\ui\item_info.arc,item_info.arc,17170
0,,,,ui\00_message\common\item_info.gmd,\ui\item_info.arc,item_info.arc,17171
0,,,,ui\00_message\common\item_info.gmd,\ui\item_info.arc,item_info.arc,17172
0,,,,ui\00_message\common\item_info.gmd,\ui\item_info.arc,item_info.arc,17173
0,,,,ui\00_message\common\item_info.gmd,\ui\item_info.arc,item_info.arc,17174
0,,,,ui\00_message\common\item_info.gmd,\ui\item_info.arc,item_info.arc,17175
0,,,,ui\00_message\common\item_info.gmd,\ui\item_info.arc,item_info.arc,17176
0,,,,ui\00_message\common\item_info.gmd,\ui\item_info.arc,item_info.arc,17177
0,,,,ui\00_message\common\item_info.gmd,\ui\item_info.arc,item_info.arc,17178
0,,,,ui\00_message\common\item_info.gmd,\ui\item_info.arc,item_info.arc,17179
0,,,,ui\00_message\common\item_info.gmd,\ui\item_info.arc,item_info.arc,17180
0,,,,ui\00_message\common\item_info.gmd,\ui\item_info.arc,item_info.arc,17181
0,,,,ui\00_message\common\item_info.gmd,\ui\item_info.arc,item_info.arc,17182
0,,,,ui\00_message\common\item_info.gmd,\ui\item_info.arc,item_info.arc,17183
0,,,,ui\00_message\common\item_info.gmd,\ui\item_info.arc,item_info.arc,17184
0,,,,ui\00_message\common\item_info.gmd,\ui\item_info.arc,item_info.arc,17185
0,,,,ui\00_message\common\item_info.gmd,\ui\item_info.arc,item_info.arc,17186
0,,,,ui\00_message\common\item_info.gmd,\ui\item_info.arc,item_info.arc,17187
0,,,,ui\00_message\common\item_info.gmd,\ui\item_info.arc,item_info.arc,17188
0,,,,ui\00_message\common\item_info.gmd,\ui\item_info.arc,item_info.arc,17189
0,,,,ui\00_message\common\item_info.gmd,\ui\item_info.arc,item_info.arc,17190
0,,,,ui\00_message\common\item_info.gmd,\ui\item_info.arc,item_info.arc,17191
0,,,,ui\00_message\common\item_info.gmd,\ui\item_info.arc,item_info.arc,17192
0,,,,ui\00_message\common\item_info.gmd,\ui\item_info.arc,item_info.arc,17193
0,,,,ui\00_message\common\item_info.gmd,\ui\item_info.arc,item_info.arc,17194
0,,,,ui\00_message\common\item_info.gmd,\ui\item_info.arc,item_info.arc,17195
0,,,,ui\00_message\common\item_info.gmd,\ui\item_info.arc,item_info.arc,17196
0,,,,ui\00_message\common\item_info.gmd,\ui\item_info.arc,item_info.arc,17197
0,,,,ui\00_message\common\item_info.gmd,\ui\item_info.arc,item_info.arc,17198
0,,,,ui\00_message\common\item_info.gmd,\ui\item_info.arc,item_info.arc,17199
0,,,,ui\00_message\common\item_info.gmd,\ui\item_info.arc,item_info.arc,17200
0,,,,ui\00_message\common\item_info.gmd,\ui\item_info.arc,item_info.arc,17201
0,,,,ui\00_message\common\item_info.gmd,\ui\item_info.arc,item_info.arc,17202
0,,,,ui\00_message\common\item_info.gmd,\ui\item_info.arc,item_info.arc,17203
0,,,,ui\00_message\common\item_info.gmd,\ui\item_info.arc,item_info.arc,17204
0,,,,ui\00_message\common\item_info.gmd,\ui\item_info.arc,item_info.arc,17205
0,,,,ui\00_message\common\item_info.gmd,\ui\item_info.arc,item_info.arc,17206
0,,,,ui\00_message\common\item_info.gmd,\ui\item_info.arc,item_info.arc,17207
0,,,,ui\00_message\common\item_info.gmd,\ui\item_info.arc,item_info.arc,17208
0,,,,ui\00_message\common\item_info.gmd,\ui\item_info.arc,item_info.arc,17209
0,,,,ui\00_message\common\item_info.gmd,\ui\item_info.arc,item_info.arc,17210
0,,,,ui\00_message\common\item_info.gmd,\ui\item_info.arc,item_info.arc,17211
0,,,,ui\00_message\common\item_info.gmd,\ui\item_info.arc,item_info.arc,17212
0,,,,ui\00_message\common\item_info.gmd,\ui\item_info.arc,item_info.arc,17213
0,,,,ui\00_message\common\item_info.gmd,\ui\item_info.arc,item_info.arc,17214
0,,,,ui\00_message\common\item_info.gmd,\ui\item_info.arc,item_info.arc,17215
0,,,,ui\00_message\common\item_info.gmd,\ui\item_info.arc,item_info.arc,17216
0,,,,ui\00_message\common\item_info.gmd,\ui\item_info.arc,item_info.arc,17217
0,,,,ui\00_message\common\item_info.gmd,\ui\item_info.arc,item_info.arc,17218
0,,,,ui\00_message\common\item_info.gmd,\ui\item_info.arc,item_info.arc,17219
0,,,,ui\00_message\common\item_info.gmd,\ui\item_info.arc,item_info.arc,17220
0,,,,ui\00_message\common\item_info.gmd,\ui\item_info.arc,item_info.arc,17221
0,,,,ui\00_message\common\item_info.gmd,\ui\item_info.arc,item_info.arc,17222
0,,,,ui\00_message\common\item_info.gmd,\ui\item_info.arc,item_info.arc,17223
0,,,,ui\00_message\common\item_info.gmd,\ui\item_info.arc,item_info.arc,17224
0,,,,ui\00_message\common\item_info.gmd,\ui\item_info.arc,item_info.arc,17225
0,,,,ui\00_message\common\item_info.gmd,\ui\item_info.arc,item_info.arc,17226
0,,,,ui\00_message\common\item_info.gmd,\ui\item_info.arc,item_info.arc,17227
0,,,,ui\00_message\common\item_info.gmd,\ui\item_info.arc,item_info.arc,17228
0,,,,ui\00_message\common\item_info.gmd,\ui\item_info.arc,item_info.arc,17229
0,,,,ui\00_message\common\item_info.gmd,\ui\item_info.arc,item_info.arc,17230
0,,,,ui\00_message\common\item_info.gmd,\ui\item_info.arc,item_info.arc,17231
0,,,,ui\00_message\common\item_info.gmd,\ui\item_info.arc,item_info.arc,17232
0,,,,ui\00_message\common\item_info.gmd,\ui\item_info.arc,item_info.arc,17233
0,,,,ui\00_message\common\item_info.gmd,\ui\item_info.arc,item_info.arc,17234
0,,,,ui\00_message\common\item_info.gmd,\ui\item_info.arc,item_info.arc,17235
0,,,,ui\00_message\common\item_info.gmd,\ui\item_info.arc,item_info.arc,17236
0,,,,ui\00_message\common\item_info.gmd,\ui\item_info.arc,item_info.arc,17237
0,,,,ui\00_message\common\item_info.gmd,\ui\item_info.arc,item_info.arc,17238
0,,,,ui\00_message\common\item_info.gmd,\ui\item_info.arc,item_info.arc,17239
0,,,,ui\00_message\common\item_info.gmd,\ui\item_info.arc,item_info.arc,17240
0,,,,ui\00_message\common\item_info.gmd,\ui\item_info.arc,item_info.arc,17241
0,,,,ui\00_message\common\item_info.gmd,\ui\item_info.arc,item_info.arc,17242
0,,,,ui\00_message\common\item_info.gmd,\ui\item_info.arc,item_info.arc,17243
0,,,,ui\00_message\common\item_info.gmd,\ui\item_info.arc,item_info.arc,17244
0,,,,ui\00_message\common\item_info.gmd,\ui\item_info.arc,item_info.arc,17245
0,,,,ui\00_message\common\item_info.gmd,\ui\item_info.arc,item_info.arc,17246
0,,,,ui\00_message\common\item_info.gmd,\ui\item_info.arc,item_info.arc,17247
0,,,,ui\00_message\common\item_info.gmd,\ui\item_info.arc,item_info.arc,17248
0,,,,ui\00_message\common\item_info.gmd,\ui\item_info.arc,item_info.arc,17249
0,,,,ui\00_message\common\item_info.gmd,\ui\item_info.arc,item_info.arc,17250
0,,,,ui\00_message\common\item_info.gmd,\ui\item_info.arc,item_info.arc,17251
0,,,,ui\00_message\common\item_info.gmd,\ui\item_info.arc,item_info.arc,17252
0,,,,ui\00_message\common\item_info.gmd,\ui\item_info.arc,item_info.arc,17253
0,,,,ui\00_message\common\item_info.gmd,\ui\item_info.arc,item_info.arc,17254
0,,,,ui\00_message\common\item_info.gmd,\ui\item_info.arc,item_info.arc,17255
0,,,,ui\00_message\common\item_info.gmd,\ui\item_info.arc,item_info.arc,17256
0,,,,ui\00_message\common\item_info.gmd,\ui\item_info.arc,item_info.arc,17257
0,,,,ui\00_message\common\item_info.gmd,\ui\item_info.arc,item_info.arc,17258
0,,,,ui\00_message\common\item_info.gmd,\ui\item_info.arc,item_info.arc,17259
0,,,,ui\00_message\common\item_info.gmd,\ui\item_info.arc,item_info.arc,17260
0,,,,ui\00_message\common\item_info.gmd,\ui\item_info.arc,item_info.arc,17261
0,,,,ui\00_message\common\item_info.gmd,\ui\item_info.arc,item_info.arc,17262
0,,,,ui\00_message\common\item_info.gmd,\ui\item_info.arc,item_info.arc,17263
0,,,,ui\00_message\common\item_info.gmd,\ui\item_info.arc,item_info.arc,17264
0,,,,ui\00_message\common\item_info.gmd,\ui\item_info.arc,item_info.arc,17265
0,,,,ui\00_message\common\item_info.gmd,\ui\item_info.arc,item_info.arc,17266
0,,,,ui\00_message\common\item_info.gmd,\ui\item_info.arc,item_info.arc,17267
0,,,,ui\00_message\common\item_info.gmd,\ui\item_info.arc,item_info.arc,17268
0,,,,ui\00_message\common\item_info.gmd,\ui\item_info.arc,item_info.arc,17269
0,,,,ui\00_message\common\item_info.gmd,\ui\item_info.arc,item_info.arc,17270
0,,,,ui\00_message\common\item_info.gmd,\ui\item_info.arc,item_info.arc,17271
0,,,,ui\00_message\common\item_info.gmd,\ui\item_info.arc,item_info.arc,17272
0,,,,ui\00_message\common\item_info.gmd,\ui\item_info.arc,item_info.arc,17273
0,,,,ui\00_message\common\item_info.gmd,\ui\item_info.arc,item_info.arc,17274
0,,,,ui\00_message\common\item_info.gmd,\ui\item_info.arc,item_info.arc,17275
0,,,,ui\00_message\common\item_info.gmd,\ui\item_info.arc,item_info.arc,17276
0,,,,ui\00_message\common\item_info.gmd,\ui\item_info.arc,item_info.arc,17277
0,,,,ui\00_message\common\item_info.gmd,\ui\item_info.arc,item_info.arc,17278
0,,,,ui\00_message\common\item_info.gmd,\ui\item_info.arc,item_info.arc,17279
0,,,,ui\00_message\common\item_info.gmd,\ui\item_info.arc,item_info.arc,17280
0,,,,ui\00_message\common\item_info.gmd,\ui\item_info.arc,item_info.arc,17281
0,,,,ui\00_message\common\item_info.gmd,\ui\item_info.arc,item_info.arc,17282
0,,,,ui\00_message\common\item_info.gmd,\ui\item_info.arc,item_info.arc,17283
0,,,,ui\00_message\common\item_info.gmd,\ui\item_info.arc,item_info.arc,17284
0,,,,ui\00_message\common\item_info.gmd,\ui\item_info.arc,item_info.arc,17285
0,,,,ui\00_message\common\item_info.gmd,\ui\item_info.arc,item_info.arc,17286
0,,,,ui\00_message\common\item_info.gmd,\ui\item_info.arc,item_info.arc,17287
0,,,,ui\00_message\common\item_info.gmd,\ui\item_info.arc,item_info.arc,17288
0,,,,ui\00_message\common\item_info.gmd,\ui\item_info.arc,item_info.arc,17289
0,,,,ui\00_message\common\item_info.gmd,\ui\item_info.arc,item_info.arc,17290
0,,,,ui\00_message\common\item_info.gmd,\ui\item_info.arc,item_info.arc,17291
0,,,,ui\00_message\common\item_info.gmd,\ui\item_info.arc,item_info.arc,17292
0,,,,ui\00_message\common\item_info.gmd,\ui\item_info.arc,item_info.arc,17293
0,,,,ui\00_message\common\item_info.gmd,\ui\item_info.arc,item_info.arc,17294
0,,,,ui\00_message\common\item_info.gmd,\ui\item_info.arc,item_info.arc,17295
0,,,,ui\00_message\common\item_info.gmd,\ui\item_info.arc,item_info.arc,17296
0,,,,ui\00_message\common\item_info.gmd,\ui\item_info.arc,item_info.arc,17297
0,,,,ui\00_message\common\item_info.gmd,\ui\item_info.arc,item_info.arc,17298
0,,,,ui\00_message\common\item_info.gmd,\ui\item_info.arc,item_info.arc,17299
0,,,,ui\00_message\common\item_info.gmd,\ui\item_info.arc,item_info.arc,17300
0,,,,ui\00_message\common\item_info.gmd,\ui\item_info.arc,item_info.arc,17301
0,,,,ui\00_message\common\item_info.gmd,\ui\item_info.arc,item_info.arc,17302
0,,,,ui\00_message\common\item_info.gmd,\ui\item_info.arc,item_info.arc,17303
0,,,,ui\00_message\common\item_info.gmd,\ui\item_info.arc,item_info.arc,17304
0,,,,ui\00_message\common\item_info.gmd,\ui\item_info.arc,item_info.arc,17305
0,,,,ui\00_message\common\item_info.gmd,\ui\item_info.arc,item_info.arc,17306
0,,,,ui\00_message\common\item_info.gmd,\ui\item_info.arc,item_info.arc,17307
0,,,,ui\00_message\common\item_info.gmd,\ui\item_info.arc,item_info.arc,17308
0,,,,ui\00_message\common\item_info.gmd,\ui\item_info.arc,item_info.arc,17309
0,,,,ui\00_message\common\item_info.gmd,\ui\item_info.arc,item_info.arc,17310
0,,,,ui\00_message\common\item_info.gmd,\ui\item_info.arc,item_info.arc,17311
0,,,,ui\00_message\common\item_info.gmd,\ui\item_info.arc,item_info.arc,17312
0,,,,ui\00_message\common\item_info.gmd,\ui\item_info.arc,item_info.arc,17313
0,,,,ui\00_message\common\item_info.gmd,\ui\item_info.arc,item_info.arc,17314
0,,,,ui\00_message\common\item_info.gmd,\ui\item_info.arc,item_info.arc,17315
0,,,,ui\00_message\common\item_info.gmd,\ui\item_info.arc,item_info.arc,17316
0,,,,ui\00_message\common\item_info.gmd,\ui\item_info.arc,item_info.arc,17317
0,,,,ui\00_message\common\item_info.gmd,\ui\item_info.arc,item_info.arc,17318
0,,,,ui\00_message\common\item_info.gmd,\ui\item_info.arc,item_info.arc,17319
0,,,,ui\00_message\common\item_info.gmd,\ui\item_info.arc,item_info.arc,17320
0,,,,ui\00_message\common\item_info.gmd,\ui\item_info.arc,item_info.arc,17321
0,,,,ui\00_message\common\item_info.gmd,\ui\item_info.arc,item_info.arc,17322
0,,,,ui\00_message\common\item_info.gmd,\ui\item_info.arc,item_info.arc,17323
0,,,,ui\00_message\common\item_info.gmd,\ui\item_info.arc,item_info.arc,17324
0,,,,ui\00_message\common\item_info.gmd,\ui\item_info.arc,item_info.arc,17325
0,,,,ui\00_message\common\item_info.gmd,\ui\item_info.arc,item_info.arc,17326
0,,,,ui\00_message\common\item_info.gmd,\ui\item_info.arc,item_info.arc,17327
0,,,,ui\00_message\common\item_info.gmd,\ui\item_info.arc,item_info.arc,17328
0,,,,ui\00_message\common\item_info.gmd,\ui\item_info.arc,item_info.arc,17329
0,,,,ui\00_message\common\item_info.gmd,\ui\item_info.arc,item_info.arc,17330
0,,,,ui\00_message\common\item_info.gmd,\ui\item_info.arc,item_info.arc,17331
0,,,,ui\00_message\common\item_info.gmd,\ui\item_info.arc,item_info.arc,17332
0,,,,ui\00_message\common\item_info.gmd,\ui\item_info.arc,item_info.arc,17333
0,,,,ui\00_message\common\item_info.gmd,\ui\item_info.arc,item_info.arc,17334
0,,,,ui\00_message\common\item_info.gmd,\ui\item_info.arc,item_info.arc,17335
0,,,,ui\00_message\common\item_info.gmd,\ui\item_info.arc,item_info.arc,17336
0,,,,ui\00_message\common\item_info.gmd,\ui\item_info.arc,item_info.arc,17337
0,,,,ui\00_message\common\item_info.gmd,\ui\item_info.arc,item_info.arc,17338
0,,,,ui\00_message\common\item_info.gmd,\ui\item_info.arc,item_info.arc,17339
0,,,,ui\00_message\common\item_info.gmd,\ui\item_info.arc,item_info.arc,17340
0,,,,ui\00_message\common\item_info.gmd,\ui\item_info.arc,item_info.arc,17341
0,,,,ui\00_message\common\item_info.gmd,\ui\item_info.arc,item_info.arc,17342
0,,,,ui\00_message\common\item_info.gmd,\ui\item_info.arc,item_info.arc,17343
0,,,,ui\00_message\common\item_info.gmd,\ui\item_info.arc,item_info.arc,17344
0,,,,ui\00_message\common\item_info.gmd,\ui\item_info.arc,item_info.arc,17345
0,,,,ui\00_message\common\item_info.gmd,\ui\item_info.arc,item_info.arc,17346
0,,,,ui\00_message\common\item_info.gmd,\ui\item_info.arc,item_info.arc,17347
0,,,,ui\00_message\common\item_info.gmd,\ui\item_info.arc,item_info.arc,17348
0,,,,ui\00_message\common\item_info.gmd,\ui\item_info.arc,item_info.arc,17349
0,,,,ui\00_message\common\item_info.gmd,\ui\item_info.arc,item_info.arc,17350
0,,,,ui\00_message\common\item_info.gmd,\ui\item_info.arc,item_info.arc,17351
0,,,,ui\00_message\common\item_info.gmd,\ui\item_info.arc,item_info.arc,17352
0,,,,ui\00_message\common\item_info.gmd,\ui\item_info.arc,item_info.arc,17353
0,,,,ui\00_message\common\item_info.gmd,\ui\item_info.arc,item_info.arc,17354
0,,,,ui\00_message\common\item_info.gmd,\ui\item_info.arc,item_info.arc,17355
0,,,,ui\00_message\common\item_info.gmd,\ui\item_info.arc,item_info.arc,17356
0,,,,ui\00_message\common\item_info.gmd,\ui\item_info.arc,item_info.arc,17357
0,,,,ui\00_message\common\item_info.gmd,\ui\item_info.arc,item_info.arc,17358
0,,,,ui\00_message\common\item_info.gmd,\ui\item_info.arc,item_info.arc,17359
0,,,,ui\00_message\common\item_info.gmd,\ui\item_info.arc,item_info.arc,17360
0,,,,ui\00_message\common\item_info.gmd,\ui\item_info.arc,item_info.arc,17361
0,,,,ui\00_message\common\item_info.gmd,\ui\item_info.arc,item_info.arc,17362
0,,,,ui\00_message\common\item_info.gmd,\ui\item_info.arc,item_info.arc,17363
0,,,,ui\00_message\common\item_info.gmd,\ui\item_info.arc,item_info.arc,17364
0,,,,ui\00_message\common\item_info.gmd,\ui\item_info.arc,item_info.arc,17365
0,,,,ui\00_message\common\item_info.gmd,\ui\item_info.arc,item_info.arc,17366
0,,,,ui\00_message\common\item_info.gmd,\ui\item_info.arc,item_info.arc,17367
0,,,,ui\00_message\common\item_info.gmd,\ui\item_info.arc,item_info.arc,17368
0,,,,ui\00_message\common\item_info.gmd,\ui\item_info.arc,item_info.arc,17369
0,,,,ui\00_message\common\item_info.gmd,\ui\item_info.arc,item_info.arc,17370