#Index,Key,MsgJp,MsgEn,GmdPath,ArcPath,ArcName,ReadIndex
0,,,,ui\00_message\common\item_info.gmd,\ui\item_info.arc,item_info.arc,19371
0,,,,ui\00_message\common\item_info.gmd,\ui\item_info.arc,item_info.arc,19372
0,,,,ui\00_message\common\item_info.gmd,\ui\item_info.arc,item_info.arc,19373
0,,,,ui\00_message\common\item_info.gmd,\ui\item_info.arc,item_info.arc,19374
0,,,,ui\00_message\common\item_info.gmd,\ui\item_info.arc,item_info.arc,19375
0,,,,ui\00_message\common\item_info.gmd,\ui\item_info.arc,item_info.arc,19376
0,,,,ui\00_message\common\item_info.gmd,\ui\item_info.arc,item_info.arc,19377
0,,,,ui\00_message\common\item_info.gmd,\ui\item_info.arc,item_info.arc,19378
0,,,,ui\00_message\common\item_info.gmd,\ui\item_info.arc,item_info.arc,19379
0,,,,ui\00_message\common\item_info.gmd,\ui\item_info.arc,item_info.arc,19380
0,,,,ui\00_message\common\item_info.gmd,\ui\item_info.arc,item_info.arc,19381
0,,,,ui\00_message\common\item_info.gmd,\ui\item_info.arc,item_info.arc,19382
0,,,,ui\00_message\common\item_info.gmd,\ui\item_info.arc,item_info.arc,19383
0,,,,ui\00_message\common\item_info.gmd,\ui\item_info.arc,item_info.arc,19384
0,,,,ui\00_message\common\item_info.gmd,\ui\item_info.arc,item_info.arc,19385
0,,,,ui\00_message\common\item_info.gmd,\ui\item_info.arc,item_info.arc,19386
0,,,,ui\00_message\common\item_info.gmd,\ui\item_info.arc,item_info.arc,19387
0,,,,ui\00_message\common\item_info.gmd,\ui\item_info.arc,item_info.arc,19388
0,,,,ui\00_message\common\item_info.gmd,\ui\item_info.arc,item_info.arc,19389
0,,,,ui\00_message\common\item_info.gmd,\ui\item_info.arc,item_info.arc,19390
0,,,,ui\00_message\common\item_info.gmd,\ui\item_info.arc,item_info.arc,19391
0,,,,ui\00_message\common\item_info.gmd,\ui\item_info.arc,item_info.arc,19392
0,,,,ui\00_message\common\item_info.gmd,\ui\item_info.arc,item_info.arc,19393
0,,,,ui\00_message\common\item_info.gmd,\ui\item_info.arc,item_info.arc,19394
0,,,,ui\00_message\common\item_info.gmd,\ui\item_info.arc,item_info.arc,19395
0,,,,ui\00_message\common\item_info.gmd,\ui\item_info.arc,item_info.arc,19396
0,,,,ui\00_message\common\item_info.gmd,\ui\item_info.arc,item_info.arc,19397
0,,,,ui\00_message\common\item_info.gmd,\ui\item_info.arc,item_info.arc,19398
0,,,,ui\00_message\common\item_info.gmd,\ui\item_info.arc,item_info.arc,19399
0,,,,ui\00_message\common\item_info.gmd,\ui\item_info.arc,item_info.arc,19400
0,,,,ui\00_message\common\item_info.gmd,\ui\item_info.arc,item_info.arc,19401
0,,,,ui\00_message\common\item_info.gmd,\ui\item_info.arc,item_info.arc,19402
0,,,,ui\00_message\common\item_info.gmd,\ui\item_info.arc,item_info.arc,19403
0,,,,ui\00_message\common\item_info.gmd,\ui\item_info.arc,item_info.arc,19404
0,,,,ui\00_message\common\item_info.gmd,\ui\item_info.arc,item_info.arc,19405
0,,,,ui\00_message\common\item_info.gmd,\ui\item_info.arc,item_info.arc,19406
0,,,,ui\00_message\common\item_info.gmd,\ui\item_info.arc,item_info.arc,19407
0,,,,ui\00_message\common\item_info.gmd,\ui\item_info.arc,item_info.arc,19408
0,,,,ui\00_message\common\item_info.gmd,\ui\item_info.arc,item_info.arc,19409
0,,,,ui\00_message\common\item_info.gmd,\ui\item_info.arc,item_info.arc,19410
0,,,,ui\00_message\common\item_info.gmd,\ui\item_info.arc,item_info.arc,19411
0,,,,ui\00_message\common\item_info.gmd,\ui\item_info.arc,item_info.arc,19412
0,,,,ui\00_message\common\item_info.gmd,\ui\item_info.arc,item_info.arc,19413
0,,,,ui\00_message\common\item_info.gmd,\ui\item_info.arc,item_info.arc,19414
0,,,,ui\00_message\common\item_info.gmd,\ui\item_info.arc,item_info.arc,19415
0,,,,ui\00_message\common\item_info.gmd,\ui\item_info.arc,item_info.arc,19416
0,,,,ui\00_message\common\item_info.gmd,\ui\item_info.arc,item_info.arc,19417
0,,,,ui\00_message\common\item_info.gmd,\ui\item_info.arc,item_info.arc,19418
0,,,,ui\00_message\common\item_info.gmd,\ui\item_info.arc,item_info.arc,19419
0,,,,ui\00_message\common\item_info.gmd,\ui\item_info.arc,item_info.arc,19420
0,,,,ui\00_message\common\item_info.gmd,\ui\item_info.arc,item_info.arc,19421
0,,,,ui\00_message\common\item_info.gmd,\ui\item_info.arc,item_info.arc,19422
0,,,,ui\00_message\common\item_info.gmd,\ui\item_info.arc,item_info.arc,19423
0,,,,ui\00_message\common\item_info.gmd,\ui\item_info.arc,item_info.arc,19424
0,,,,ui\00_message\common\item_info.gmd,\ui\item_info.arc,item_info.arc,19425
0,,,,ui\00_message\common\item_info.gmd,\ui\item_info.arc,item_info.arc,19426
0,,,,ui\00_message\common\item_info.gmd,\ui\item_info.arc,item_info.arc,19427
0,,,,ui\00_message\common\item_info.gmd,\ui\item_info.arc,item_info.arc,19428
0,,,,ui\00_message\common\item_info.gmd,\ui\item_info.arc,item_info.arc,19429
0,,,,ui\00_message\common\item_info.gmd,\ui\item_info.arc,item_info.arc,19430
0,,,,ui\00_message\common\item_info.gmd,\ui\item_info.arc,item_info.arc,19431
0,,,,ui\00_message\common\item_info.gmd,\ui\item_info.arc,item_info.arc,19432
0,,,,ui\00_message\common\item_info.gmd,\ui\item_info.arc,item_info.arc,19433
0,,,,ui\00_message\common\item_info.gmd,\ui\item_info.arc,item_info.arc,19434
0,,,,ui\00_message\common\item_info.gmd,\ui\item_info.arc,item_info.arc,19435
0,,,,ui\00_message\common\item_info.gmd,\ui\item_info.arc,item_info.arc,19436
0,,,,ui\00_message\common\item_info.gmd,\ui\item_info.arc,item_info.arc,19437
0,,,,ui\00_message\common\item_info.gmd,\ui\item_info.arc,item_info.arc,19438
0,,,,ui\00_message\common\item_info.gmd,\ui\item_info.arc,item_info.arc,19439
0,,,,ui\00_message\common\item_info.gmd,\ui\item_info.arc,item_info.arc,19440
0,,,,ui\00_message\common\item_info.gmd,\ui\item_info.arc,item_info.arc,19441
0,,,,ui\00_message\common\item_info.gmd,\ui\item_info.arc,item_info.arc,19442
0,,,,ui\00_message\common\item_info.gmd,\ui\item_info.arc,item_info.arc,19443
0,,,,ui\00_message\common\item_info.gmd,\ui\item_info.arc,item_info.arc,19444
0,,,,ui\00_message\common\item_info.gmd,\ui\item_info.arc,item_info.arc,19445
0,,,,ui\00_message\common\item_info.gmd,\ui\item_info.arc,item_info.arc,19446
0,,,,ui\00_message\common\item_info.gmd,\ui\item_info.arc,item_info.arc,19447
0,,,,ui\00_message\common\item_info.gmd,\ui\item_info.arc,item_info.arc,19448
0,,,,ui\00_message\common\item_info.gmd,\ui\item_info.arc,item_info.arc,19449
0,,,,ui\00_message\common\item_info.gmd,\ui\item_info.arc,item_info.arc,19450
0,,,,ui\00_message\common\item_info.gmd,\ui\item_info.arc,item_info.arc,19451
0,,,,ui\00_message\common\item_info.gmd,\ui\item_info.arc,item_info.arc,19452
0,,,,ui\00_message\common\item_info.gmd,\ui\item_info.arc,item_info.arc,19453
0,,,,ui\00_message\common\item_info.gmd,\ui\item_info.arc,item_info.arc,19454
0,,,,ui\00_message\common\item_info.gmd,\ui\item_info.arc,item_info.arc,19455
0,,,,ui\00_message\common\item_info.gmd,\ui\item_info.arc,item_info.arc,19456
0,,,,ui\00_message\common\item_info.gmd,\ui\item_info.arc,item_info.arc,19457
0,,,,ui\00_message\common\item_info.gmd,\ui\item_info.arc,item_info.arc,19458
0,,,,ui\00_message\common\item_info.gmd,\ui\item_info.arc,item_info.arc,19459
0,,,,ui\00_message\common\item_info.gmd,\ui\item_info.arc,item_info.arc,19460
0,,,,ui\00_message\common\item_info.gmd,\ui\item_info.arc,item_info.arc,19461
0,,,,ui\00_message\common\item_info.gmd,\ui\item_info.arc,item_info.arc,19462
0,,,,ui\00_message\common\item_info.gmd,\ui\item_info.arc,item_info.arc,19463
0,,,,ui\00_message\common\item_info.gmd,\ui\item_info.arc,item_info.arc,19464
0,,,,ui\00_message\common\item_info.gmd,\ui\item_info.arc,item_info.arc,19465
0,,,,ui\00_message\common\item_info.gmd,\ui\item_info.arc,item_info.arc,19466
0,,,,ui\00_message\common\item_info.gmd,\ui\item_info.arc,item_info.arc,19467
0,,,,ui\00_message\common\item_info.gmd,\ui\item_info.arc,item_info.arc,19468
0,,,,ui\00_message\common\item_info.gmd,\ui\item_info.arc,item_info.arc,19469
0,,,,ui\00_message\common\item_info.gmd,\ui\item_info.arc,item_info.arc,19470
0,,,,ui\00_message\common\item_info.gmd,\ui\item_info.arc,item_info.arc,19471
0,,,,ui\00_message\common\item_info.gmd,\ui\item_info.arc,item_info.arc,19472
0,,,,ui\00_message\common\item_info.gmd,\ui\item_info.arc,item_info.arc,19473
0,,,,ui\00_message\common\item_info.gmd,\ui\item_info.arc,item_info.arc,19474
0,,,,ui\00_message\common\item_info.gmd,\ui\item_info.arc,item_info.arc,19475
0,,,,ui\00_message\common\item_info.gmd,\ui\item_info.arc,item_info.arc,19476
0,,,,ui\00_message\common\item_info.gmd,\ui\item_info.arc,item_info.arc,19477
0,,,,ui\00_message\common\item_info.gmd,\ui\item_info.arc,item_info.arc,19478
0,,,,ui\00_message\common\item_info.gmd,\ui\item_info.arc,item_info.arc,19479
0,,,,ui\00_message\common\item_info.gmd,\ui\item_info.arc,item_info.arc,19480
0,,,,ui\00_message\common\item_info.gmd,\ui\item_info.arc,item_info.arc,19481
0,,,,ui\00_message\common\item_info.gmd,\ui\item_info.arc,item_info.arc,19482
0,,,,ui\00_message\common\item_info.gmd,\ui\item_info.arc,item_info.arc,19483
0,,,,ui\00_message\common\item_info.gmd,\ui\item_info.arc,item_info.arc,19484
0,,,,ui\00_message\common\item_info.gmd,\ui\item_info.arc,item_info.arc,19485
0,,,,ui\00_message\common\item_info.gmd,\ui\item_info.arc,item_info.arc,19486
0,,,,ui\00_message\common\item_info.gmd,\ui\item_info.arc,item_info.arc,19487
0,,,,ui\00_message\common\item_info.gmd,\ui\item_info.arc,item_info.arc,19488
0,,,,ui\00_message\common\item_info.gmd,\ui\item_info.arc,item_info.arc,19489
0,,,,ui\00_message\common\item_info.gmd,\ui\item_info.arc,item_info.arc,19490
0,,,,ui\00_message\common\item_info.gmd,\ui\item_info.arc,item_info.arc,19491
0,,,,ui\00_message\common\item_info.gmd,\ui\item_info.arc,item_info.arc,19492
0,,,,ui\00_message\common\item_info.gmd,\ui\item_info.arc,item_info.arc,19493
0,,,,ui\00_message\common\item_info.gmd,\ui\item_info.arc,item_info.arc,19494
0,,,,ui\00_message\common\item_info.gmd,\ui\item_info.arc,item_info.arc,19495
0,,,,ui\00_message\common\item_info.gmd,\ui\item_info.arc,item_info.arc,19496
0,,,,ui\00_message\common\item_info.gmd,\ui\item_info.arc,item_info.arc,19497
0,,,,ui\00_message\common\item_info.gmd,\ui\item_info.arc,item_info.arc,19498
0,,,,ui\00_message\common\item_info.gmd,\ui\item_info.arc,item_info.arc,19499
0,,,,ui\00_message\common\item_info.gmd,\ui\item_info.arc,item_info.arc,19500
0,,,,ui\00_message\common\item_info.gmd,\ui\item_info.arc,item_info.arc,19501
0,,,,ui\00_message\common\item_info.gmd,\ui\item_info.arc,item_info.arc,19502
0,,,,ui\00_message\common\item_info.gmd,\ui\item_info.arc,item_info.arc,19503
0,,,,ui\00_message\common\item_info.gmd,\ui\item_info.arc,item_info.arc,19504
0,,,,ui\00_message\common\item_info.gmd,\ui\item_info.arc,item_info.arc,19505
0,,,,ui\00_message\common\item_info.gmd,\ui\item_info.arc,item_info.arc,19506
0,,,,ui\00_message\common\item_info.gmd,\ui\item_info.arc,item_info.arc,19507
0,,,,ui\00_message\common\item_info.gmd,\ui\item_info.arc,item_info.arc,19508
0,,,,ui\00_message\common\item_info.gmd,\ui\item_info.arc,item_info.arc,19509
0,,,,ui\00_message\common\item_info.gmd,\ui\item_info.arc,item_info.arc,19510
0,,,,ui\00_message\common\item_info.gmd,\ui\item_info.arc,item_info.arc,19511
0,,,,ui\00_message\common\item_info.gmd,\ui\item_info.arc,item_info.arc,19512
0,,,,ui\00_message\common\item_info.gmd,\ui\item_info.arc,item_info.arc,19513
0,,,,ui\00_message\common\item_info.gmd,\ui\item_info.arc,item_info.arc,19514
0,,,,ui\00_message\common\item_info.gmd,\ui\item_info.arc,item_info.arc,19515
0,,,,ui\00_message\common\item_info.gmd,\ui\item_info.arc,item_info.arc,19516
0,,,,ui\00_message\common\item_info.gmd,\ui\item_info.arc,item_info.arc,19517
0,,,,ui\00_message\common\item_info.gmd,\ui\item_info.arc,item_info.arc,19518
0,,,,ui\00_message\common\item_info.gmd,\ui\item_info.arc,item_info.arc,19519
0,,,,ui\00_message\common\item_info.gmd,\ui\item_info.arc,item_info.arc,19520
0,,,,ui\00_message\common\item_info.gmd,\ui\item_info.arc,item_info.arc,19521
0,,,,ui\00_message\common\item_info.gmd,\ui\item_info.arc,item_info.arc,19522
0,,,,ui\00_message\common\item_info.gmd,\ui\item_info.arc,item_info.arc,19523
0,,,,ui\00_message\common\item_info.gmd,\ui\item_info.arc,item_info.arc,19524
0,,,,ui\00_message\common\item_info.gmd,\ui\item_info.arc,item_info.arc,19525
0,,,,ui\00_message\common\item_info.gmd,\ui\item_info.arc,item_info.arc,19526
0,,,,ui\00_message\common\item_info.gmd,\ui\item_info.arc,item_info.arc,19527
0,,,,ui\00_message\common\item_info.gmd,\ui\item_info.arc,item_info.arc,19528
0,,,,ui\00_message\common\item_info.gmd,\ui\item_info.arc,item_info.arc,19529
0,,,,ui\00_message\common\item_info.gmd,\ui\item_info.arc,item_info.arc,19530
0,,,,ui\00_message\common\item_info.gmd,\ui\item_info.arc,item_info.arc,19531
0,,,,ui\00_message\common\item_info.gmd,\ui\item_info.arc,item_info.arc,19532
0,,,,ui\00_message\common\item_info.gmd,\ui\item_info.arc,item_info.arc,19533
0,,,,ui\00_message\common\item_info.gmd,\ui\item_info.arc,item_info.arc,19534
0,,,,ui\00_message\common\item_info.gmd,\ui\item_info.arc,item_info.arc,19535
0,,,,ui\00_message\common\item_info.gmd,\ui\item_info.arc,item_info.arc,19536
0,,,,ui\00_message\common\item_info.gmd,\ui\item_info.arc,item_info.arc,19537
0,,,,ui\00_message\common\item_info.gmd,\ui\item_info.arc,item_info.arc,19538
0,,,,ui\00_message\common\item_info.gmd,\ui\item_info.arc,item_info.arc,19539
0,,,,ui\00_message\common\item_info.gmd,\ui\item_info.arc,item_info.arc,19540
0,,,,ui\00_message\common\item_info.gmd,\ui\item_info.arc,item_info.arc,19541
0,,,,ui\00_message\common\item_info.gmd,\ui\item_info.arc,item_info.arc,19542
0,,,,ui\00_message\common\item_info.gmd,\ui\item_info.arc,item_info.arc,19543
0,,,,ui\00_message\common\item_info.gmd,\ui\item_info.arc,item_info.arc,19544
0,,,,ui\00_message\common\item_info.gmd,\ui\item_info.arc,item_info.arc,19545
0,,,,ui\00_message\common\item_info.gmd,\ui\item_info.arc,item_info.arc,19546
0,,,,ui\00_message\common\item_info.gmd,\ui\item_info.arc,item_info.arc,19547
0,,,,ui\00_message\common\item_info.gmd,\ui\item_info.arc,item_info.arc,19548
0,,,,ui\00_message\common\item_info.gmd,\ui\item_info.arc,item_info.arc,19549
0,,,,ui\00_message\common\item_info.gmd,\ui\item_info.arc,item_info.arc,19550
0,,,,ui\00_message\common\item_info.gmd,\ui\item_info.arc,item_info.arc,19551
0,,,,ui\00_message\common\item_info.gmd,\ui\item_info.arc,item_info.arc,19552
0,,,,ui\00_message\common\item_info.gmd,\ui\item_info.arc,item_info.arc,19553
0,,,,ui\00_message\common\item_info.gmd,\ui\item_info.arc,item_info.arc,19554
0,,,,ui\00_message\common\item_info.gmd,\ui\item_info.arc,item_info.arc,19555
0,,,,ui\00_message\common\item_info.gmd,\ui\item_info.arc,item_info.arc,19556
0,,,,ui\00_message\common\item_info.gmd,\ui\item_info.arc,item_info.arc,19557
0,,,,ui\00_message\common\item_info.gmd,\ui\item_info.arc,item_info.arc,19558
0,,,,ui\00_message\common\item_info.gmd,\ui\item_info.arc,item_info.arc,19559
0,,,,ui\00_message\common\item_info.gmd,\ui\item_info.arc,item_info.arc,19560
0,,,,ui\00_message\common\item_info.gmd,\ui\item_info.arc,item_info.arc,19561
0,,,,ui\00_message\common\item_info.gmd,\ui\item_info.arc,item_info.arc,19562
0,,,,ui\00_message\common\item_info.gmd,\ui\item_info.arc,item_info.arc,19563
0,,,,ui\00_message\common\item_info.gmd,\ui\item_info.arc,item_info.arc,19564
0,,,,ui\00_message\common\item_info.gmd,\ui\item_info.arc,item_info.arc,19565
0,,,,ui\00_message\common\item_info.gmd,\ui\item_info.arc,item_info.arc,19566
0,,,,ui\00_message\common\item_info.gmd,\ui\item_info.arc,item_info.arc,19567
0,,,,ui\00_message\common\item_info.gmd,\ui\item_info.arc,item_info.arc,19568
0,,,,ui\00_message\common\item_info.gmd,\ui\item_info.arc,item_info.arc,19569
0,,,,ui\00_message\common\item_info.gmd,\ui\item_info.arc,item_info.arc,19570
0,,,,ui\00_message\common\item_info.gmd,\ui\item_info.arc,item_info.arc,19571
0,,,,ui\00_message\common\item_info.gmd,\ui\item_info.arc,item_info.arc,19572
0,,,,ui\00_message\common\item_info.gmd,\ui\item_info.arc,item_info.arc,19573
0,,,,ui\00_message\common\item_info.gmd,\ui\item_info.arc,item_info.arc,19574
0,,,,ui\00_message\common\item_info.gmd,\ui\item_info.arc,item_info.arc,19575
0,,,,ui\00_message\common\item_info.gmd,\ui\item_info.arc,item_info.arc,19576
0,,,,ui\00_message\common\item_info.gmd,\ui\item_info.arc,item_info.arc,19577
0,,,,ui\00_message\common\item_info.gmd,\ui\item_info.arc,item_info.arc,19578
0,,,,ui\00_message\common\item_info.gmd,\ui\item_info.arc,item_info.arc,19579
0,,,,ui\00_message\common\item_info.gmd,\ui\item_info.arc,item_info.arc,19580
0,,,,ui\00_message\common\item_info.gmd,\ui\item_info.arc,item_info.arc,19581
0,,,,ui\00_message\common\item_info.gmd,\ui\item_info.arc,item_info.arc,19582
0,,,,ui\00_message\common\item_info.gmd,\ui\item_info.arc,item_info.arc,19583
0,,,,ui\00_message\common\item_info.gmd,\ui\item_info.arc,item_info.arc,19584
0,,,,ui\00_message\common\item_info.gmd,\ui\item_info.arc,item_info.arc,19585
0,,,,ui\00_message\common\item_info.gmd,\ui\item_info.arc,item_info.arc,19586
0,,,,ui\00_message\common\item_info.gmd,\ui\item_info.arc,item_info.arc,19587
0,,,,ui\00_message\common\item_info.gmd,\ui\item_info.arc,item_info.arc,19588
0,,,,ui\00_message\common\item_info.gmd,\ui\item_info.arc,item_info.arc,19589
0,,,,ui\00_message\common\item_info.gmd,\ui\item_info.arc,item_info.arc,19590
0,,,,ui\00_message\common\item_info.gmd,\ui\item_info.arc,item_info.arc,19591
0,,,,ui\00_message\common\item_info.gmd,\ui\item_info.arc,item_info.arc,19592
0,,,,ui\00_message\common\item_info.gmd,\ui\item_info.arc,item_info.arc,19593
0,,,,ui\00_message\common\item_info.gmd,\ui\item_info.arc,item_info.arc,19594
0,,,,ui\00_message\common\item_info.gmd,\ui\item_info.arc,item_info.arc,19595
0,,,,ui\00_message\common\item_info.gmd,\ui\item_info.arc,item_info.arc,19596
0,,,,ui\00_message\common\item_info.gmd,\ui\item_info.arc,item_info.arc,19597
0,,,,ui\00_message\common\item_info.gmd,\ui\item_info.arc,item_info.arc,19598
0,,,,ui\00_message\common\item_info.gmd,\ui\item_info.arc,item_info.arc,19599
0,,,,ui\00_message\common\item_info.gmd,\ui\item_info.arc,item_info.arc,19600
0,,,,ui\00_message\common\item_info.gmd,\ui\item_info.arc,item_info.arc,19601
0,,,,ui\00_message\common\item_info.gmd,\ui\item_info.arc,item_info.arc,19602
0,,,,ui\00_message\common\item_info.gmd,\ui\item_info.arc,item_info.arc,19603
0,,,,ui\00_message\common\item_info.gmd,\ui\item_info.arc,item_info.arc,19604
0,,,,ui\00_message\common\item_info.gmd,\ui\item_info.arc,item_info.arc,19605
0,,,,ui\00_message\common\item_info.gmd,\ui\item_info.arc,item_info.arc,19606
0,,,,ui\00_message\common\item_info.gmd,\ui\item_info.arc,item_info.arc,19607
0,,,,ui\00_message\common\item_info.gmd,\ui\item_info.arc,item_info.arc,19608
0,,,,ui\00_message\common\item_info.gmd,\ui\item_info.arc,item_info.arc,19609
0,,,,ui\00_message\common\item_info.gmd,\ui\item_info.arc,item_info.arc,19610
0,,,,ui\00_message\common\item_info.gmd,\ui\item_info.arc,item_info.arc,19611
0,,,,ui\00_message\common\item_info.gmd,\ui\item_info.arc,item_info.arc,19612
0,,,,ui\00_message\common\item_info.gmd,\ui\item_info.arc,item_info.arc,19613
0,,,,ui\00_message\common\item_info.gmd,\ui\item_info.arc,item_info.arc,19614
0,,,,ui\00_message\common\item_info.gmd,\ui\item_info.arc,item_info.arc,19615
0,,,,ui\00_message\common\item_info.gmd,\ui\item_info.arc,item_info.arc,19616
0,,,,ui\00_message\common\item_info.gmd,\ui\item_info.arc,item_info.arc,19617
0,,,,ui\00_message\common\item_info.gmd,\ui\item_info.arc,item_info.arc,19618
0,,,,ui\00_message\common\item_info.gmd,\ui\item_info.arc,item_info.arc,19619
0,,,,ui\00_message\common\item_info.gmd,\ui\item_info.arc,item_info.arc,19620
0,,,,ui\00_message\common\item_info.gmd,\ui\item_info.arc,item_info.arc,19621
0,,,,ui\00_message\common\item_info.gmd,\ui\item_info.arc,item_info.arc,19622
0,,,,ui\00_message\common\item_info.gmd,\ui\item_info.arc,item_info.arc,19623
0,,,,ui\00_message\common\item_info.gmd,\ui\item_info.arc,item_info.arc,19624
0,,,,ui\00_message\common\item_info.gmd,\ui\item_info.arc,item_info.arc,19625
0,,,,ui\00_message\common\item_info.gmd,\ui\item_info.arc,item_info.arc,19626
0,,,,ui\00_message\common\item_info.gmd,\ui\item_info.arc,item_info.arc,19627
0,,,,ui\00_message\common\item_info.gmd,\ui\item_info.arc,item_info.arc,19628
0,,,,ui\00_message\common\item_info.gmd,\ui\item_info.arc,item_info.arc,19629
0,,,,ui\00_message\common\item_info.gmd,\ui\item_info.arc,item_info.arc,19630
0,,,,ui\00_message\common\item_info.gmd,\ui\item_info.arc,item_info.arc,19631
0,,,,ui\00_message\common\item_info.gmd,\ui\item_info.arc,item_info.arc,19632
0,,,,ui\00_message\common\item_info.gmd,\ui\item_info.arc,item_info.arc,19633
0,,,,ui\00_message\common\item_info.gmd,\ui\item_info.arc,item_info.arc,19634
0,,,,ui\00_message\common\item_info.gmd,\ui\item_info.arc,item_info.arc,19635
0,,,,ui\00_message\common\item_info.gmd,\ui\item_info.arc,item_info.arc,19636
0,,,,ui\00_message\common\item_info.gmd,\ui\item_info.arc,item_info.arc,19637
0,,,,ui\00_message\common\item_info.gmd,\ui\item_info.arc,item_info.arc,19638
0,,,,ui\00_message\common\item_info.gmd,\ui\item_info.arc,item_info.arc,19639
0,,,,ui\00_message\common\item_info.gmd,\ui\item_info.arc,item_info.arc,19640
0,,,,ui\00_message\common\item_info.gmd,\ui\item_info.arc,item_info.arc,19641
0,,,,ui\00_message\common\item_info.gmd,\ui\item_info.arc,item_info.arc,19642
0,,,,ui\00_message\common\item_info.gmd,\ui\item_info.arc,item_info.arc,19643
0,,,,ui\00_message\common\item_info.gmd,\ui\item_info.arc,item_info.arc,19644
0,,,,ui\00_message\common\item_info.gmd,\ui\item_info.arc,item_info.arc,19645
0,,,,ui\00_message\common\item_info.gmd,\ui\item_info.arc,item_info.arc,19646
0,,,,ui\00_message\common\item_info.gmd,\ui\item_info.arc,item_info.arc,19647
0,,,,ui\00_message\common\item_info.gmd,\ui\item_info.arc,item_info.arc,19648
0,,,,ui\00_message\common\item_info.gmd,\ui\item_info.arc,item_info.arc,19649
0,,,,ui\00_message\common\item_info.gmd,\ui\item_info.arc,item_info.arc,19650
0,,,,ui\00_message\common\item_info.gmd,\ui\item_info.arc,item_info.arc,19651
0,,,,ui\00_message\common\item_info.gmd,\ui\item_info.arc,item_info.arc,19652
0,,,,ui\00_message\common\item_info.gmd,\ui\item_info.arc,item_info.arc,19653
0,,,,ui\00_message\common\item_info.gmd,\ui\item_info.arc,item_info.arc,19654
0,,,,ui\00_message\common\item_info.gmd,\ui\item_info.arc,item_info.arc,19655
0,,,,ui\00_message\common\item_info.gmd,\ui\item_info.arc,item_info.arc,19656
0,,,,ui\00_message\common\item_info.gmd,\ui\item_info.arc,item_info.arc,19657
0,,,,ui\00_message\common\item_info.gmd,\ui\item_info.arc,item_info.arc,19658
0,,,,ui\00_message\common\item_info.gmd,\ui\item_info.arc,item_info.arc,19659
0,,,,ui\00_message\common\item_info.gmd,\ui\item_info.arc,item_info.arc,19660
0,,,,ui\00_message\common\item_info.gmd,\ui\item_info.arc,item_info.arc,19661
0,,,,ui\00_message\common\item_info.gmd,\ui\item_info.arc,item_info.arc,19662
0,,,,ui\00_message\common\item_info.gmd,\ui\item_info.arc,item_info.arc,19663
0,,,,ui\00_message\common\item_info.gmd,\ui\item_info.arc,item_info.arc,19664
0,,,,ui\00_message\common\item_info.gmd,\ui\item_info.arc,item_info.arc,19665
0,,,,ui\00_message\common\item_info.gmd,\ui\item_info.arc,item_info.arc,19666
0,,,,ui\00_message\common\item_info.gmd,\ui\item_info.arc,item_info.arc,19667
0,,,,ui\00_message\common\item_info.gmd,\ui\item_info.arc,item_info.arc,19668
0,,,,ui\00_message\common\item_info.gmd,\ui\item_info.arc,item_info.arc,19669
0,,,,ui\00_message\common\item_info.gmd,\ui\item_info.arc,item_info.arc,19670
0,,,,ui\00_message\common\item_info.gmd,\ui\item_info.arc,item_info.arc,19671
0,,,,ui\00_message\common\item_info.gmd,\ui\item_info.arc,item_info.arc,19672
0,,,,ui\00_message\common\item_info.gmd,\ui\item_info.arc,item_info.arc,19673
0,,,,ui\00_message\common\item_info.gmd,\ui\item_info.arc,item_info.arc,19674
0,,,,ui\00_message\common\item_info.gmd,\ui\item_info.arc,item_info.arc,19675
0,,,,ui\00_message\common\item_info.gmd,\ui\item_info.arc,item_info.arc,19676
0,,,,ui\00_message\common\item_info.gmd,\ui\item_info.arc,item_info.arc,19677
0,,,,ui\00_message\common\item_info.gmd,\ui\item_info.arc,item_info.arc,19678
0,,,,ui\00_message\common\item_info.gmd,\ui\item_info.arc,item_info.arc,19679
0,,,,ui\00_message\common\item_info.gmd,\ui\item_info.arc,item_info.arc,19680
0,,,,ui\00_message\common\item_info.gmd,\ui\item_info.arc,item_info.arc,19681
0,,,,ui\00_message\common\item_info.gmd,\ui\item_info.arc,item_info.arc,19682
0,,,,ui\00_message\common\item_info.gmd,\ui\item_info.arc,item_info.arc,19683
0,,,,ui\00_message\common\item_info.gmd,\ui\item_info.arc,item_info.arc,19684
0,,,,ui\00_message\common\item_info.gmd,\ui\item_info.arc,item_info.arc,19685
0,,,,ui\00_message\common\item_info.gmd,\ui\item_info.arc,item_info.arc,19686
0,,,,ui\00_message\common\item_info.gmd,\ui\item_info.arc,item_info.arc,19687
0,,,,ui\00_message\common\item_info.gmd,\ui\item_info.arc,item_info.arc,19688
0,,,,ui\00_message\common\item_info.gmd,\ui\item_info.arc,item_info.arc,19689
0,,,,ui\00_message\common\item_info.gmd,\ui\item_info.arc,item_info.arc,19690
0,,,,ui\00_message\common\item_info.gmd,\ui\item_info.arc,item_info.arc,19691
0,,,,ui\00_message\common\item_info.gmd,\ui\item_info.arc,item_info.arc,19692
0,,,,ui\00_message\common\item_info.gmd,\ui\item_info.arc,item_info.arc,19693
0,,,,ui\00_message\common\item_info.gmd,\ui\item_info.arc,item_info.arc,19694
0,,,,ui\00_message\common\item_info.gmd,\ui\item_info.arc,item_info.arc,19695
0,,,,ui\00_message\common\item_info.gmd,\ui\item_info.arc,item_info.arc,19696
0,,,,ui\00_message\common\item_info.gmd,\ui\item_info.arc,item_info.arc,19697
0,,,,ui\00_message\common\item_info.gmd,\ui\item_info.arc,item_info.arc,19698
0,,,,ui\00_message\common\item_info.gmd,\ui\item_info.arc,item_info.arc,19699
0,,,,ui\00_message\common\item_info.gmd,\ui\item_info.arc,item_info.arc,19700
0,,,,ui\00_message\common\item_info.gmd,\ui\item_info.arc,item_info.arc,19701
0,,,,ui\00_message\common\item_info.gmd,\ui\item_info.arc,item_info.arc,19702
0,,,,ui\00_message\common\item_info.gmd,\ui\item_info.arc,item_info.arc,19703
0,,,,ui\00_message\common\item_info.gmd,\ui\item_info.arc,item_info.arc,19704
0,,,,ui\00_message\common\item_info.gmd,\ui\item_info.arc,item_info.arc,19705
0,,,,ui\00_message\common\item_info.gmd,\ui\item_info.arc,item_info.arc,19706
0,,,,ui\00_message\common\item_info.gmd,\ui\item_info.arc,item_info.arc,19707
0,,,,ui\00_message\common\item_info.gmd,\ui\item_info.arc,item_info.arc,19708
0,,,,ui\00_message\common\item_info.gmd,\ui\item_info.arc,item_info.arc,19709
0,,,,ui\00_message\common\item_info.gmd,\ui\item_info.arc,item_info.arc,19710
0,,,,ui\00_message\common\item_info.gmd,\ui\item_info.arc,item_info.arc,19711
0,,,,ui\00_message\common\item_info.gmd,\ui\item_info.arc,item_info.arc,19712
0,,,,ui\00_message\common\item_info.gmd,\ui\item_info.arc,item_info.arc,19713
0,,,,ui\00_message\common\item_info.gmd,\ui\item_info.arc,item_info.arc,19714
0,,,,ui\00_message\common\item_info.gmd,\ui\item_info.arc,item_info.arc,19715
0,,,,ui\00_message\common\item_info.gmd,\ui\item_info.arc,item_info.arc,19716
0,,,,ui\00_message\common\item_info.gmd,\ui\item_info.arc,item_info.arc,19717
0,,,,ui\00_message\common\item_info.gmd,\ui\item_info.arc,item_info.arc,19718
0,,,,ui\00_message\common\item_info.gmd,\ui\item_info.arc,item_info.arc,19719
0,,,,ui\00_message\common\item_info.gmd,\ui\item_info.arc,item_info.arc,19720
0,,,,ui\00_message\common\item_info.gmd,\ui\item_info.arc,item_info.arc,19721
0,,,,ui\00_message\common\item_info.gmd,\ui\item_info.arc,item_info.arc,19722
0,,,,ui\00_message\common\item_info.gmd,\ui\item_info.arc,item_info.arc,19723
0,,,,ui\00_message\common\item_info.gmd,\ui\item_info.arc,item_info.arc,19724
0,,,,ui\00_message\common\item_info.gmd,\ui\item_info.arc,item_info.arc,19725
0,,,,ui\00_message\common\item_info.gmd,\ui\item_info.arc,item_info.arc,19726
0,,,,ui\00_message\common\item_info.gmd,\ui\item_info.arc,item_info.arc,19727
0,,,,ui\00_message\common\item_info.gmd,\ui\item_info.arc,item_info.arc,19728
0,,,,ui\00_message\common\item_info.gmd,\ui\item_info.arc,item_info.arc,19729
0,,,,ui\00_message\common\item_info.gmd,\ui\item_info.arc,item_info.arc,19730
0,,,,ui\00_message\common\item_info.gmd,\ui\item_info.arc,item_info.arc,19731
0,,,,ui\00_message\common\item_info.gmd,\ui\item_info.arc,item_info.arc,19732
0,,,,ui\00_message\common\item_info.gmd,\ui\item_info.arc,item_info.arc,19733
0,,,,ui\00_message\common\item_info.gmd,\ui\item_info.arc,item_info.arc,19734
0,,,,ui\00_message\common\item_info.gmd,\ui\item_info.arc,item_info.arc,19735
0,,,,ui\00_message\common\item_info.gmd,\ui\item_info.arc,item_info.arc,19736
0,,,,ui\00_message\common\item_info.gmd,\ui\item_info.arc,item_info.arc,19737
0,,,,ui\00_message\common\item_info.gmd,\ui\item_info.arc,item_info.arc,19738
0,,,,ui\00_message\common\item_info.gmd,\ui\item_info.arc,item_info.arc,19739
0,,,,ui\00_message\common\item_info.gmd,\ui\item_info.arc,item_info.arc,19740
0,,,,ui\00_message\common\item_info.gmd,\ui\item_info.arc,item_info.arc,19741
0,,,,ui\00_message\common\item_info.gmd,\ui\item_info.arc,item_info.arc,19742
0,,,,ui\00_message\common\item_info.gmd,\ui\item_info.arc,item_info.arc,19743
0,,,,ui\00_message\common\item_info.gmd,\ui\item_info.arc,item_info.arc,19744
0,,,,ui\00_message\common\item_info.gmd,\ui\item_info.arc,item_info.arc,19745
0,,,,ui\00_message\common\item_info.gmd,\ui\item_info.arc,item_info.arc,19746
0,,,,ui\00_message\common\item_info.gmd,\ui\item_info.arc,item_info.arc,19747
0,,,,ui\00_message\common\item_info.gmd,\ui\item_info.arc,item_info.arc,19748
0,,,,ui\00_message\common\item_info.gmd,\ui\item_info.arc,item_info.arc,19749
0,,,,ui\00_message\common\item_info.gmd,\ui\item_info.arc,item_info.arc,19750
0,,,,ui\00_message\common\item_info.gmd,\ui\item_info.arc,item_info.arc,19751
0,,,,ui\00_message\common\item_info.gmd,\ui\item_info.arc,item_info.arc,19752
0,,,,ui\00_message\common\item_info.gmd,\ui\item_info.arc,item_info.arc,19753
0,,,,ui\00_message\common\item_info.gmd,\ui\item_info.arc,item_info.arc,19754
0,,,,ui\00_message\common\item_info.gmd,\ui\item_info.arc,item_info.arc,19755
0,,,,ui\00_message\common\item_info.gmd,\ui\item_info.arc,item_info.arc,19756
0,,,,ui\00_message\common\item_info.gmd,\ui\item_info.arc,item_info.arc,19757
0,,,,ui\00_message\common\item_info.gmd,\ui\item_info.arc,item_info.arc,19758
0,,,,ui\00_message\common\item_info.gmd,\ui\item_info.arc,item_info.arc,19759
0,,,,ui\00_message\common\item_info.gmd,\ui\item_info.arc,item_info.arc,19760
0,,,,ui\00_message\common\item_info.gmd,\ui\item_info.arc,item_info.arc,19761
0,,,,ui\00_message\common\item_info.gmd,\ui\item_info.arc,item_info.arc,19762
0,,,,ui\00_message\common\item_info.gmd,\ui\item_info.arc,item_info.arc,19763
0,,,,ui\00_message\common\item_info.gmd,\ui\item_info.arc,item_info.arc,19764
0,,,,ui\00_message\common\item_info.gmd,\ui\item_info.arc,item_info.arc,19765
0,,,,ui\00_message\common\item_info.gmd,\ui\item_info.arc,item_info.arc,19766
0,,,,ui\00_message\common\item_info.gmd,\ui\item_info.arc,item_info.arc,19767
0,,,,ui\00_message\common\item_info.gmd,\ui\item_info.arc,item_info.arc,19768
0,,,,ui\00_message\common\item_info.gmd,\ui\item_info.arc,item_info.arc,19769
0,,,,ui\00_message\common\item_info.gmd,\ui\item_info.arc,item_info.arc,19770
0,,,,ui\00_message\common\item_info.gmd,\ui\item_info.arc,item_info.arc,19771
0,,,,ui\00_message\common\item_info.gmd,\ui\item_info.arc,item_info.arc,19772
0,,,,ui\00_message\common\item_info.gmd,\ui\item_info.arc,item_info.arc,19773
0,,,,ui\00_message\common\item_info.gmd,\ui\item_info.arc,item_info.arc,19774
0,,,,ui\00_message\common\item_info.gmd,\ui\item_info.arc,item_info.arc,19775
0,,,,ui\00_message\common\item_info.gmd,\ui\item_info.arc,item_info.arc,19776
0,,,,ui\00_message\common\item_info.gmd,\ui\item_info.arc,item_info.arc,19777
0,,,,ui\00_message\common\item_info.gmd,\ui\item_info.arc,item_info.arc,19778
0,,,,ui\00_message\common\item_info.gmd,\ui\item_info.arc,item_info.arc,19779
0,,,,ui\00_message\common\item_info.gmd,\ui\item_info.arc,item_info.arc,19780
0,,,,ui\00_message\common\item_info.gmd,\ui\item_info.arc,item_info.arc,19781
0,,,,ui\00_message\common\item_info.gmd,\ui\item_info.arc,item_info.arc,19782
0,,,,ui\00_message\common\item_info.gmd,\ui\item_info.arc,item_info.arc,19783
0,,,,ui\00_message\common\item_info.gmd,\ui\item_info.arc,item_info.arc,19784
0,,,,ui\00_message\common\item_info.gmd,\ui\item_info.arc,item_info.arc,19785
0,,,,ui\00_message\common\item_info.gmd,\ui\item_info.arc,item_info.arc,19786
0,,,,ui\00_message\common\item_info.gmd,\ui\item_info.arc,item_info.arc,19787
0,,,,ui\00_message\common\item_info.gmd,\ui\item_info.arc,item_info.arc,19788
0,,,,ui\00_message\common\item_info.gmd,\ui\item_info.arc,item_info.arc,19789
0,,,,ui\00_message\common\item_info.gmd,\ui\item_info.arc,item_info.arc,19790
0,,,,ui\00_message\common\item_info.gmd,\ui\item_info.arc,item_info.arc,19791
0,,,,ui\00_message\common\item_info.gmd,\ui\item_info.arc,item_info.arc,19792
0,,,,ui\00_message\common\item_info.gmd,\ui\item_info.arc,item_info.arc,19793
0,,,,ui\00_message\common\item_info.gmd,\ui\item_info.arc,item_info.arc,19794
0,,,,ui\00_message\common\item_info.gmd,\ui\item_info.arc,item_info.arc,19795
0,,,,ui\00_message\common\item_info.gmd,\ui\item_info.arc,item_info.arc,19796
0,,,,ui\00_message\common\item_info.gmd,\ui\item_info.arc,item_info.arc,19797
0,,,,ui\00_message\common\item_info.gmd,\ui\item_info.arc,item_info.arc,19798
0,,,,ui\00_message\common\item_info.gmd,\ui\item_info.arc,item_info.arc,19799
0,,,,ui\00_message\common\item_info.gmd,\ui\item_info.arc,item_info.arc,19800
0,,,,ui\00_message\common\item_info.gmd,\ui\item_info.arc,item_info.arc,19801
0,,,,ui\00_message\common\item_info.gmd,\ui\item_info.arc,item_info.arc,19802
0,,,,ui\00_message\common\item_info.gmd,\ui\item_info.arc,item_info.arc,19803
0,,,,ui\00_message\common\item_info.gmd,\ui\item_info.arc,item_info.arc,19804
0,,,,ui\00_message\common\item_info.gmd,\ui\item_info.arc,item_info.arc,19805
0,,,,ui\00_message\common\item_info.gmd,\ui\item_info.arc,item_info.arc,19806
0,,,,ui\00_message\common\item_info.gmd,\ui\item_info.arc,item_info.arc,19807
0,,,,ui\00_message\common\item_info.gmd,\ui\item_info.arc,item_info.arc,19808
0,,,,ui\00_message\common\item_info.gmd,\ui\item_info.arc,item_info.arc,19809
0,,,,ui\00_message\common\item_info.gmd,\ui\item_info.arc,item_info.arc,19810
0,,,,ui\00_message\common\item_info.gmd,\ui\item_info.arc,item_info.arc,19811
0,,,,ui\00_message\common\item_info.gmd,\ui\item_info.arc,item_info.arc,19812
0,,,,ui\00_message\common\item_info.gmd,\ui\item_info.arc,item_info.arc,19813
0,,,,ui\00_message\common\item_info.gmd,\ui\item_info.arc,item_info.arc,19814
0,,,,ui\00_message\common\item_info.gmd,\ui\item_info.arc,item_info.arc,19815
0,,,,ui\00_message\common\item_info.gmd,\ui\item_info.arc,item_info.arc,19816
0,,,,ui\00_message\common\item_info.gmd,\ui\item_info.arc,item_info.arc,19817
0,,,,ui\00_message\common\item_info.gmd,\ui\item_info.arc,item_info.arc,19818
0,,,,ui\00_message\common\item_info.gmd,\ui\item_info.arc,item_info.arc,19819
0,,,,ui\00_message\common\item_info.gmd,\ui\item_info.arc,item_info.arc,19820
0,,,,ui\00_message\common\item_info.gmd,\ui\item_info.arc,item_info.arc,19821
0,,,,ui\00_message\common\item_info.gmd,\ui\item_info.arc,item_info.arc,19822
0,,,,ui\00_message\common\item_info.gmd,\ui\item_info.arc,item_info.arc,19823
0,,,,ui\00_message\common\item_info.gmd,\ui\item_info.arc,item_info.arc,19824
0,,,,ui\00_message\common\item_info.gmd,\ui\item_info.arc,item_info.arc,19825
0,,,,ui\00_message\common\item_info.gmd,\ui\item_info.arc,item_info.arc,19826
0,,,,ui\00_message\common\item_info.gmd,\ui\item_info.arc,item_info.arc,19827
0,,,,ui\00_message\common\item_info.gmd,\ui\item_info.arc,item_info.arc,19828
0,,,,ui\00_message\common\item_info.gmd,\ui\item_info.arc,item_info.arc,19829
0,,,,ui\00_message\common\item_info.gmd,\ui\item_info.arc,item_info.arc,19830
0,,,,ui\00_message\common\item_info.gmd,\ui\item_info.arc,item_info.arc,19831
0,,,,ui\00_message\common\item_info.gmd,\ui\item_info.arc,item_info.arc,19832
0,,,,ui\00_message\common\item_info.gmd,\ui\item_info.arc,item_info.arc,19833
0,,,,ui\00_message\common\item_info.gmd,\ui\item_info.arc,item_info.arc,19834
0,,,,ui\00_message\common\item_info.gmd,\ui\item_info.arc,item_info.arc,19835
0,,,,ui\00_message\common\item_info.gmd,\ui\item_info.arc,item_info.arc,19836
0,,,,ui\00_message\common\item_info.gmd,\ui\item_info.arc,item_info.arc,19837
0,,,,ui\00_message\common\item_info.gmd,\ui\item_info.arc,item_info.arc,19838
0,,,,ui\00_message\common\item_info.gmd,\ui\item_info.arc,item_info.arc,19839
0,,,,ui\00_message\common\item_info.gmd,\ui\item_info.arc,item_info.arc,19840
0,,,,ui\00_message\common\item_info.gmd,\ui\item_info.arc,item_info.arc,19841
0,,,,ui\00_message\common\item_info.gmd,\ui\item_info.arc,item_info.arc,19842
0,,,,ui\00_message\common\item_info.gmd,\ui\item_info.arc,item_info.arc,19843
0,,,,ui\00_message\common\item_info.gmd,\ui\item_info.arc,item_info.arc,19844
0,,,,ui\00_message\common\item_info.gmd,\ui\item_info.arc,item_info.arc,19845
0,,,,ui\00_message\common\item_info.gmd,\ui\item_info.arc,item_info.arc,19846
0,,,,ui\00_message\common\item_info.gmd,\ui\item_info.arc,item_info.arc,19847
0,,,,ui\00_message\common\item_info.gmd,\ui\item_info.arc,item_info.arc,19848
0,,,,ui\00_message\common\item_info.gmd,\ui\item_info.arc,item_info.arc,19849
0,,,,ui\00_message\common\item_info.gmd,\ui\item_info.arc,item_info.arc,19850
0,,,,ui\00_message\common\item_info.gmd,\ui\item_info.arc,item_info.arc,19851
0,,,,ui\00_message\common\item_info.gmd,\ui\item_info.arc,item_info.arc,19852
0,,,,ui\00_message\common\item_info.gmd,\ui\item_info.arc,item_info.arc,19853
0,,,,ui\00_message\common\item_info.gmd,\ui\item_info.arc,item_info.arc,19854
0,,,,ui\00_message\common\item_info.gmd,\ui\item_info.arc,item_info.arc,19855
0,,,,ui\00_message\common\item_info.gmd,\ui\item_info.arc,item_info.arc,19856
0,,,,ui\00_message\common\item_info.gmd,\ui\item_info.arc,item_info.arc,19857
0,,,,ui\00_message\common\item_info.gmd,\ui\item_info.arc,item_info.arc,19858
0,,,,ui\00_message\common\item_info.gmd,\ui\item_info.arc,item_info.arc,19859
0,,,,ui\00_message\common\item_info.gmd,\ui\item_info.arc,item_info.arc,19860
0,,,,ui\00_message\common\item_info.gmd,\ui\item_info.arc,item_info.arc,19861
0,,,,ui\00_message\common\item_info.gmd,\ui\item_info.arc,item_info.arc,19862
0,,,,ui\00_message\common\item_info.gmd,\ui\item_info.arc,item_info.arc,19863
0,,,,ui\00_message\common\item_info.gmd,\ui\item_info.arc,item_info.arc,19864
0,,,,ui\00_message\common\item_info.gmd,\ui\item_info.arc,item_info.arc,19865
0,,,,ui\00_message\common\item_info.gmd,\ui\item_info.arc,item_info.arc,19866
0,,,,ui\00_message\common\item_info.gmd,\ui\item_info.arc,item_info.arc,19867
0,,,,ui\00_message\common\item_info.gmd,\ui\item_info.arc,item_info.arc,19868
0,,,,ui\00_message\common\item_info.gmd,\ui\item_info.arc,item_info.arc,19869
0,,,,ui\00_message\common\item_info.gmd,\ui\item_info.arc,item_info.arc,19870
0,,,,ui\00_message\common\item_info.gmd,\ui\item_info.arc,item_info.arc,19871
0,,,,ui\00_message\common\item_info.gmd,\ui\item_info.arc,item_info.arc,19872
0,,,,ui\00_message\common\item_info.gmd,\ui\item_info.arc,item_info.arc,19873
0,,,,ui\00_message\common\item_info.gmd,\ui\item_info.arc,item_info.arc,19874
0,,,,ui\00_message\common\item_info.gmd,\ui\item_info.arc,item_info.arc,19875
0,,,,ui\00_message\common\item_info.gmd,\ui\item_info.arc,item_info.arc,19876
0,,,,ui\00_message\common\item_info.gmd,\ui\item_info.arc,item_info.arc,19877
0,,,,ui\00_message\common\item_info.gmd,\ui\item_info.arc,item_info.arc,19878
0,,,,ui\00_message\common\item_info.gmd,\ui\item_info.arc,item_info.arc,19879
0,,,,ui\00_message\common\item_info.gmd,\ui\item_info.arc,item_info.arc,19880
0,,,,ui\00_message\common\item_info.gmd,\ui\item_info.arc,item_info.arc,19881
0,,,,ui\00_message\common\item_info.gmd,\ui\item_info.arc,item_info.arc,19882
0,,,,ui\00_message\common\item_info.gmd,\ui\item_info.arc,item_info.arc,19883
0,,,,ui\00_message\common\item_info.gmd,\ui\item_info.arc,item_info.arc,19884
0,,,,ui\00_message\common\item_info.gmd,\ui\item_info.arc,item_info.arc,19885
0,,,,ui\00_message\common\item_info.gmd,\ui\item_info.arc,item_info.arc,19886
0,,,,ui\00_message\common\item_info.gmd,\ui\item_info.arc,item_info.arc,19887
0,,,,ui\00_message\common\item_info.gmd,\ui\item_info.arc,item_info.arc,19888
0,,,,ui\00_message\common\item_info.gmd,\ui\item_info.arc,item_info.arc,19889
0,,,,ui\00_message\common\item_info.gmd,\ui\item_info.arc,item_info.arc,19890
0,,,,ui\00_message\common\item_info.gmd,\ui\item_info.arc,item_info.arc,19891
0,,,,ui\00_message\common\item_info.gmd,\ui\item_info.arc,item_info.arc,19892
0,,,,ui\00_message\common\item_info.gmd,\ui\item_info.arc,item_info.arc,19893
0,,,,ui\00_message\common\item_info.gmd,\ui\item_info.arc,item_info.arc,19894
0,,,,ui\00_message\common\item_info.gmd,\ui\item_info.arc,item_info.arc,19895
0,,,,ui\00_message\common\item_info.gmd,\ui\item_info.arc,item_info.arc,19896
0,,,,ui\00_message\common\item_info.gmd,\ui\item_info.arc,item_info.arc,19897
0,,,,ui\00_message\common\item_info.gmd,\ui\item_info.arc,item_info.arc,19898
0,,,,ui\00_message\common\item_info.gmd,\ui\item_info.arc,item_info.arc,19899
0,,,,ui\00_message\common\item_info.gmd,\ui\item_info.arc,item_info.arc,19900
0,,,,ui\00_message\common\item_info.gmd,\ui\item_info.arc,item_info.arc,19901
0,,,,ui\00_message\common\item_info.gmd,\ui\item_info.arc,item_info.arc,19902
0,,,,ui\00_message\common\item_info.gmd,\ui\item_info.arc,item_info.arc,19903
0,,,,ui\00_message\common\item_info.gmd,\ui\item_info.arc,item_info.arc,19904
0,,,,ui\00_message\common\item_info.gmd,\ui\item_info.arc,item_info.arc,19905
0,,,,ui\00_message\common\item_info.gmd,\ui\item_info.arc,item_info.arc,19906
0,,,,ui\00_message\common\item_info.gmd,\ui\item_info.arc,item_info.arc,19907
0,,,,ui\00_message\common\item_info.gmd,\ui\item_info.arc,item_info.arc,19908
0,,,,ui\00_message\common\item_info.gmd,\ui\item_info.arc,item_info.arc,19909
0,,,,ui\00_message\common\item_info.gmd,\ui\item_info.arc,item_info.arc,19910
0,,,,ui\00_message\common\item_info.gmd,\ui\item_info.arc,item_info.arc,19911
0,,,,ui\00_message\common\item_info.gmd,\ui\item_info.arc,item_info.arc,19912
0,,,,ui\00_message\common\item_info.gmd,\ui\item_info.arc,item_info.arc,19913
0,,,,ui\00_message\common\item_info.gmd,\ui\item_info.arc,item_info.arc,19914
0,,,,ui\00_message\common\item_info.gmd,\ui\item_info.arc,item_info.arc,19915
0,,,,ui\00_message\common\item_info.gmd,\ui\item_info.arc,item_info.arc,19916
0,,,,ui\00_message\common\item_info.gmd,\ui\item_info.arc,item_info.arc,19917
0,,,,ui\00_message\common\item_info.gmd,\ui\item_info.arc,item_info.arc,19918
0,,,,ui\00_message\common\item_info.gmd,\ui\item_info.arc,item_info.arc,19919
0,,,,ui\00_message\common\item_info.gmd,\ui\item_info.arc,item_info.arc,19920
0,,,,ui\00_message\common\item_info.gmd,\ui\item_info.arc,item_info.arc,19921
0,,,,ui\00_message\common\item_info.gmd,\ui\item_info.arc,item_info.arc,19922
0,,,,ui\00_message\common\item_info.gmd,\ui\item_info.arc,item_info.arc,19923
0,,,,ui\00_message\common\item_info.gmd,\ui\item_info.arc,item_info.arc,19924
0,,,,ui\00_message\common\item_info.gmd,\ui\item_info.arc,item_info.arc,19925
0,,,,ui\00_message\common\item_info.gmd,\ui\item_info.arc,item_info.arc,19926
0,,,,ui\00_message\common\item_info.gmd,\ui\item_info.arc,item_info.arc,19927
0,,,,ui\00_message\common\item_info.gmd,\ui\item_info.arc,item_info.arc,19928
0,,,,ui\00_message\common\item_info.gmd,\ui\item_info.arc,item_info.arc,19929
0,,,,ui\00_message\common\item_info.gmd,\ui\item_info.arc,item_info.arc,19930
0,,,,ui\00_message\common\item_info.gmd,\ui\item_info.arc,item_info.arc,19931
0,,,,ui\00_message\common\item_info.gmd,\ui\item_info.arc,item_info.arc,19932
0,,,,ui\00_message\common\item_info.gmd,\ui\item_info.arc,item_info.arc,19933
0,,,,ui\00_message\common\item_info.gmd,\ui\item_info.arc,item_info.arc,19934
0,,,,ui\00_message\common\item_info.gmd,\ui\item_info.arc,item_info.arc,19935
0,,,,ui\00_message\common\item_info.gmd,\ui\item_info.arc,item_info.arc,19936
0,,,,ui\00_message\common\item_info.gmd,\ui\item_info.arc,item_info.arc,19937
0,,,,ui\00_message\common\item_info.gmd,\ui\item_info.arc,item_info.arc,19938
0,,,,ui\00_message\common\item_info.gmd,\ui\item_info.arc,item_info.arc,19939
0,,,,ui\00_message\common\item_info.gmd,\ui\item_info.arc,item_info.arc,19940
0,,,,ui\00_message\common\item_info.gmd,\ui\item_info.arc,item_info.arc,19941
0,,,,ui\00_message\common\item_info.gmd,\ui\item_info.arc,item_info.arc,19942
0,,,,ui\00_message\common\item_info.gmd,\ui\item_info.arc,item_info.arc,19943
0,,,,ui\00_message\common\item_info.gmd,\ui\item_info.arc,item_info.arc,19944
0,,,,ui\00_message\common\item_info.gmd,\ui\item_info.arc,item_info.arc,19945
0,,,,ui\00_message\common\item_info.gmd,\ui\item_info.arc,item_info.arc,19946
0,,,,ui\00_message\common\item_info.gmd,\ui\item_info.arc,item_info.arc,19947
0,,,,ui\00_message\common\item_info.gmd,\ui\item_info.arc,item_info.arc,19948
0,,,,ui\00_message\common\item_info.gmd,\ui\item_info.arc,item_info.arc,19949
0,,,,ui\00_message\common\item_info.gmd,\ui\item_info.arc,item_info.arc,19950
0,,,,ui\00_message\common\item_info.gmd,\ui\item_info.arc,item_info.arc,19951
0,,,,ui\00_message\common\item_info.gmd,\ui\item_info.arc,item_info.arc,19952
0,,,,ui\00_message\common\item_info.gmd,\ui\item_info.arc,item_info.arc,19953
0,,,,ui\00_message\common\item_info.gmd,\ui\item_info.arc,item_info.arc,19954
0,,,,ui\00_message\common\item_info.gmd,\ui\item_info.arc,item_info.arc,19955
0,,,,ui\00_message\common\item_info.gmd,\ui\item_info.arc,item_info.arc,19956
0,,,,ui\00_message\common\item_info.gmd,\ui\item_info.arc,item_info.arc,19957
0,,,,ui\00_message\common\item_info.gmd,\ui\item_info.arc,item_info.arc,19958
0,,,,ui\00_message\common\item_info.gmd,\ui\item_info.arc,item_info.arc,19959
0,,,,ui\00_message\common\item_info.gmd,\ui\item_info.arc,item_info.arc,19960
0,,,,ui\00_message\common\item_info.gmd,\ui\item_info.arc,item_info.arc,19961
0,,,,ui\00_message\common\item_info.gmd,\ui\item_info.arc,item_info.arc,19962
0,,,,ui\00_message\common\item_info.gmd,\ui\item_info.arc,item_info.arc,19963
0,,,,ui\00_message\common\item_info.gmd,\ui\item_info.arc,item_info.arc,19964
0,,,,ui\00_message\common\item_info.gmd,\ui\item_info.arc,item_info.arc,19965
0,,,,ui\00_message\common\item_info.gmd,\ui\item_info.arc,item_info.arc,19966
0,,,,ui\00_message\common\item_info.gmd,\ui\item_info.arc,item_info.arc,19967
0,,,,ui\00_message\common\item_info.gmd,\ui\item_info.arc,item_info.arc,19968
0,,,,ui\00_message\common\item_info.gmd,\ui\item_info.arc,item_info.arc,19969
0,,,,ui\00_message\common\item_info.gmd,\ui\item_info.arc,item_info.arc,19970
0,,,,ui\00_message\common\item_info.gmd,\ui\item_info.arc,item_info.arc,19971
0,,,,ui\00_message\common\item_info.gmd,\ui\item_info.arc,item_info.arc,19972
0,,,,ui\00_message\common\item_info.gmd,\ui\item_info.arc,item_info.arc,19973
0,,,,ui\00_message\common\item_info.gmd,\ui\item_info.arc,item_info.arc,19974
0,,,,ui\00_message\common\item_info.gmd,\ui\item_info.arc,item_info.arc,19975
0,,,,ui\00_message\common\item_info.gmd,\ui\item_info.arc,item_info.arc,19976
0,,,,ui\00_message\common\item_info.gmd,\ui\item_info.arc,item_info.arc,19977
0,,,,ui\00_message\common\item_info.gmd,\ui\item_info.arc,item_info.arc,19978
0,,,,ui\00_message\common\item_info.gmd,\ui\item_info.arc,item_info.arc,19979
0,,,,ui\00_message\common\item_info.gmd,\ui\item_info.arc,item_info.arc,19980
0,,,,ui\00_message\common\item_info.gmd,\ui\item_info.arc,item_info.arc,19981
0,,,,ui\00_message\common\item_info.gmd,\ui\item_info.arc,item_info.arc,19982
0,,,,ui\00_message\common\item_info.gmd,\ui\item_info.arc,item_info.arc,19983
0,,,,ui\00_message\common\item_info.gmd,\ui\item_info.arc,item_info.arc,19984
0,,,,ui\00_message\common\item_info.gmd,\ui\item_info.arc,item_info.arc,19985
0,,,,ui\00_message\common\item_info.gmd,\ui\item_info.arc,item_info.arc,19986
0,,,,ui\00_message\common\item_info.gmd,\ui\item_info.arc,item_info.arc,19987
0,,,,ui\00_message\common\item_info.gmd,\ui\item_info.arc,item_info.arc,19988
0,,,,ui\00_message\common\item_info.gmd,\ui\item_info.arc,item_info.arc,19989
0,,,,ui\00_message\common\item_info.gmd,\ui\item_info.arc,item_info.arc,19990
0,,,,ui\00_message\common\item_info.gmd,\ui\item_info.arc,item_info.arc,19991
0,,,,ui\00_message\common\item_info.gmd,\ui\item_info.arc,item_info.arc,19992
0,,,,ui\00_message\common\item_info.gmd,\ui\item_info.arc,item_info.arc,19993
0,,,,ui\00_message\common\item_info.gmd,\ui\item_info.arc,item_info.arc,19994
0,,,,ui\00_message\common\item_info.gmd,\ui\item_info.arc,item_info.arc,19995
0,,,,ui\00_message\common\item_info.gmd,\ui\item_info.arc,item_info.arc,19996
0,,,,ui\00_message\common\item_info.gmd,\ui\item_info.arc,item_info.arc,19997
0,,,,ui\00_message\common\item_info.gmd,\ui\item_info.arc,item_info.arc,19998
0,,,,ui\00_message\common\item_info.gmd,\ui\item_info.arc,item_info.arc,19999
0,,,,ui\00_message\common\item_info.gmd,\ui\item_info.arc,item_info.arc,20000
0,,,,ui\00_message\common\item_info.gmd,\ui\item_info.arc,item_info.arc,20001
0,,,,ui\00_message\common\item_info.gmd,\ui\item_info.arc,item_info.arc,20002
0,,,,ui\00_message\common\item_info.gmd,\ui\item_info.arc,item_info.arc,20003
0,,,,ui\00_message\common\item_info.gmd,\ui\item_info.arc,item_info.arc,20004
0,,,,ui\00_message\common\item_info.gmd,\ui\item_info.arc,item_info.arc,20005
0,,,,ui\00_message\common\item_info.gmd,\ui\item_info.arc,item_info.arc,20006
0,,,,ui\00_message\common\item_info.gmd,\ui\item_info.arc,item_info.arc,20007
0,,,,ui\00_message\common\item_info.gmd,\ui\item_info.arc,item_info.arc,20008
0,,,,ui\00_message\common\item_info.gmd,\ui\item_info.arc,item_info.arc,20009
0,,,,ui\00_message\common\item_info.gmd,\ui\item_info.arc,item_info.arc,20010
0,,,,ui\00_message\common\item_info.gmd,\ui\item_info.arc,item_info.arc,20011
0,,,,ui\00_message\common\item_info.gmd,\ui\item_info.arc,item_info.arc,20012
0,,,,ui\00_message\common\item_info.gmd,\ui\item_info.arc,item_info.arc,20013
0,,,,ui\00_message\common\item_info.gmd,\ui\item_info.arc,item_info.arc,20014
0,,,,ui\00_message\common\item_info.gmd,\ui\item_info.arc,item_info.arc,20015
0,,,,ui\00_message\common\item_info.gmd,\ui\item_info.arc,item_info.arc,20016
0,,,,ui\00_message\common\item_info.gmd,\ui\item_info.arc,item_info.arc,20017
0,,,,ui\00_message\common\item_info.gmd,\ui\item_info.arc,item_info.arc,20018
0,,,,ui\00_message\common\item_info.gmd,\ui\item_info.arc,item_info.arc,20019
0,,,,ui\00_message\common\item_info.gmd,\ui\item_info.arc,item_info.arc,20020
0,,,,ui\00_message\common\item_info.gmd,\ui\item_info.arc,item_info.arc,20021
0,,,,ui\00_message\common\item_info.gmd,\ui\item_info.arc,item_info.arc,20022
0,,,,ui\00_message\common\item_info.gmd,\ui\item_info.arc,item_info.arc,20023
0,,,,ui\00_message\common\item_info.gmd,\ui\item_info.arc,item_info.arc,20024
0,,,,ui\00_message\common\item_info.gmd,\ui\item_info.arc,item_info.arc,20025
0,,,,ui\00_message\common\item_info.gmd,\ui\item_info.arc,item_info.arc,20026
0,,,,ui\00_message\common\item_info.gmd,\ui\item_info.arc,item_info.arc,20027
0,,,,ui\00_message\common\item_info.gmd,\ui\item_info.arc,item_info.arc,20028
0,,,,ui\00_message\common\item_info.gmd,\ui\item_info.arc,item_info.arc,20029
0,,,,ui\00_message\common\item_info.gmd,\ui\item_info.arc,item_info.arc,20030
0,,,,ui\00_message\common\item_info.gmd,\ui\item_info.arc,item_info.arc,20031
0,,,,ui\00_message\common\item_info.gmd,\ui\item_info.arc,item_info.arc,20032
0,,,,ui\00_message\common\item_info.gmd,\ui\item_info.arc,item_info.arc,20033
0,,,,ui\00_message\common\item_info.gmd,\ui\item_info.arc,item_info.arc,20034
0,,,,ui\00_message\common\item_info.gmd,\ui\item_info.arc,item_info.arc,20035
0,,,,ui\00_message\common\item_info.gmd,\ui\item_info.arc,item_info.arc,20036
0,,,,ui\00_message\common\item_info.gmd,\ui\item_info.arc,item_info.arc,20037
0,,,,ui\00_message\common\item_info.gmd,\ui\item_info.arc,item_info.arc,20038
0,,,,ui\00_message\common\item_info.gmd,\ui\item_info.arc,item_info.arc,20039
0,,,,ui\00_message\common\item_info.gmd,\ui\item_info.arc,item_info.arc,20040
0,,,,ui\00_message\common\item_info.gmd,\ui\item_info.arc,item_info.arc,20041
0,,,,ui\00_message\common\item_info.gmd,\ui\item_info.arc,item_info.arc,20042
0,,,,ui\00_message\common\item_info.gmd,\ui\item_info.arc,item_info.arc,20043
0,,,,ui\00_message\common\item_info.gmd,\ui\item_info.arc,item_info.arc,20044
0,,,,ui\00_message\common\item_info.gmd,\ui\item_info.arc,item_info.arc,20045
0,,,,ui\00_message\common\item_info.gmd,\ui\item_info.arc,item_info.arc,20046
0,,,,ui\00_message\common\item_info.gmd,\ui\item_info.arc,item_info.arc,20047
0,,,,ui\00_message\common\item_info.gmd,\ui\item_info.arc,item_info.arc,20048
0,,,,ui\00_message\common\item_info.gmd,\ui\item_info.arc,item_info.arc,20049
0,,,,ui\00_message\common\item_info.gmd,\ui\item_info.arc,item_info.arc,20050
0,,,,ui\00_message\common\item_info.gmd,\ui\item_info.arc,item_info.arc,20051
0,,,,ui\00_message\common\item_info.gmd,\ui\item_info.arc,item_info.arc,20052
0,,,,ui\00_message\common\item_info.gmd,\ui\item_info.arc,item_info.arc,20053
0,,,,ui\00_message\common\item_info.gmd,\ui\item_info.arc,item_info.arc,20054
0,,,,ui\00_message\common\item_info.gmd,\ui\item_info.arc,item_info.arc,20055
0,,,,ui\00_message\common\item_info.gmd,\ui\item_info.arc,item_info.arc,20056
0,,,,ui\00_message\common\item_info.gmd,\ui\item_info.arc,item_info.arc,20057
0,,,,ui\00_message\common\item_info.gmd,\ui\item_info.arc,item_info.arc,20058
0,,,,ui\00_message\common\item_info.gmd,\ui\item_info.arc,item_info.arc,20059
0,,,,ui\00_message\common\item_info.gmd,\ui\item_info.arc,item_info.arc,20060
0,,,,ui\00_message\common\item_info.gmd,\ui\item_info.arc,item_info.arc,20061
0,,,,ui\00_message\common\item_info.gmd,\ui\item_info.arc,item_info.arc,20062
0,,,,ui\00_message\common\item_info.gmd,\ui\item_info.arc,item_info.arc,20063
0,,,,ui\00_message\common\item_info.gmd,\ui\item_info.arc,item_info.arc,20064
0,,,,ui\00_message\common\item_info.gmd,\ui\item_info.arc,item_info.arc,20065
0,,,,ui\00_message\common\item_info.gmd,\ui\item_info.arc,item_info.arc,20066
0,,,,ui\00_message\common\item_info.gmd,\ui\item_info.arc,item_info.arc,20067
0,,,,ui\00_message\common\item_info.gmd,\ui\item_info.arc,item_info.arc,20068
0,,,,ui\00_message\common\item_info.gmd,\ui\item_info.arc,item_info.arc,20069
0,,,,ui\00_message\common\item_info.gmd,\ui\item_info.arc,item_info.arc,20070
0,,,,ui\00_message\common\item_info.gmd,\ui\item_info.arc,item_info.arc,20071
0,,,,ui\00_message\common\item_info.gmd,\ui\item_info.arc,item_info.arc,20072
0,,,,ui\00_message\common\item_info.gmd,\ui\item_info.arc,item_info.arc,20073
0,,,,ui\00_message\common\item_info.gmd,\ui\item_info.arc,item_info.arc,20074
0,,,,ui\00_message\common\item_info.gmd,\ui\item_info.arc,item_info.arc,20075
0,,,,ui\00_message\common\item_info.gmd,\ui\item_info.arc,item_info.arc,20076
0,,,,ui\00_message\common\item_info.gmd,\ui\item_info.arc,item_info.arc,20077
0,,,,ui\00_message\common\item_info.gmd,\ui\item_info.arc,item_info.arc,20078
0,,,,ui\00_message\common\item_info.gmd,\ui\item_info.arc,item_info.arc,20079
0,,,,ui\00_message\common\item_info.gmd,\ui\item_info.arc,item_info.arc,20080
0,,,,ui\00_message\common\item_info.gmd,\ui\item_info.arc,item_info.arc,20081
0,,,,ui\00_message\common\item_info.gmd,\ui\item_info.arc,item_info.arc,20082
0,,,,ui\00_message\common\item_info.gmd,\ui\item_info.arc,item_info.arc,20083
0,,,,ui\00_message\common\item_info.gmd,\ui\item_info.arc,item_info.arc,20084
0,,,,ui\00_message\common\item_info.gmd,\ui\item_info.arc,item_info.arc,20085
0,,,,ui\00_message\common\item_info.gmd,\ui\item_info.arc,item_info.arc,20086
0,,,,ui\00_message\common\item_info.gmd,\ui\item_info.arc,item_info.arc,20087
0,,,,ui\00_message\common\item_info.gmd,\ui\item_info.arc,item_info.arc,20088
0,,,,ui\00_message\common\item_info.gmd,\ui\item_info.arc,item_info.arc,20089
0,,,,ui\00_message\common\item_info.gmd,\ui\item_info.arc,item_info.arc,20090
0,,,,ui\00_message\common\item_info.gmd,\ui\item_info.arc,item_info.arc,20091
0,,,,ui\00_message\common\item_info.gmd,\ui\item_info.arc,item_info.arc,20092
0,,,,ui\00_message\common\item_info.gmd,\ui\item_info.arc,item_info.arc,20093
0,,,,ui\00_message\common\item_info.gmd,\ui\item_info.arc,item_info.arc,20094
0,,,,ui\00_message\common\item_info.gmd,\ui\item_info.arc,item_info.arc,20095
0,,,,ui\00_message\common\item_info.gmd,\ui\item_info.arc,item_info.arc,20096
0,,,,ui\00_message\common\item_info.gmd,\ui\item_info.arc,item_info.arc,20097
0,,,,ui\00_message\common\item_info.gmd,\ui\item_info.arc,item_info.arc,20098
0,,,,ui\00_message\common\item_info.gmd,\ui\item_info.arc,item_info.arc,20099
0,,,,ui\00_message\common\item_info.gmd,\ui\item_info.arc,item_info.arc,20100
0,,,,ui\00_message\common\item_info.gmd,\ui\item_info.arc,item_info.arc,20101
0,,,,ui\00_message\common\item_info.gmd,\ui\item_info.arc,item_info.arc,20102
0,,,,ui\00_message\common\item_info.gmd,\ui\item_info.arc,item_info.arc,20103
0,,,,ui\00_message\common\item_info.gmd,\ui\item_info.arc,item_info.arc,20104
0,,,,ui\00_message\common\item_info.gmd,\ui\item_info.arc,item_info.arc,20105
0,,,,ui\00_message\common\item_info.gmd,\ui\item_info.arc,item_info.arc,20106
0,,,,ui\00_message\common\item_info.gmd,\ui\item_info.arc,item_info.arc,20107
0,,,,ui\00_message\common\item_info.gmd,\ui\item_info.arc,item_info.arc,20108
0,,,,ui\00_message\common\item_info.gmd,\ui\item_info.arc,item_info.arc,20109
0,,,,ui\00_message\common\item_info.gmd,\ui\item_info.arc,item_info.arc,20110
0,,,,ui\00_message\common\item_info.gmd,\ui\item_info.arc,item_info.arc,20111
0,,,,ui\00_message\common\item_info.gmd,\ui\item_info.arc,item_info.arc,20112
0,,,,ui\00_message\common\item_info.gmd,\ui\item_info.arc,item_info.arc,20113
0,,,,ui\00_message\common\item_info.gmd,\ui\item_info.arc,item_info.arc,20114
0,,,,ui\00_message\common\item_info.gmd,\ui\item_info.arc,item_info.arc,20115
0,,,,ui\00_message\common\item_info.gmd,\ui\item_info.arc,item_info.arc,20116
0,,,,ui\00_message\common\item_info.gmd,\ui\item_info.arc,item_info.arc,20117
0,,,,ui\00_message\common\item_info.gmd,\ui\item_info.arc,item_info.arc,20118
0,,,,ui\00_message\common\item_info.gmd,\ui\item_info.arc,item_info.arc,20119
0,,,,ui\00_message\common\item_info.gmd,\ui\item_info.arc,item_info.arc,20120
0,,,,ui\00_message\common\item_info.gmd,\ui\item_info.arc,item_info.arc,20121
0,,,,ui\00_message\common\item_info.gmd,\ui\item_info.arc,item_info.arc,20122
0,,,,ui\00_message\common\item_info.gmd,\ui\item_info.arc,item_info.arc,20123
0,,,,ui\00_message\common\item_info.gmd,\ui\item_info.arc,item_info.arc,20124
0,,,,ui\00_message\common\item_info.gmd,\ui\item_info.arc,item_info.arc,20125
0,,,,ui\00_message\common\item_info.gmd,\ui\item_info.arc,item_info.arc,20126
0,,,,ui\00_message\common\item_info.gmd,\ui\item_info.arc,item_info.arc,20127
0,,,,ui\00_message\common\item_info.gmd,\ui\item_info.arc,item_info.arc,20128
0,,,,ui\00_message\common\item_info.gmd,\ui\item_info.arc,item_info.arc,20129
0,,,,ui\00_message\common\item_info.gmd,\ui\item_info.arc,item_info.arc,20130
0,,,,ui\00_message\common\item_info.gmd,\ui\item_info.arc,item_info.arc,20131
0,,,,ui\00_message\common\item_info.gmd,\ui\item_info.arc,item_info.arc,20132
0,,,,ui\00_message\common\item_info.gmd,\ui\item_info.arc,item_info.arc,20133
0,,,,ui\00_message\common\item_info.gmd,\ui\item_info.arc,item_info.arc,20134
0,,,,ui\00_message\common\item_info.gmd,\ui\item_info.arc,item_info.arc,20135
0,,,,ui\00_message\common\item_info.gmd,\ui\item_info.arc,item_info.arc,20136
0,,,,ui\00_message\common\item_info.gmd,\ui\item_info.arc,item_info.arc,20137
0,,,,ui\00_message\common\item_info.gmd,\ui\item_info.arc,item_info.arc,20138
0,,,,ui\00_message\common\item_info.gmd,\ui\item_info.arc,item_info.arc,20139
0,,,,ui\00_message\common\item_info.gmd,\ui\item_info.arc,item_info.arc,20140
0,,,,ui\00_message\common\item_info.gmd,\ui\item_info.arc,item_info.arc,20141
0,,,,ui\00_message\common\item_info.gmd,\ui\item_info.arc,item_info.arc,20142
0,,,,ui\00_message\common\item_info.gmd,\ui\item_info.arc,item_info.arc,20143
0,,,,ui\00_message\common\item_info.gmd,\ui\item_info.arc,item_info.arc,20144
0,,,,ui\00_message\common\item_info.gmd,\ui\item_info.arc,item_info.arc,20145
0,,,,ui\00_message\common\item_info.gmd,\ui\item_info.arc,item_info.arc,20146
0,,,,ui\00_message\common\item_info.gmd,\ui\item_info.arc,item_info.arc,20147
0,,,,ui\00_message\common\item_info.gmd,\ui\item_info.arc,item_info.arc,20148
0,,,,ui\00_message\common\item_info.gmd,\ui\item_info.arc,item_info.arc,20149
0,,,,ui\00_message\common\item_info.gmd,\ui\item_info.arc,item_info.arc,20150
0,,,,ui\00_message\common\item_info.gmd,\ui\item_info.arc,item_info.arc,20151
0,,,,ui\00_message\common\item_info.gmd,\ui\item_info.arc,item_info.arc,20152
0,,,,ui\00_message\common\item_info.gmd,\ui\item_info.arc,item_info.arc,20153
0,,,,ui\00_message\common\item_info.gmd,\ui\item_info.arc,item_info.arc,20154
0,,,,ui\00_message\common\item_info.gmd,\ui\item_info.arc,item_info.arc,20155
0,,,,ui\00_message\common\item_info.gmd,\ui\item_info.arc,item_info.arc,20156
0,,,,ui\00_message\common\item_info.gmd,\ui\item_info.arc,item_info.arc,20157
0,,,,ui\00_message\common\item_info.gmd,\ui\item_info.arc,item_info.arc,20158
0,,,,ui\00_message\common\item_info.gmd,\ui\item_info.arc,item_info.arc,20159
0,,,,ui\00_message\common\item_info.gmd,\ui\item_info.arc,item_info.arc,20160
0,,,,ui\00_message\common\item_info.gmd,\ui\item_info.arc,item_info.arc,20161
0,,,,ui\00_message\common\item_info.gmd,\ui\item_info.arc,item_info.arc,20162
0,,,,ui\00_message\common\item_info.gmd,\ui\item_info.arc,item_info.arc,20163
0,,,,ui\00_message\common\item_info.gmd,\ui\item_info.arc,item_info.arc,20164
0,,,,ui\00_message\common\item_info.gmd,\ui\item_info.arc,item_info.arc,20165
0,,,,ui\00_message\common\item_info.gmd,\ui\item_info.arc,item_info.arc,20166
0,,,,ui\00_message\common\item_info.gmd,\ui\item_info.arc,item_info.arc,20167
0,,,,ui\00_message\common\item_info.gmd,\ui\item_info.arc,item_info.arc,20168
0,,,,ui\00_message\common\item_info.gmd,\ui\item_info.arc,item_info.arc,20169
0,,,,ui\00_message\common\item_info.gmd,\ui\item_info.arc,item_info.arc,20170
0,,,,ui\00_message\common\item_info.gmd,\ui\item_info.arc,item_info.arc,20171
0,,,,ui\00_message\common\item_info.gmd,\ui\item_info.arc,item_info.arc,20172
0,,,,ui\00_message\common\item_info.gmd,\ui\item_info.arc,item_info.arc,20173
0,,,,ui\00_message\common\item_info.gmd,\ui\item_info.arc,item_info.arc,20174
0,,,,ui\00_message\common\item_info.gmd,\ui\item_info.arc,item_info.arc,20175
0,,,,ui\00_message\common\item_info.gmd,\ui\item_info.arc,item_info.arc,20176
0,,,,ui\00_message\common\item_info.gmd,\ui\item_info.arc,item_info.arc,20177
0,,,,ui\00_message\common\item_info.gmd,\ui\item_info.arc,item_info.arc,20178
0,,,,ui\00_message\common\item_info.gmd,\ui\item_info.arc,item_info.arc,20179
0,,,,ui\00_message\common\item_info.gmd,\ui\item_info.arc,item_info.arc,20180
0,,,,ui\00_message\common\item_info.gmd,\ui\item_info.arc,item_info.arc,20181
0,,,,ui\00_message\common\item_info.gmd,\ui\item_info.arc,item_info.arc,20182
0,,,,ui\00_message\common\item_info.gmd,\ui\item_info.arc,item_info.arc,20183
0,,,,ui\00_message\common\item_info.gmd,\ui\item_info.arc,item_info.arc,20184
0,,,,ui\00_message\common\item_info.gmd,\ui\item_info.arc,item_info.arc,20185
0,,,,ui\00_message\common\item_info.gmd,\ui\item_info.arc,item_info.arc,20186
0,,,,ui\00_message\common\item_info.gmd,\ui\item_info.arc,item_info.arc,20187
0,,,,ui\00_message\common\item_info.gmd,\ui\item_info.arc,item_info.arc,20188
0,,,,ui\00_message\common\item_info.gmd,\ui\item_info.arc,item_info.arc,20189
0,,,,ui\00_message\common\item_info.gmd,\ui\item_info.arc,item_info.arc,20190
0,,,,ui\00_message\common\item_info.gmd,\ui\item_info.arc,item_info.arc,20191
0,,,,ui\00_message\common\item_info.gmd,\ui\item_info.arc,item_info.arc,20192
0,,,,ui\00_message\common\item_info.gmd,\ui\item_info.arc,item_info.arc,20193
0,,,,ui\00_message\common\item_info.gmd,\ui\item_info.arc,item_info.arc,20194
0,,,,ui\00_message\common\item_info.gmd,\ui\item_info.arc,item_info.arc,20195
0,,,,ui\00_message\common\item_info.gmd,\ui\item_info.arc,item_info.arc,20196
0,,,,ui\00_message\common\item_info.gmd,\ui\item_info.arc,item_info.arc,20197
0,,,,ui\00_message\common\item_info.gmd,\ui\item_info.arc,item_info.arc,20198
0,,,,ui\00_message\common\item_info.gmd,\ui\item_info.arc,item_info.arc,20199
0,,,,ui\00_message\common\item_info.gmd,\ui\item_info.arc,item_info.arc,20200
0,,,,ui\00_message\common\item_info.gmd,\ui\item_info.arc,item_info.arc,20201
0,,,,ui\00_message\common\item_info.gmd,\ui\item_info.arc,item_info.arc,20202
0,,,,ui\00_message\common\item_info.gmd,\ui\item_info.arc,item_info.arc,20203
0,,,,ui\00_message\common\item_info.gmd,\ui\item_info.arc,item_info.arc,20204
0,,,,ui\00_message\common\item_info.gmd,\ui\item_info.arc,item_info.arc,20205
0,,,,ui\00_message\common\item_info.gmd,\ui\item_info.arc,item_info.arc,20206
0,,,,ui\00_message\common\item_info.gmd,\ui\item_info.arc,item_info.arc,20207
0,,,,ui\00_message\common\item_info.gmd,\ui\item_info.arc,item_info.arc,20208
0,,,,ui\00_message\common\item_info.gmd,\ui\item_info.arc,item_info.arc,20209
0,,,,ui\00_message\common\item_info.gmd,\ui\item_info.arc,item_info.arc,20210
0,,,,ui\00_message\common\item_info.gmd,\ui\item_info.arc,item_info.arc,20211
0,,,,ui\00_message\common\item_info.gmd,\ui\item_info.arc,item_info.arc,20212
0,,,,ui\00_message\common\item_info.gmd,\ui\item_info.arc,item_info.arc,20213
0,,,,ui\00_message\common\item_info.gmd,\ui\item_info.arc,item_info.arc,20214
0,,,,ui\00_message\common\item_info.gmd,\ui\item_info.arc,item_info.arc,20215
0,,,,ui\00_message\common\item_info.gmd,\ui\item_info.arc,item_info.arc,20216
0,,,,ui\00_message\common\item_info.gmd,\ui\item_info.arc,item_info.arc,20217
0,,,,ui\00_message\common\item_info.gmd,\ui\item_info.arc,item_info.arc,20218
0,,,,ui\00_message\common\item_info.gmd,\ui\item_info.arc,item_info.arc,20219
0,,,,ui\00_message\common\item_info.gmd,\ui\item_info.arc,item_info.arc,20220
0,,,,ui\00_message\common\item_info.gmd,\ui\item_info.arc,item_info.arc,20221
0,,,,ui\00_message\common\item_info.gmd,\ui\item_info.arc,item_info.arc,20222
0,,,,ui\00_message\common\item_info.gmd,\ui\item_info.arc,item_info.arc,20223
0,,,,ui\00_message\common\item_info.gmd,\ui\item_info.arc,item_info.arc,20224
0,,,,ui\00_message\common\item_info.gmd,\ui\item_info.arc,item_info.arc,20225
0,,,,ui\00_message\common\item_info.gmd,\ui\item_info.arc,item_info.arc,20226
0,,,,ui\00_message\common\item_info.gmd,\ui\item_info.arc,item_info.arc,20227
0,,,,ui\00_message\common\item_info.gmd,\ui\item_info.arc,item_info.arc,20228
0,,,,ui\00_message\common\item_info.gmd,\ui\item_info.arc,item_info.arc,20229
0,,,,ui\00_message\common\item_info.gmd,\ui\item_info.arc,item_info.arc,20230
0,,,,ui\00_message\common\item_info.gmd,\ui\item_info.arc,item_info.arc,20231
0,,,,ui\00_message\common\item_info.gmd,\ui\item_info.arc,item_info.arc,20232
0,,,,ui\00_message\common\item_info.gmd,\ui\item_info.arc,item_info.arc,20233
0,,,,ui\00_message\common\item_info.gmd,\ui\item_info.arc,item_info.arc,20234
0,,,,ui\00_message\common\item_info.gmd,\ui\item_info.arc,item_info.arc,20235
0,,,,ui\00_message\common\item_info.gmd,\ui\item_info.arc,item_info.arc,20236
0,,,,ui\00_message\common\item_info.gmd,\ui\item_info.arc,item_info.arc,20237
0,,,,ui\00_message\common\item_info.gmd,\ui\item_info.arc,item_info.arc,20238
0,,,,ui\00_message\common\item_info.gmd,\ui\item_info.arc,item_info.arc,20239
0,,,,ui\00_message\common\item_info.gmd,\ui\item_info.arc,item_info.arc,20240
0,,,,ui\00_message\common\item_info.gmd,\ui\item_info.arc,item_info.arc,20241
0,,,,ui\00_message\common\item_info.gmd,\ui\item_info.arc,item_info.arc,20242
0,,,,ui\00_message\common\item_info.gmd,\ui\item_info.arc,item_info.arc,20243
0,,,,ui\00_message\common\item_info.gmd,\ui\item_info.arc,item_info.arc,20244
0,,,,ui\00_message\common\item_info.gmd,\ui\item_info.arc,item_info.arc,20245
0,,,,ui\00_message\common\item_info.gmd,\ui\item_info.arc,item_info.arc,20246
0,,,,ui\00_message\common\item_info.gmd,\ui\item_info.arc,item_info.arc,20247
0,,,,ui\00_message\common\item_info.gmd,\ui\item_info.arc,item_info.arc,20248
0,,,,ui\00_message\common\item_info.gmd,\ui\item_info.arc,item_info.arc,20249
0,,,,ui\00_message\common\item_info.gmd,\ui\item_info.arc,item_info.arc,20250
0,,,,ui\00_message\common\item_info.gmd,\ui\item_info.arc,item_info.arc,20251
0,,,,ui\00_message\common\item_info.gmd,\ui\item_info.arc,item_info.arc,20252
0,,,,ui\00_message\common\item_info.gmd,\ui\item_info.arc,item_info.arc,20253
0,,,,ui\00_message\common\item_info.gmd,\ui\item_info.arc,item_info.arc,20254
0,,,,ui\00_message\common\item_info.gmd,\ui\item_info.arc,item_info.arc,20255
0,,,,ui\00_message\common\item_info.gmd,\ui\item_info.arc,item_info.arc,20256
0,,,,ui\00_message\common\item_info.gmd,\ui\item_info.arc,item_info.arc,20257
0,,,,ui\00_message\common\item_info.gmd,\ui\item_info.arc,item_info.arc,20258
0,,,,ui\00_message\common\item_info.gmd,\ui\item_info.arc,item_info.arc,20259
0,,,,ui\00_message\common\item_info.gmd,\ui\item_info.arc,item_info.arc,20260
0,,,,ui\00_message\common\item_info.gmd,\ui\item_info.arc,item_info.arc,20261
0,,,,ui\00_message\common\item_info.gmd,\ui\item_info.arc,item_info.arc,20262
0,,,,ui\00_message\common\item_info.gmd,\ui\item_info.arc,item_info.arc,20263
0,,,,ui\00_message\common\item_info.gmd,\ui\item_info.arc,item_info.arc,20264
0,,,,ui\00_message\common\item_info.gmd,\ui\item_info.arc,item_info.arc,20265
0,,,,ui\00_message\common\item_info.gmd,\ui\item_info.arc,item_info.arc,20266
0,,,,ui\00_message\common\item_info.gmd,\ui\item_info.arc,item_info.arc,20267
0,,,,ui\00_message\common\item_info.gmd,\ui\item_info.arc,item_info.arc,20268
0,,,,ui\00_message\common\item_info.gmd,\ui\item_info.arc,item_info.arc,20269
0,,,,ui\00_message\common\item_info.gmd,\ui\item_info.arc,item_info.arc,20270
0,,,,ui\00_message\common\item_info.gmd,\ui\item_info.arc,item_info.arc,20271
0,,,,ui\00_message\common\item_info.gmd,\ui\item_info.arc,item_info.arc,20272
0,,,,ui\00_message\common\item_info.gmd,\ui\item_info.arc,item_info.arc,20273
0,,,,ui\00_message\common\item_info.gmd,\ui\item_info.arc,item_info.arc,20274
0,,,,ui\00_message\common\item_info.gmd,\ui\item_info.arc,item_info.arc,20275
0,,,,ui\00_message\common\item_info.gmd,\ui\item_info.arc,item_info.arc,20276
0,,,,ui\00_message\common\item_info.gmd,\ui\item_info.arc,item_info.arc,20277
0,,,,ui\00_message\common\item_info.gmd,\ui\item_info.arc,item_info.arc,20278
0,,,,ui\00_message\common\item_info.gmd,\ui\item_info.arc,item_info.arc,20279
0,,,,ui\00_message\common\item_info.gmd,\ui\item_info.arc,item_info.arc,20280
0,,,,ui\00_message\common\item_info.gmd,\ui\item_info.arc,item_info.arc,20281
0,,,,ui\00_message\common\item_info.gmd,\ui\item_info.arc,item_info.arc,20282
0,,,,ui\00_message\common\item_info.gmd,\ui\item_info.arc,item_info.arc,20283
0,,,,ui\00_message\common\item_info.gmd,\ui\item_info.arc,item_info.arc,20284
0,,,,ui\00_message\common\item_info.gmd,\ui\item_info.arc,item_info.arc,20285
0,,,,ui\00_message\common\item_info.gmd,\ui\item_info.arc,item_info.arc,20286
0,,,,ui\00_message\common\item_info.gmd,\ui\item_info.arc,item_info.arc,20287
0,,,,ui\00_message\common\item_info.gmd,\ui\item_info.arc,item_info.arc,20288
0,,,,ui\00_message\common\item_info.gmd,\ui\item_info.arc,item_info.arc,20289
0,,,,ui\00_message\common\item_info.gmd,\ui\item_info.arc,item_info.arc,20290
0,,,,ui\00_message\common\item_info.gmd,\ui\item_info.arc,item_info.arc,20291
0,,,,ui\00_message\common\item_info.gmd,\ui\item_info.arc,item_info.arc,20292
0,,,,ui\00_message\common\item_info.gmd,\ui\item_info.arc,item_info.arc,20293
0,,,,ui\00_message\common\item_info.gmd,\ui\item_info.arc,item_info.arc,20294
0,,,,ui\00_message\common\item_info.gmd,\ui\item_info.arc,item_info.arc,20295
0,,,,ui\00_message\common\item_info.gmd,\ui\item_info.arc,item_info.arc,20296
0,,,,ui\00_message\common\item_info.gmd,\ui\item_info.arc,item_info.arc,20297
0,,,,ui\00_message\common\item_info.gmd,\ui\item_info.arc,item_info.arc,20298
0,,,,ui\00_message\common\item_info.gmd,\ui\item_info.arc,item_info.arc,20299
0,,,,ui\00_message\common\item_info.gmd,\ui\item_info.arc,item_info.arc,20300
0,,,,ui\00_message\common\item_info.gmd,\ui\item_info.arc,item_info.arc,20301
0,,,,ui\00_message\common\item_info.gmd,\ui\item_info.arc,item_info.arc,20302
0,,,,ui\00_message\common\item_info.gmd,\ui\item_info.arc,item_info.arc,20303
0,,,,ui\00_message\common\item_info.gmd,\ui\item_info.arc,item_info.arc,20304
0,,,,ui\00_message\common\item_info.gmd,\ui\item_info.arc,item_info.arc,20305
0,,,,ui\00_message\common\item_info.gmd,\ui\item_info.arc,item_info.arc,20306
0,,,,ui\00_message\common\item_info.gmd,\ui\item_info.arc,item_info.arc,20307
0,,,,ui\00_message\common\item_info.gmd,\ui\item_info.arc,item_info.arc,20308
0,,,,ui\00_message\common\item_info.gmd,\ui\item_info.arc,item_info.arc,20309
0,,,,ui\00_message\common\item_info.gmd,\ui\item_info.arc,item_info.arc,20310
0,,,,ui\00_message\common\item_info.gmd,\ui\item_info.arc,item_info.arc,20311
0,,,,ui\00_message\common\item_info.gmd,\ui\item_info.arc,item_info.arc,20312
0,,,,ui\00_message\common\item_info.gmd,\ui\item_info.arc,item_info.arc,20313
0,,,,ui\00_message\common\item_info.gmd,\ui\item_info.arc,item_info.arc,20314
0,,,,ui\00_message\common\item_info.gmd,\ui\item_info.arc,item_info.arc,20315
0,,,,ui\00_message\common\item_info.gmd,\ui\item_info.arc,item_info.arc,20316
0,,,,ui\00_message\common\item_info.gmd,\ui\item_info.arc,item_info.arc,20317
0,,,,ui\00_message\common\item_info.gmd,\ui\item_info.arc,item_info.arc,20318
0,,,,ui\00_message\common\item_info.gmd,\ui\item_info.arc,item_info.arc,20319
0,,,,ui\00_message\common\item_info.gmd,\ui\item_info.arc,item_info.arc,20320
0,,,,ui\00_message\common\item_info.gmd,\ui\item_info.arc,item_info.arc,20321
0,,,,ui\00_message\common\item_info.gmd,\ui\item_info.arc,item_info.arc,20322
0,,,,ui\00_message\common\item_info.gmd,\ui\item_info.arc,item_info.arc,20323
0,,,,ui\00_message\common\item_info.gmd,\ui\item_info.arc,item_info.arc,20324
0,,,,ui\00_message\common\item_info.gmd,\ui\item_info.arc,item_info.arc,20325
0,,,,ui\00_message\common\item_info.gmd,\ui\item_info.arc,item_info.arc,20326
0,,,,ui\00_message\common\item_info.gmd,\ui\item_info.arc,item_info.arc,20327
0,,,,ui\00_message\common\item_info.gmd,\ui\item_info.arc,item_info.arc,20328
0,,,,ui\00_message\common\item_info.gmd,\ui\item_info.arc,item_info.arc,20329
0,,,,ui\00_message\common\item_info.gmd,\ui\item_info.arc,item_info.arc,20330
0,,,,ui\00_message\common\item_info.gmd,\ui\item_info.arc,item_info.arc,20331
0,,,,ui\00_message\common\item_info.gmd,\ui\item_info.arc,item_info.arc,20332
0,,,,ui\00_message\common\item_info.gmd,\ui\item_info.arc,item_info.arc,20333
0,,,,ui\00_message\common\item_info.gmd,\ui\item_info.arc,item_info.arc,20334
0,,,,ui\00_message\common\item_info.gmd,\ui\item_info.arc,item_info.arc,20335
0,,,,ui\00_message\common\item_info.gmd,\ui\item_info.arc,item_info.arc,20336
0,,,,ui\00_message\common\item_info.gmd,\ui\item_info.arc,item_info.arc,20337
0,,,,ui\00_message\common\item_info.gmd,\ui\item_info.arc,item_info.arc,20338
0,,,,ui\00_message\common\item_info.gmd,\ui\item_info.arc,item_info.arc,20339
0,,,,ui\00_message\common\item_info.gmd,\ui\item_info.arc,item_info.arc,20340
0,,,,ui\00_message\common\item_info.gmd,\ui\item_info.arc,item_info.arc,20341
0,,,,ui\00_message\common\item_info.gmd,\ui\item_info.arc,item_info.arc,20342
0,,,,ui\00_message\common\item_info.gmd,\ui\item_info.arc,item_info.arc,20343
0,,,,ui\00_message\common\item_info.gmd,\ui\item_info.arc,item_info.arc,20344
0,,,,ui\00_message\common\item_info.gmd,\ui\item_info.arc,item_info.arc,20345
0,,,,ui\00_message\common\item_info.gmd,\ui\item_info.arc,item_info.arc,20346
0,,,,ui\00_message\common\item_info.gmd,\ui\item_info.arc,item_info.arc,20347
0,,,,ui\00_message\common\item_info.gmd,\ui\item_info.arc,item_info.arc,20348
0,,,,ui\00_message\common\item_info.gmd,\ui\item_info.arc,item_info.arc,20349
0,,,,ui\00_message\common\item_info.gmd,\ui\item_info.arc,item_info.arc,20350
0,,,,ui\00_message\common\item_info.gmd,\ui\item_info.arc,item_info.arc,20351
0,,,,ui\00_message\common\item_info.gmd,\ui\item_info.arc,item_info.arc,20352
0,,,,ui\00_message\common\item_info.gmd,\ui\item_info.arc,item_info.arc,20353
0,,,,ui\00_message\common\item_info.gmd,\ui\item_info.arc,item_info.arc,20354
0,,,,ui\00_message\common\item_info.gmd,\ui\item_info.arc,item_info.arc,20355
0,,,,ui\00_message\common\item_info.gmd,\ui\item_info.arc,item_info.arc,20356
0,,,,ui\00_message\common\item_info.gmd,\ui\item_info.arc,item_info.arc,20357
0,,,,ui\00_message\common\item_info.gmd,\ui\item_info.arc,item_info.arc,20358
0,,,,ui\00_message\common\item_info.gmd,\ui\item_info.arc,item_info.arc,20359
0,,,,ui\00_message\common\item_info.gmd,\ui\item_info.arc,item_info.arc,20360
0,,,,ui\00_message\common\item_info.gmd,\ui\item_info.arc,item_info.arc,20361
0,,,,ui\00_message\common\item_info.gmd,\ui\item_info.arc,item_info.arc,20362
0,,,,ui\00_message\common\item_info.gmd,\ui\item_info.arc,item_info.arc,20363
0,,,,ui\00_message\common\item_info.gmd,\ui\item_info.arc,item_info.arc,20364
0,,,,ui\00_message\common\item_info.gmd,\ui\item_info.arc,item_info.arc,20365
0,,,,ui\00_message\common\item_info.gmd,\ui\item_info.arc,item_info.arc,20366
0,,,,ui\00_message\common\item_info.gmd,\ui\item_info.arc,item_info.arc,20367
0,,,,ui\00_message\common\item_info.gmd,\ui\item_info.arc,item_info.arc,20368
0,,,,ui\00_message\common\item_info.gmd,\ui\item_info.arc,item_info.arc,20369
0,,,,ui\00_message\common\item_info.gmd,\ui\item_info.arc,item_info.arc,20370