#Index,Key,MsgJp,MsgEn,GmdPath,ArcPath,ArcName,ReadIndex
0,,,,ui\00_message\common\item_info.gmd,\ui\item_info.arc,item_info.arc,10371
0,,,,ui\00_message\common\item_info.gmd,\ui\item_info.arc,item_info.arc,10372
0,,,,ui\00_message\common\item_info.gmd,\ui\item_info.arc,item_info.arc,10373
0,,,,ui\00_message\common\item_info.gmd,\ui\item_info.arc,item_info.arc,10374
0,,,,ui\00_message\common\item_info.gmd,\ui\item_info.arc,item_info.arc,10375
0,,,,ui\00_message\common\item_info.gmd,\ui\item_info.arc,item_info.arc,10376
0,,,,ui\00_message\common\item_info.gmd,\ui\item_info.arc,item_info.arc,10377
0,,,,ui\00_message\common\item_info.gmd,\ui\item_info.arc,item_info.arc,10378
0,,,,ui\00_message\common\item_info.gmd,\ui\item_info.arc,item_info.arc,10379
0,,,,ui\00_message\common\item_info.gmd,\ui\item_info.arc,item_info.arc,10380
0,,,,ui\00_message\common\item_info.gmd,\ui\item_info.arc,item_info.arc,10381
0,,,,ui\00_message\common\item_info.gmd,\ui\item_info.arc,item_info.arc,10382
0,,,,ui\00_message\common\item_info.gmd,\ui\item_info.arc,item_info.arc,10383
0,,,,ui\00_message\common\item_info.gmd,\ui\item_info.arc,item_info.arc,10384
0,,,,ui\00_message\common\item_info.gmd,\ui\item_info.arc,item_info.arc,10385
0,,,,ui\00_message\common\item_info.gmd,\ui\item_info.arc,item_info.arc,10386
0,,,,ui\00_message\common\item_info.gmd,\ui\item_info.arc,item_info.arc,10387
0,,,,ui\00_message\common\item_info.gmd,\ui\item_info.arc,item_info.arc,10388
0,,,,ui\00_message\common\item_info.gmd,\ui\item_info.arc,item_info.arc,10389
0,,,,ui\00_message\common\item_info.gmd,\ui\item_info.arc,item_info.arc,10390
0,,,,ui\00_message\common\item_info.gmd,\ui\item_info.arc,item_info.arc,10391
0,,,,ui\00_message\common\item_info.gmd,\ui\item_info.arc,item_info.arc,10392
0,,,,ui\00_message\common\item_info.gmd,\ui\item_info.arc,item_info.arc,10393
0,,,,ui\00_message\common\item_info.gmd,\ui\item_info.arc,item_info.arc,10394
0,,,,ui\00_message\common\item_info.gmd,\ui\item_info.arc,item_info.arc,10395
0,,,,ui\00_message\common\item_info.gmd,\ui\item_info.arc,item_info.arc,10396
0,,,,ui\00_message\common\item_info.gmd,\ui\item_info.arc,item_info.arc,10397
0,,,,ui\00_message\common\item_info.gmd,\ui\item_info.arc,item_info.arc,10398
0,,,,ui\00_message\common\item_info.gmd,\ui\item_info.arc,item_info.arc,10399
0,,,,ui\00_message\common\item_info.gmd,\ui\item_info.arc,item_info.arc,10400
0,,,,ui\00_message\common\item_info.gmd,\ui\item_info.arc,item_info.arc,10401
0,,,,ui\00_message\common\item_info.gmd,\ui\item_info.arc,item_info.arc,10402
0,,,,ui\00_message\common\item_info.gmd,\ui\item_info.arc,item_info.arc,10403
0,,,,ui\00_message\common\item_info.gmd,\ui\item_info.arc,item_info.arc,10404
0,,,,ui\00_message\common\item_info.gmd,\ui\item_info.arc,item_info.arc,10405
0,,,,ui\00_message\common\item_info.gmd,\ui\item_info.arc,item_info.arc,10406
0,,,,ui\00_message\common\item_info.gmd,\ui\item_info.arc,item_info.arc,10407
0,,,,ui\00_message\common\item_info.gmd,\ui\item_info.arc,item_info.arc,10408
0,,,,ui\00_message\common\item_info.gmd,\ui\item_info.arc,item_info.arc,10409
0,,,,ui\00_message\common\item_info.gmd,\ui\item_info.arc,item_info.arc,10410
0,,,,ui\00_message\common\item_info.gmd,\ui\item_info.arc,item_info.arc,10411
0,,,,ui\00_message\common\item_info.gmd,\ui\item_info.arc,item_info.arc,10412
0,,,,ui\00_message\common\item_info.gmd,\ui\item_info.arc,item_info.arc,10413
0,,,,ui\00_message\common\item_info.gmd,\ui\item_info.arc,item_info.arc,10414
0,,,,ui\00_message\common\item_info.gmd,\ui\item_info.arc,item_info.arc,10415
0,,,,ui\00_message\common\item_info.gmd,\ui\item_info.arc,item_info.arc,10416
0,,,,ui\00_message\common\item_info.gmd,\ui\item_info.arc,item_info.arc,10417
0,,,,ui\00_message\common\item_info.gmd,\ui\item_info.arc,item_info.arc,10418
0,,,,ui\00_message\common\item_info.gmd,\ui\item_info.arc,item_info.arc,10419
0,,,,ui\00_message\common\item_info.gmd,\ui\item_info.arc,item_info.arc,10420
0,,,,ui\00_message\common\item_info.gmd,\ui\item_info.arc,item_info.arc,10421
0,,,,ui\00_message\common\item_info.gmd,\ui\item_info.arc,item_info.arc,10422
0,,,,ui\00_message\common\item_info.gmd,\ui\item_info.arc,item_info.arc,10423
0,,,,ui\00_message\common\item_info.gmd,\ui\item_info.arc,item_info.arc,10424
0,,,,ui\00_message\common\item_info.gmd,\ui\item_info.arc,item_info.arc,10425
0,,,,ui\00_message\common\item_info.gmd,\ui\item_info.arc,item_info.arc,10426
0,,,,ui\00_message\common\item_info.gmd,\ui\item_info.arc,item_info.arc,10427
0,,,,ui\00_message\common\item_info.gmd,\ui\item_info.arc,item_info.arc,10428
0,,,,ui\00_message\common\item_info.gmd,\ui\item_info.arc,item_info.arc,10429
0,,,,ui\00_message\common\item_info.gmd,\ui\item_info.arc,item_info.arc,10430
0,,,,ui\00_message\common\item_info.gmd,\ui\item_info.arc,item_info.arc,10431
0,,,,ui\00_message\common\item_info.gmd,\ui\item_info.arc,item_info.arc,10432
0,,,,ui\00_message\common\item_info.gmd,\ui\item_info.arc,item_info.arc,10433
0,,,,ui\00_message\common\item_info.gmd,\ui\item_info.arc,item_info.arc,10434
0,,,,ui\00_message\common\item_info.gmd,\ui\item_info.arc,item_info.arc,10435
0,,,,ui\00_message\common\item_info.gmd,\ui\item_info.arc,item_info.arc,10436
0,,,,ui\00_message\common\item_info.gmd,\ui\item_info.arc,item_info.arc,10437
0,,,,ui\00_message\common\item_info.gmd,\ui\item_info.arc,item_info.arc,10438
0,,,,ui\00_message\common\item_info.gmd,\ui\item_info.arc,item_info.arc,10439
0,,,,ui\00_message\common\item_info.gmd,\ui\item_info.arc,item_info.arc,10440
0,,,,ui\00_message\common\item_info.gmd,\ui\item_info.arc,item_info.arc,10441
0,,,,ui\00_message\common\item_info.gmd,\ui\item_info.arc,item_info.arc,10442
0,,,,ui\00_message\common\item_info.gmd,\ui\item_info.arc,item_info.arc,10443
0,,,,ui\00_message\common\item_info.gmd,\ui\item_info.arc,item_info.arc,10444
0,,,,ui\00_message\common\item_info.gmd,\ui\item_info.arc,item_info.arc,10445
0,,,,ui\00_message\common\item_info.gmd,\ui\item_info.arc,item_info.arc,10446
0,,,,ui\00_message\common\item_info.gmd,\ui\item_info.arc,item_info.arc,10447
0,,,,ui\00_message\common\item_info.gmd,\ui\item_info.arc,item_info.arc,10448
0,,,,ui\00_message\common\item_info.gmd,\ui\item_info.arc,item_info.arc,10449
0,,,,ui\00_message\common\item_info.gmd,\ui\item_info.arc,item_info.arc,10450
0,,,,ui\00_message\common\item_info.gmd,\ui\item_info.arc,item_info.arc,10451
0,,,,ui\00_message\common\item_info.gmd,\ui\item_info.arc,item_info.arc,10452
0,,,,ui\00_message\common\item_info.gmd,\ui\item_info.arc,item_info.arc,10453
0,,,,ui\00_message\common\item_info.gmd,\ui\item_info.arc,item_info.arc,10454
0,,,,ui\00_message\common\item_info.gmd,\ui\item_info.arc,item_info.arc,10455
0,,,,ui\00_message\common\item_info.gmd,\ui\item_info.arc,item_info.arc,10456
0,,,,ui\00_message\common\item_info.gmd,\ui\item_info.arc,item_info.arc,10457
0,,,,ui\00_message\common\item_info.gmd,\ui\item_info.arc,item_info.arc,10458
0,,,,ui\00_message\common\item_info.gmd,\ui\item_info.arc,item_info.arc,10459
0,,,,ui\00_message\common\item_info.gmd,\ui\item_info.arc,item_info.arc,10460
0,,,,ui\00_message\common\item_info.gmd,\ui\item_info.arc,item_info.arc,10461
0,,,,ui\00_message\common\item_info.gmd,\ui\item_info.arc,item_info.arc,10462
0,,,,ui\00_message\common\item_info.gmd,\ui\item_info.arc,item_info.arc,10463
0,,,,ui\00_message\common\item_info.gmd,\ui\item_info.arc,item_info.arc,10464
0,,,,ui\00_message\common\item_info.gmd,\ui\item_info.arc,item_info.arc,10465
0,,,,ui\00_message\common\item_info.gmd,\ui\item_info.arc,item_info.arc,10466
0,,,,ui\00_message\common\item_info.gmd,\ui\item_info.arc,item_info.arc,10467
0,,,,ui\00_message\common\item_info.gmd,\ui\item_info.arc,item_info.arc,10468
0,,,,ui\00_message\common\item_info.gmd,\ui\item_info.arc,item_info.arc,10469
0,,,,ui\00_message\common\item_info.gmd,\ui\item_info.arc,item_info.arc,10470
0,,,,ui\00_message\common\item_info.gmd,\ui\item_info.arc,item_info.arc,10471
0,,,,ui\00_message\common\item_info.gmd,\ui\item_info.arc,item_info.arc,10472
0,,,,ui\00_message\common\item_info.gmd,\ui\item_info.arc,item_info.arc,10473
0,,,,ui\00_message\common\item_info.gmd,\ui\item_info.arc,item_info.arc,10474
0,,,,ui\00_message\common\item_info.gmd,\ui\item_info.arc,item_info.arc,10475
0,,,,ui\00_message\common\item_info.gmd,\ui\item_info.arc,item_info.arc,10476
0,,,,ui\00_message\common\item_info.gmd,\ui\item_info.arc,item_info.arc,10477
0,,,,ui\00_message\common\item_info.gmd,\ui\item_info.arc,item_info.arc,10478
0,,,,ui\00_message\common\item_info.gmd,\ui\item_info.arc,item_info.arc,10479
0,,,,ui\00_message\common\item_info.gmd,\ui\item_info.arc,item_info.arc,10480
0,,,,ui\00_message\common\item_info.gmd,\ui\item_info.arc,item_info.arc,10481
0,,,,ui\00_message\common\item_info.gmd,\ui\item_info.arc,item_info.arc,10482
0,,,,ui\00_message\common\item_info.gmd,\ui\item_info.arc,item_info.arc,10483
0,,,,ui\00_message\common\item_info.gmd,\ui\item_info.arc,item_info.arc,10484
0,,,,ui\00_message\common\item_info.gmd,\ui\item_info.arc,item_info.arc,10485
0,,,,ui\00_message\common\item_info.gmd,\ui\item_info.arc,item_info.arc,10486
0,,,,ui\00_message\common\item_info.gmd,\ui\item_info.arc,item_info.arc,10487
0,,,,ui\00_message\common\item_info.gmd,\ui\item_info.arc,item_info.arc,10488
0,,,,ui\00_message\common\item_info.gmd,\ui\item_info.arc,item_info.arc,10489
0,,,,ui\00_message\common\item_info.gmd,\ui\item_info.arc,item_info.arc,10490
0,,,,ui\00_message\common\item_info.gmd,\ui\item_info.arc,item_info.arc,10491
0,,,,ui\00_message\common\item_info.gmd,\ui\item_info.arc,item_info.arc,10492
0,,,,ui\00_message\common\item_info.gmd,\ui\item_info.arc,item_info.arc,10493
0,,,,ui\00_message\common\item_info.gmd,\ui\item_info.arc,item_info.arc,10494
0,,,,ui\00_message\common\item_info.gmd,\ui\item_info.arc,item_info.arc,10495
0,,,,ui\00_message\common\item_info.gmd,\ui\item_info.arc,item_info.arc,10496
0,,,,ui\00_message\common\item_info.gmd,\ui\item_info.arc,item_info.arc,10497
0,,,,ui\00_message\common\item_info.gmd,\ui\item_info.arc,item_info.arc,10498
0,,,,ui\00_message\common\item_info.gmd,\ui\item_info.arc,item_info.arc,10499
0,,,,ui\00_message\common\item_info.gmd,\ui\item_info.arc,item_info.arc,10500
0,,,,ui\00_message\common\item_info.gmd,\ui\item_info.arc,item_info.arc,10501
0,,,,ui\00_message\common\item_info.gmd,\ui\item_info.arc,item_info.arc,10502
0,,,,ui\00_message\common\item_info.gmd,\ui\item_info.arc,item_info.arc,10503
0,,,,ui\00_message\common\item_info.gmd,\ui\item_info.arc,item_info.arc,10504
0,,,,ui\00_message\common\item_info.gmd,\ui\item_info.arc,item_info.arc,10505
0,,,,ui\00_message\common\item_info.gmd,\ui\item_info.arc,item_info.arc,10506
0,,,,ui\00_message\common\item_info.gmd,\ui\item_info.arc,item_info.arc,10507
0,,,,ui\00_message\common\item_info.gmd,\ui\item_info.arc,item_info.arc,10508
0,,,,ui\00_message\common\item_info.gmd,\ui\item_info.arc,item_info.arc,10509
0,,,,ui\00_message\common\item_info.gmd,\ui\item_info.arc,item_info.arc,10510
0,,,,ui\00_message\common\item_info.gmd,\ui\item_info.arc,item_info.arc,10511
0,,,,ui\00_message\common\item_info.gmd,\ui\item_info.arc,item_info.arc,10512
0,,,,ui\00_message\common\item_info.gmd,\ui\item_info.arc,item_info.arc,10513
0,,,,ui\00_message\common\item_info.gmd,\ui\item_info.arc,item_info.arc,10514
0,,,,ui\00_message\common\item_info.gmd,\ui\item_info.arc,item_info.arc,10515
0,,,,ui\00_message\common\item_info.gmd,\ui\item_info.arc,item_info.arc,10516
0,,,,ui\00_message\common\item_info.gmd,\ui\item_info.arc,item_info.arc,10517
0,,,,ui\00_message\common\item_info.gmd,\ui\item_info.arc,item_info.arc,10518
0,,,,ui\00_message\common\item_info.gmd,\ui\item_info.arc,item_info.arc,10519
0,,,,ui\00_message\common\item_info.gmd,\ui\item_info.arc,item_info.arc,10520
0,,,,ui\00_message\common\item_info.gmd,\ui\item_info.arc,item_info.arc,10521
0,,,,ui\00_message\common\item_info.gmd,\ui\item_info.arc,item_info.arc,10522
0,,,,ui\00_message\common\item_info.gmd,\ui\item_info.arc,item_info.arc,10523
0,,,,ui\00_message\common\item_info.gmd,\ui\item_info.arc,item_info.arc,10524
0,,,,ui\00_message\common\item_info.gmd,\ui\item_info.arc,item_info.arc,10525
0,,,,ui\00_message\common\item_info.gmd,\ui\item_info.arc,item_info.arc,10526
0,,,,ui\00_message\common\item_info.gmd,\ui\item_info.arc,item_info.arc,10527
0,,,,ui\00_message\common\item_info.gmd,\ui\item_info.arc,item_info.arc,10528
0,,,,ui\00_message\common\item_info.gmd,\ui\item_info.arc,item_info.arc,10529
0,,,,ui\00_message\common\item_info.gmd,\ui\item_info.arc,item_info.arc,10530
0,,,,ui\00_message\common\item_info.gmd,\ui\item_info.arc,item_info.arc,10531
0,,,,ui\00_message\common\item_info.gmd,\ui\item_info.arc,item_info.arc,10532
0,,,,ui\00_message\common\item_info.gmd,\ui\item_info.arc,item_info.arc,10533
0,,,,ui\00_message\common\item_info.gmd,\ui\item_info.arc,item_info.arc,10534
0,,,,ui\00_message\common\item_info.gmd,\ui\item_info.arc,item_info.arc,10535
0,,,,ui\00_message\common\item_info.gmd,\ui\item_info.arc,item_info.arc,10536
0,,,,ui\00_message\common\item_info.gmd,\ui\item_info.arc,item_info.arc,10537
0,,,,ui\00_message\common\item_info.gmd,\ui\item_info.arc,item_info.arc,10538
0,,,,ui\00_message\common\item_info.gmd,\ui\item_info.arc,item_info.arc,10539
0,,,,ui\00_message\common\item_info.gmd,\ui\item_info.arc,item_info.arc,10540
0,,,,ui\00_message\common\item_info.gmd,\ui\item_info.arc,item_info.arc,10541
0,,,,ui\00_message\common\item_info.gmd,\ui\item_info.arc,item_info.arc,10542
0,,,,ui\00_message\common\item_info.gmd,\ui\item_info.arc,item_info.arc,10543
0,,,,ui\00_message\common\item_info.gmd,\ui\item_info.arc,item_info.arc,10544
0,,,,ui\00_message\common\item_info.gmd,\ui\item_info.arc,item_info.arc,10545
0,,,,ui\00_message\common\item_info.gmd,\ui\item_info.arc,item_info.arc,10546
0,,,,ui\00_message\common\item_info.gmd,\ui\item_info.arc,item_info.arc,10547
0,,,,ui\00_message\common\item_info.gmd,\ui\item_info.arc,item_info.arc,10548
0,,,,ui\00_message\common\item_info.gmd,\ui\item_info.arc,item_info.arc,10549
0,,,,ui\00_message\common\item_info.gmd,\ui\item_info.arc,item_info.arc,10550
0,,,,ui\00_message\common\item_info.gmd,\ui\item_info.arc,item_info.arc,10551
0,,,,ui\00_message\common\item_info.gmd,\ui\item_info.arc,item_info.arc,10552
0,,,,ui\00_message\common\item_info.gmd,\ui\item_info.arc,item_info.arc,10553
0,,,,ui\00_message\common\item_info.gmd,\ui\item_info.arc,item_info.arc,10554
0,,,,ui\00_message\common\item_info.gmd,\ui\item_info.arc,item_info.arc,10555
0,,,,ui\00_message\common\item_info.gmd,\ui\item_info.arc,item_info.arc,10556
0,,,,ui\00_message\common\item_info.gmd,\ui\item_info.arc,item_info.arc,10557
0,,,,ui\00_message\common\item_info.gmd,\ui\item_info.arc,item_info.arc,10558
0,,,,ui\00_message\common\item_info.gmd,\ui\item_info.arc,item_info.arc,10559
0,,,,ui\00_message\common\item_info.gmd,\ui\item_info.arc,item_info.arc,10560
0,,,,ui\00_message\common\item_info.gmd,\ui\item_info.arc,item_info.arc,10561
0,,,,ui\00_message\common\item_info.gmd,\ui\item_info.arc,item_info.arc,10562
0,,,,ui\00_message\common\item_info.gmd,\ui\item_info.arc,item_info.arc,10563
0,,,,ui\00_message\common\item_info.gmd,\ui\item_info.arc,item_info.arc,10564
0,,,,ui\00_message\common\item_info.gmd,\ui\item_info.arc,item_info.arc,10565
0,,,,ui\00_message\common\item_info.gmd,\ui\item_info.arc,item_info.arc,10566
0,,,,ui\00_message\common\item_info.gmd,\ui\item_info.arc,item_info.arc,10567
0,,,,ui\00_message\common\item_info.gmd,\ui\item_info.arc,item_info.arc,10568
0,,,,ui\00_message\common\item_info.gmd,\ui\item_info.arc,item_info.arc,10569
0,,,,ui\00_message\common\item_info.gmd,\ui\item_info.arc,item_info.arc,10570
0,,,,ui\00_message\common\item_info.gmd,\ui\item_info.arc,item_info.arc,10571
0,,,,ui\00_message\common\item_info.gmd,\ui\item_info.arc,item_info.arc,10572
0,,,,ui\00_message\common\item_info.gmd,\ui\item_info.arc,item_info.arc,10573
0,,,,ui\00_message\common\item_info.gmd,\ui\item_info.arc,item_info.arc,10574
0,,,,ui\00_message\common\item_info.gmd,\ui\item_info.arc,item_info.arc,10575
0,,,,ui\00_message\common\item_info.gmd,\ui\item_info.arc,item_info.arc,10576
0,,,,ui\00_message\common\item_info.gmd,\ui\item_info.arc,item_info.arc,10577
0,,,,ui\00_message\common\item_info.gmd,\ui\item_info.arc,item_info.arc,10578
0,,,,ui\00_message\common\item_info.gmd,\ui\item_info.arc,item_info.arc,10579
0,,,,ui\00_message\common\item_info.gmd,\ui\item_info.arc,item_info.arc,10580
0,,,,ui\00_message\common\item_info.gmd,\ui\item_info.arc,item_info.arc,10581
0,,,,ui\00_message\common\item_info.gmd,\ui\item_info.arc,item_info.arc,10582
0,,,,ui\00_message\common\item_info.gmd,\ui\item_info.arc,item_info.arc,10583
0,,,,ui\00_message\common\item_info.gmd,\ui\item_info.arc,item_info.arc,10584
0,,,,ui\00_message\common\item_info.gmd,\ui\item_info.arc,item_info.arc,10585
0,,,,ui\00_message\common\item_info.gmd,\ui\item_info.arc,item_info.arc,10586
0,,,,ui\00_message\common\item_info.gmd,\ui\item_info.arc,item_info.arc,10587
0,,,,ui\00_message\common\item_info.gmd,\ui\item_info.arc,item_info.arc,10588
0,,,,ui\00_message\common\item_info.gmd,\ui\item_info.arc,item_info.arc,10589
0,,,,ui\00_message\common\item_info.gmd,\ui\item_info.arc,item_info.arc,10590
0,,,,ui\00_message\common\item_info.gmd,\ui\item_info.arc,item_info.arc,10591
0,,,,ui\00_message\common\item_info.gmd,\ui\item_info.arc,item_info.arc,10592
0,,,,ui\00_message\common\item_info.gmd,\ui\item_info.arc,item_info.arc,10593
0,,,,ui\00_message\common\item_info.gmd,\ui\item_info.arc,item_info.arc,10594
0,,,,ui\00_message\common\item_info.gmd,\ui\item_info.arc,item_info.arc,10595
0,,,,ui\00_message\common\item_info.gmd,\ui\item_info.arc,item_info.arc,10596
0,,,,ui\00_message\common\item_info.gmd,\ui\item_info.arc,item_info.arc,10597
0,,,,ui\00_message\common\item_info.gmd,\ui\item_info.arc,item_info.arc,10598
0,,,,ui\00_message\common\item_info.gmd,\ui\item_info.arc,item_info.arc,10599
0,,,,ui\00_message\common\item_info.gmd,\ui\item_info.arc,item_info.arc,10600
0,,,,ui\00_message\common\item_info.gmd,\ui\item_info.arc,item_info.arc,10601
0,,,,ui\00_message\common\item_info.gmd,\ui\item_info.arc,item_info.arc,10602
0,,,,ui\00_message\common\item_info.gmd,\ui\item_info.arc,item_info.arc,10603
0,,,,ui\00_message\common\item_info.gmd,\ui\item_info.arc,item_info.arc,10604
0,,,,ui\00_message\common\item_info.gmd,\ui\item_info.arc,item_info.arc,10605
0,,,,ui\00_message\common\item_info.gmd,\ui\item_info.arc,item_info.arc,10606
0,,,,ui\00_message\common\item_info.gmd,\ui\item_info.arc,item_info.arc,10607
0,,,,ui\00_message\common\item_info.gmd,\ui\item_info.arc,item_info.arc,10608
0,,,,ui\00_message\common\item_info.gmd,\ui\item_info.arc,item_info.arc,10609
0,,,,ui\00_message\common\item_info.gmd,\ui\item_info.arc,item_info.arc,10610
0,,,,ui\00_message\common\item_info.gmd,\ui\item_info.arc,item_info.arc,10611
0,,,,ui\00_message\common\item_info.gmd,\ui\item_info.arc,item_info.arc,10612
0,,,,ui\00_message\common\item_info.gmd,\ui\item_info.arc,item_info.arc,10613
0,,,,ui\00_message\common\item_info.gmd,\ui\item_info.arc,item_info.arc,10614
0,,,,ui\00_message\common\item_info.gmd,\ui\item_info.arc,item_info.arc,10615
0,,,,ui\00_message\common\item_info.gmd,\ui\item_info.arc,item_info.arc,10616
0,,,,ui\00_message\common\item_info.gmd,\ui\item_info.arc,item_info.arc,10617
0,,,,ui\00_message\common\item_info.gmd,\ui\item_info.arc,item_info.arc,10618
0,,,,ui\00_message\common\item_info.gmd,\ui\item_info.arc,item_info.arc,10619
0,,,,ui\00_message\common\item_info.gmd,\ui\item_info.arc,item_info.arc,10620
0,,,,ui\00_message\common\item_info.gmd,\ui\item_info.arc,item_info.arc,10621
0,,,,ui\00_message\common\item_info.gmd,\ui\item_info.arc,item_info.arc,10622
0,,,,ui\00_message\common\item_info.gmd,\ui\item_info.arc,item_info.arc,10623
0,,,,ui\00_message\common\item_info.gmd,\ui\item_info.arc,item_info.arc,10624
0,,,,ui\00_message\common\item_info.gmd,\ui\item_info.arc,item_info.arc,10625
0,,,,ui\00_message\common\item_info.gmd,\ui\item_info.arc,item_info.arc,10626
0,,,,ui\00_message\common\item_info.gmd,\ui\item_info.arc,item_info.arc,10627
0,,,,ui\00_message\common\item_info.gmd,\ui\item_info.arc,item_info.arc,10628
0,,,,ui\00_message\common\item_info.gmd,\ui\item_info.arc,item_info.arc,10629
0,,,,ui\00_message\common\item_info.gmd,\ui\item_info.arc,item_info.arc,10630
0,,,,ui\00_message\common\item_info.gmd,\ui\item_info.arc,item_info.arc,10631
0,,,,ui\00_message\common\item_info.gmd,\ui\item_info.arc,item_info.arc,10632
0,,,,ui\00_message\common\item_info.gmd,\ui\item_info.arc,item_info.arc,10633
0,,,,ui\00_message\common\item_info.gmd,\ui\item_info.arc,item_info.arc,10634
0,,,,ui\00_message\common\item_info.gmd,\ui\item_info.arc,item_info.arc,10635
0,,,,ui\00_message\common\item_info.gmd,\ui\item_info.arc,item_info.arc,10636
0,,,,ui\00_message\common\item_info.gmd,\ui\item_info.arc,item_info.arc,10637
0,,,,ui\00_message\common\item_info.gmd,\ui\item_info.arc,item_info.arc,10638
0,,,,ui\00_message\common\item_info.gmd,\ui\item_info.arc,item_info.arc,10639
0,,,,ui\00_message\common\item_info.gmd,\ui\item_info.arc,item_info.arc,10640
0,,,,ui\00_message\common\item_info.gmd,\ui\item_info.arc,item_info.arc,10641
0,,,,ui\00_message\common\item_info.gmd,\ui\item_info.arc,item_info.arc,10642
0,,,,ui\00_message\common\item_info.gmd,\ui\item_info.arc,item_info.arc,10643
0,,,,ui\00_message\common\item_info.gmd,\ui\item_info.arc,item_info.arc,10644
0,,,,ui\00_message\common\item_info.gmd,\ui\item_info.arc,item_info.arc,10645
0,,,,ui\00_message\common\item_info.gmd,\ui\item_info.arc,item_info.arc,10646
0,,,,ui\00_message\common\item_info.gmd,\ui\item_info.arc,item_info.arc,10647
0,,,,ui\00_message\common\item_info.gmd,\ui\item_info.arc,item_info.arc,10648
0,,,,ui\00_message\common\item_info.gmd,\ui\item_info.arc,item_info.arc,10649
0,,,,ui\00_message\common\item_info.gmd,\ui\item_info.arc,item_info.arc,10650
0,,,,ui\00_message\common\item_info.gmd,\ui\item_info.arc,item_info.arc,10651
0,,,,ui\00_message\common\item_info.gmd,\ui\item_info.arc,item_info.arc,10652
0,,,,ui\00_message\common\item_info.gmd,\ui\item_info.arc,item_info.arc,10653
0,,,,ui\00_message\common\item_info.gmd,\ui\item_info.arc,item_info.arc,10654
0,,,,ui\00_message\common\item_info.gmd,\ui\item_info.arc,item_info.arc,10655
0,,,,ui\00_message\common\item_info.gmd,\ui\item_info.arc,item_info.arc,10656
0,,,,ui\00_message\common\item_info.gmd,\ui\item_info.arc,item_info.arc,10657
0,,,,ui\00_message\common\item_info.gmd,\ui\item_info.arc,item_info.arc,10658
0,,,,ui\00_message\common\item_info.gmd,\ui\item_info.arc,item_info.arc,10659
0,,,,ui\00_message\common\item_info.gmd,\ui\item_info.arc,item_info.arc,10660
0,,,,ui\00_message\common\item_info.gmd,\ui\item_info.arc,item_info.arc,10661
0,,,,ui\00_message\common\item_info.gmd,\ui\item_info.arc,item_info.arc,10662
0,,,,ui\00_message\common\item_info.gmd,\ui\item_info.arc,item_info.arc,10663
0,,,,ui\00_message\common\item_info.gmd,\ui\item_info.arc,item_info.arc,10664
0,,,,ui\00_message\common\item_info.gmd,\ui\item_info.arc,item_info.arc,10665
0,,,,ui\00_message\common\item_info.gmd,\ui\item_info.arc,item_info.arc,10666
0,,,,ui\00_message\common\item_info.gmd,\ui\item_info.arc,item_info.arc,10667
0,,,,ui\00_message\common\item_info.gmd,\ui\item_info.arc,item_info.arc,10668
0,,,,ui\00_message\common\item_info.gmd,\ui\item_info.arc,item_info.arc,10669
0,,,,ui\00_message\common\item_info.gmd,\ui\item_info.arc,item_info.arc,10670
0,,,,ui\00_message\common\item_info.gmd,\ui\item_info.arc,item_info.arc,10671
0,,,,ui\00_message\common\item_info.gmd,\ui\item_info.arc,item_info.arc,10672
0,,,,ui\00_message\common\item_info.gmd,\ui\item_info.arc,item_info.arc,10673
0,,,,ui\00_message\common\item_info.gmd,\ui\item_info.arc,item_info.arc,10674
0,,,,ui\00_message\common\item_info.gmd,\ui\item_info.arc,item_info.arc,10675
0,,,,ui\00_message\common\item_info.gmd,\ui\item_info.arc,item_info.arc,10676
0,,,,ui\00_message\common\item_info.gmd,\ui\item_info.arc,item_info.arc,10677
0,,,,ui\00_message\common\item_info.gmd,\ui\item_info.arc,item_info.arc,10678
0,,,,ui\00_message\common\item_info.gmd,\ui\item_info.arc,item_info.arc,10679
0,,,,ui\00_message\common\item_info.gmd,\ui\item_info.arc,item_info.arc,10680
0,,,,ui\00_message\common\item_info.gmd,\ui\item_info.arc,item_info.arc,10681
0,,,,ui\00_message\common\item_info.gmd,\ui\item_info.arc,item_info.arc,10682
0,,,,ui\00_message\common\item_info.gmd,\ui\item_info.arc,item_info.arc,10683
0,,,,ui\00_message\common\item_info.gmd,\ui\item_info.arc,item_info.arc,10684
0,,,,ui\00_message\common\item_info.gmd,\ui\item_info.arc,item_info.arc,10685
0,,,,ui\00_message\common\item_info.gmd,\ui\item_info.arc,item_info.arc,10686
0,,,,ui\00_message\common\item_info.gmd,\ui\item_info.arc,item_info.arc,10687
0,,,,ui\00_message\common\item_info.gmd,\ui\item_info.arc,item_info.arc,10688
0,,,,ui\00_message\common\item_info.gmd,\ui\item_info.arc,item_info.arc,10689
0,,,,ui\00_message\common\item_info.gmd,\ui\item_info.arc,item_info.arc,10690
0,,,,ui\00_message\common\item_info.gmd,\ui\item_info.arc,item_info.arc,10691
0,,,,ui\00_message\common\item_info.gmd,\ui\item_info.arc,item_info.arc,10692
0,,,,ui\00_message\common\item_info.gmd,\ui\item_info.arc,item_info.arc,10693
0,,,,ui\00_message\common\item_info.gmd,\ui\item_info.arc,item_info.arc,10694
0,,,,ui\00_message\common\item_info.gmd,\ui\item_info.arc,item_info.arc,10695
0,,,,ui\00_message\common\item_info.gmd,\ui\item_info.arc,item_info.arc,10696
0,,,,ui\00_message\common\item_info.gmd,\ui\item_info.arc,item_info.arc,10697
0,,,,ui\00_message\common\item_info.gmd,\ui\item_info.arc,item_info.arc,10698
0,,,,ui\00_message\common\item_info.gmd,\ui\item_info.arc,item_info.arc,10699
0,,,,ui\00_message\common\item_info.gmd,\ui\item_info.arc,item_info.arc,10700
0,,,,ui\00_message\common\item_info.gmd,\ui\item_info.arc,item_info.arc,10701
0,,,,ui\00_message\common\item_info.gmd,\ui\item_info.arc,item_info.arc,10702
0,,,,ui\00_message\common\item_info.gmd,\ui\item_info.arc,item_info.arc,10703
0,,,,ui\00_message\common\item_info.gmd,\ui\item_info.arc,item_info.arc,10704
0,,,,ui\00_message\common\item_info.gmd,\ui\item_info.arc,item_info.arc,10705
0,,,,ui\00_message\common\item_info.gmd,\ui\item_info.arc,item_info.arc,10706
0,,,,ui\00_message\common\item_info.gmd,\ui\item_info.arc,item_info.arc,10707
0,,,,ui\00_message\common\item_info.gmd,\ui\item_info.arc,item_info.arc,10708
0,,,,ui\00_message\common\item_info.gmd,\ui\item_info.arc,item_info.arc,10709
0,,,,ui\00_message\common\item_info.gmd,\ui\item_info.arc,item_info.arc,10710
0,,,,ui\00_message\common\item_info.gmd,\ui\item_info.arc,item_info.arc,10711
0,,,,ui\00_message\common\item_info.gmd,\ui\item_info.arc,item_info.arc,10712
0,,,,ui\00_message\common\item_info.gmd,\ui\item_info.arc,item_info.arc,10713
0,,,,ui\00_message\common\item_info.gmd,\ui\item_info.arc,item_info.arc,10714
0,,,,ui\00_message\common\item_info.gmd,\ui\item_info.arc,item_info.arc,10715
0,,,,ui\00_message\common\item_info.gmd,\ui\item_info.arc,item_info.arc,10716
0,,,,ui\00_message\common\item_info.gmd,\ui\item_info.arc,item_info.arc,10717
0,,,,ui\00_message\common\item_info.gmd,\ui\item_info.arc,item_info.arc,10718
0,,,,ui\00_message\common\item_info.gmd,\ui\item_info.arc,item_info.arc,10719
0,,,,ui\00_message\common\item_info.gmd,\ui\item_info.arc,item_info.arc,10720
0,,,,ui\00_message\common\item_info.gmd,\ui\item_info.arc,item_info.arc,10721
0,,,,ui\00_message\common\item_info.gmd,\ui\item_info.arc,item_info.arc,10722
0,,,,ui\00_message\common\item_info.gmd,\ui\item_info.arc,item_info.arc,10723
0,,,,ui\00_message\common\item_info.gmd,\ui\item_info.arc,item_info.arc,10724
0,,,,ui\00_message\common\item_info.gmd,\ui\item_info.arc,item_info.arc,10725
0,,,,ui\00_message\common\item_info.gmd,\ui\item_info.arc,item_info.arc,10726
0,,,,ui\00_message\common\item_info.gmd,\ui\item_info.arc,item_info.arc,10727
0,,,,ui\00_message\common\item_info.gmd,\ui\item_info.arc,item_info.arc,10728
0,,,,ui\00_message\common\item_info.gmd,\ui\item_info.arc,item_info.arc,10729
0,,,,ui\00_message\common\item_info.gmd,\ui\item_info.arc,item_info.arc,10730
0,,,,ui\00_message\common\item_info.gmd,\ui\item_info.arc,item_info.arc,10731
0,,,,ui\00_message\common\item_info.gmd,\ui\item_info.arc,item_info.arc,10732
0,,,,ui\00_message\common\item_info.gmd,\ui\item_info.arc,item_info.arc,10733
0,,,,ui\00_message\common\item_info.gmd,\ui\item_info.arc,item_info.arc,10734
0,,,,ui\00_message\common\item_info.gmd,\ui\item_info.arc,item_info.arc,10735
0,,,,ui\00_message\common\item_info.gmd,\ui\item_info.arc,item_info.arc,10736
0,,,,ui\00_message\common\item_info.gmd,\ui\item_info.arc,item_info.arc,10737
0,,,,ui\00_message\common\item_info.gmd,\ui\item_info.arc,item_info.arc,10738
0,,,,ui\00_message\common\item_info.gmd,\ui\item_info.arc,item_info.arc,10739
0,,,,ui\00_message\common\item_info.gmd,\ui\item_info.arc,item_info.arc,10740
0,,,,ui\00_message\common\item_info.gmd,\ui\item_info.arc,item_info.arc,10741
0,,,,ui\00_message\common\item_info.gmd,\ui\item_info.arc,item_info.arc,10742
0,,,,ui\00_message\common\item_info.gmd,\ui\item_info.arc,item_info.arc,10743
0,,,,ui\00_message\common\item_info.gmd,\ui\item_info.arc,item_info.arc,10744
0,,,,ui\00_message\common\item_info.gmd,\ui\item_info.arc,item_info.arc,10745
0,,,,ui\00_message\common\item_info.gmd,\ui\item_info.arc,item_info.arc,10746
0,,,,ui\00_message\common\item_info.gmd,\ui\item_info.arc,item_info.arc,10747
0,,,,ui\00_message\common\item_info.gmd,\ui\item_info.arc,item_info.arc,10748
0,,,,ui\00_message\common\item_info.gmd,\ui\item_info.arc,item_info.arc,10749
0,,,,ui\00_message\common\item_info.gmd,\ui\item_info.arc,item_info.arc,10750
0,,,,ui\00_message\common\item_info.gmd,\ui\item_info.arc,item_info.arc,10751
0,,,,ui\00_message\common\item_info.gmd,\ui\item_info.arc,item_info.arc,10752
0,,,,ui\00_message\common\item_info.gmd,\ui\item_info.arc,item_info.arc,10753
0,,,,ui\00_message\common\item_info.gmd,\ui\item_info.arc,item_info.arc,10754
0,,,,ui\00_message\common\item_info.gmd,\ui\item_info.arc,item_info.arc,10755
0,,,,ui\00_message\common\item_info.gmd,\ui\item_info.arc,item_info.arc,10756
0,,,,ui\00_message\common\item_info.gmd,\ui\item_info.arc,item_info.arc,10757
0,,,,ui\00_message\common\item_info.gmd,\ui\item_info.arc,item_info.arc,10758
0,,,,ui\00_message\common\item_info.gmd,\ui\item_info.arc,item_info.arc,10759
0,,,,ui\00_message\common\item_info.gmd,\ui\item_info.arc,item_info.arc,10760
0,,,,ui\00_message\common\item_info.gmd,\ui\item_info.arc,item_info.arc,10761
0,,,,ui\00_message\common\item_info.gmd,\ui\item_info.arc,item_info.arc,10762
0,,,,ui\00_message\common\item_info.gmd,\ui\item_info.arc,item_info.arc,10763
0,,,,ui\00_message\common\item_info.gmd,\ui\item_info.arc,item_info.arc,10764
0,,,,ui\00_message\common\item_info.gmd,\ui\item_info.arc,item_info.arc,10765
0,,,,ui\00_message\common\item_info.gmd,\ui\item_info.arc,item_info.arc,10766
0,,,,ui\00_message\common\item_info.gmd,\ui\item_info.arc,item_info.arc,10767
0,,,,ui\00_message\common\item_info.gmd,\ui\item_info.arc,item_info.arc,10768
0,,,,ui\00_message\common\item_info.gmd,\ui\item_info.arc,item_info.arc,10769
0,,,,ui\00_message\common\item_info.gmd,\ui\item_info.arc,item_info.arc,10770
0,,,,ui\00_message\common\item_info.gmd,\ui\item_info.arc,item_info.arc,10771
0,,,,ui\00_message\common\item_info.gmd,\ui\item_info.arc,item_info.arc,10772
0,,,,ui\00_message\common\item_info.gmd,\ui\item_info.arc,item_info.arc,10773
0,,,,ui\00_message\common\item_info.gmd,\ui\item_info.arc,item_info.arc,10774
0,,,,ui\00_message\common\item_info.gmd,\ui\item_info.arc,item_info.arc,10775
0,,,,ui\00_message\common\item_info.gmd,\ui\item_info.arc,item_info.arc,10776
0,,,,ui\00_message\common\item_info.gmd,\ui\item_info.arc,item_info.arc,10777
0,,,,ui\00_message\common\item_info.gmd,\ui\item_info.arc,item_info.arc,10778
0,,,,ui\00_message\common\item_info.gmd,\ui\item_info.arc,item_info.arc,10779
0,,,,ui\00_message\common\item_info.gmd,\ui\item_info.arc,item_info.arc,10780
0,,,,ui\00_message\common\item_info.gmd,\ui\item_info.arc,item_info.arc,10781
0,,,,ui\00_message\common\item_info.gmd,\ui\item_info.arc,item_info.arc,10782
0,,,,ui\00_message\common\item_info.gmd,\ui\item_info.arc,item_info.arc,10783
0,,,,ui\00_message\common\item_info.gmd,\ui\item_info.arc,item_info.arc,10784
0,,,,ui\00_message\common\item_info.gmd,\ui\item_info.arc,item_info.arc,10785
0,,,,ui\00_message\common\item_info.gmd,\ui\item_info.arc,item_info.arc,10786
0,,,,ui\00_message\common\item_info.gmd,\ui\item_info.arc,item_info.arc,10787
0,,,,ui\00_message\common\item_info.gmd,\ui\item_info.arc,item_info.arc,10788
0,,,,ui\00_message\common\item_info.gmd,\ui\item_info.arc,item_info.arc,10789
0,,,,ui\00_message\common\item_info.gmd,\ui\item_info.arc,item_info.arc,10790
0,,,,ui\00_message\common\item_info.gmd,\ui\item_info.arc,item_info.arc,10791
0,,,,ui\00_message\common\item_info.gmd,\ui\item_info.arc,item_info.arc,10792
0,,,,ui\00_message\common\item_info.gmd,\ui\item_info.arc,item_info.arc,10793
0,,,,ui\00_message\common\item_info.gmd,\ui\item_info.arc,item_info.arc,10794
0,,,,ui\00_message\common\item_info.gmd,\ui\item_info.arc,item_info.arc,10795
0,,,,ui\00_message\common\item_info.gmd,\ui\item_info.arc,item_info.arc,10796
0,,,,ui\00_message\common\item_info.gmd,\ui\item_info.arc,item_info.arc,10797
0,,,,ui\00_message\common\item_info.gmd,\ui\item_info.arc,item_info.arc,10798
0,,,,ui\00_message\common\item_info.gmd,\ui\item_info.arc,item_info.arc,10799
0,,,,ui\00_message\common\item_info.gmd,\ui\item_info.arc,item_info.arc,10800
0,,,,ui\00_message\common\item_info.gmd,\ui\item_info.arc,item_info.arc,10801
0,,,,ui\00_message\common\item_info.gmd,\ui\item_info.arc,item_info.arc,10802
0,,,,ui\00_message\common\item_info.gmd,\ui\item_info.arc,item_info.arc,10803
0,,,,ui\00_message\common\item_info.gmd,\ui\item_info.arc,item_info.arc,10804
0,,,,ui\00_message\common\item_info.gmd,\ui\item_info.arc,item_info.arc,10805
0,,,,ui\00_message\common\item_info.gmd,\ui\item_info.arc,item_info.arc,10806
0,,,,ui\00_message\common\item_info.gmd,\ui\item_info.arc,item_info.arc,10807
0,,,,ui\00_message\common\item_info.gmd,\ui\item_info.arc,item_info.arc,10808
0,,,,ui\00_message\common\item_info.gmd,\ui\item_info.arc,item_info.arc,10809
0,,,,ui\00_message\common\item_info.gmd,\ui\item_info.arc,item_info.arc,10810
0,,,,ui\00_message\common\item_info.gmd,\ui\item_info.arc,item_info.arc,10811
0,,,,ui\00_message\common\item_info.gmd,\ui\item_info.arc,item_info.arc,10812
0,,,,ui\00_message\common\item_info.gmd,\ui\item_info.arc,item_info.arc,10813
0,,,,ui\00_message\common\item_info.gmd,\ui\item_info.arc,item_info.arc,10814
0,,,,ui\00_message\common\item_info.gmd,\ui\item_info.arc,item_info.arc,10815
0,,,,ui\00_message\common\item_info.gmd,\ui\item_info.arc,item_info.arc,10816
0,,,,ui\00_message\common\item_info.gmd,\ui\item_info.arc,item_info.arc,10817
0,,,,ui\00_message\common\item_info.gmd,\ui\item_info.arc,item_info.arc,10818
0,,,,ui\00_message\common\item_info.gmd,\ui\item_info.arc,item_info.arc,10819
0,,,,ui\00_message\common\item_info.gmd,\ui\item_info.arc,item_info.arc,10820
0,,,,ui\00_message\common\item_info.gmd,\ui\item_info.arc,item_info.arc,10821
0,,,,ui\00_message\common\item_info.gmd,\ui\item_info.arc,item_info.arc,10822
0,,,,ui\00_message\common\item_info.gmd,\ui\item_info.arc,item_info.arc,10823
0,,,,ui\00_message\common\item_info.gmd,\ui\item_info.arc,item_info.arc,10824
0,,,,ui\00_message\common\item_info.gmd,\ui\item_info.arc,item_info.arc,10825
0,,,,ui\00_message\common\item_info.gmd,\ui\item_info.arc,item_info.arc,10826
0,,,,ui\00_message\common\item_info.gmd,\ui\item_info.arc,item_info.arc,10827
0,,,,ui\00_message\common\item_info.gmd,\ui\item_info.arc,item_info.arc,10828
0,,,,ui\00_message\common\item_info.gmd,\ui\item_info.arc,item_info.arc,10829
0,,,,ui\00_message\common\item_info.gmd,\ui\item_info.arc,item_info.arc,10830
0,,,,ui\00_message\common\item_info.gmd,\ui\item_info.arc,item_info.arc,10831
0,,,,ui\00_message\common\item_info.gmd,\ui\item_info.arc,item_info.arc,10832
0,,,,ui\00_message\common\item_info.gmd,\ui\item_info.arc,item_info.arc,10833
0,,,,ui\00_message\common\item_info.gmd,\ui\item_info.arc,item_info.arc,10834
0,,,,ui\00_message\common\item_info.gmd,\ui\item_info.arc,item_info.arc,10835
0,,,,ui\00_message\common\item_info.gmd,\ui\item_info.arc,item_info.arc,10836
0,,,,ui\00_message\common\item_info.gmd,\ui\item_info.arc,item_info.arc,10837
0,,,,ui\00_message\common\item_info.gmd,\ui\item_info.arc,item_info.arc,10838
0,,,,ui\00_message\common\item_info.gmd,\ui\item_info.arc,item_info.arc,10839
0,,,,ui\00_message\common\item_info.gmd,\ui\item_info.arc,item_info.arc,10840
0,,,,ui\00_message\common\item_info.gmd,\ui\item_info.arc,item_info.arc,10841
0,,,,ui\00_message\common\item_info.gmd,\ui\item_info.arc,item_info.arc,10842
0,,,,ui\00_message\common\item_info.gmd,\ui\item_info.arc,item_info.arc,10843
0,,,,ui\00_message\common\item_info.gmd,\ui\item_info.arc,item_info.arc,10844
0,,,,ui\00_message\common\item_info.gmd,\ui\item_info.arc,item_info.arc,10845
0,,,,ui\00_message\common\item_info.gmd,\ui\item_info.arc,item_info.arc,10846
0,,,,ui\00_message\common\item_info.gmd,\ui\item_info.arc,item_info.arc,10847
0,,,,ui\00_message\common\item_info.gmd,\ui\item_info.arc,item_info.arc,10848
0,,,,ui\00_message\common\item_info.gmd,\ui\item_info.arc,item_info.arc,10849
0,,,,ui\00_message\common\item_info.gmd,\ui\item_info.arc,item_info.arc,10850
0,,,,ui\00_message\common\item_info.gmd,\ui\item_info.arc,item_info.arc,10851
0,,,,ui\00_message\common\item_info.gmd,\ui\item_info.arc,item_info.arc,10852
0,,,,ui\00_message\common\item_info.gmd,\ui\item_info.arc,item_info.arc,10853
0,,,,ui\00_message\common\item_info.gmd,\ui\item_info.arc,item_info.arc,10854
0,,,,ui\00_message\common\item_info.gmd,\ui\item_info.arc,item_info.arc,10855
0,,,,ui\00_message\common\item_info.gmd,\ui\item_info.arc,item_info.arc,10856
0,,,,ui\00_message\common\item_info.gmd,\ui\item_info.arc,item_info.arc,10857
0,,,,ui\00_message\common\item_info.gmd,\ui\item_info.arc,item_info.arc,10858
0,,,,ui\00_message\common\item_info.gmd,\ui\item_info.arc,item_info.arc,10859
0,,,,ui\00_message\common\item_info.gmd,\ui\item_info.arc,item_info.arc,10860
0,,,,ui\00_message\common\item_info.gmd,\ui\item_info.arc,item_info.arc,10861
0,,,,ui\00_message\common\item_info.gmd,\ui\item_info.arc,item_info.arc,10862
0,,,,ui\00_message\common\item_info.gmd,\ui\item_info.arc,item_info.arc,10863
0,,,,ui\00_message\common\item_info.gmd,\ui\item_info.arc,item_info.arc,10864
0,,,,ui\00_message\common\item_info.gmd,\ui\item_info.arc,item_info.arc,10865
0,,,,ui\00_message\common\item_info.gmd,\ui\item_info.arc,item_info.arc,10866
0,,,,ui\00_message\common\item_info.gmd,\ui\item_info.arc,item_info.arc,10867
0,,,,ui\00_message\common\item_info.gmd,\ui\item_info.arc,item_info.arc,10868
0,,,,ui\00_message\common\item_info.gmd,\ui\item_info.arc,item_info.arc,10869
0,,,,ui\00_message\common\item_info.gmd,\ui\item_info.arc,item_info.arc,10870
0,,,,ui\00_message\common\item_info.gmd,\ui\item_info.arc,item_info.arc,10871
0,,,,ui\00_message\common\item_info.gmd,\ui\item_info.arc,item_info.arc,10872
0,,,,ui\00_message\common\item_info.gmd,\ui\item_info.arc,item_info.arc,10873
0,,,,ui\00_message\common\item_info.gmd,\ui\item_info.arc,item_info.arc,10874
0,,,,ui\00_message\common\item_info.gmd,\ui\item_info.arc,item_info.arc,10875
0,,,,ui\00_message\common\item_info.gmd,\ui\item_info.arc,item_info.arc,10876
0,,,,ui\00_message\common\item_info.gmd,\ui\item_info.arc,item_info.arc,10877
0,,,,ui\00_message\common\item_info.gmd,\ui\item_info.arc,item_info.arc,10878
0,,,,ui\00_message\common\item_info.gmd,\ui\item_info.arc,item_info.arc,10879
0,,,,ui\00_message\common\item_info.gmd,\ui\item_info.arc,item_info.arc,10880
0,,,,ui\00_message\common\item_info.gmd,\ui\item_info.arc,item_info.arc,10881
0,,,,ui\00_message\common\item_info.gmd,\ui\item_info.arc,item_info.arc,10882
0,,,,ui\00_message\common\item_info.gmd,\ui\item_info.arc,item_info.arc,10883
0,,,,ui\00_message\common\item_info.gmd,\ui\item_info.arc,item_info.arc,10884
0,,,,ui\00_message\common\item_info.gmd,\ui\item_info.arc,item_info.arc,10885
0,,,,ui\00_message\common\item_info.gmd,\ui\item_info.arc,item_info.arc,10886
0,,,,ui\00_message\common\item_info.gmd,\ui\item_info.arc,item_info.arc,10887
0,,,,ui\00_message\common\item_info.gmd,\ui\item_info.arc,item_info.arc,10888
0,,,,ui\00_message\common\item_info.gmd,\ui\item_info.arc,item_info.arc,10889
0,,,,ui\00_message\common\item_info.gmd,\ui\item_info.arc,item_info.arc,10890
0,,,,ui\00_message\common\item_info.gmd,\ui\item_info.arc,item_info.arc,10891
0,,,,ui\00_message\common\item_info.gmd,\ui\item_info.arc,item_info.arc,10892
0,,,,ui\00_message\common\item_info.gmd,\ui\item_info.arc,item_info.arc,10893
0,,,,ui\00_message\common\item_info.gmd,\ui\item_info.arc,item_info.arc,10894
0,,,,ui\00_message\common\item_info.gmd,\ui\item_info.arc,item_info.arc,10895
0,,,,ui\00_message\common\item_info.gmd,\ui\item_info.arc,item_info.arc,10896
0,,,,ui\00_message\common\item_info.gmd,\ui\item_info.arc,item_info.arc,10897
0,,,,ui\00_message\common\item_info.gmd,\ui\item_info.arc,item_info.arc,10898
0,,,,ui\00_message\common\item_info.gmd,\ui\item_info.arc,item_info.arc,10899
0,,,,ui\00_message\common\item_info.gmd,\ui\item_info.arc,item_info.arc,10900
0,,,,ui\00_message\common\item_info.gmd,\ui\item_info.arc,item_info.arc,10901
0,,,,ui\00_message\common\item_info.gmd,\ui\item_info.arc,item_info.arc,10902
0,,,,ui\00_message\common\item_info.gmd,\ui\item_info.arc,item_info.arc,10903
0,,,,ui\00_message\common\item_info.gmd,\ui\item_info.arc,item_info.arc,10904
0,,,,ui\00_message\common\item_info.gmd,\ui\item_info.arc,item_info.arc,10905
0,,,,ui\00_message\common\item_info.gmd,\ui\item_info.arc,item_info.arc,10906
0,,,,ui\00_message\common\item_info.gmd,\ui\item_info.arc,item_info.arc,10907
0,,,,ui\00_message\common\item_info.gmd,\ui\item_info.arc,item_info.arc,10908
0,,,,ui\00_message\common\item_info.gmd,\ui\item_info.arc,item_info.arc,10909
0,,,,ui\00_message\common\item_info.gmd,\ui\item_info.arc,item_info.arc,10910
0,,,,ui\00_message\common\item_info.gmd,\ui\item_info.arc,item_info.arc,10911
0,,,,ui\00_message\common\item_info.gmd,\ui\item_info.arc,item_info.arc,10912
0,,,,ui\00_message\common\item_info.gmd,\ui\item_info.arc,item_info.arc,10913
0,,,,ui\00_message\common\item_info.gmd,\ui\item_info.arc,item_info.arc,10914
0,,,,ui\00_message\common\item_info.gmd,\ui\item_info.arc,item_info.arc,10915
0,,,,ui\00_message\common\item_info.gmd,\ui\item_info.arc,item_info.arc,10916
0,,,,ui\00_message\common\item_info.gmd,\ui\item_info.arc,item_info.arc,10917
0,,,,ui\00_message\common\item_info.gmd,\ui\item_info.arc,item_info.arc,10918
0,,,,ui\00_message\common\item_info.gmd,\ui\item_info.arc,item_info.arc,10919
0,,,,ui\00_message\common\item_info.gmd,\ui\item_info.arc,item_info.arc,10920
0,,,,ui\00_message\common\item_info.gmd,\ui\item_info.arc,item_info.arc,10921
0,,,,ui\00_message\common\item_info.gmd,\ui\item_info.arc,item_info.arc,10922
0,,,,ui\00_message\common\item_info.gmd,\ui\item_info.arc,item_info.arc,10923
0,,,,ui\00_message\common\item_info.gmd,\ui\item_info.arc,item_info.arc,10924
0,,,,ui\00_message\common\item_info.gmd,\ui\item_info.arc,item_info.arc,10925
0,,,,ui\00_message\common\item_info.gmd,\ui\item_info.arc,item_info.arc,10926
0,,,,ui\00_message\common\item_info.gmd,\ui\item_info.arc,item_info.arc,10927
0,,,,ui\00_message\common\item_info.gmd,\ui\item_info.arc,item_info.arc,10928
0,,,,ui\00_message\common\item_info.gmd,\ui\item_info.arc,item_info.arc,10929
0,,,,ui\00_message\common\item_info.gmd,\ui\item_info.arc,item_info.arc,10930
0,,,,ui\00_message\common\item_info.gmd,\ui\item_info.arc,item_info.arc,10931
0,,,,ui\00_message\common\item_info.gmd,\ui\item_info.arc,item_info.arc,10932
0,,,,ui\00_message\common\item_info.gmd,\ui\item_info.arc,item_info.arc,10933
0,,,,ui\00_message\common\item_info.gmd,\ui\item_info.arc,item_info.arc,10934
0,,,,ui\00_message\common\item_info.gmd,\ui\item_info.arc,item_info.arc,10935
0,,,,ui\00_message\common\item_info.gmd,\ui\item_info.arc,item_info.arc,10936
0,,,,ui\00_message\common\item_info.gmd,\ui\item_info.arc,item_info.arc,10937
0,,,,ui\00_message\common\item_info.gmd,\ui\item_info.arc,item_info.arc,10938
0,,,,ui\00_message\common\item_info.gmd,\ui\item_info.arc,item_info.arc,10939
0,,,,ui\00_message\common\item_info.gmd,\ui\item_info.arc,item_info.arc,10940
0,,,,ui\00_message\common\item_info.gmd,\ui\item_info.arc,item_info.arc,10941
0,,,,ui\00_message\common\item_info.gmd,\ui\item_info.arc,item_info.arc,10942
0,,,,ui\00_message\common\item_info.gmd,\ui\item_info.arc,item_info.arc,10943
0,,,,ui\00_message\common\item_info.gmd,\ui\item_info.arc,item_info.arc,10944
0,,,,ui\00_message\common\item_info.gmd,\ui\item_info.arc,item_info.arc,10945
0,,,,ui\00_message\common\item_info.gmd,\ui\item_info.arc,item_info.arc,10946
0,,,,ui\00_message\common\item_info.gmd,\ui\item_info.arc,item_info.arc,10947
0,,,,ui\00_message\common\item_info.gmd,\ui\item_info.arc,item_info.arc,10948
0,,,,ui\00_message\common\item_info.gmd,\ui\item_info.arc,item_info.arc,10949
0,,,,ui\00_message\common\item_info.gmd,\ui\item_info.arc,item_info.arc,10950
0,,,,ui\00_message\common\item_info.gmd,\ui\item_info.arc,item_info.arc,10951
0,,,,ui\00_message\common\item_info.gmd,\ui\item_info.arc,item_info.arc,10952
0,,,,ui\00_message\common\item_info.gmd,\ui\item_info.arc,item_info.arc,10953
0,,,,ui\00_message\common\item_info.gmd,\ui\item_info.arc,item_info.arc,10954
0,,,,ui\00_message\common\item_info.gmd,\ui\item_info.arc,item_info.arc,10955
0,,,,ui\00_message\common\item_info.gmd,\ui\item_info.arc,item_info.arc,10956
0,,,,ui\00_message\common\item_info.gmd,\ui\item_info.arc,item_info.arc,10957
0,,,,ui\00_message\common\item_info.gmd,\ui\item_info.arc,item_info.arc,10958
0,,,,ui\00_message\common\item_info.gmd,\ui\item_info.arc,item_info.arc,10959
0,,,,ui\00_message\common\item_info.gmd,\ui\item_info.arc,item_info.arc,10960
0,,,,ui\00_message\common\item_info.gmd,\ui\item_info.arc,item_info.arc,10961
0,,,,ui\00_message\common\item_info.gmd,\ui\item_info.arc,item_info.arc,10962
0,,,,ui\00_message\common\item_info.gmd,\ui\item_info.arc,item_info.arc,10963
0,,,,ui\00_message\common\item_info.gmd,\ui\item_info.arc,item_info.arc,10964
0,,,,ui\00_message\common\item_info.gmd,\ui\item_info.arc,item_info.arc,10965
0,,,,ui\00_message\common\item_info.gmd,\ui\item_info.arc,item_info.arc,10966
0,,,,ui\00_message\common\item_info.gmd,\ui\item_info.arc,item_info.arc,10967
0,,,,ui\00_message\common\item_info.gmd,\ui\item_info.arc,item_info.arc,10968
0,,,,ui\00_message\common\item_info.gmd,\ui\item_info.arc,item_info.arc,10969
0,,,,ui\00_message\common\item_info.gmd,\ui\item_info.arc,item_info.arc,10970
0,,,,ui\00_message\common\item_info.gmd,\ui\item_info.arc,item_info.arc,10971
0,,,,ui\00_message\common\item_info.gmd,\ui\item_info.arc,item_info.arc,10972
0,,,,ui\00_message\common\item_info.gmd,\ui\item_info.arc,item_info.arc,10973
0,,,,ui\00_message\common\item_info.gmd,\ui\item_info.arc,item_info.arc,10974
0,,,,ui\00_message\common\item_info.gmd,\ui\item_info.arc,item_info.arc,10975
0,,,,ui\00_message\common\item_info.gmd,\ui\item_info.arc,item_info.arc,10976
0,,,,ui\00_message\common\item_info.gmd,\ui\item_info.arc,item_info.arc,10977
0,,,,ui\00_message\common\item_info.gmd,\ui\item_info.arc,item_info.arc,10978
0,,,,ui\00_message\common\item_info.gmd,\ui\item_info.arc,item_info.arc,10979
0,,,,ui\00_message\common\item_info.gmd,\ui\item_info.arc,item_info.arc,10980
0,,,,ui\00_message\common\item_info.gmd,\ui\item_info.arc,item_info.arc,10981
0,,,,ui\00_message\common\item_info.gmd,\ui\item_info.arc,item_info.arc,10982
0,,,,ui\00_message\common\item_info.gmd,\ui\item_info.arc,item_info.arc,10983
0,,,,ui\00_message\common\item_info.gmd,\ui\item_info.arc,item_info.arc,10984
0,,,,ui\00_message\common\item_info.gmd,\ui\item_info.arc,item_info.arc,10985
0,,,,ui\00_message\common\item_info.gmd,\ui\item_info.arc,item_info.arc,10986
0,,,,ui\00_message\common\item_info.gmd,\ui\item_info.arc,item_info.arc,10987
0,,,,ui\00_message\common\item_info.gmd,\ui\item_info.arc,item_info.arc,10988
0,,,,ui\00_message\common\item_info.gmd,\ui\item_info.arc,item_info.arc,10989
0,,,,ui\00_message\common\item_info.gmd,\ui\item_info.arc,item_info.arc,10990
0,,,,ui\00_message\common\item_info.gmd,\ui\item_info.arc,item_info.arc,10991
0,,,,ui\00_message\common\item_info.gmd,\ui\item_info.arc,item_info.arc,10992
0,,,,ui\00_message\common\item_info.gmd,\ui\item_info.arc,item_info.arc,10993
0,,,,ui\00_message\common\item_info.gmd,\ui\item_info.arc,item_info.arc,10994
0,,,,ui\00_message\common\item_info.gmd,\ui\item_info.arc,item_info.arc,10995
0,,,,ui\00_message\common\item_info.gmd,\ui\item_info.arc,item_info.arc,10996
0,,,,ui\00_message\common\item_info.gmd,\ui\item_info.arc,item_info.arc,10997
0,,,,ui\00_message\common\item_info.gmd,\ui\item_info.arc,item_info.arc,10998
0,,,,ui\00_message\common\item_info.gmd,\ui\item_info.arc,item_info.arc,10999
0,,,,ui\00_message\common\item_info.gmd,\ui\item_info.arc,item_info.arc,11000
0,,,,ui\00_message\common\item_info.gmd,\ui\item_info.arc,item_info.arc,11001
0,,,,ui\00_message\common\item_info.gmd,\ui\item_info.arc,item_info.arc,11002
0,,,,ui\00_message\common\item_info.gmd,\ui\item_info.arc,item_info.arc,11003
0,,,,ui\00_message\common\item_info.gmd,\ui\item_info.arc,item_info.arc,11004
0,,,,ui\00_message\common\item_info.gmd,\ui\item_info.arc,item_info.arc,11005
0,,,,ui\00_message\common\item_info.gmd,\ui\item_info.arc,item_info.arc,11006
0,,,,ui\00_message\common\item_info.gmd,\ui\item_info.arc,item_info.arc,11007
0,,,,ui\00_message\common\item_info.gmd,\ui\item_info.arc,item_info.arc,11008
0,,,,ui\00_message\common\item_info.gmd,\ui\item_info.arc,item_info.arc,11009
0,,,,ui\00_message\common\item_info.gmd,\ui\item_info.arc,item_info.arc,11010
0,,,,ui\00_message\common\item_info.gmd,\ui\item_info.arc,item_info.arc,11011
0,,,,ui\00_message\common\item_info.gmd,\ui\item_info.arc,item_info.arc,11012
0,,,,ui\00_message\common\item_info.gmd,\ui\item_info.arc,item_info.arc,11013
0,,,,ui\00_message\common\item_info.gmd,\ui\item_info.arc,item_info.arc,11014
0,,,,ui\00_message\common\item_info.gmd,\ui\item_info.arc,item_info.arc,11015
0,,,,ui\00_message\common\item_info.gmd,\ui\item_info.arc,item_info.arc,11016
0,,,,ui\00_message\common\item_info.gmd,\ui\item_info.arc,item_info.arc,11017
0,,,,ui\00_message\common\item_info.gmd,\ui\item_info.arc,item_info.arc,11018
0,,,,ui\00_message\common\item_info.gmd,\ui\item_info.arc,item_info.arc,11019
0,,,,ui\00_message\common\item_info.gmd,\ui\item_info.arc,item_info.arc,11020
0,,,,ui\00_message\common\item_info.gmd,\ui\item_info.arc,item_info.arc,11021
0,,,,ui\00_message\common\item_info.gmd,\ui\item_info.arc,item_info.arc,11022
0,,,,ui\00_message\common\item_info.gmd,\ui\item_info.arc,item_info.arc,11023
0,,,,ui\00_message\common\item_info.gmd,\ui\item_info.arc,item_info.arc,11024
0,,,,ui\00_message\common\item_info.gmd,\ui\item_info.arc,item_info.arc,11025
0,,,,ui\00_message\common\item_info.gmd,\ui\item_info.arc,item_info.arc,11026
0,,,,ui\00_message\common\item_info.gmd,\ui\item_info.arc,item_info.arc,11027
0,,,,ui\00_message\common\item_info.gmd,\ui\item_info.arc,item_info.arc,11028
0,,,,ui\00_message\common\item_info.gmd,\ui\item_info.arc,item_info.arc,11029
0,,,,ui\00_message\common\item_info.gmd,\ui\item_info.arc,item_info.arc,11030
0,,,,ui\00_message\common\item_info.gmd,\ui\item_info.arc,item_info.arc,11031
0,,,,ui\00_message\common\item_info.gmd,\ui\item_info.arc,item_info.arc,11032
0,,,,ui\00_message\common\item_info.gmd,\ui\item_info.arc,item_info.arc,11033
0,,,,ui\00_message\common\item_info.gmd,\ui\item_info.arc,item_info.arc,11034
0,,,,ui\00_message\common\item_info.gmd,\ui\item_info.arc,item_info.arc,11035
0,,,,ui\00_message\common\item_info.gmd,\ui\item_info.arc,item_info.arc,11036
0,,,,ui\00_message\common\item_info.gmd,\ui\item_info.arc,item_info.arc,11037
0,,,,ui\00_message\common\item_info.gmd,\ui\item_info.arc,item_info.arc,11038
0,,,,ui\00_message\common\item_info.gmd,\ui\item_info.arc,item_info.arc,11039
0,,,,ui\00_message\common\item_info.gmd,\ui\item_info.arc,item_info.arc,11040
0,,,,ui\00_message\common\item_info.gmd,\ui\item_info.arc,item_info.arc,11041
0,,,,ui\00_message\common\item_info.gmd,\ui\item_info.arc,item_info.arc,11042
0,,,,ui\00_message\common\item_info.gmd,\ui\item_info.arc,item_info.arc,11043
0,,,,ui\00_message\common\item_info.gmd,\ui\item_info.arc,item_info.arc,11044
0,,,,ui\00_message\common\item_info.gmd,\ui\item_info.arc,item_info.arc,11045
0,,,,ui\00_message\common\item_info.gmd,\ui\item_info.arc,item_info.arc,11046
0,,,,ui\00_message\common\item_info.gmd,\ui\item_info.arc,item_info.arc,11047
0,,,,ui\00_message\common\item_info.gmd,\ui\item_info.arc,item_info.arc,11048
0,,,,ui\00_message\common\item_info.gmd,\ui\item_info.arc,item_info.arc,11049
0,,,,ui\00_message\common\item_info.gmd,\ui\item_info.arc,item_info.arc,11050
0,,,,ui\00_message\common\item_info.gmd,\ui\item_info.arc,item_info.arc,11051
0,,,,ui\00_message\common\item_info.gmd,\ui\item_info.arc,item_info.arc,11052
0,,,,ui\00_message\common\item_info.gmd,\ui\item_info.arc,item_info.arc,11053
0,,,,ui\00_message\common\item_info.gmd,\ui\item_info.arc,item_info.arc,11054
0,,,,ui\00_message\common\item_info.gmd,\ui\item_info.arc,item_info.arc,11055
0,,,,ui\00_message\common\item_info.gmd,\ui\item_info.arc,item_info.arc,11056
0,,,,ui\00_message\common\item_info.gmd,\ui\item_info.arc,item_info.arc,11057
0,,,,ui\00_message\common\item_info.gmd,\ui\item_info.arc,item_info.arc,11058
0,,,,ui\00_message\common\item_info.gmd,\ui\item_info.arc,item_info.arc,11059
0,,,,ui\00_message\common\item_info.gmd,\ui\item_info.arc,item_info.arc,11060
0,,,,ui\00_message\common\item_info.gmd,\ui\item_info.arc,item_info.arc,11061
0,,,,ui\00_message\common\item_info.gmd,\ui\item_info.arc,item_info.arc,11062
0,,,,ui\00_message\common\item_info.gmd,\ui\item_info.arc,item_info.arc,11063
0,,,,ui\00_message\common\item_info.gmd,\ui\item_info.arc,item_info.arc,11064
0,,,,ui\00_message\common\item_info.gmd,\ui\item_info.arc,item_info.arc,11065
0,,,,ui\00_message\common\item_info.gmd,\ui\item_info.arc,item_info.arc,11066
0,,,,ui\00_message\common\item_info.gmd,\ui\item_info.arc,item_info.arc,11067
0,,,,ui\00_message\common\item_info.gmd,\ui\item_info.arc,item_info.arc,11068
0,,,,ui\00_message\common\item_info.gmd,\ui\item_info.arc,item_info.arc,11069
0,,,,ui\00_message\common\item_info.gmd,\ui\item_info.arc,item_info.arc,11070
0,,,,ui\00_message\common\item_info.gmd,\ui\item_info.arc,item_info.arc,11071
0,,,,ui\00_message\common\item_info.gmd,\ui\item_info.arc,item_info.arc,11072
0,,,,ui\00_message\common\item_info.gmd,\ui\item_info.arc,item_info.arc,11073
0,,,,ui\00_message\common\item_info.gmd,\ui\item_info.arc,item_info.arc,11074
0,,,,ui\00_message\common\item_info.gmd,\ui\item_info.arc,item_info.arc,11075
0,,,,ui\00_message\common\item_info.gmd,\ui\item_info.arc,item_info.arc,11076
0,,,,ui\00_message\common\item_info.gmd,\ui\item_info.arc,item_info.arc,11077
0,,,,ui\00_message\common\item_info.gmd,\ui\item_info.arc,item_info.arc,11078
0,,,,ui\00_message\common\item_info.gmd,\ui\item_info.arc,item_info.arc,11079
0,,,,ui\00_message\common\item_info.gmd,\ui\item_info.arc,item_info.arc,11080
0,,,,ui\00_message\common\item_info.gmd,\ui\item_info.arc,item_info.arc,11081
0,,,,ui\00_message\common\item_info.gmd,\ui\item_info.arc,item_info.arc,11082
0,,,,ui\00_message\common\item_info.gmd,\ui\item_info.arc,item_info.arc,11083
0,,,,ui\00_message\common\item_info.gmd,\ui\item_info.arc,item_info.arc,11084
0,,,,ui\00_message\common\item_info.gmd,\ui\item_info.arc,item_info.arc,11085
0,,,,ui\00_message\common\item_info.gmd,\ui\item_info.arc,item_info.arc,11086
0,,,,ui\00_message\common\item_info.gmd,\ui\item_info.arc,item_info.arc,11087
0,,,,ui\00_message\common\item_info.gmd,\ui\item_info.arc,item_info.arc,11088
0,,,,ui\00_message\common\item_info.gmd,\ui\item_info.arc,item_info.arc,11089
0,,,,ui\00_message\common\item_info.gmd,\ui\item_info.arc,item_info.arc,11090
0,,,,ui\00_message\common\item_info.gmd,\ui\item_info.arc,item_info.arc,11091
0,,,,ui\00_message\common\item_info.gmd,\ui\item_info.arc,item_info.arc,11092
0,,,,ui\00_message\common\item_info.gmd,\ui\item_info.arc,item_info.arc,11093
0,,,,ui\00_message\common\item_info.gmd,\ui\item_info.arc,item_info.arc,11094
0,,,,ui\00_message\common\item_info.gmd,\ui\item_info.arc,item_info.arc,11095
0,,,,ui\00_message\common\item_info.gmd,\ui\item_info.arc,item_info.arc,11096
0,,,,ui\00_message\common\item_info.gmd,\ui\item_info.arc,item_info.arc,11097
0,,,,ui\00_message\common\item_info.gmd,\ui\item_info.arc,item_info.arc,11098
0,,,,ui\00_message\common\item_info.gmd,\ui\item_info.arc,item_info.arc,11099
0,,,,ui\00_message\common\item_info.gmd,\ui\item_info.arc,item_info.arc,11100
0,,,,ui\00_message\common\item_info.gmd,\ui\item_info.arc,item_info.arc,11101
0,,,,ui\00_message\common\item_info.gmd,\ui\item_info.arc,item_info.arc,11102
0,,,,ui\00_message\common\item_info.gmd,\ui\item_info.arc,item_info.arc,11103
0,,,,ui\00_message\common\item_info.gmd,\ui\item_info.arc,item_info.arc,11104
0,,,,ui\00_message\common\item_info.gmd,\ui\item_info.arc,item_info.arc,11105
0,,,,ui\00_message\common\item_info.gmd,\ui\item_info.arc,item_info.arc,11106
0,,,,ui\00_message\common\item_info.gmd,\ui\item_info.arc,item_info.arc,11107
0,,,,ui\00_message\common\item_info.gmd,\ui\item_info.arc,item_info.arc,11108
0,,,,ui\00_message\common\item_info.gmd,\ui\item_info.arc,item_info.arc,11109
0,,,,ui\00_message\common\item_info.gmd,\ui\item_info.arc,item_info.arc,11110
0,,,,ui\00_message\common\item_info.gmd,\ui\item_info.arc,item_info.arc,11111
0,,,,ui\00_message\common\item_info.gmd,\ui\item_info.arc,item_info.arc,11112
0,,,,ui\00_message\common\item_info.gmd,\ui\item_info.arc,item_info.arc,11113
0,,,,ui\00_message\common\item_info.gmd,\ui\item_info.arc,item_info.arc,11114
0,,,,ui\00_message\common\item_info.gmd,\ui\item_info.arc,item_info.arc,11115
0,,,,ui\00_message\common\item_info.gmd,\ui\item_info.arc,item_info.arc,11116
0,,,,ui\00_message\common\item_info.gmd,\ui\item_info.arc,item_info.arc,11117
0,,,,ui\00_message\common\item_info.gmd,\ui\item_info.arc,item_info.arc,11118
0,,,,ui\00_message\common\item_info.gmd,\ui\item_info.arc,item_info.arc,11119
0,,,,ui\00_message\common\item_info.gmd,\ui\item_info.arc,item_info.arc,11120
0,,,,ui\00_message\common\item_info.gmd,\ui\item_info.arc,item_info.arc,11121
0,,,,ui\00_message\common\item_info.gmd,\ui\item_info.arc,item_info.arc,11122
0,,,,ui\00_message\common\item_info.gmd,\ui\item_info.arc,item_info.arc,11123
0,,,,ui\00_message\common\item_info.gmd,\ui\item_info.arc,item_info.arc,11124
0,,,,ui\00_message\common\item_info.gmd,\ui\item_info.arc,item_info.arc,11125
0,,,,ui\00_message\common\item_info.gmd,\ui\item_info.arc,item_info.arc,11126
0,,,,ui\00_message\common\item_info.gmd,\ui\item_info.arc,item_info.arc,11127
0,,,,ui\00_message\common\item_info.gmd,\ui\item_info.arc,item_info.arc,11128
0,,,,ui\00_message\common\item_info.gmd,\ui\item_info.arc,item_info.arc,11129
0,,,,ui\00_message\common\item_info.gmd,\ui\item_info.arc,item_info.arc,11130
0,,,,ui\00_message\common\item_info.gmd,\ui\item_info.arc,item_info.arc,11131
0,,,,ui\00_message\common\item_info.gmd,\ui\item_info.arc,item_info.arc,11132
0,,,,ui\00_message\common\item_info.gmd,\ui\item_info.arc,item_info.arc,11133
0,,,,ui\00_message\common\item_info.gmd,\ui\item_info.arc,item_info.arc,11134
0,,,,ui\00_message\common\item_info.gmd,\ui\item_info.arc,item_info.arc,11135
0,,,,ui\00_message\common\item_info.gmd,\ui\item_info.arc,item_info.arc,11136
0,,,,ui\00_message\common\item_info.gmd,\ui\item_info.arc,item_info.arc,11137
0,,,,ui\00_message\common\item_info.gmd,\ui\item_info.arc,item_info.arc,11138
0,,,,ui\00_message\common\item_info.gmd,\ui\item_info.arc,item_info.arc,11139
0,,,,ui\00_message\common\item_info.gmd,\ui\item_info.arc,item_info.arc,11140
0,,,,ui\00_message\common\item_info.gmd,\ui\item_info.arc,item_info.arc,11141
0,,,,ui\00_message\common\item_info.gmd,\ui\item_info.arc,item_info.arc,11142
0,,,,ui\00_message\common\item_info.gmd,\ui\item_info.arc,item_info.arc,11143
0,,,,ui\00_message\common\item_info.gmd,\ui\item_info.arc,item_info.arc,11144
0,,,,ui\00_message\common\item_info.gmd,\ui\item_info.arc,item_info.arc,11145
0,,,,ui\00_message\common\item_info.gmd,\ui\item_info.arc,item_info.arc,11146
0,,,,ui\00_message\common\item_info.gmd,\ui\item_info.arc,item_info.arc,11147
0,,,,ui\00_message\common\item_info.gmd,\ui\item_info.arc,item_info.arc,11148
0,,,,ui\00_message\common\item_info.gmd,\ui\item_info.arc,item_info.arc,11149
0,,,,ui\00_message\common\item_info.gmd,\ui\item_info.arc,item_info.arc,11150
0,,,,ui\00_message\common\item_info.gmd,\ui\item_info.arc,item_info.arc,11151
0,,,,ui\00_message\common\item_info.gmd,\ui\item_info.arc,item_info.arc,11152
0,,,,ui\00_message\common\item_info.gmd,\ui\item_info.arc,item_info.arc,11153
0,,,,ui\00_message\common\item_info.gmd,\ui\item_info.arc,item_info.arc,11154
0,,,,ui\00_message\common\item_info.gmd,\ui\item_info.arc,item_info.arc,11155
0,,,,ui\00_message\common\item_info.gmd,\ui\item_info.arc,item_info.arc,11156
0,,,,ui\00_message\common\item_info.gmd,\ui\item_info.arc,item_info.arc,11157
0,,,,ui\00_message\common\item_info.gmd,\ui\item_info.arc,item_info.arc,11158
0,,,,ui\00_message\common\item_info.gmd,\ui\item_info.arc,item_info.arc,11159
0,,,,ui\00_message\common\item_info.gmd,\ui\item_info.arc,item_info.arc,11160
0,,,,ui\00_message\common\item_info.gmd,\ui\item_info.arc,item_info.arc,11161
0,,,,ui\00_message\common\item_info.gmd,\ui\item_info.arc,item_info.arc,11162
0,,,,ui\00_message\common\item_info.gmd,\ui\item_info.arc,item_info.arc,11163
0,,,,ui\00_message\common\item_info.gmd,\ui\item_info.arc,item_info.arc,11164
0,,,,ui\00_message\common\item_info.gmd,\ui\item_info.arc,item_info.arc,11165
0,,,,ui\00_message\common\item_info.gmd,\ui\item_info.arc,item_info.arc,11166
0,,,,ui\00_message\common\item_info.gmd,\ui\item_info.arc,item_info.arc,11167
0,,,,ui\00_message\common\item_info.gmd,\ui\item_info.arc,item_info.arc,11168
0,,,,ui\00_message\common\item_info.gmd,\ui\item_info.arc,item_info.arc,11169
0,,,,ui\00_message\common\item_info.gmd,\ui\item_info.arc,item_info.arc,11170
0,,,,ui\00_message\common\item_info.gmd,\ui\item_info.arc,item_info.arc,11171
0,,,,ui\00_message\common\item_info.gmd,\ui\item_info.arc,item_info.arc,11172
0,,,,ui\00_message\common\item_info.gmd,\ui\item_info.arc,item_info.arc,11173
0,,,,ui\00_message\common\item_info.gmd,\ui\item_info.arc,item_info.arc,11174
0,,,,ui\00_message\common\item_info.gmd,\ui\item_info.arc,item_info.arc,11175
0,,,,ui\00_message\common\item_info.gmd,\ui\item_info.arc,item_info.arc,11176
0,,,,ui\00_message\common\item_info.gmd,\ui\item_info.arc,item_info.arc,11177
0,,,,ui\00_message\common\item_info.gmd,\ui\item_info.arc,item_info.arc,11178
0,,,,ui\00_message\common\item_info.gmd,\ui\item_info.arc,item_info.arc,11179
0,,,,ui\00_message\common\item_info.gmd,\ui\item_info.arc,item_info.arc,11180
0,,,,ui\00_message\common\item_info.gmd,\ui\item_info.arc,item_info.arc,11181
0,,,,ui\00_message\common\item_info.gmd,\ui\item_info.arc,item_info.arc,11182
0,,,,ui\00_message\common\item_info.gmd,\ui\item_info.arc,item_info.arc,11183
0,,,,ui\00_message\common\item_info.gmd,\ui\item_info.arc,item_info.arc,11184
0,,,,ui\00_message\common\item_info.gmd,\ui\item_info.arc,item_info.arc,11185
0,,,,ui\00_message\common\item_info.gmd,\ui\item_info.arc,item_info.arc,11186
0,,,,ui\00_message\common\item_info.gmd,\ui\item_info.arc,item_info.arc,11187
0,,,,ui\00_message\common\item_info.gmd,\ui\item_info.arc,item_info.arc,11188
0,,,,ui\00_message\common\item_info.gmd,\ui\item_info.arc,item_info.arc,11189
0,,,,ui\00_message\common\item_info.gmd,\ui\item_info.arc,item_info.arc,11190
0,,,,ui\00_message\common\item_info.gmd,\ui\item_info.arc,item_info.arc,11191
0,,,,ui\00_message\common\item_info.gmd,\ui\item_info.arc,item_info.arc,11192
0,,,,ui\00_message\common\item_info.gmd,\ui\item_info.arc,item_info.arc,11193
0,,,,ui\00_message\common\item_info.gmd,\ui\item_info.arc,item_info.arc,11194
0,,,,ui\00_message\common\item_info.gmd,\ui\item_info.arc,item_info.arc,11195
0,,,,ui\00_message\common\item_info.gmd,\ui\item_info.arc,item_info.arc,11196
0,,,,ui\00_message\common\item_info.gmd,\ui\item_info.arc,item_info.arc,11197
0,,,,ui\00_message\common\item_info.gmd,\ui\item_info.arc,item_info.arc,11198
0,,,,ui\00_message\common\item_info.gmd,\ui\item_info.arc,item_info.arc,11199
0,,,,ui\00_message\common\item_info.gmd,\ui\item_info.arc,item_info.arc,11200
0,,,,ui\00_message\common\item_info.gmd,\ui\item_info.arc,item_info.arc,11201
0,,,,ui\00_message\common\item_info.gmd,\ui\item_info.arc,item_info.arc,11202
0,,,,ui\00_message\common\item_info.gmd,\ui\item_info.arc,item_info.arc,11203
0,,,,ui\00_message\common\item_info.gmd,\ui\item_info.arc,item_info.arc,11204
0,,,,ui\00_message\common\item_info.gmd,\ui\item_info.arc,item_info.arc,11205
0,,,,ui\00_message\common\item_info.gmd,\ui\item_info.arc,item_info.arc,11206
0,,,,ui\00_message\common\item_info.gmd,\ui\item_info.arc,item_info.arc,11207
0,,,,ui\00_message\common\item_info.gmd,\ui\item_info.arc,item_info.arc,11208
0,,,,ui\00_message\common\item_info.gmd,\ui\item_info.arc,item_info.arc,11209
0,,,,ui\00_message\common\item_info.gmd,\ui\item_info.arc,item_info.arc,11210
0,,,,ui\00_message\common\item_info.gmd,\ui\item_info.arc,item_info.arc,11211
0,,,,ui\00_message\common\item_info.gmd,\ui\item_info.arc,item_info.arc,11212
0,,,,ui\00_message\common\item_info.gmd,\ui\item_info.arc,item_info.arc,11213
0,,,,ui\00_message\common\item_info.gmd,\ui\item_info.arc,item_info.arc,11214
0,,,,ui\00_message\common\item_info.gmd,\ui\item_info.arc,item_info.arc,11215
0,,,,ui\00_message\common\item_info.gmd,\ui\item_info.arc,item_info.arc,11216
0,,,,ui\00_message\common\item_info.gmd,\ui\item_info.arc,item_info.arc,11217
0,,,,ui\00_message\common\item_info.gmd,\ui\item_info.arc,item_info.arc,11218
0,,,,ui\00_message\common\item_info.gmd,\ui\item_info.arc,item_info.arc,11219
0,,,,ui\00_message\common\item_info.gmd,\ui\item_info.arc,item_info.arc,11220
0,,,,ui\00_message\common\item_info.gmd,\ui\item_info.arc,item_info.arc,11221
0,,,,ui\00_message\common\item_info.gmd,\ui\item_info.arc,item_info.arc,11222
0,,,,ui\00_message\common\item_info.gmd,\ui\item_info.arc,item_info.arc,11223
0,,,,ui\00_message\common\item_info.gmd,\ui\item_info.arc,item_info.arc,11224
0,,,,ui\00_message\common\item_info.gmd,\ui\item_info.arc,item_info.arc,11225
0,,,,ui\00_message\common\item_info.gmd,\ui\item_info.arc,item_info.arc,11226
0,,,,ui\00_message\common\item_info.gmd,\ui\item_info.arc,item_info.arc,11227
0,,,,ui\00_message\common\item_info.gmd,\ui\item_info.arc,item_info.arc,11228
0,,,,ui\00_message\common\item_info.gmd,\ui\item_info.arc,item_info.arc,11229
0,,,,ui\00_message\common\item_info.gmd,\ui\item_info.arc,item_info.arc,11230
0,,,,ui\00_message\common\item_info.gmd,\ui\item_info.arc,item_info.arc,11231
0,,,,ui\00_message\common\item_info.gmd,\ui\item_info.arc,item_info.arc,11232
0,,,,ui\00_message\common\item_info.gmd,\ui\item_info.arc,item_info.arc,11233
0,,,,ui\00_message\common\item_info.gmd,\ui\item_info.arc,item_info.arc,11234
0,,,,ui\00_message\common\item_info.gmd,\ui\item_info.arc,item_info.arc,11235
0,,,,ui\00_message\common\item_info.gmd,\ui\item_info.arc,item_info.arc,11236
0,,,,ui\00_message\common\item_info.gmd,\ui\item_info.arc,item_info.arc,11237
0,,,,ui\00_message\common\item_info.gmd,\ui\item_info.arc,item_info.arc,11238
0,,,,ui\00_message\common\item_info.gmd,\ui\item_info.arc,item_info.arc,11239
0,,,,ui\00_message\common\item_info.gmd,\ui\item_info.arc,item_info.arc,11240
0,,,,ui\00_message\common\item_info.gmd,\ui\item_info.arc,item_info.arc,11241
0,,,,ui\00_message\common\item_info.gmd,\ui\item_info.arc,item_info.arc,11242
0,,,,ui\00_message\common\item_info.gmd,\ui\item_info.arc,item_info.arc,11243
0,,,,ui\00_message\common\item_info.gmd,\ui\item_info.arc,item_info.arc,11244
0,,,,ui\00_message\common\item_info.gmd,\ui\item_info.arc,item_info.arc,11245
0,,,,ui\00_message\common\item_info.gmd,\ui\item_info.arc,item_info.arc,11246
0,,,,ui\00_message\common\item_info.gmd,\ui\item_info.arc,item_info.arc,11247
0,,,,ui\00_message\common\item_info.gmd,\ui\item_info.arc,item_info.arc,11248
0,,,,ui\00_message\common\item_info.gmd,\ui\item_info.arc,item_info.arc,11249
0,,,,ui\00_message\common\item_info.gmd,\ui\item_info.arc,item_info.arc,11250
0,,,,ui\00_message\common\item_info.gmd,\ui\item_info.arc,item_info.arc,11251
0,,,,ui\00_message\common\item_info.gmd,\ui\item_info.arc,item_info.arc,11252
0,,,,ui\00_message\common\item_info.gmd,\ui\item_info.arc,item_info.arc,11253
0,,,,ui\00_message\common\item_info.gmd,\ui\item_info.arc,item_info.arc,11254
0,,,,ui\00_message\common\item_info.gmd,\ui\item_info.arc,item_info.arc,11255
0,,,,ui\00_message\common\item_info.gmd,\ui\item_info.arc,item_info.arc,11256
0,,,,ui\00_message\common\item_info.gmd,\ui\item_info.arc,item_info.arc,11257
0,,,,ui\00_message\common\item_info.gmd,\ui\item_info.arc,item_info.arc,11258
0,,,,ui\00_message\common\item_info.gmd,\ui\item_info.arc,item_info.arc,11259
0,,,,ui\00_message\common\item_info.gmd,\ui\item_info.arc,item_info.arc,11260
0,,,,ui\00_message\common\item_info.gmd,\ui\item_info.arc,item_info.arc,11261
0,,,,ui\00_message\common\item_info.gmd,\ui\item_info.arc,item_info.arc,11262
0,,,,ui\00_message\common\item_info.gmd,\ui\item_info.arc,item_info.arc,11263
0,,,,ui\00_message\common\item_info.gmd,\ui\item_info.arc,item_info.arc,11264
0,,,,ui\00_message\common\item_info.gmd,\ui\item_info.arc,item_info.arc,11265
0,,,,ui\00_message\common\item_info.gmd,\ui\item_info.arc,item_info.arc,11266
0,,,,ui\00_message\common\item_info.gmd,\ui\item_info.arc,item_info.arc,11267
0,,,,ui\00_message\common\item_info.gmd,\ui\item_info.arc,item_info.arc,11268
0,,,,ui\00_message\common\item_info.gmd,\ui\item_info.arc,item_info.arc,11269
0,,,,ui\00_message\common\item_info.gmd,\ui\item_info.arc,item_info.arc,11270
0,,,,ui\00_message\common\item_info.gmd,\ui\item_info.arc,item_info.arc,11271
0,,,,ui\00_message\common\item_info.gmd,\ui\item_info.arc,item_info.arc,11272
0,,,,ui\00_message\common\item_info.gmd,\ui\item_info.arc,item_info.arc,11273
0,,,,ui\00_message\common\item_info.gmd,\ui\item_info.arc,item_info.arc,11274
0,,,,ui\00_message\common\item_info.gmd,\ui\item_info.arc,item_info.arc,11275
0,,,,ui\00_message\common\item_info.gmd,\ui\item_info.arc,item_info.arc,11276
0,,,,ui\00_message\common\item_info.gmd,\ui\item_info.arc,item_info.arc,11277
0,,,,ui\00_message\common\item_info.gmd,\ui\item_info.arc,item_info.arc,11278
0,,,,ui\00_message\common\item_info.gmd,\ui\item_info.arc,item_info.arc,11279
0,,,,ui\00_message\common\item_info.gmd,\ui\item_info.arc,item_info.arc,11280
0,,,,ui\00_message\common\item_info.gmd,\ui\item_info.arc,item_info.arc,11281
0,,,,ui\00_message\common\item_info.gmd,\ui\item_info.arc,item_info.arc,11282
0,,,,ui\00_message\common\item_info.gmd,\ui\item_info.arc,item_info.arc,11283
0,,,,ui\00_message\common\item_info.gmd,\ui\item_info.arc,item_info.arc,11284
0,,,,ui\00_message\common\item_info.gmd,\ui\item_info.arc,item_info.arc,11285
0,,,,ui\00_message\common\item_info.gmd,\ui\item_info.arc,item_info.arc,11286
0,,,,ui\00_message\common\item_info.gmd,\ui\item_info.arc,item_info.arc,11287
0,,,,ui\00_message\common\item_info.gmd,\ui\item_info.arc,item_info.arc,11288
0,,,,ui\00_message\common\item_info.gmd,\ui\item_info.arc,item_info.arc,11289
0,,,,ui\00_message\common\item_info.gmd,\ui\item_info.arc,item_info.arc,11290
0,,,,ui\00_message\common\item_info.gmd,\ui\item_info.arc,item_info.arc,11291
0,,,,ui\00_message\common\item_info.gmd,\ui\item_info.arc,item_info.arc,11292
0,,,,ui\00_message\common\item_info.gmd,\ui\item_info.arc,item_info.arc,11293
0,,,,ui\00_message\common\item_info.gmd,\ui\item_info.arc,item_info.arc,11294
0,,,,ui\00_message\common\item_info.gmd,\ui\item_info.arc,item_info.arc,11295
0,,,,ui\00_message\common\item_info.gmd,\ui\item_info.arc,item_info.arc,11296
0,,,,ui\00_message\common\item_info.gmd,\ui\item_info.arc,item_info.arc,11297
0,,,,ui\00_message\common\item_info.gmd,\ui\item_info.arc,item_info.arc,11298
0,,,,ui\00_message\common\item_info.gmd,\ui\item_info.arc,item_info.arc,11299
0,,,,ui\00_message\common\item_info.gmd,\ui\item_info.arc,item_info.arc,11300
0,,,,ui\00_message\common\item_info.gmd,\ui\item_info.arc,item_info.arc,11301
0,,,,ui\00_message\common\item_info.gmd,\ui\item_info.arc,item_info.arc,11302
0,,,,ui\00_message\common\item_info.gmd,\ui\item_info.arc,item_info.arc,11303
0,,,,ui\00_message\common\item_info.gmd,\ui\item_info.arc,item_info.arc,11304
0,,,,ui\00_message\common\item_info.gmd,\ui\item_info.arc,item_info.arc,11305
0,,,,ui\00_message\common\item_info.gmd,\ui\item_info.arc,item_info.arc,11306
0,,,,ui\00_message\common\item_info.gmd,\ui\item_info.arc,item_info.arc,11307
0,,,,ui\00_message\common\item_info.gmd,\ui\item_info.arc,item_info.arc,11308
0,,,,ui\00_message\common\item_info.gmd,\ui\item_info.arc,item_info.arc,11309
0,,,,ui\00_message\common\item_info.gmd,\ui\item_info.arc,item_info.arc,11310
0,,,,ui\00_message\common\item_info.gmd,\ui\item_info.arc,item_info.arc,11311
0,,,,ui\00_message\common\item_info.gmd,\ui\item_info.arc,item_info.arc,11312
0,,,,ui\00_message\common\item_info.gmd,\ui\item_info.arc,item_info.arc,11313
0,,,,ui\00_message\common\item_info.gmd,\ui\item_info.arc,item_info.arc,11314
0,,,,ui\00_message\common\item_info.gmd,\ui\item_info.arc,item_info.arc,11315
0,,,,ui\00_message\common\item_info.gmd,\ui\item_info.arc,item_info.arc,11316
0,,,,ui\00_message\common\item_info.gmd,\ui\item_info.arc,item_info.arc,11317
0,,,,ui\00_message\common\item_info.gmd,\ui\item_info.arc,item_info.arc,11318
0,,,,ui\00_message\common\item_info.gmd,\ui\item_info.arc,item_info.arc,11319
0,,,,ui\00_message\common\item_info.gmd,\ui\item_info.arc,item_info.arc,11320
0,,,,ui\00_message\common\item_info.gmd,\ui\item_info.arc,item_info.arc,11321
0,,,,ui\00_message\common\item_info.gmd,\ui\item_info.arc,item_info.arc,11322
0,,,,ui\00_message\common\item_info.gmd,\ui\item_info.arc,item_info.arc,11323
0,,,,ui\00_message\common\item_info.gmd,\ui\item_info.arc,item_info.arc,11324
0,,,,ui\00_message\common\item_info.gmd,\ui\item_info.arc,item_info.arc,11325
0,,,,ui\00_message\common\item_info.gmd,\ui\item_info.arc,item_info.arc,11326
0,,,,ui\00_message\common\item_info.gmd,\ui\item_info.arc,item_info.arc,11327
0,,,,ui\00_message\common\item_info.gmd,\ui\item_info.arc,item_info.arc,11328
0,,,,ui\00_message\common\item_info.gmd,\ui\item_info.arc,item_info.arc,11329
0,,,,ui\00_message\common\item_info.gmd,\ui\item_info.arc,item_info.arc,11330
0,,,,ui\00_message\common\item_info.gmd,\ui\item_info.arc,item_info.arc,11331
0,,,,ui\00_message\common\item_info.gmd,\ui\item_info.arc,item_info.arc,11332
0,,,,ui\00_message\common\item_info.gmd,\ui\item_info.arc,item_info.arc,11333
0,,,,ui\00_message\common\item_info.gmd,\ui\item_info.arc,item_info.arc,11334
0,,,,ui\00_message\common\item_info.gmd,\ui\item_info.arc,item_info.arc,11335
0,,,,ui\00_message\common\item_info.gmd,\ui\item_info.arc,item_info.arc,11336
0,,,,ui\00_message\common\item_info.gmd,\ui\item_info.arc,item_info.arc,11337
0,,,,ui\00_message\common\item_info.gmd,\ui\item_info.arc,item_info.arc,11338
0,,,,ui\00_message\common\item_info.gmd,\ui\item_info.arc,item_info.arc,11339
0,,,,ui\00_message\common\item_info.gmd,\ui\item_info.arc,item_info.arc,11340
0,,,,ui\00_message\common\item_info.gmd,\ui\item_info.arc,item_info.arc,11341
0,,,,ui\00_message\common\item_info.gmd,\ui\item_info.arc,item_info.arc,11342
0,,,,ui\00_message\common\item_info.gmd,\ui\item_info.arc,item_info.arc,11343
0,,,,ui\00_message\common\item_info.gmd,\ui\item_info.arc,item_info.arc,11344
0,,,,ui\00_message\common\item_info.gmd,\ui\item_info.arc,item_info.arc,11345
0,,,,ui\00_message\common\item_info.gmd,\ui\item_info.arc,item_info.arc,11346
0,,,,ui\00_message\common\item_info.gmd,\ui\item_info.arc,item_info.arc,11347
0,,,,ui\00_message\common\item_info.gmd,\ui\item_info.arc,item_info.arc,11348
0,,,,ui\00_message\common\item_info.gmd,\ui\item_info.arc,item_info.arc,11349
0,,,,ui\00_message\common\item_info.gmd,\ui\item_info.arc,item_info.arc,11350
0,,,,ui\00_message\common\item_info.gmd,\ui\item_info.arc,item_info.arc,11351
0,,,,ui\00_message\common\item_info.gmd,\ui\item_info.arc,item_info.arc,11352
0,,,,ui\00_message\common\item_info.gmd,\ui\item_info.arc,item_info.arc,11353
0,,,,ui\00_message\common\item_info.gmd,\ui\item_info.arc,item_info.arc,11354
0,,,,ui\00_message\common\item_info.gmd,\ui\item_info.arc,item_info.arc,11355
0,,,,ui\00_message\common\item_info.gmd,\ui\item_info.arc,item_info.arc,11356
0,,,,ui\00_message\common\item_info.gmd,\ui\item_info.arc,item_info.arc,11357
0,,,,ui\00_message\common\item_info.gmd,\ui\item_info.arc,item_info.arc,11358
0,,,,ui\00_message\common\item_info.gmd,\ui\item_info.arc,item_info.arc,11359
0,,,,ui\00_message\common\item_info.gmd,\ui\item_info.arc,item_info.arc,11360
0,,,,ui\00_message\common\item_info.gmd,\ui\item_info.arc,item_info.arc,11361
0,,,,ui\00_message\common\item_info.gmd,\ui\item_info.arc,item_info.arc,11362
0,,,,ui\00_message\common\item_info.gmd,\ui\item_info.arc,item_info.arc,11363
0,,,,ui\00_message\common\item_info.gmd,\ui\item_info.arc,item_info.arc,11364
0,,,,ui\00_message\common\item_info.gmd,\ui\item_info.arc,item_info.arc,11365
0,,,,ui\00_message\common\item_info.gmd,\ui\item_info.arc,item_info.arc,11366
0,,,,ui\00_message\common\item_info.gmd,\ui\item_info.arc,item_info.arc,11367
0,,,,ui\00_message\common\item_info.gmd,\ui\item_info.arc,item_info.arc,11368
0,,,,ui\00_message\common\item_info.gmd,\ui\item_info.arc,item_info.arc,11369
0,,,,ui\00_message\common\item_info.gmd,\ui\item_info.arc,item_info.arc,11370