#Index,Key,MsgJp,MsgEn,GmdPath,ArcPath,ArcName,ReadIndex
0,,,,ui\00_message\common\item_info.gmd,\ui\item_info.arc,item_info.arc,18371
0,,,,ui\00_message\common\item_info.gmd,\ui\item_info.arc,item_info.arc,18372
0,,,,ui\00_message\common\item_info.gmd,\ui\item_info.arc,item_info.arc,18373
0,,,,ui\00_message\common\item_info.gmd,\ui\item_info.arc,item_info.arc,18374
0,,,,ui\00_message\common\item_info.gmd,\ui\item_info.arc,item_info.arc,18375
0,,,,ui\00_message\common\item_info.gmd,\ui\item_info.arc,item_info.arc,18376
0,,,,ui\00_message\common\item_info.gmd,\ui\item_info.arc,item_info.arc,18377
0,,,,ui\00_message\common\item_info.gmd,\ui\item_info.arc,item_info.arc,18378
0,,,,ui\00_message\common\item_info.gmd,\ui\item_info.arc,item_info.arc,18379
0,,,,ui\00_message\common\item_info.gmd,\ui\item_info.arc,item_info.arc,18380
0,,,,ui\00_message\common\item_info.gmd,\ui\item_info.arc,item_info.arc,18381
0,,,,ui\00_message\common\item_info.gmd,\ui\item_info.arc,item_info.arc,18382
0,,,,ui\00_message\common\item_info.gmd,\ui\item_info.arc,item_info.arc,18383
0,,,,ui\00_message\common\item_info.gmd,\ui\item_info.arc,item_info.arc,18384
0,,,,ui\00_message\common\item_info.gmd,\ui\item_info.arc,item_info.arc,18385
0,,,,ui\00_message\common\item_info.gmd,\ui\item_info.arc,item_info.arc,18386
0,,,,ui\00_message\common\item_info.gmd,\ui\item_info.arc,item_info.arc,18387
0,,,,ui\00_message\common\item_info.gmd,\ui\item_info.arc,item_info.arc,18388
0,,,,ui\00_message\common\item_info.gmd,\ui\item_info.arc,item_info.arc,18389
0,,,,ui\00_message\common\item_info.gmd,\ui\item_info.arc,item_info.arc,18390
0,,,,ui\00_message\common\item_info.gmd,\ui\item_info.arc,item_info.arc,18391
0,,,,ui\00_message\common\item_info.gmd,\ui\item_info.arc,item_info.arc,18392
0,,,,ui\00_message\common\item_info.gmd,\ui\item_info.arc,item_info.arc,18393
0,,,,ui\00_message\common\item_info.gmd,\ui\item_info.arc,item_info.arc,18394
0,,,,ui\00_message\common\item_info.gmd,\ui\item_info.arc,item_info.arc,18395
0,,,,ui\00_message\common\item_info.gmd,\ui\item_info.arc,item_info.arc,18396
0,,,,ui\00_message\common\item_info.gmd,\ui\item_info.arc,item_info.arc,18397
0,,,,ui\00_message\common\item_info.gmd,\ui\item_info.arc,item_info.arc,18398
0,,,,ui\00_message\common\item_info.gmd,\ui\item_info.arc,item_info.arc,18399
0,,,,ui\00_message\common\item_info.gmd,\ui\item_info.arc,item_info.arc,18400
0,,,,ui\00_message\common\item_info.gmd,\ui\item_info.arc,item_info.arc,18401
0,,,,ui\00_message\common\item_info.gmd,\ui\item_info.arc,item_info.arc,18402
0,,,,ui\00_message\common\item_info.gmd,\ui\item_info.arc,item_info.arc,18403
0,,,,ui\00_message\common\item_info.gmd,\ui\item_info.arc,item_info.arc,18404
0,,,,ui\00_message\common\item_info.gmd,\ui\item_info.arc,item_info.arc,18405
0,,,,ui\00_message\common\item_info.gmd,\ui\item_info.arc,item_info.arc,18406
0,,,,ui\00_message\common\item_info.gmd,\ui\item_info.arc,item_info.arc,18407
0,,,,ui\00_message\common\item_info.gmd,\ui\item_info.arc,item_info.arc,18408
0,,,,ui\00_message\common\item_info.gmd,\ui\item_info.arc,item_info.arc,18409
0,,,,ui\00_message\common\item_info.gmd,\ui\item_info.arc,item_info.arc,18410
0,,,,ui\00_message\common\item_info.gmd,\ui\item_info.arc,item_info.arc,18411
0,,,,ui\00_message\common\item_info.gmd,\ui\item_info.arc,item_info.arc,18412
0,,,,ui\00_message\common\item_info.gmd,\ui\item_info.arc,item_info.arc,18413
0,,,,ui\00_message\common\item_info.gmd,\ui\item_info.arc,item_info.arc,18414
0,,,,ui\00_message\common\item_info.gmd,\ui\item_info.arc,item_info.arc,18415
0,,,,ui\00_message\common\item_info.gmd,\ui\item_info.arc,item_info.arc,18416
0,,,,ui\00_message\common\item_info.gmd,\ui\item_info.arc,item_info.arc,18417
0,,,,ui\00_message\common\item_info.gmd,\ui\item_info.arc,item_info.arc,18418
0,,,,ui\00_message\common\item_info.gmd,\ui\item_info.arc,item_info.arc,18419
0,,,,ui\00_message\common\item_info.gmd,\ui\item_info.arc,item_info.arc,18420
0,,,,ui\00_message\common\item_info.gmd,\ui\item_info.arc,item_info.arc,18421
0,,,,ui\00_message\common\item_info.gmd,\ui\item_info.arc,item_info.arc,18422
0,,,,ui\00_message\common\item_info.gmd,\ui\item_info.arc,item_info.arc,18423
0,,,,ui\00_message\common\item_info.gmd,\ui\item_info.arc,item_info.arc,18424
0,,,,ui\00_message\common\item_info.gmd,\ui\item_info.arc,item_info.arc,18425
0,,,,ui\00_message\common\item_info.gmd,\ui\item_info.arc,item_info.arc,18426
0,,,,ui\00_message\common\item_info.gmd,\ui\item_info.arc,item_info.arc,18427
0,,,,ui\00_message\common\item_info.gmd,\ui\item_info.arc,item_info.arc,18428
0,,,,ui\00_message\common\item_info.gmd,\ui\item_info.arc,item_info.arc,18429
0,,,,ui\00_message\common\item_info.gmd,\ui\item_info.arc,item_info.arc,18430
0,,,,ui\00_message\common\item_info.gmd,\ui\item_info.arc,item_info.arc,18431
0,,,,ui\00_message\common\item_info.gmd,\ui\item_info.arc,item_info.arc,18432
0,,,,ui\00_message\common\item_info.gmd,\ui\item_info.arc,item_info.arc,18433
0,,,,ui\00_message\common\item_info.gmd,\ui\item_info.arc,item_info.arc,18434
0,,,,ui\00_message\common\item_info.gmd,\ui\item_info.arc,item_info.arc,18435
0,,,,ui\00_message\common\item_info.gmd,\ui\item_info.arc,item_info.arc,18436
0,,,,ui\00_message\common\item_info.gmd,\ui\item_info.arc,item_info.arc,18437
0,,,,ui\00_message\common\item_info.gmd,\ui\item_info.arc,item_info.arc,18438
0,,,,ui\00_message\common\item_info.gmd,\ui\item_info.arc,item_info.arc,18439
0,,,,ui\00_message\common\item_info.gmd,\ui\item_info.arc,item_info.arc,18440
0,,,,ui\00_message\common\item_info.gmd,\ui\item_info.arc,item_info.arc,18441
0,,,,ui\00_message\common\item_info.gmd,\ui\item_info.arc,item_info.arc,18442
0,,,,ui\00_message\common\item_info.gmd,\ui\item_info.arc,item_info.arc,18443
0,,,,ui\00_message\common\item_info.gmd,\ui\item_info.arc,item_info.arc,18444
0,,,,ui\00_message\common\item_info.gmd,\ui\item_info.arc,item_info.arc,18445
0,,,,ui\00_message\common\item_info.gmd,\ui\item_info.arc,item_info.arc,18446
0,,,,ui\00_message\common\item_info.gmd,\ui\item_info.arc,item_info.arc,18447
0,,,,ui\00_message\common\item_info.gmd,\ui\item_info.arc,item_info.arc,18448
0,,,,ui\00_message\common\item_info.gmd,\ui\item_info.arc,item_info.arc,18449
0,,,,ui\00_message\common\item_info.gmd,\ui\item_info.arc,item_info.arc,18450
0,,,,ui\00_message\common\item_info.gmd,\ui\item_info.arc,item_info.arc,18451
0,,,,ui\00_message\common\item_info.gmd,\ui\item_info.arc,item_info.arc,18452
0,,,,ui\00_message\common\item_info.gmd,\ui\item_info.arc,item_info.arc,18453
0,,,,ui\00_message\common\item_info.gmd,\ui\item_info.arc,item_info.arc,18454
0,,,,ui\00_message\common\item_info.gmd,\ui\item_info.arc,item_info.arc,18455
0,,,,ui\00_message\common\item_info.gmd,\ui\item_info.arc,item_info.arc,18456
0,,,,ui\00_message\common\item_info.gmd,\ui\item_info.arc,item_info.arc,18457
0,,,,ui\00_message\common\item_info.gmd,\ui\item_info.arc,item_info.arc,18458
0,,,,ui\00_message\common\item_info.gmd,\ui\item_info.arc,item_info.arc,18459
0,,,,ui\00_message\common\item_info.gmd,\ui\item_info.arc,item_info.arc,18460
0,,,,ui\00_message\common\item_info.gmd,\ui\item_info.arc,item_info.arc,18461
0,,,,ui\00_message\common\item_info.gmd,\ui\item_info.arc,item_info.arc,18462
0,,,,ui\00_message\common\item_info.gmd,\ui\item_info.arc,item_info.arc,18463
0,,,,ui\00_message\common\item_info.gmd,\ui\item_info.arc,item_info.arc,18464
0,,,,ui\00_message\common\item_info.gmd,\ui\item_info.arc,item_info.arc,18465
0,,,,ui\00_message\common\item_info.gmd,\ui\item_info.arc,item_info.arc,18466
0,,,,ui\00_message\common\item_info.gmd,\ui\item_info.arc,item_info.arc,18467
0,,,,ui\00_message\common\item_info.gmd,\ui\item_info.arc,item_info.arc,18468
0,,,,ui\00_message\common\item_info.gmd,\ui\item_info.arc,item_info.arc,18469
0,,,,ui\00_message\common\item_info.gmd,\ui\item_info.arc,item_info.arc,18470
0,,,,ui\00_message\common\item_info.gmd,\ui\item_info.arc,item_info.arc,18471
0,,,,ui\00_message\common\item_info.gmd,\ui\item_info.arc,item_info.arc,18472
0,,,,ui\00_message\common\item_info.gmd,\ui\item_info.arc,item_info.arc,18473
0,,,,ui\00_message\common\item_info.gmd,\ui\item_info.arc,item_info.arc,18474
0,,,,ui\00_message\common\item_info.gmd,\ui\item_info.arc,item_info.arc,18475
0,,,,ui\00_message\common\item_info.gmd,\ui\item_info.arc,item_info.arc,18476
0,,,,ui\00_message\common\item_info.gmd,\ui\item_info.arc,item_info.arc,18477
0,,,,ui\00_message\common\item_info.gmd,\ui\item_info.arc,item_info.arc,18478
0,,,,ui\00_message\common\item_info.gmd,\ui\item_info.arc,item_info.arc,18479
0,,,,ui\00_message\common\item_info.gmd,\ui\item_info.arc,item_info.arc,18480
0,,,,ui\00_message\common\item_info.gmd,\ui\item_info.arc,item_info.arc,18481
0,,,,ui\00_message\common\item_info.gmd,\ui\item_info.arc,item_info.arc,18482
0,,,,ui\00_message\common\item_info.gmd,\ui\item_info.arc,item_info.arc,18483
0,,,,ui\00_message\common\item_info.gmd,\ui\item_info.arc,item_info.arc,18484
0,,,,ui\00_message\common\item_info.gmd,\ui\item_info.arc,item_info.arc,18485
0,,,,ui\00_message\common\item_info.gmd,\ui\item_info.arc,item_info.arc,18486
0,,,,ui\00_message\common\item_info.gmd,\ui\item_info.arc,item_info.arc,18487
0,,,,ui\00_message\common\item_info.gmd,\ui\item_info.arc,item_info.arc,18488
0,,,,ui\00_message\common\item_info.gmd,\ui\item_info.arc,item_info.arc,18489
0,,,,ui\00_message\common\item_info.gmd,\ui\item_info.arc,item_info.arc,18490
0,,,,ui\00_message\common\item_info.gmd,\ui\item_info.arc,item_info.arc,18491
0,,,,ui\00_message\common\item_info.gmd,\ui\item_info.arc,item_info.arc,18492
0,,,,ui\00_message\common\item_info.gmd,\ui\item_info.arc,item_info.arc,18493
0,,,,ui\00_message\common\item_info.gmd,\ui\item_info.arc,item_info.arc,18494
0,,,,ui\00_message\common\item_info.gmd,\ui\item_info.arc,item_info.arc,18495
0,,,,ui\00_message\common\item_info.gmd,\ui\item_info.arc,item_info.arc,18496
0,,,,ui\00_message\common\item_info.gmd,\ui\item_info.arc,item_info.arc,18497
0,,,,ui\00_message\common\item_info.gmd,\ui\item_info.arc,item_info.arc,18498
0,,,,ui\00_message\common\item_info.gmd,\ui\item_info.arc,item_info.arc,18499
0,,,,ui\00_message\common\item_info.gmd,\ui\item_info.arc,item_info.arc,18500
0,,,,ui\00_message\common\item_info.gmd,\ui\item_info.arc,item_info.arc,18501
0,,,,ui\00_message\common\item_info.gmd,\ui\item_info.arc,item_info.arc,18502
0,,,,ui\00_message\common\item_info.gmd,\ui\item_info.arc,item_info.arc,18503
0,,,,ui\00_message\common\item_info.gmd,\ui\item_info.arc,item_info.arc,18504
0,,,,ui\00_message\common\item_info.gmd,\ui\item_info.arc,item_info.arc,18505
0,,,,ui\00_message\common\item_info.gmd,\ui\item_info.arc,item_info.arc,18506
0,,,,ui\00_message\common\item_info.gmd,\ui\item_info.arc,item_info.arc,18507
0,,,,ui\00_message\common\item_info.gmd,\ui\item_info.arc,item_info.arc,18508
0,,,,ui\00_message\common\item_info.gmd,\ui\item_info.arc,item_info.arc,18509
0,,,,ui\00_message\common\item_info.gmd,\ui\item_info.arc,item_info.arc,18510
0,,,,ui\00_message\common\item_info.gmd,\ui\item_info.arc,item_info.arc,18511
0,,,,ui\00_message\common\item_info.gmd,\ui\item_info.arc,item_info.arc,18512
0,,,,ui\00_message\common\item_info.gmd,\ui\item_info.arc,item_info.arc,18513
0,,,,ui\00_message\common\item_info.gmd,\ui\item_info.arc,item_info.arc,18514
0,,,,ui\00_message\common\item_info.gmd,\ui\item_info.arc,item_info.arc,18515
0,,,,ui\00_message\common\item_info.gmd,\ui\item_info.arc,item_info.arc,18516
0,,,,ui\00_message\common\item_info.gmd,\ui\item_info.arc,item_info.arc,18517
0,,,,ui\00_message\common\item_info.gmd,\ui\item_info.arc,item_info.arc,18518
0,,,,ui\00_message\common\item_info.gmd,\ui\item_info.arc,item_info.arc,18519
0,,,,ui\00_message\common\item_info.gmd,\ui\item_info.arc,item_info.arc,18520
0,,,,ui\00_message\common\item_info.gmd,\ui\item_info.arc,item_info.arc,18521
0,,,,ui\00_message\common\item_info.gmd,\ui\item_info.arc,item_info.arc,18522
0,,,,ui\00_message\common\item_info.gmd,\ui\item_info.arc,item_info.arc,18523
0,,,,ui\00_message\common\item_info.gmd,\ui\item_info.arc,item_info.arc,18524
0,,,,ui\00_message\common\item_info.gmd,\ui\item_info.arc,item_info.arc,18525
0,,,,ui\00_message\common\item_info.gmd,\ui\item_info.arc,item_info.arc,18526
0,,,,ui\00_message\common\item_info.gmd,\ui\item_info.arc,item_info.arc,18527
0,,,,ui\00_message\common\item_info.gmd,\ui\item_info.arc,item_info.arc,18528
0,,,,ui\00_message\common\item_info.gmd,\ui\item_info.arc,item_info.arc,18529
0,,,,ui\00_message\common\item_info.gmd,\ui\item_info.arc,item_info.arc,18530
0,,,,ui\00_message\common\item_info.gmd,\ui\item_info.arc,item_info.arc,18531
0,,,,ui\00_message\common\item_info.gmd,\ui\item_info.arc,item_info.arc,18532
0,,,,ui\00_message\common\item_info.gmd,\ui\item_info.arc,item_info.arc,18533
0,,,,ui\00_message\common\item_info.gmd,\ui\item_info.arc,item_info.arc,18534
0,,,,ui\00_message\common\item_info.gmd,\ui\item_info.arc,item_info.arc,18535
0,,,,ui\00_message\common\item_info.gmd,\ui\item_info.arc,item_info.arc,18536
0,,,,ui\00_message\common\item_info.gmd,\ui\item_info.arc,item_info.arc,18537
0,,,,ui\00_message\common\item_info.gmd,\ui\item_info.arc,item_info.arc,18538
0,,,,ui\00_message\common\item_info.gmd,\ui\item_info.arc,item_info.arc,18539
0,,,,ui\00_message\common\item_info.gmd,\ui\item_info.arc,item_info.arc,18540
0,,,,ui\00_message\common\item_info.gmd,\ui\item_info.arc,item_info.arc,18541
0,,,,ui\00_message\common\item_info.gmd,\ui\item_info.arc,item_info.arc,18542
0,,,,ui\00_message\common\item_info.gmd,\ui\item_info.arc,item_info.arc,18543
0,,,,ui\00_message\common\item_info.gmd,\ui\item_info.arc,item_info.arc,18544
0,,,,ui\00_message\common\item_info.gmd,\ui\item_info.arc,item_info.arc,18545
0,,,,ui\00_message\common\item_info.gmd,\ui\item_info.arc,item_info.arc,18546
0,,,,ui\00_message\common\item_info.gmd,\ui\item_info.arc,item_info.arc,18547
0,,,,ui\00_message\common\item_info.gmd,\ui\item_info.arc,item_info.arc,18548
0,,,,ui\00_message\common\item_info.gmd,\ui\item_info.arc,item_info.arc,18549
0,,,,ui\00_message\common\item_info.gmd,\ui\item_info.arc,item_info.arc,18550
0,,,,ui\00_message\common\item_info.gmd,\ui\item_info.arc,item_info.arc,18551
0,,,,ui\00_message\common\item_info.gmd,\ui\item_info.arc,item_info.arc,18552
0,,,,ui\00_message\common\item_info.gmd,\ui\item_info.arc,item_info.arc,18553
0,,,,ui\00_message\common\item_info.gmd,\ui\item_info.arc,item_info.arc,18554
0,,,,ui\00_message\common\item_info.gmd,\ui\item_info.arc,item_info.arc,18555
0,,,,ui\00_message\common\item_info.gmd,\ui\item_info.arc,item_info.arc,18556
0,,,,ui\00_message\common\item_info.gmd,\ui\item_info.arc,item_info.arc,18557
0,,,,ui\00_message\common\item_info.gmd,\ui\item_info.arc,item_info.arc,18558
0,,,,ui\00_message\common\item_info.gmd,\ui\item_info.arc,item_info.arc,18559
0,,,,ui\00_message\common\item_info.gmd,\ui\item_info.arc,item_info.arc,18560
0,,,,ui\00_message\common\item_info.gmd,\ui\item_info.arc,item_info.arc,18561
0,,,,ui\00_message\common\item_info.gmd,\ui\item_info.arc,item_info.arc,18562
0,,,,ui\00_message\common\item_info.gmd,\ui\item_info.arc,item_info.arc,18563
0,,,,ui\00_message\common\item_info.gmd,\ui\item_info.arc,item_info.arc,18564
0,,,,ui\00_message\common\item_info.gmd,\ui\item_info.arc,item_info.arc,18565
0,,,,ui\00_message\common\item_info.gmd,\ui\item_info.arc,item_info.arc,18566
0,,,,ui\00_message\common\item_info.gmd,\ui\item_info.arc,item_info.arc,18567
0,,,,ui\00_message\common\item_info.gmd,\ui\item_info.arc,item_info.arc,18568
0,,,,ui\00_message\common\item_info.gmd,\ui\item_info.arc,item_info.arc,18569
0,,,,ui\00_message\common\item_info.gmd,\ui\item_info.arc,item_info.arc,18570
0,,,,ui\00_message\common\item_info.gmd,\ui\item_info.arc,item_info.arc,18571
0,,,,ui\00_message\common\item_info.gmd,\ui\item_info.arc,item_info.arc,18572
0,,,,ui\00_message\common\item_info.gmd,\ui\item_info.arc,item_info.arc,18573
0,,,,ui\00_message\common\item_info.gmd,\ui\item_info.arc,item_info.arc,18574
0,,,,ui\00_message\common\item_info.gmd,\ui\item_info.arc,item_info.arc,18575
0,,,,ui\00_message\common\item_info.gmd,\ui\item_info.arc,item_info.arc,18576
0,,,,ui\00_message\common\item_info.gmd,\ui\item_info.arc,item_info.arc,18577
0,,,,ui\00_message\common\item_info.gmd,\ui\item_info.arc,item_info.arc,18578
0,,,,ui\00_message\common\item_info.gmd,\ui\item_info.arc,item_info.arc,18579
0,,,,ui\00_message\common\item_info.gmd,\ui\item_info.arc,item_info.arc,18580
0,,,,ui\00_message\common\item_info.gmd,\ui\item_info.arc,item_info.arc,18581
0,,,,ui\00_message\common\item_info.gmd,\ui\item_info.arc,item_info.arc,18582
0,,,,ui\00_message\common\item_info.gmd,\ui\item_info.arc,item_info.arc,18583
0,,,,ui\00_message\common\item_info.gmd,\ui\item_info.arc,item_info.arc,18584
0,,,,ui\00_message\common\item_info.gmd,\ui\item_info.arc,item_info.arc,18585
0,,,,ui\00_message\common\item_info.gmd,\ui\item_info.arc,item_info.arc,18586
0,,,,ui\00_message\common\item_info.gmd,\ui\item_info.arc,item_info.arc,18587
0,,,,ui\00_message\common\item_info.gmd,\ui\item_info.arc,item_info.arc,18588
0,,,,ui\00_message\common\item_info.gmd,\ui\item_info.arc,item_info.arc,18589
0,,,,ui\00_message\common\item_info.gmd,\ui\item_info.arc,item_info.arc,18590
0,,,,ui\00_message\common\item_info.gmd,\ui\item_info.arc,item_info.arc,18591
0,,,,ui\00_message\common\item_info.gmd,\ui\item_info.arc,item_info.arc,18592
0,,,,ui\00_message\common\item_info.gmd,\ui\item_info.arc,item_info.arc,18593
0,,,,ui\00_message\common\item_info.gmd,\ui\item_info.arc,item_info.arc,18594
0,,,,ui\00_message\common\item_info.gmd,\ui\item_info.arc,item_info.arc,18595
0,,,,ui\00_message\common\item_info.gmd,\ui\item_info.arc,item_info.arc,18596
0,,,,ui\00_message\common\item_info.gmd,\ui\item_info.arc,item_info.arc,18597
0,,,,ui\00_message\common\item_info.gmd,\ui\item_info.arc,item_info.arc,18598
0,,,,ui\00_message\common\item_info.gmd,\ui\item_info.arc,item_info.arc,18599
0,,,,ui\00_message\common\item_info.gmd,\ui\item_info.arc,item_info.arc,18600
0,,,,ui\00_message\common\item_info.gmd,\ui\item_info.arc,item_info.arc,18601
0,,,,ui\00_message\common\item_info.gmd,\ui\item_info.arc,item_info.arc,18602
0,,,,ui\00_message\common\item_info.gmd,\ui\item_info.arc,item_info.arc,18603
0,,,,ui\00_message\common\item_info.gmd,\ui\item_info.arc,item_info.arc,18604
0,,,,ui\00_message\common\item_info.gmd,\ui\item_info.arc,item_info.arc,18605
0,,,,ui\00_message\common\item_info.gmd,\ui\item_info.arc,item_info.arc,18606
0,,,,ui\00_message\common\item_info.gmd,\ui\item_info.arc,item_info.arc,18607
0,,,,ui\00_message\common\item_info.gmd,\ui\item_info.arc,item_info.arc,18608
0,,,,ui\00_message\common\item_info.gmd,\ui\item_info.arc,item_info.arc,18609
0,,,,ui\00_message\common\item_info.gmd,\ui\item_info.arc,item_info.arc,18610
0,,,,ui\00_message\common\item_info.gmd,\ui\item_info.arc,item_info.arc,18611
0,,,,ui\00_message\common\item_info.gmd,\ui\item_info.arc,item_info.arc,18612
0,,,,ui\00_message\common\item_info.gmd,\ui\item_info.arc,item_info.arc,18613
0,,,,ui\00_message\common\item_info.gmd,\ui\item_info.arc,item_info.arc,18614
0,,,,ui\00_message\common\item_info.gmd,\ui\item_info.arc,item_info.arc,18615
0,,,,ui\00_message\common\item_info.gmd,\ui\item_info.arc,item_info.arc,18616
0,,,,ui\00_message\common\item_info.gmd,\ui\item_info.arc,item_info.arc,18617
0,,,,ui\00_message\common\item_info.gmd,\ui\item_info.arc,item_info.arc,18618
0,,,,ui\00_message\common\item_info.gmd,\ui\item_info.arc,item_info.arc,18619
0,,,,ui\00_message\common\item_info.gmd,\ui\item_info.arc,item_info.arc,18620
0,,,,ui\00_message\common\item_info.gmd,\ui\item_info.arc,item_info.arc,18621
0,,,,ui\00_message\common\item_info.gmd,\ui\item_info.arc,item_info.arc,18622
0,,,,ui\00_message\common\item_info.gmd,\ui\item_info.arc,item_info.arc,18623
0,,,,ui\00_message\common\item_info.gmd,\ui\item_info.arc,item_info.arc,18624
0,,,,ui\00_message\common\item_info.gmd,\ui\item_info.arc,item_info.arc,18625
0,,,,ui\00_message\common\item_info.gmd,\ui\item_info.arc,item_info.arc,18626
0,,,,ui\00_message\common\item_info.gmd,\ui\item_info.arc,item_info.arc,18627
0,,,,ui\00_message\common\item_info.gmd,\ui\item_info.arc,item_info.arc,18628
0,,,,ui\00_message\common\item_info.gmd,\ui\item_info.arc,item_info.arc,18629
0,,,,ui\00_message\common\item_info.gmd,\ui\item_info.arc,item_info.arc,18630
0,,,,ui\00_message\common\item_info.gmd,\ui\item_info.arc,item_info.arc,18631
0,,,,ui\00_message\common\item_info.gmd,\ui\item_info.arc,item_info.arc,18632
0,,,,ui\00_message\common\item_info.gmd,\ui\item_info.arc,item_info.arc,18633
0,,,,ui\00_message\common\item_info.gmd,\ui\item_info.arc,item_info.arc,18634
0,,,,ui\00_message\common\item_info.gmd,\ui\item_info.arc,item_info.arc,18635
0,,,,ui\00_message\common\item_info.gmd,\ui\item_info.arc,item_info.arc,18636
0,,,,ui\00_message\common\item_info.gmd,\ui\item_info.arc,item_info.arc,18637
0,,,,ui\00_message\common\item_info.gmd,\ui\item_info.arc,item_info.arc,18638
0,,,,ui\00_message\common\item_info.gmd,\ui\item_info.arc,item_info.arc,18639
0,,,,ui\00_message\common\item_info.gmd,\ui\item_info.arc,item_info.arc,18640
0,,,,ui\00_message\common\item_info.gmd,\ui\item_info.arc,item_info.arc,18641
0,,,,ui\00_message\common\item_info.gmd,\ui\item_info.arc,item_info.arc,18642
0,,,,ui\00_message\common\item_info.gmd,\ui\item_info.arc,item_info.arc,18643
0,,,,ui\00_message\common\item_info.gmd,\ui\item_info.arc,item_info.arc,18644
0,,,,ui\00_message\common\item_info.gmd,\ui\item_info.arc,item_info.arc,18645
0,,,,ui\00_message\common\item_info.gmd,\ui\item_info.arc,item_info.arc,18646
0,,,,ui\00_message\common\item_info.gmd,\ui\item_info.arc,item_info.arc,18647
0,,,,ui\00_message\common\item_info.gmd,\ui\item_info.arc,item_info.arc,18648
0,,,,ui\00_message\common\item_info.gmd,\ui\item_info.arc,item_info.arc,18649
0,,,,ui\00_message\common\item_info.gmd,\ui\item_info.arc,item_info.arc,18650
0,,,,ui\00_message\common\item_info.gmd,\ui\item_info.arc,item_info.arc,18651
0,,,,ui\00_message\common\item_info.gmd,\ui\item_info.arc,item_info.arc,18652
0,,,,ui\00_message\common\item_info.gmd,\ui\item_info.arc,item_info.arc,18653
0,,,,ui\00_message\common\item_info.gmd,\ui\item_info.arc,item_info.arc,18654
0,,,,ui\00_message\common\item_info.gmd,\ui\item_info.arc,item_info.arc,18655
0,,,,ui\00_message\common\item_info.gmd,\ui\item_info.arc,item_info.arc,18656
0,,,,ui\00_message\common\item_info.gmd,\ui\item_info.arc,item_info.arc,18657
0,,,,ui\00_message\common\item_info.gmd,\ui\item_info.arc,item_info.arc,18658
0,,,,ui\00_message\common\item_info.gmd,\ui\item_info.arc,item_info.arc,18659
0,,,,ui\00_message\common\item_info.gmd,\ui\item_info.arc,item_info.arc,18660
0,,,,ui\00_message\common\item_info.gmd,\ui\item_info.arc,item_info.arc,18661
0,,,,ui\00_message\common\item_info.gmd,\ui\item_info.arc,item_info.arc,18662
0,,,,ui\00_message\common\item_info.gmd,\ui\item_info.arc,item_info.arc,18663
0,,,,ui\00_message\common\item_info.gmd,\ui\item_info.arc,item_info.arc,18664
0,,,,ui\00_message\common\item_info.gmd,\ui\item_info.arc,item_info.arc,18665
0,,,,ui\00_message\common\item_info.gmd,\ui\item_info.arc,item_info.arc,18666
0,,,,ui\00_message\common\item_info.gmd,\ui\item_info.arc,item_info.arc,18667
0,,,,ui\00_message\common\item_info.gmd,\ui\item_info.arc,item_info.arc,18668
0,,,,ui\00_message\common\item_info.gmd,\ui\item_info.arc,item_info.arc,18669
0,,,,ui\00_message\common\item_info.gmd,\ui\item_info.arc,item_info.arc,18670
0,,,,ui\00_message\common\item_info.gmd,\ui\item_info.arc,item_info.arc,18671
0,,,,ui\00_message\common\item_info.gmd,\ui\item_info.arc,item_info.arc,18672
0,,,,ui\00_message\common\item_info.gmd,\ui\item_info.arc,item_info.arc,18673
0,,,,ui\00_message\common\item_info.gmd,\ui\item_info.arc,item_info.arc,18674
0,,,,ui\00_message\common\item_info.gmd,\ui\item_info.arc,item_info.arc,18675
0,,,,ui\00_message\common\item_info.gmd,\ui\item_info.arc,item_info.arc,18676
0,,,,ui\00_message\common\item_info.gmd,\ui\item_info.arc,item_info.arc,18677
0,,,,ui\00_message\common\item_info.gmd,\ui\item_info.arc,item_info.arc,18678
0,,,,ui\00_message\common\item_info.gmd,\ui\item_info.arc,item_info.arc,18679
0,,,,ui\00_message\common\item_info.gmd,\ui\item_info.arc,item_info.arc,18680
0,,,,ui\00_message\common\item_info.gmd,\ui\item_info.arc,item_info.arc,18681
0,,,,ui\00_message\common\item_info.gmd,\ui\item_info.arc,item_info.arc,18682
0,,,,ui\00_message\common\item_info.gmd,\ui\item_info.arc,item_info.arc,18683
0,,,,ui\00_message\common\item_info.gmd,\ui\item_info.arc,item_info.arc,18684
0,,,,ui\00_message\common\item_info.gmd,\ui\item_info.arc,item_info.arc,18685
0,,,,ui\00_message\common\item_info.gmd,\ui\item_info.arc,item_info.arc,18686
0,,,,ui\00_message\common\item_info.gmd,\ui\item_info.arc,item_info.arc,18687
0,,,,ui\00_message\common\item_info.gmd,\ui\item_info.arc,item_info.arc,18688
0,,,,ui\00_message\common\item_info.gmd,\ui\item_info.arc,item_info.arc,18689
0,,,,ui\00_message\common\item_info.gmd,\ui\item_info.arc,item_info.arc,18690
0,,,,ui\00_message\common\item_info.gmd,\ui\item_info.arc,item_info.arc,18691
0,,,,ui\00_message\common\item_info.gmd,\ui\item_info.arc,item_info.arc,18692
0,,,,ui\00_message\common\item_info.gmd,\ui\item_info.arc,item_info.arc,18693
0,,,,ui\00_message\common\item_info.gmd,\ui\item_info.arc,item_info.arc,18694
0,,,,ui\00_message\common\item_info.gmd,\ui\item_info.arc,item_info.arc,18695
0,,,,ui\00_message\common\item_info.gmd,\ui\item_info.arc,item_info.arc,18696
0,,,,ui\00_message\common\item_info.gmd,\ui\item_info.arc,item_info.arc,18697
0,,,,ui\00_message\common\item_info.gmd,\ui\item_info.arc,item_info.arc,18698
0,,,,ui\00_message\common\item_info.gmd,\ui\item_info.arc,item_info.arc,18699
0,,,,ui\00_message\common\item_info.gmd,\ui\item_info.arc,item_info.arc,18700
0,,,,ui\00_message\common\item_info.gmd,\ui\item_info.arc,item_info.arc,18701
0,,,,ui\00_message\common\item_info.gmd,\ui\item_info.arc,item_info.arc,18702
0,,,,ui\00_message\common\item_info.gmd,\ui\item_info.arc,item_info.arc,18703
0,,,,ui\00_message\common\item_info.gmd,\ui\item_info.arc,item_info.arc,18704
0,,,,ui\00_message\common\item_info.gmd,\ui\item_info.arc,item_info.arc,18705
0,,,,ui\00_message\common\item_info.gmd,\ui\item_info.arc,item_info.arc,18706
0,,,,ui\00_message\common\item_info.gmd,\ui\item_info.arc,item_info.arc,18707
0,,,,ui\00_message\common\item_info.gmd,\ui\item_info.arc,item_info.arc,18708
0,,,,ui\00_message\common\item_info.gmd,\ui\item_info.arc,item_info.arc,18709
0,,,,ui\00_message\common\item_info.gmd,\ui\item_info.arc,item_info.arc,18710
0,,,,ui\00_message\common\item_info.gmd,\ui\item_info.arc,item_info.arc,18711
0,,,,ui\00_message\common\item_info.gmd,\ui\item_info.arc,item_info.arc,18712
0,,,,ui\00_message\common\item_info.gmd,\ui\item_info.arc,item_info.arc,18713
0,,,,ui\00_message\common\item_info.gmd,\ui\item_info.arc,item_info.arc,18714
0,,,,ui\00_message\common\item_info.gmd,\ui\item_info.arc,item_info.arc,18715
0,,,,ui\00_message\common\item_info.gmd,\ui\item_info.arc,item_info.arc,18716
0,,,,ui\00_message\common\item_info.gmd,\ui\item_info.arc,item_info.arc,18717
0,,,,ui\00_message\common\item_info.gmd,\ui\item_info.arc,item_info.arc,18718
0,,,,ui\00_message\common\item_info.gmd,\ui\item_info.arc,item_info.arc,18719
0,,,,ui\00_message\common\item_info.gmd,\ui\item_info.arc,item_info.arc,18720
0,,,,ui\00_message\common\item_info.gmd,\ui\item_info.arc,item_info.arc,18721
0,,,,ui\00_message\common\item_info.gmd,\ui\item_info.arc,item_info.arc,18722
0,,,,ui\00_message\common\item_info.gmd,\ui\item_info.arc,item_info.arc,18723
0,,,,ui\00_message\common\item_info.gmd,\ui\item_info.arc,item_info.arc,18724
0,,,,ui\00_message\common\item_info.gmd,\ui\item_info.arc,item_info.arc,18725
0,,,,ui\00_message\common\item_info.gmd,\ui\item_info.arc,item_info.arc,18726
0,,,,ui\00_message\common\item_info.gmd,\ui\item_info.arc,item_info.arc,18727
0,,,,ui\00_message\common\item_info.gmd,\ui\item_info.arc,item_info.arc,18728
0,,,,ui\00_message\common\item_info.gmd,\ui\item_info.arc,item_info.arc,18729
0,,,,ui\00_message\common\item_info.gmd,\ui\item_info.arc,item_info.arc,18730
0,,,,ui\00_message\common\item_info.gmd,\ui\item_info.arc,item_info.arc,18731
0,,,,ui\00_message\common\item_info.gmd,\ui\item_info.arc,item_info.arc,18732
0,,,,ui\00_message\common\item_info.gmd,\ui\item_info.arc,item_info.arc,18733
0,,,,ui\00_message\common\item_info.gmd,\ui\item_info.arc,item_info.arc,18734
0,,,,ui\00_message\common\item_info.gmd,\ui\item_info.arc,item_info.arc,18735
0,,,,ui\00_message\common\item_info.gmd,\ui\item_info.arc,item_info.arc,18736
0,,,,ui\00_message\common\item_info.gmd,\ui\item_info.arc,item_info.arc,18737
0,,,,ui\00_message\common\item_info.gmd,\ui\item_info.arc,item_info.arc,18738
0,,,,ui\00_message\common\item_info.gmd,\ui\item_info.arc,item_info.arc,18739
0,,,,ui\00_message\common\item_info.gmd,\ui\item_info.arc,item_info.arc,18740
0,,,,ui\00_message\common\item_info.gmd,\ui\item_info.arc,item_info.arc,18741
0,,,,ui\00_message\common\item_info.gmd,\ui\item_info.arc,item_info.arc,18742
0,,,,ui\00_message\common\item_info.gmd,\ui\item_info.arc,item_info.arc,18743
0,,,,ui\00_message\common\item_info.gmd,\ui\item_info.arc,item_info.arc,18744
0,,,,ui\00_message\common\item_info.gmd,\ui\item_info.arc,item_info.arc,18745
0,,,,ui\00_message\common\item_info.gmd,\ui\item_info.arc,item_info.arc,18746
0,,,,ui\00_message\common\item_info.gmd,\ui\item_info.arc,item_info.arc,18747
0,,,,ui\00_message\common\item_info.gmd,\ui\item_info.arc,item_info.arc,18748
0,,,,ui\00_message\common\item_info.gmd,\ui\item_info.arc,item_info.arc,18749
0,,,,ui\00_message\common\item_info.gmd,\ui\item_info.arc,item_info.arc,18750
0,,,,ui\00_message\common\item_info.gmd,\ui\item_info.arc,item_info.arc,18751
0,,,,ui\00_message\common\item_info.gmd,\ui\item_info.arc,item_info.arc,18752
0,,,,ui\00_message\common\item_info.gmd,\ui\item_info.arc,item_info.arc,18753
0,,,,ui\00_message\common\item_info.gmd,\ui\item_info.arc,item_info.arc,18754
0,,,,ui\00_message\common\item_info.gmd,\ui\item_info.arc,item_info.arc,18755
0,,,,ui\00_message\common\item_info.gmd,\ui\item_info.arc,item_info.arc,18756
0,,,,ui\00_message\common\item_info.gmd,\ui\item_info.arc,item_info.arc,18757
0,,,,ui\00_message\common\item_info.gmd,\ui\item_info.arc,item_info.arc,18758
0,,,,ui\00_message\common\item_info.gmd,\ui\item_info.arc,item_info.arc,18759
0,,,,ui\00_message\common\item_info.gmd,\ui\item_info.arc,item_info.arc,18760
0,,,,ui\00_message\common\item_info.gmd,\ui\item_info.arc,item_info.arc,18761
0,,,,ui\00_message\common\item_info.gmd,\ui\item_info.arc,item_info.arc,18762
0,,,,ui\00_message\common\item_info.gmd,\ui\item_info.arc,item_info.arc,18763
0,,,,ui\00_message\common\item_info.gmd,\ui\item_info.arc,item_info.arc,18764
0,,,,ui\00_message\common\item_info.gmd,\ui\item_info.arc,item_info.arc,18765
0,,,,ui\00_message\common\item_info.gmd,\ui\item_info.arc,item_info.arc,18766
0,,,,ui\00_message\common\item_info.gmd,\ui\item_info.arc,item_info.arc,18767
0,,,,ui\00_message\common\item_info.gmd,\ui\item_info.arc,item_info.arc,18768
0,,,,ui\00_message\common\item_info.gmd,\ui\item_info.arc,item_info.arc,18769
0,,,,ui\00_message\common\item_info.gmd,\ui\item_info.arc,item_info.arc,18770
0,,,,ui\00_message\common\item_info.gmd,\ui\item_info.arc,item_info.arc,18771
0,,,,ui\00_message\common\item_info.gmd,\ui\item_info.arc,item_info.arc,18772
0,,,,ui\00_message\common\item_info.gmd,\ui\item_info.arc,item_info.arc,18773
0,,,,ui\00_message\common\item_info.gmd,\ui\item_info.arc,item_info.arc,18774
0,,,,ui\00_message\common\item_info.gmd,\ui\item_info.arc,item_info.arc,18775
0,,,,ui\00_message\common\item_info.gmd,\ui\item_info.arc,item_info.arc,18776
0,,,,ui\00_message\common\item_info.gmd,\ui\item_info.arc,item_info.arc,18777
0,,,,ui\00_message\common\item_info.gmd,\ui\item_info.arc,item_info.arc,18778
0,,,,ui\00_message\common\item_info.gmd,\ui\item_info.arc,item_info.arc,18779
0,,,,ui\00_message\common\item_info.gmd,\ui\item_info.arc,item_info.arc,18780
0,,,,ui\00_message\common\item_info.gmd,\ui\item_info.arc,item_info.arc,18781
0,,,,ui\00_message\common\item_info.gmd,\ui\item_info.arc,item_info.arc,18782
0,,,,ui\00_message\common\item_info.gmd,\ui\item_info.arc,item_info.arc,18783
0,,,,ui\00_message\common\item_info.gmd,\ui\item_info.arc,item_info.arc,18784
0,,,,ui\00_message\common\item_info.gmd,\ui\item_info.arc,item_info.arc,18785
0,,,,ui\00_message\common\item_info.gmd,\ui\item_info.arc,item_info.arc,18786
0,,,,ui\00_message\common\item_info.gmd,\ui\item_info.arc,item_info.arc,18787
0,,,,ui\00_message\common\item_info.gmd,\ui\item_info.arc,item_info.arc,18788
0,,,,ui\00_message\common\item_info.gmd,\ui\item_info.arc,item_info.arc,18789
0,,,,ui\00_message\common\item_info.gmd,\ui\item_info.arc,item_info.arc,18790
0,,,,ui\00_message\common\item_info.gmd,\ui\item_info.arc,item_info.arc,18791
0,,,,ui\00_message\common\item_info.gmd,\ui\item_info.arc,item_info.arc,18792
0,,,,ui\00_message\common\item_info.gmd,\ui\item_info.arc,item_info.arc,18793
0,,,,ui\00_message\common\item_info.gmd,\ui\item_info.arc,item_info.arc,18794
0,,,,ui\00_message\common\item_info.gmd,\ui\item_info.arc,item_info.arc,18795
0,,,,ui\00_message\common\item_info.gmd,\ui\item_info.arc,item_info.arc,18796
0,,,,ui\00_message\common\item_info.gmd,\ui\item_info.arc,item_info.arc,18797
0,,,,ui\00_message\common\item_info.gmd,\ui\item_info.arc,item_info.arc,18798
0,,,,ui\00_message\common\item_info.gmd,\ui\item_info.arc,item_info.arc,18799
0,,,,ui\00_message\common\item_info.gmd,\ui\item_info.arc,item_info.arc,18800
0,,,,ui\00_message\common\item_info.gmd,\ui\item_info.arc,item_info.arc,18801
0,,,,ui\00_message\common\item_info.gmd,\ui\item_info.arc,item_info.arc,18802
0,,,,ui\00_message\common\item_info.gmd,\ui\item_info.arc,item_info.arc,18803
0,,,,ui\00_message\common\item_info.gmd,\ui\item_info.arc,item_info.arc,18804
0,,,,ui\00_message\common\item_info.gmd,\ui\item_info.arc,item_info.arc,18805
0,,,,ui\00_message\common\item_info.gmd,\ui\item_info.arc,item_info.arc,18806
0,,,,ui\00_message\common\item_info.gmd,\ui\item_info.arc,item_info.arc,18807
0,,,,ui\00_message\common\item_info.gmd,\ui\item_info.arc,item_info.arc,18808
0,,,,ui\00_message\common\item_info.gmd,\ui\item_info.arc,item_info.arc,18809
0,,,,ui\00_message\common\item_info.gmd,\ui\item_info.arc,item_info.arc,18810
0,,,,ui\00_message\common\item_info.gmd,\ui\item_info.arc,item_info.arc,18811
0,,,,ui\00_message\common\item_info.gmd,\ui\item_info.arc,item_info.arc,18812
0,,,,ui\00_message\common\item_info.gmd,\ui\item_info.arc,item_info.arc,18813
0,,,,ui\00_message\common\item_info.gmd,\ui\item_info.arc,item_info.arc,18814
0,,,,ui\00_message\common\item_info.gmd,\ui\item_info.arc,item_info.arc,18815
0,,,,ui\00_message\common\item_info.gmd,\ui\item_info.arc,item_info.arc,18816
0,,,,ui\00_message\common\item_info.gmd,\ui\item_info.arc,item_info.arc,18817
0,,,,ui\00_message\common\item_info.gmd,\ui\item_info.arc,item_info.arc,18818
0,,,,ui\00_message\common\item_info.gmd,\ui\item_info.arc,item_info.arc,18819
0,,,,ui\00_message\common\item_info.gmd,\ui\item_info.arc,item_info.arc,18820
0,,,,ui\00_message\common\item_info.gmd,\ui\item_info.arc,item_info.arc,18821
0,,,,ui\00_message\common\item_info.gmd,\ui\item_info.arc,item_info.arc,18822
0,,,,ui\00_message\common\item_info.gmd,\ui\item_info.arc,item_info.arc,18823
0,,,,ui\00_message\common\item_info.gmd,\ui\item_info.arc,item_info.arc,18824
0,,,,ui\00_message\common\item_info.gmd,\ui\item_info.arc,item_info.arc,18825
0,,,,ui\00_message\common\item_info.gmd,\ui\item_info.arc,item_info.arc,18826
0,,,,ui\00_message\common\item_info.gmd,\ui\item_info.arc,item_info.arc,18827
0,,,,ui\00_message\common\item_info.gmd,\ui\item_info.arc,item_info.arc,18828
0,,,,ui\00_message\common\item_info.gmd,\ui\item_info.arc,item_info.arc,18829
0,,,,ui\00_message\common\item_info.gmd,\ui\item_info.arc,item_info.arc,18830
0,,,,ui\00_message\common\item_info.gmd,\ui\item_info.arc,item_info.arc,18831
0,,,,ui\00_message\common\item_info.gmd,\ui\item_info.arc,item_info.arc,18832
0,,,,ui\00_message\common\item_info.gmd,\ui\item_info.arc,item_info.arc,18833
0,,,,ui\00_message\common\item_info.gmd,\ui\item_info.arc,item_info.arc,18834
0,,,,ui\00_message\common\item_info.gmd,\ui\item_info.arc,item_info.arc,18835
0,,,,ui\00_message\common\item_info.gmd,\ui\item_info.arc,item_info.arc,18836
0,,,,ui\00_message\common\item_info.gmd,\ui\item_info.arc,item_info.arc,18837
0,,,,ui\00_message\common\item_info.gmd,\ui\item_info.arc,item_info.arc,18838
0,,,,ui\00_message\common\item_info.gmd,\ui\item_info.arc,item_info.arc,18839
0,,,,ui\00_message\common\item_info.gmd,\ui\item_info.arc,item_info.arc,18840
0,,,,ui\00_message\common\item_info.gmd,\ui\item_info.arc,item_info.arc,18841
0,,,,ui\00_message\common\item_info.gmd,\ui\item_info.arc,item_info.arc,18842
0,,,,ui\00_message\common\item_info.gmd,\ui\item_info.arc,item_info.arc,18843
0,,,,ui\00_message\common\item_info.gmd,\ui\item_info.arc,item_info.arc,18844
0,,,,ui\00_message\common\item_info.gmd,\ui\item_info.arc,item_info.arc,18845
0,,,,ui\00_message\common\item_info.gmd,\ui\item_info.arc,item_info.arc,18846
0,,,,ui\00_message\common\item_info.gmd,\ui\item_info.arc,item_info.arc,18847
0,,,,ui\00_message\common\item_info.gmd,\ui\item_info.arc,item_info.arc,18848
0,,,,ui\00_message\common\item_info.gmd,\ui\item_info.arc,item_info.arc,18849
0,,,,ui\00_message\common\item_info.gmd,\ui\item_info.arc,item_info.arc,18850
0,,,,ui\00_message\common\item_info.gmd,\ui\item_info.arc,item_info.arc,18851
0,,,,ui\00_message\common\item_info.gmd,\ui\item_info.arc,item_info.arc,18852
0,,,,ui\00_message\common\item_info.gmd,\ui\item_info.arc,item_info.arc,18853
0,,,,ui\00_message\common\item_info.gmd,\ui\item_info.arc,item_info.arc,18854
0,,,,ui\00_message\common\item_info.gmd,\ui\item_info.arc,item_info.arc,18855
0,,,,ui\00_message\common\item_info.gmd,\ui\item_info.arc,item_info.arc,18856
0,,,,ui\00_message\common\item_info.gmd,\ui\item_info.arc,item_info.arc,18857
0,,,,ui\00_message\common\item_info.gmd,\ui\item_info.arc,item_info.arc,18858
0,,,,ui\00_message\common\item_info.gmd,\ui\item_info.arc,item_info.arc,18859
0,,,,ui\00_message\common\item_info.gmd,\ui\item_info.arc,item_info.arc,18860
0,,,,ui\00_message\common\item_info.gmd,\ui\item_info.arc,item_info.arc,18861
0,,,,ui\00_message\common\item_info.gmd,\ui\item_info.arc,item_info.arc,18862
0,,,,ui\00_message\common\item_info.gmd,\ui\item_info.arc,item_info.arc,18863
0,,,,ui\00_message\common\item_info.gmd,\ui\item_info.arc,item_info.arc,18864
0,,,,ui\00_message\common\item_info.gmd,\ui\item_info.arc,item_info.arc,18865
0,,,,ui\00_message\common\item_info.gmd,\ui\item_info.arc,item_info.arc,18866
0,,,,ui\00_message\common\item_info.gmd,\ui\item_info.arc,item_info.arc,18867
0,,,,ui\00_message\common\item_info.gmd,\ui\item_info.arc,item_info.arc,18868
0,,,,ui\00_message\common\item_info.gmd,\ui\item_info.arc,item_info.arc,18869
0,,,,ui\00_message\common\item_info.gmd,\ui\item_info.arc,item_info.arc,18870
0,,,,ui\00_message\common\item_info.gmd,\ui\item_info.arc,item_info.arc,18871
0,,,,ui\00_message\common\item_info.gmd,\ui\item_info.arc,item_info.arc,18872
0,,,,ui\00_message\common\item_info.gmd,\ui\item_info.arc,item_info.arc,18873
0,,,,ui\00_message\common\item_info.gmd,\ui\item_info.arc,item_info.arc,18874
0,,,,ui\00_message\common\item_info.gmd,\ui\item_info.arc,item_info.arc,18875
0,,,,ui\00_message\common\item_info.gmd,\ui\item_info.arc,item_info.arc,18876
0,,,,ui\00_message\common\item_info.gmd,\ui\item_info.arc,item_info.arc,18877
0,,,,ui\00_message\common\item_info.gmd,\ui\item_info.arc,item_info.arc,18878
0,,,,ui\00_message\common\item_info.gmd,\ui\item_info.arc,item_info.arc,18879
0,,,,ui\00_message\common\item_info.gmd,\ui\item_info.arc,item_info.arc,18880
0,,,,ui\00_message\common\item_info.gmd,\ui\item_info.arc,item_info.arc,18881
0,,,,ui\00_message\common\item_info.gmd,\ui\item_info.arc,item_info.arc,18882
0,,,,ui\00_message\common\item_info.gmd,\ui\item_info.arc,item_info.arc,18883
0,,,,ui\00_message\common\item_info.gmd,\ui\item_info.arc,item_info.arc,18884
0,,,,ui\00_message\common\item_info.gmd,\ui\item_info.arc,item_info.arc,18885
0,,,,ui\00_message\common\item_info.gmd,\ui\item_info.arc,item_info.arc,18886
0,,,,ui\00_message\common\item_info.gmd,\ui\item_info.arc,item_info.arc,18887
0,,,,ui\00_message\common\item_info.gmd,\ui\item_info.arc,item_info.arc,18888
0,,,,ui\00_message\common\item_info.gmd,\ui\item_info.arc,item_info.arc,18889
0,,,,ui\00_message\common\item_info.gmd,\ui\item_info.arc,item_info.arc,18890
0,,,,ui\00_message\common\item_info.gmd,\ui\item_info.arc,item_info.arc,18891
0,,,,ui\00_message\common\item_info.gmd,\ui\item_info.arc,item_info.arc,18892
0,,,,ui\00_message\common\item_info.gmd,\ui\item_info.arc,item_info.arc,18893
0,,,,ui\00_message\common\item_info.gmd,\ui\item_info.arc,item_info.arc,18894
0,,,,ui\00_message\common\item_info.gmd,\ui\item_info.arc,item_info.arc,18895
0,,,,ui\00_message\common\item_info.gmd,\ui\item_info.arc,item_info.arc,18896
0,,,,ui\00_message\common\item_info.gmd,\ui\item_info.arc,item_info.arc,18897
0,,,,ui\00_message\common\item_info.gmd,\ui\item_info.arc,item_info.arc,18898
0,,,,ui\00_message\common\item_info.gmd,\ui\item_info.arc,item_info.arc,18899
0,,,,ui\00_message\common\item_info.gmd,\ui\item_info.arc,item_info.arc,18900
0,,,,ui\00_message\common\item_info.gmd,\ui\item_info.arc,item_info.arc,18901
0,,,,ui\00_message\common\item_info.gmd,\ui\item_info.arc,item_info.arc,18902
0,,,,ui\00_message\common\item_info.gmd,\ui\item_info.arc,item_info.arc,18903
0,,,,ui\00_message\common\item_info.gmd,\ui\item_info.arc,item_info.arc,18904
0,,,,ui\00_message\common\item_info.gmd,\ui\item_info.arc,item_info.arc,18905
0,,,,ui\00_message\common\item_info.gmd,\ui\item_info.arc,item_info.arc,18906
0,,,,ui\00_message\common\item_info.gmd,\ui\item_info.arc,item_info.arc,18907
0,,,,ui\00_message\common\item_info.gmd,\ui\item_info.arc,item_info.arc,18908
0,,,,ui\00_message\common\item_info.gmd,\ui\item_info.arc,item_info.arc,18909
0,,,,ui\00_message\common\item_info.gmd,\ui\item_info.arc,item_info.arc,18910
0,,,,ui\00_message\common\item_info.gmd,\ui\item_info.arc,item_info.arc,18911
0,,,,ui\00_message\common\item_info.gmd,\ui\item_info.arc,item_info.arc,18912
0,,,,ui\00_message\common\item_info.gmd,\ui\item_info.arc,item_info.arc,18913
0,,,,ui\00_message\common\item_info.gmd,\ui\item_info.arc,item_info.arc,18914
0,,,,ui\00_message\common\item_info.gmd,\ui\item_info.arc,item_info.arc,18915
0,,,,ui\00_message\common\item_info.gmd,\ui\item_info.arc,item_info.arc,18916
0,,,,ui\00_message\common\item_info.gmd,\ui\item_info.arc,item_info.arc,18917
0,,,,ui\00_message\common\item_info.gmd,\ui\item_info.arc,item_info.arc,18918
0,,,,ui\00_message\common\item_info.gmd,\ui\item_info.arc,item_info.arc,18919
0,,,,ui\00_message\common\item_info.gmd,\ui\item_info.arc,item_info.arc,18920
0,,,,ui\00_message\common\item_info.gmd,\ui\item_info.arc,item_info.arc,18921
0,,,,ui\00_message\common\item_info.gmd,\ui\item_info.arc,item_info.arc,18922
0,,,,ui\00_message\common\item_info.gmd,\ui\item_info.arc,item_info.arc,18923
0,,,,ui\00_message\common\item_info.gmd,\ui\item_info.arc,item_info.arc,18924
0,,,,ui\00_message\common\item_info.gmd,\ui\item_info.arc,item_info.arc,18925
0,,,,ui\00_message\common\item_info.gmd,\ui\item_info.arc,item_info.arc,18926
0,,,,ui\00_message\common\item_info.gmd,\ui\item_info.arc,item_info.arc,18927
0,,,,ui\00_message\common\item_info.gmd,\ui\item_info.arc,item_info.arc,18928
0,,,,ui\00_message\common\item_info.gmd,\ui\item_info.arc,item_info.arc,18929
0,,,,ui\00_message\common\item_info.gmd,\ui\item_info.arc,item_info.arc,18930
0,,,,ui\00_message\common\item_info.gmd,\ui\item_info.arc,item_info.arc,18931
0,,,,ui\00_message\common\item_info.gmd,\ui\item_info.arc,item_info.arc,18932
0,,,,ui\00_message\common\item_info.gmd,\ui\item_info.arc,item_info.arc,18933
0,,,,ui\00_message\common\item_info.gmd,\ui\item_info.arc,item_info.arc,18934
0,,,,ui\00_message\common\item_info.gmd,\ui\item_info.arc,item_info.arc,18935
0,,,,ui\00_message\common\item_info.gmd,\ui\item_info.arc,item_info.arc,18936
0,,,,ui\00_message\common\item_info.gmd,\ui\item_info.arc,item_info.arc,18937
0,,,,ui\00_message\common\item_info.gmd,\ui\item_info.arc,item_info.arc,18938
0,,,,ui\00_message\common\item_info.gmd,\ui\item_info.arc,item_info.arc,18939
0,,,,ui\00_message\common\item_info.gmd,\ui\item_info.arc,item_info.arc,18940
0,,,,ui\00_message\common\item_info.gmd,\ui\item_info.arc,item_info.arc,18941
0,,,,ui\00_message\common\item_info.gmd,\ui\item_info.arc,item_info.arc,18942
0,,,,ui\00_message\common\item_info.gmd,\ui\item_info.arc,item_info.arc,18943
0,,,,ui\00_message\common\item_info.gmd,\ui\item_info.arc,item_info.arc,18944
0,,,,ui\00_message\common\item_info.gmd,\ui\item_info.arc,item_info.arc,18945
0,,,,ui\00_message\common\item_info.gmd,\ui\item_info.arc,item_info.arc,18946
0,,,,ui\00_message\common\item_info.gmd,\ui\item_info.arc,item_info.arc,18947
0,,,,ui\00_message\common\item_info.gmd,\ui\item_info.arc,item_info.arc,18948
0,,,,ui\00_message\common\item_info.gmd,\ui\item_info.arc,item_info.arc,18949
0,,,,ui\00_message\common\item_info.gmd,\ui\item_info.arc,item_info.arc,18950
0,,,,ui\00_message\common\item_info.gmd,\ui\item_info.arc,item_info.arc,18951
0,,,,ui\00_message\common\item_info.gmd,\ui\item_info.arc,item_info.arc,18952
0,,,,ui\00_message\common\item_info.gmd,\ui\item_info.arc,item_info.arc,18953
0,,,,ui\00_message\common\item_info.gmd,\ui\item_info.arc,item_info.arc,18954
0,,,,ui\00_message\common\item_info.gmd,\ui\item_info.arc,item_info.arc,18955
0,,,,ui\00_message\common\item_info.gmd,\ui\item_info.arc,item_info.arc,18956
0,,,,ui\00_message\common\item_info.gmd,\ui\item_info.arc,item_info.arc,18957
0,,,,ui\00_message\common\item_info.gmd,\ui\item_info.arc,item_info.arc,18958
0,,,,ui\00_message\common\item_info.gmd,\ui\item_info.arc,item_info.arc,18959
0,,,,ui\00_message\common\item_info.gmd,\ui\item_info.arc,item_info.arc,18960
0,,,,ui\00_message\common\item_info.gmd,\ui\item_info.arc,item_info.arc,18961
0,,,,ui\00_message\common\item_info.gmd,\ui\item_info.arc,item_info.arc,18962
0,,,,ui\00_message\common\item_info.gmd,\ui\item_info.arc,item_info.arc,18963
0,,,,ui\00_message\common\item_info.gmd,\ui\item_info.arc,item_info.arc,18964
0,,,,ui\00_message\common\item_info.gmd,\ui\item_info.arc,item_info.arc,18965
0,,,,ui\00_message\common\item_info.gmd,\ui\item_info.arc,item_info.arc,18966
0,,,,ui\00_message\common\item_info.gmd,\ui\item_info.arc,item_info.arc,18967
0,,,,ui\00_message\common\item_info.gmd,\ui\item_info.arc,item_info.arc,18968
0,,,,ui\00_message\common\item_info.gmd,\ui\item_info.arc,item_info.arc,18969
0,,,,ui\00_message\common\item_info.gmd,\ui\item_info.arc,item_info.arc,18970
0,,,,ui\00_message\common\item_info.gmd,\ui\item_info.arc,item_info.arc,18971
0,,,,ui\00_message\common\item_info.gmd,\ui\item_info.arc,item_info.arc,18972
0,,,,ui\00_message\common\item_info.gmd,\ui\item_info.arc,item_info.arc,18973
0,,,,ui\00_message\common\item_info.gmd,\ui\item_info.arc,item_info.arc,18974
0,,,,ui\00_message\common\item_info.gmd,\ui\item_info.arc,item_info.arc,18975
0,,,,ui\00_message\common\item_info.gmd,\ui\item_info.arc,item_info.arc,18976
0,,,,ui\00_message\common\item_info.gmd,\ui\item_info.arc,item_info.arc,18977
0,,,,ui\00_message\common\item_info.gmd,\ui\item_info.arc,item_info.arc,18978
0,,,,ui\00_message\common\item_info.gmd,\ui\item_info.arc,item_info.arc,18979
0,,,,ui\00_message\common\item_info.gmd,\ui\item_info.arc,item_info.arc,18980
0,,,,ui\00_message\common\item_info.gmd,\ui\item_info.arc,item_info.arc,18981
0,,,,ui\00_message\common\item_info.gmd,\ui\item_info.arc,item_info.arc,18982
0,,,,ui\00_message\common\item_info.gmd,\ui\item_info.arc,item_info.arc,18983
0,,,,ui\00_message\common\item_info.gmd,\ui\item_info.arc,item_info.arc,18984
0,,,,ui\00_message\common\item_info.gmd,\ui\item_info.arc,item_info.arc,18985
0,,,,ui\00_message\common\item_info.gmd,\ui\item_info.arc,item_info.arc,18986
0,,,,ui\00_message\common\item_info.gmd,\ui\item_info.arc,item_info.arc,18987
0,,,,ui\00_message\common\item_info.gmd,\ui\item_info.arc,item_info.arc,18988
0,,,,ui\00_message\common\item_info.gmd,\ui\item_info.arc,item_info.arc,18989
0,,,,ui\00_message\common\item_info.gmd,\ui\item_info.arc,item_info.arc,18990
0,,,,ui\00_message\common\item_info.gmd,\ui\item_info.arc,item_info.arc,18991
0,,,,ui\00_message\common\item_info.gmd,\ui\item_info.arc,item_info.arc,18992
0,,,,ui\00_message\common\item_info.gmd,\ui\item_info.arc,item_info.arc,18993
0,,,,ui\00_message\common\item_info.gmd,\ui\item_info.arc,item_info.arc,18994
0,,,,ui\00_message\common\item_info.gmd,\ui\item_info.arc,item_info.arc,18995
0,,,,ui\00_message\common\item_info.gmd,\ui\item_info.arc,item_info.arc,18996
0,,,,ui\00_message\common\item_info.gmd,\ui\item_info.arc,item_info.arc,18997
0,,,,ui\00_message\common\item_info.gmd,\ui\item_info.arc,item_info.arc,18998
0,,,,ui\00_message\common\item_info.gmd,\ui\item_info.arc,item_info.arc,18999
0,,,,ui\00_message\common\item_info.gmd,\ui\item_info.arc,item_info.arc,19000
0,,,,ui\00_message\common\item_info.gmd,\ui\item_info.arc,item_info.arc,19001
0,,,,ui\00_message\common\item_info.gmd,\ui\item_info.arc,item_info.arc,19002
0,,,,ui\00_message\common\item_info.gmd,\ui\item_info.arc,item_info.arc,19003
0,,,,ui\00_message\common\item_info.gmd,\ui\item_info.arc,item_info.arc,19004
0,,,,ui\00_message\common\item_info.gmd,\ui\item_info.arc,item_info.arc,19005
0,,,,ui\00_message\common\item_info.gmd,\ui\item_info.arc,item_info.arc,19006
0,,,,ui\00_message\common\item_info.gmd,\ui\item_info.arc,item_info.arc,19007
0,,,,ui\00_message\common\item_info.gmd,\ui\item_info.arc,item_info.arc,19008
0,,,,ui\00_message\common\item_info.gmd,\ui\item_info.arc,item_info.arc,19009
0,,,,ui\00_message\common\item_info.gmd,\ui\item_info.arc,item_info.arc,19010
0,,,,ui\00_message\common\item_info.gmd,\ui\item_info.arc,item_info.arc,19011
0,,,,ui\00_message\common\item_info.gmd,\ui\item_info.arc,item_info.arc,19012
0,,,,ui\00_message\common\item_info.gmd,\ui\item_info.arc,item_info.arc,19013
0,,,,ui\00_message\common\item_info.gmd,\ui\item_info.arc,item_info.arc,19014
0,,,,ui\00_message\common\item_info.gmd,\ui\item_info.arc,item_info.arc,19015
0,,,,ui\00_message\common\item_info.gmd,\ui\item_info.arc,item_info.arc,19016
0,,,,ui\00_message\common\item_info.gmd,\ui\item_info.arc,item_info.arc,19017
0,,,,ui\00_message\common\item_info.gmd,\ui\item_info.arc,item_info.arc,19018
0,,,,ui\00_message\common\item_info.gmd,\ui\item_info.arc,item_info.arc,19019
0,,,,ui\00_message\common\item_info.gmd,\ui\item_info.arc,item_info.arc,19020
0,,,,ui\00_message\common\item_info.gmd,\ui\item_info.arc,item_info.arc,19021
0,,,,ui\00_message\common\item_info.gmd,\ui\item_info.arc,item_info.arc,19022
0,,,,ui\00_message\common\item_info.gmd,\ui\item_info.arc,item_info.arc,19023
0,,,,ui\00_message\common\item_info.gmd,\ui\item_info.arc,item_info.arc,19024
0,,,,ui\00_message\common\item_info.gmd,\ui\item_info.arc,item_info.arc,19025
0,,,,ui\00_message\common\item_info.gmd,\ui\item_info.arc,item_info.arc,19026
0,,,,ui\00_message\common\item_info.gmd,\ui\item_info.arc,item_info.arc,19027
0,,,,ui\00_message\common\item_info.gmd,\ui\item_info.arc,item_info.arc,19028
0,,,,ui\00_message\common\item_info.gmd,\ui\item_info.arc,item_info.arc,19029
0,,,,ui\00_message\common\item_info.gmd,\ui\item_info.arc,item_info.arc,19030
0,,,,ui\00_message\common\item_info.gmd,\ui\item_info.arc,item_info.arc,19031
0,,,,ui\00_message\common\item_info.gmd,\ui\item_info.arc,item_info.arc,19032
0,,,,ui\00_message\common\item_info.gmd,\ui\item_info.arc,item_info.arc,19033
0,,,,ui\00_message\common\item_info.gmd,\ui\item_info.arc,item_info.arc,19034
0,,,,ui\00_message\common\item_info.gmd,\ui\item_info.arc,item_info.arc,19035
0,,,,ui\00_message\common\item_info.gmd,\ui\item_info.arc,item_info.arc,19036
0,,,,ui\00_message\common\item_info.gmd,\ui\item_info.arc,item_info.arc,19037
0,,,,ui\00_message\common\item_info.gmd,\ui\item_info.arc,item_info.arc,19038
0,,,,ui\00_message\common\item_info.gmd,\ui\item_info.arc,item_info.arc,19039
0,,,,ui\00_message\common\item_info.gmd,\ui\item_info.arc,item_info.arc,19040
0,,,,ui\00_message\common\item_info.gmd,\ui\item_info.arc,item_info.arc,19041
0,,,,ui\00_message\common\item_info.gmd,\ui\item_info.arc,item_info.arc,19042
0,,,,ui\00_message\common\item_info.gmd,\ui\item_info.arc,item_info.arc,19043
0,,,,ui\00_message\common\item_info.gmd,\ui\item_info.arc,item_info.arc,19044
0,,,,ui\00_message\common\item_info.gmd,\ui\item_info.arc,item_info.arc,19045
0,,,,ui\00_message\common\item_info.gmd,\ui\item_info.arc,item_info.arc,19046
0,,,,ui\00_message\common\item_info.gmd,\ui\item_info.arc,item_info.arc,19047
0,,,,ui\00_message\common\item_info.gmd,\ui\item_info.arc,item_info.arc,19048
0,,,,ui\00_message\common\item_info.gmd,\ui\item_info.arc,item_info.arc,19049
0,,,,ui\00_message\common\item_info.gmd,\ui\item_info.arc,item_info.arc,19050
0,,,,ui\00_message\common\item_info.gmd,\ui\item_info.arc,item_info.arc,19051
0,,,,ui\00_message\common\item_info.gmd,\ui\item_info.arc,item_info.arc,19052
0,,,,ui\00_message\common\item_info.gmd,\ui\item_info.arc,item_info.arc,19053
0,,,,ui\00_message\common\item_info.gmd,\ui\item_info.arc,item_info.arc,19054
0,,,,ui\00_message\common\item_info.gmd,\ui\item_info.arc,item_info.arc,19055
0,,,,ui\00_message\common\item_info.gmd,\ui\item_info.arc,item_info.arc,19056
0,,,,ui\00_message\common\item_info.gmd,\ui\item_info.arc,item_info.arc,19057
0,,,,ui\00_message\common\item_info.gmd,\ui\item_info.arc,item_info.arc,19058
0,,,,ui\00_message\common\item_info.gmd,\ui\item_info.arc,item_info.arc,19059
0,,,,ui\00_message\common\item_info.gmd,\ui\item_info.arc,item_info.arc,19060
0,,,,ui\00_message\common\item_info.gmd,\ui\item_info.arc,item_info.arc,19061
0,,,,ui\00_message\common\item_info.gmd,\ui\item_info.arc,item_info.arc,19062
0,,,,ui\00_message\common\item_info.gmd,\ui\item_info.arc,item_info.arc,19063
0,,,,ui\00_message\common\item_info.gmd,\ui\item_info.arc,item_info.arc,19064
0,,,,ui\00_message\common\item_info.gmd,\ui\item_info.arc,item_info.arc,19065
0,,,,ui\00_message\common\item_info.gmd,\ui\item_info.arc,item_info.arc,19066
0,,,,ui\00_message\common\item_info.gmd,\ui\item_info.arc,item_info.arc,19067
0,,,,ui\00_message\common\item_info.gmd,\ui\item_info.arc,item_info.arc,19068
0,,,,ui\00_message\common\item_info.gmd,\ui\item_info.arc,item_info.arc,19069
0,,,,ui\00_message\common\item_info.gmd,\ui\item_info.arc,item_info.arc,19070
0,,,,ui\00_message\common\item_info.gmd,\ui\item_info.arc,item_info.arc,19071
0,,,,ui\00_message\common\item_info.gmd,\ui\item_info.arc,item_info.arc,19072
0,,,,ui\00_message\common\item_info.gmd,\ui\item_info.arc,item_info.arc,19073
0,,,,ui\00_message\common\item_info.gmd,\ui\item_info.arc,item_info.arc,19074
0,,,,ui\00_message\common\item_info.gmd,\ui\item_info.arc,item_info.arc,19075
0,,,,ui\00_message\common\item_info.gmd,\ui\item_info.arc,item_info.arc,19076
0,,,,ui\00_message\common\item_info.gmd,\ui\item_info.arc,item_info.arc,19077
0,,,,ui\00_message\common\item_info.gmd,\ui\item_info.arc,item_info.arc,19078
0,,,,ui\00_message\common\item_info.gmd,\ui\item_info.arc,item_info.arc,19079
0,,,,ui\00_message\common\item_info.gmd,\ui\item_info.arc,item_info.arc,19080
0,,,,ui\00_message\common\item_info.gmd,\ui\item_info.arc,item_info.arc,19081
0,,,,ui\00_message\common\item_info.gmd,\ui\item_info.arc,item_info.arc,19082
0,,,,ui\00_message\common\item_info.gmd,\ui\item_info.arc,item_info.arc,19083
0,,,,ui\00_message\common\item_info.gmd,\ui\item_info.arc,item_info.arc,19084
0,,,,ui\00_message\common\item_info.gmd,\ui\item_info.arc,item_info.arc,19085
0,,,,ui\00_message\common\item_info.gmd,\ui\item_info.arc,item_info.arc,19086
0,,,,ui\00_message\common\item_info.gmd,\ui\item_info.arc,item_info.arc,19087
0,,,,ui\00_message\common\item_info.gmd,\ui\item_info.arc,item_info.arc,19088
0,,,,ui\00_message\common\item_info.gmd,\ui\item_info.arc,item_info.arc,19089
0,,,,ui\00_message\common\item_info.gmd,\ui\item_info.arc,item_info.arc,19090
0,,,,ui\00_message\common\item_info.gmd,\ui\item_info.arc,item_info.arc,19091
0,,,,ui\00_message\common\item_info.gmd,\ui\item_info.arc,item_info.arc,19092
0,,,,ui\00_message\common\item_info.gmd,\ui\item_info.arc,item_info.arc,19093
0,,,,ui\00_message\common\item_info.gmd,\ui\item_info.arc,item_info.arc,19094
0,,,,ui\00_message\common\item_info.gmd,\ui\item_info.arc,item_info.arc,19095
0,,,,ui\00_message\common\item_info.gmd,\ui\item_info.arc,item_info.arc,19096
0,,,,ui\00_message\common\item_info.gmd,\ui\item_info.arc,item_info.arc,19097
0,,,,ui\00_message\common\item_info.gmd,\ui\item_info.arc,item_info.arc,19098
0,,,,ui\00_message\common\item_info.gmd,\ui\item_info.arc,item_info.arc,19099
0,,,,ui\00_message\common\item_info.gmd,\ui\item_info.arc,item_info.arc,19100
0,,,,ui\00_message\common\item_info.gmd,\ui\item_info.arc,item_info.arc,19101
0,,,,ui\00_message\common\item_info.gmd,\ui\item_info.arc,item_info.arc,19102
0,,,,ui\00_message\common\item_info.gmd,\ui\item_info.arc,item_info.arc,19103
0,,,,ui\00_message\common\item_info.gmd,\ui\item_info.arc,item_info.arc,19104
0,,,,ui\00_message\common\item_info.gmd,\ui\item_info.arc,item_info.arc,19105
0,,,,ui\00_message\common\item_info.gmd,\ui\item_info.arc,item_info.arc,19106
0,,,,ui\00_message\common\item_info.gmd,\ui\item_info.arc,item_info.arc,19107
0,,,,ui\00_message\common\item_info.gmd,\ui\item_info.arc,item_info.arc,19108
0,,,,ui\00_message\common\item_info.gmd,\ui\item_info.arc,item_info.arc,19109
0,,,,ui\00_message\common\item_info.gmd,\ui\item_info.arc,item_info.arc,19110
0,,,,ui\00_message\common\item_info.gmd,\ui\item_info.arc,item_info.arc,19111
0,,,,ui\00_message\common\item_info.gmd,\ui\item_info.arc,item_info.arc,19112
0,,,,ui\00_message\common\item_info.gmd,\ui\item_info.arc,item_info.arc,19113
0,,,,ui\00_message\common\item_info.gmd,\ui\item_info.arc,item_info.arc,19114
0,,,,ui\00_message\common\item_info.gmd,\ui\item_info.arc,item_info.arc,19115
0,,,,ui\00_message\common\item_info.gmd,\ui\item_info.arc,item_info.arc,19116
0,,,,ui\00_message\common\item_info.gmd,\ui\item_info.arc,item_info.arc,19117
0,,,,ui\00_message\common\item_info.gmd,\ui\item_info.arc,item_info.arc,19118
0,,,,ui\00_message\common\item_info.gmd,\ui\item_info.arc,item_info.arc,19119
0,,,,ui\00_message\common\item_info.gmd,\ui\item_info.arc,item_info.arc,19120
0,,,,ui\00_message\common\item_info.gmd,\ui\item_info.arc,item_info.arc,19121
0,,,,ui\00_message\common\item_info.gmd,\ui\item_info.arc,item_info.arc,19122
0,,,,ui\00_message\common\item_info.gmd,\ui\item_info.arc,item_info.arc,19123
0,,,,ui\00_message\common\item_info.gmd,\ui\item_info.arc,item_info.arc,19124
0,,,,ui\00_message\common\item_info.gmd,\ui\item_info.arc,item_info.arc,19125
0,,,,ui\00_message\common\item_info.gmd,\ui\item_info.arc,item_info.arc,19126
0,,,,ui\00_message\common\item_info.gmd,\ui\item_info.arc,item_info.arc,19127
0,,,,ui\00_message\common\item_info.gmd,\ui\item_info.arc,item_info.arc,19128
0,,,,ui\00_message\common\item_info.gmd,\ui\item_info.arc,item_info.arc,19129
0,,,,ui\00_message\common\item_info.gmd,\ui\item_info.arc,item_info.arc,19130
0,,,,ui\00_message\common\item_info.gmd,\ui\item_info.arc,item_info.arc,19131
0,,,,ui\00_message\common\item_info.gmd,\ui\item_info.arc,item_info.arc,19132
0,,,,ui\00_message\common\item_info.gmd,\ui\item_info.arc,item_info.arc,19133
0,,,,ui\00_message\common\item_info.gmd,\ui\item_info.arc,item_info.arc,19134
0,,,,ui\00_message\common\item_info.gmd,\ui\item_info.arc,item_info.arc,19135
0,,,,ui\00_message\common\item_info.gmd,\ui\item_info.arc,item_info.arc,19136
0,,,,ui\00_message\common\item_info.gmd,\ui\item_info.arc,item_info.arc,19137
0,,,,ui\00_message\common\item_info.gmd,\ui\item_info.arc,item_info.arc,19138
0,,,,ui\00_message\common\item_info.gmd,\ui\item_info.arc,item_info.arc,19139
0,,,,ui\00_message\common\item_info.gmd,\ui\item_info.arc,item_info.arc,19140
0,,,,ui\00_message\common\item_info.gmd,\ui\item_info.arc,item_info.arc,19141
0,,,,ui\00_message\common\item_info.gmd,\ui\item_info.arc,item_info.arc,19142
0,,,,ui\00_message\common\item_info.gmd,\ui\item_info.arc,item_info.arc,19143
0,,,,ui\00_message\common\item_info.gmd,\ui\item_info.arc,item_info.arc,19144
0,,,,ui\00_message\common\item_info.gmd,\ui\item_info.arc,item_info.arc,19145
0,,,,ui\00_message\common\item_info.gmd,\ui\item_info.arc,item_info.arc,19146
0,,,,ui\00_message\common\item_info.gmd,\ui\item_info.arc,item_info.arc,19147
0,,,,ui\00_message\common\item_info.gmd,\ui\item_info.arc,item_info.arc,19148
0,,,,ui\00_message\common\item_info.gmd,\ui\item_info.arc,item_info.arc,19149
0,,,,ui\00_message\common\item_info.gmd,\ui\item_info.arc,item_info.arc,19150
0,,,,ui\00_message\common\item_info.gmd,\ui\item_info.arc,item_info.arc,19151
0,,,,ui\00_message\common\item_info.gmd,\ui\item_info.arc,item_info.arc,19152
0,,,,ui\00_message\common\item_info.gmd,\ui\item_info.arc,item_info.arc,19153
0,,,,ui\00_message\common\item_info.gmd,\ui\item_info.arc,item_info.arc,19154
0,,,,ui\00_message\common\item_info.gmd,\ui\item_info.arc,item_info.arc,19155
0,,,,ui\00_message\common\item_info.gmd,\ui\item_info.arc,item_info.arc,19156
0,,,,ui\00_message\common\item_info.gmd,\ui\item_info.arc,item_info.arc,19157
0,,,,ui\00_message\common\item_info.gmd,\ui\item_info.arc,item_info.arc,19158
0,,,,ui\00_message\common\item_info.gmd,\ui\item_info.arc,item_info.arc,19159
0,,,,ui\00_message\common\item_info.gmd,\ui\item_info.arc,item_info.arc,19160
0,,,,ui\00_message\common\item_info.gmd,\ui\item_info.arc,item_info.arc,19161
0,,,,ui\00_message\common\item_info.gmd,\ui\item_info.arc,item_info.arc,19162
0,,,,ui\00_message\common\item_info.gmd,\ui\item_info.arc,item_info.arc,19163
0,,,,ui\00_message\common\item_info.gmd,\ui\item_info.arc,item_info.arc,19164
0,,,,ui\00_message\common\item_info.gmd,\ui\item_info.arc,item_info.arc,19165
0,,,,ui\00_message\common\item_info.gmd,\ui\item_info.arc,item_info.arc,19166
0,,,,ui\00_message\common\item_info.gmd,\ui\item_info.arc,item_info.arc,19167
0,,,,ui\00_message\common\item_info.gmd,\ui\item_info.arc,item_info.arc,19168
0,,,,ui\00_message\common\item_info.gmd,\ui\item_info.arc,item_info.arc,19169
0,,,,ui\00_message\common\item_info.gmd,\ui\item_info.arc,item_info.arc,19170
0,,,,ui\00_message\common\item_info.gmd,\ui\item_info.arc,item_info.arc,19171
0,,,,ui\00_message\common\item_info.gmd,\ui\item_info.arc,item_info.arc,19172
0,,,,ui\00_message\common\item_info.gmd,\ui\item_info.arc,item_info.arc,19173
0,,,,ui\00_message\common\item_info.gmd,\ui\item_info.arc,item_info.arc,19174
0,,,,ui\00_message\common\item_info.gmd,\ui\item_info.arc,item_info.arc,19175
0,,,,ui\00_message\common\item_info.gmd,\ui\item_info.arc,item_info.arc,19176
0,,,,ui\00_message\common\item_info.gmd,\ui\item_info.arc,item_info.arc,19177
0,,,,ui\00_message\common\item_info.gmd,\ui\item_info.arc,item_info.arc,19178
0,,,,ui\00_message\common\item_info.gmd,\ui\item_info.arc,item_info.arc,19179
0,,,,ui\00_message\common\item_info.gmd,\ui\item_info.arc,item_info.arc,19180
0,,,,ui\00_message\common\item_info.gmd,\ui\item_info.arc,item_info.arc,19181
0,,,,ui\00_message\common\item_info.gmd,\ui\item_info.arc,item_info.arc,19182
0,,,,ui\00_message\common\item_info.gmd,\ui\item_info.arc,item_info.arc,19183
0,,,,ui\00_message\common\item_info.gmd,\ui\item_info.arc,item_info.arc,19184
0,,,,ui\00_message\common\item_info.gmd,\ui\item_info.arc,item_info.arc,19185
0,,,,ui\00_message\common\item_info.gmd,\ui\item_info.arc,item_info.arc,19186
0,,,,ui\00_message\common\item_info.gmd,\ui\item_info.arc,item_info.arc,19187
0,,,,ui\00_message\common\item_info.gmd,\ui\item_info.arc,item_info.arc,19188
0,,,,ui\00_message\common\item_info.gmd,\ui\item_info.arc,item_info.arc,19189
0,,,,ui\00_message\common\item_info.gmd,\ui\item_info.arc,item_info.arc,19190
0,,,,ui\00_message\common\item_info.gmd,\ui\item_info.arc,item_info.arc,19191
0,,,,ui\00_message\common\item_info.gmd,\ui\item_info.arc,item_info.arc,19192
0,,,,ui\00_message\common\item_info.gmd,\ui\item_info.arc,item_info.arc,19193
0,,,,ui\00_message\common\item_info.gmd,\ui\item_info.arc,item_info.arc,19194
0,,,,ui\00_message\common\item_info.gmd,\ui\item_info.arc,item_info.arc,19195
0,,,,ui\00_message\common\item_info.gmd,\ui\item_info.arc,item_info.arc,19196
0,,,,ui\00_message\common\item_info.gmd,\ui\item_info.arc,item_info.arc,19197
0,,,,ui\00_message\common\item_info.gmd,\ui\item_info.arc,item_info.arc,19198
0,,,,ui\00_message\common\item_info.gmd,\ui\item_info.arc,item_info.arc,19199
0,,,,ui\00_message\common\item_info.gmd,\ui\item_info.arc,item_info.arc,19200
0,,,,ui\00_message\common\item_info.gmd,\ui\item_info.arc,item_info.arc,19201
0,,,,ui\00_message\common\item_info.gmd,\ui\item_info.arc,item_info.arc,19202
0,,,,ui\00_message\common\item_info.gmd,\ui\item_info.arc,item_info.arc,19203
0,,,,ui\00_message\common\item_info.gmd,\ui\item_info.arc,item_info.arc,19204
0,,,,ui\00_message\common\item_info.gmd,\ui\item_info.arc,item_info.arc,19205
0,,,,ui\00_message\common\item_info.gmd,\ui\item_info.arc,item_info.arc,19206
0,,,,ui\00_message\common\item_info.gmd,\ui\item_info.arc,item_info.arc,19207
0,,,,ui\00_message\common\item_info.gmd,\ui\item_info.arc,item_info.arc,19208
0,,,,ui\00_message\common\item_info.gmd,\ui\item_info.arc,item_info.arc,19209
0,,,,ui\00_message\common\item_info.gmd,\ui\item_info.arc,item_info.arc,19210
0,,,,ui\00_message\common\item_info.gmd,\ui\item_info.arc,item_info.arc,19211
0,,,,ui\00_message\common\item_info.gmd,\ui\item_info.arc,item_info.arc,19212
0,,,,ui\00_message\common\item_info.gmd,\ui\item_info.arc,item_info.arc,19213
0,,,,ui\00_message\common\item_info.gmd,\ui\item_info.arc,item_info.arc,19214
0,,,,ui\00_message\common\item_info.gmd,\ui\item_info.arc,item_info.arc,19215
0,,,,ui\00_message\common\item_info.gmd,\ui\item_info.arc,item_info.arc,19216
0,,,,ui\00_message\common\item_info.gmd,\ui\item_info.arc,item_info.arc,19217
0,,,,ui\00_message\common\item_info.gmd,\ui\item_info.arc,item_info.arc,19218
0,,,,ui\00_message\common\item_info.gmd,\ui\item_info.arc,item_info.arc,19219
0,,,,ui\00_message\common\item_info.gmd,\ui\item_info.arc,item_info.arc,19220
0,,,,ui\00_message\common\item_info.gmd,\ui\item_info.arc,item_info.arc,19221
0,,,,ui\00_message\common\item_info.gmd,\ui\item_info.arc,item_info.arc,19222
0,,,,ui\00_message\common\item_info.gmd,\ui\item_info.arc,item_info.arc,19223
0,,,,ui\00_message\common\item_info.gmd,\ui\item_info.arc,item_info.arc,19224
0,,,,ui\00_message\common\item_info.gmd,\ui\item_info.arc,item_info.arc,19225
0,,,,ui\00_message\common\item_info.gmd,\ui\item_info.arc,item_info.arc,19226
0,,,,ui\00_message\common\item_info.gmd,\ui\item_info.arc,item_info.arc,19227
0,,,,ui\00_message\common\item_info.gmd,\ui\item_info.arc,item_info.arc,19228
0,,,,ui\00_message\common\item_info.gmd,\ui\item_info.arc,item_info.arc,19229
0,,,,ui\00_message\common\item_info.gmd,\ui\item_info.arc,item_info.arc,19230
0,,,,ui\00_message\common\item_info.gmd,\ui\item_info.arc,item_info.arc,19231
0,,,,ui\00_message\common\item_info.gmd,\ui\item_info.arc,item_info.arc,19232
0,,,,ui\00_message\common\item_info.gmd,\ui\item_info.arc,item_info.arc,19233
0,,,,ui\00_message\common\item_info.gmd,\ui\item_info.arc,item_info.arc,19234
0,,,,ui\00_message\common\item_info.gmd,\ui\item_info.arc,item_info.arc,19235
0,,,,ui\00_message\common\item_info.gmd,\ui\item_info.arc,item_info.arc,19236
0,,,,ui\00_message\common\item_info.gmd,\ui\item_info.arc,item_info.arc,19237
0,,,,ui\00_message\common\item_info.gmd,\ui\item_info.arc,item_info.arc,19238
0,,,,ui\00_message\common\item_info.gmd,\ui\item_info.arc,item_info.arc,19239
0,,,,ui\00_message\common\item_info.gmd,\ui\item_info.arc,item_info.arc,19240
0,,,,ui\00_message\common\item_info.gmd,\ui\item_info.arc,item_info.arc,19241
0,,,,ui\00_message\common\item_info.gmd,\ui\item_info.arc,item_info.arc,19242
0,,,,ui\00_message\common\item_info.gmd,\ui\item_info.arc,item_info.arc,19243
0,,,,ui\00_message\common\item_info.gmd,\ui\item_info.arc,item_info.arc,19244
0,,,,ui\00_message\common\item_info.gmd,\ui\item_info.arc,item_info.arc,19245
0,,,,ui\00_message\common\item_info.gmd,\ui\item_info.arc,item_info.arc,19246
0,,,,ui\00_message\common\item_info.gmd,\ui\item_info.arc,item_info.arc,19247
0,,,,ui\00_message\common\item_info.gmd,\ui\item_info.arc,item_info.arc,19248
0,,,,ui\00_message\common\item_info.gmd,\ui\item_info.arc,item_info.arc,19249
0,,,,ui\00_message\common\item_info.gmd,\ui\item_info.arc,item_info.arc,19250
0,,,,ui\00_message\common\item_info.gmd,\ui\item_info.arc,item_info.arc,19251
0,,,,ui\00_message\common\item_info.gmd,\ui\item_info.arc,item_info.arc,19252
0,,,,ui\00_message\common\item_info.gmd,\ui\item_info.arc,item_info.arc,19253
0,,,,ui\00_message\common\item_info.gmd,\ui\item_info.arc,item_info.arc,19254
0,,,,ui\00_message\common\item_info.gmd,\ui\item_info.arc,item_info.arc,19255
0,,,,ui\00_message\common\item_info.gmd,\ui\item_info.arc,item_info.arc,19256
0,,,,ui\00_message\common\item_info.gmd,\ui\item_info.arc,item_info.arc,19257
0,,,,ui\00_message\common\item_info.gmd,\ui\item_info.arc,item_info.arc,19258
0,,,,ui\00_message\common\item_info.gmd,\ui\item_info.arc,item_info.arc,19259
0,,,,ui\00_message\common\item_info.gmd,\ui\item_info.arc,item_info.arc,19260
0,,,,ui\00_message\common\item_info.gmd,\ui\item_info.arc,item_info.arc,19261
0,,,,ui\00_message\common\item_info.gmd,\ui\item_info.arc,item_info.arc,19262
0,,,,ui\00_message\common\item_info.gmd,\ui\item_info.arc,item_info.arc,19263
0,,,,ui\00_message\common\item_info.gmd,\ui\item_info.arc,item_info.arc,19264
0,,,,ui\00_message\common\item_info.gmd,\ui\item_info.arc,item_info.arc,19265
0,,,,ui\00_message\common\item_info.gmd,\ui\item_info.arc,item_info.arc,19266
0,,,,ui\00_message\common\item_info.gmd,\ui\item_info.arc,item_info.arc,19267
0,,,,ui\00_message\common\item_info.gmd,\ui\item_info.arc,item_info.arc,19268
0,,,,ui\00_message\common\item_info.gmd,\ui\item_info.arc,item_info.arc,19269
0,,,,ui\00_message\common\item_info.gmd,\ui\item_info.arc,item_info.arc,19270
0,,,,ui\00_message\common\item_info.gmd,\ui\item_info.arc,item_info.arc,19271
0,,,,ui\00_message\common\item_info.gmd,\ui\item_info.arc,item_info.arc,19272
0,,,,ui\00_message\common\item_info.gmd,\ui\item_info.arc,item_info.arc,19273
0,,,,ui\00_message\common\item_info.gmd,\ui\item_info.arc,item_info.arc,19274
0,,,,ui\00_message\common\item_info.gmd,\ui\item_info.arc,item_info.arc,19275
0,,,,ui\00_message\common\item_info.gmd,\ui\item_info.arc,item_info.arc,19276
0,,,,ui\00_message\common\item_info.gmd,\ui\item_info.arc,item_info.arc,19277
0,,,,ui\00_message\common\item_info.gmd,\ui\item_info.arc,item_info.arc,19278
0,,,,ui\00_message\common\item_info.gmd,\ui\item_info.arc,item_info.arc,19279
0,,,,ui\00_message\common\item_info.gmd,\ui\item_info.arc,item_info.arc,19280
0,,,,ui\00_message\common\item_info.gmd,\ui\item_info.arc,item_info.arc,19281
0,,,,ui\00_message\common\item_info.gmd,\ui\item_info.arc,item_info.arc,19282
0,,,,ui\00_message\common\item_info.gmd,\ui\item_info.arc,item_info.arc,19283
0,,,,ui\00_message\common\item_info.gmd,\ui\item_info.arc,item_info.arc,19284
0,,,,ui\00_message\common\item_info.gmd,\ui\item_info.arc,item_info.arc,19285
0,,,,ui\00_message\common\item_info.gmd,\ui\item_info.arc,item_info.arc,19286
0,,,,ui\00_message\common\item_info.gmd,\ui\item_info.arc,item_info.arc,19287
0,,,,ui\00_message\common\item_info.gmd,\ui\item_info.arc,item_info.arc,19288
0,,,,ui\00_message\common\item_info.gmd,\ui\item_info.arc,item_info.arc,19289
0,,,,ui\00_message\common\item_info.gmd,\ui\item_info.arc,item_info.arc,19290
0,,,,ui\00_message\common\item_info.gmd,\ui\item_info.arc,item_info.arc,19291
0,,,,ui\00_message\common\item_info.gmd,\ui\item_info.arc,item_info.arc,19292
0,,,,ui\00_message\common\item_info.gmd,\ui\item_info.arc,item_info.arc,19293
0,,,,ui\00_message\common\item_info.gmd,\ui\item_info.arc,item_info.arc,19294
0,,,,ui\00_message\common\item_info.gmd,\ui\item_info.arc,item_info.arc,19295
0,,,,ui\00_message\common\item_info.gmd,\ui\item_info.arc,item_info.arc,19296
0,,,,ui\00_message\common\item_info.gmd,\ui\item_info.arc,item_info.arc,19297
0,,,,ui\00_message\common\item_info.gmd,\ui\item_info.arc,item_info.arc,19298
0,,,,ui\00_message\common\item_info.gmd,\ui\item_info.arc,item_info.arc,19299
0,,,,ui\00_message\common\item_info.gmd,\ui\item_info.arc,item_info.arc,19300
0,,,,ui\00_message\common\item_info.gmd,\ui\item_info.arc,item_info.arc,19301
0,,,,ui\00_message\common\item_info.gmd,\ui\item_info.arc,item_info.arc,19302
0,,,,ui\00_message\common\item_info.gmd,\ui\item_info.arc,item_info.arc,19303
0,,,,ui\00_message\common\item_info.gmd,\ui\item_info.arc,item_info.arc,19304
0,,,,ui\00_message\common\item_info.gmd,\ui\item_info.arc,item_info.arc,19305
0,,,,ui\00_message\common\item_info.gmd,\ui\item_info.arc,item_info.arc,19306
0,,,,ui\00_message\common\item_info.gmd,\ui\item_info.arc,item_info.arc,19307
0,,,,ui\00_message\common\item_info.gmd,\ui\item_info.arc,item_info.arc,19308
0,,,,ui\00_message\common\item_info.gmd,\ui\item_info.arc,item_info.arc,19309
0,,,,ui\00_message\common\item_info.gmd,\ui\item_info.arc,item_info.arc,19310
0,,,,ui\00_message\common\item_info.gmd,\ui\item_info.arc,item_info.arc,19311
0,,,,ui\00_message\common\item_info.gmd,\ui\item_info.arc,item_info.arc,19312
0,,,,ui\00_message\common\item_info.gmd,\ui\item_info.arc,item_info.arc,19313
0,,,,ui\00_message\common\item_info.gmd,\ui\item_info.arc,item_info.arc,19314
0,,,,ui\00_message\common\item_info.gmd,\ui\item_info.arc,item_info.arc,19315
0,,,,ui\00_message\common\item_info.gmd,\ui\item_info.arc,item_info.arc,19316
0,,,,ui\00_message\common\item_info.gmd,\ui\item_info.arc,item_info.arc,19317
0,,,,ui\00_message\common\item_info.gmd,\ui\item_info.arc,item_info.arc,19318
0,,,,ui\00_message\common\item_info.gmd,\ui\item_info.arc,item_info.arc,19319
0,,,,ui\00_message\common\item_info.gmd,\ui\item_info.arc,item_info.arc,19320
0,,,,ui\00_message\common\item_info.gmd,\ui\item_info.arc,item_info.arc,19321
0,,,,ui\00_message\common\item_info.gmd,\ui\item_info.arc,item_info.arc,19322
0,,,,ui\00_message\common\item_info.gmd,\ui\item_info.arc,item_info.arc,19323
0,,,,ui\00_message\common\item_info.gmd,\ui\item_info.arc,item_info.arc,19324
0,,,,ui\00_message\common\item_info.gmd,\ui\item_info.arc,item_info.arc,19325
0,,,,ui\00_message\common\item_info.gmd,\ui\item_info.arc,item_info.arc,19326
0,,,,ui\00_message\common\item_info.gmd,\ui\item_info.arc,item_info.arc,19327
0,,,,ui\00_message\common\item_info.gmd,\ui\item_info.arc,item_info.arc,19328
0,,,,ui\00_message\common\item_info.gmd,\ui\item_info.arc,item_info.arc,19329
0,,,,ui\00_message\common\item_info.gmd,\ui\item_info.arc,item_info.arc,19330
0,,,,ui\00_message\common\item_info.gmd,\ui\item_info.arc,item_info.arc,19331
0,,,,ui\00_message\common\item_info.gmd,\ui\item_info.arc,item_info.arc,19332
0,,,,ui\00_message\common\item_info.gmd,\ui\item_info.arc,item_info.arc,19333
0,,,,ui\00_message\common\item_info.gmd,\ui\item_info.arc,item_info.arc,19334
0,,,,ui\00_message\common\item_info.gmd,\ui\item_info.arc,item_info.arc,19335
0,,,,ui\00_message\common\item_info.gmd,\ui\item_info.arc,item_info.arc,19336
0,,,,ui\00_message\common\item_info.gmd,\ui\item_info.arc,item_info.arc,19337
0,,,,ui\00_message\common\item_info.gmd,\ui\item_info.arc,item_info.arc,19338
0,,,,ui\00_message\common\item_info.gmd,\ui\item_info.arc,item_info.arc,19339
0,,,,ui\00_message\common\item_info.gmd,\ui\item_info.arc,item_info.arc,19340
0,,,,ui\00_message\common\item_info.gmd,\ui\item_info.arc,item_info.arc,19341
0,,,,ui\00_message\common\item_info.gmd,\ui\item_info.arc,item_info.arc,19342
0,,,,ui\00_message\common\item_info.gmd,\ui\item_info.arc,item_info.arc,19343
0,,,,ui\00_message\common\item_info.gmd,\ui\item_info.arc,item_info.arc,19344
0,,,,ui\00_message\common\item_info.gmd,\ui\item_info.arc,item_info.arc,19345
0,,,,ui\00_message\common\item_info.gmd,\ui\item_info.arc,item_info.arc,19346
0,,,,ui\00_message\common\item_info.gmd,\ui\item_info.arc,item_info.arc,19347
0,,,,ui\00_message\common\item_info.gmd,\ui\item_info.arc,item_info.arc,19348
0,,,,ui\00_message\common\item_info.gmd,\ui\item_info.arc,item_info.arc,19349
0,,,,ui\00_message\common\item_info.gmd,\ui\item_info.arc,item_info.arc,19350
0,,,,ui\00_message\common\item_info.gmd,\ui\item_info.arc,item_info.arc,19351
0,,,,ui\00_message\common\item_info.gmd,\ui\item_info.arc,item_info.arc,19352
0,,,,ui\00_message\common\item_info.gmd,\ui\item_info.arc,item_info.arc,19353
0,,,,ui\00_message\common\item_info.gmd,\ui\item_info.arc,item_info.arc,19354
0,,,,ui\00_message\common\item_info.gmd,\ui\item_info.arc,item_info.arc,19355
0,,,,ui\00_message\common\item_info.gmd,\ui\item_info.arc,item_info.arc,19356
0,,,,ui\00_message\common\item_info.gmd,\ui\item_info.arc,item_info.arc,19357
0,,,,ui\00_message\common\item_info.gmd,\ui\item_info.arc,item_info.arc,19358
0,,,,ui\00_message\common\item_info.gmd,\ui\item_info.arc,item_info.arc,19359
0,,,,ui\00_message\common\item_info.gmd,\ui\item_info.arc,item_info.arc,19360
0,,,,ui\00_message\common\item_info.gmd,\ui\item_info.arc,item_info.arc,19361
0,,,,ui\00_message\common\item_info.gmd,\ui\item_info.arc,item_info.arc,19362
0,,,,ui\00_message\common\item_info.gmd,\ui\item_info.arc,item_info.arc,19363
0,,,,ui\00_message\common\item_info.gmd,\ui\item_info.arc,item_info.arc,19364
0,,,,ui\00_message\common\item_info.gmd,\ui\item_info.arc,item_info.arc,19365
0,,,,ui\00_message\common\item_info.gmd,\ui\item_info.arc,item_info.arc,19366
0,,,,ui\00_message\common\item_info.gmd,\ui\item_info.arc,item_info.arc,19367
0,,,,ui\00_message\common\item_info.gmd,\ui\item_info.arc,item_info.arc,19368
0,,,,ui\00_message\common\item_info.gmd,\ui\item_info.arc,item_info.arc,19369
0,,,,ui\00_message\common\item_info.gmd,\ui\item_info.arc,item_info.arc,19370