#Index,Key,MsgJp,MsgEn,GmdPath,ArcPath,ArcName,ReadIndex
0,,,,ui\00_message\common\item_info.gmd,\ui\item_info.arc,item_info.arc,14371
0,,,,ui\00_message\common\item_info.gmd,\ui\item_info.arc,item_info.arc,14372
0,,,,ui\00_message\common\item_info.gmd,\ui\item_info.arc,item_info.arc,14373
0,,,,ui\00_message\common\item_info.gmd,\ui\item_info.arc,item_info.arc,14374
0,,,,ui\00_message\common\item_info.gmd,\ui\item_info.arc,item_info.arc,14375
0,,,,ui\00_message\common\item_info.gmd,\ui\item_info.arc,item_info.arc,14376
0,,,,ui\00_message\common\item_info.gmd,\ui\item_info.arc,item_info.arc,14377
0,,,,ui\00_message\common\item_info.gmd,\ui\item_info.arc,item_info.arc,14378
0,,,,ui\00_message\common\item_info.gmd,\ui\item_info.arc,item_info.arc,14379
0,,,,ui\00_message\common\item_info.gmd,\ui\item_info.arc,item_info.arc,14380
0,,,,ui\00_message\common\item_info.gmd,\ui\item_info.arc,item_info.arc,14381
0,,,,ui\00_message\common\item_info.gmd,\ui\item_info.arc,item_info.arc,14382
0,,,,ui\00_message\common\item_info.gmd,\ui\item_info.arc,item_info.arc,14383
0,,,,ui\00_message\common\item_info.gmd,\ui\item_info.arc,item_info.arc,14384
0,,,,ui\00_message\common\item_info.gmd,\ui\item_info.arc,item_info.arc,14385
0,,,,ui\00_message\common\item_info.gmd,\ui\item_info.arc,item_info.arc,14386
0,,,,ui\00_message\common\item_info.gmd,\ui\item_info.arc,item_info.arc,14387
0,,,,ui\00_message\common\item_info.gmd,\ui\item_info.arc,item_info.arc,14388
0,,,,ui\00_message\common\item_info.gmd,\ui\item_info.arc,item_info.arc,14389
0,,,,ui\00_message\common\item_info.gmd,\ui\item_info.arc,item_info.arc,14390
0,,,,ui\00_message\common\item_info.gmd,\ui\item_info.arc,item_info.arc,14391
0,,,,ui\00_message\common\item_info.gmd,\ui\item_info.arc,item_info.arc,14392
0,,,,ui\00_message\common\item_info.gmd,\ui\item_info.arc,item_info.arc,14393
0,,,,ui\00_message\common\item_info.gmd,\ui\item_info.arc,item_info.arc,14394
0,,,,ui\00_message\common\item_info.gmd,\ui\item_info.arc,item_info.arc,14395
0,,,,ui\00_message\common\item_info.gmd,\ui\item_info.arc,item_info.arc,14396
0,,,,ui\00_message\common\item_info.gmd,\ui\item_info.arc,item_info.arc,14397
0,,,,ui\00_message\common\item_info.gmd,\ui\item_info.arc,item_info.arc,14398
0,,,,ui\00_message\common\item_info.gmd,\ui\item_info.arc,item_info.arc,14399
0,,,,ui\00_message\common\item_info.gmd,\ui\item_info.arc,item_info.arc,14400
0,,,,ui\00_message\common\item_info.gmd,\ui\item_info.arc,item_info.arc,14401
0,,,,ui\00_message\common\item_info.gmd,\ui\item_info.arc,item_info.arc,14402
0,,,,ui\00_message\common\item_info.gmd,\ui\item_info.arc,item_info.arc,14403
0,,,,ui\00_message\common\item_info.gmd,\ui\item_info.arc,item_info.arc,14404
0,,,,ui\00_message\common\item_info.gmd,\ui\item_info.arc,item_info.arc,14405
0,,,,ui\00_message\common\item_info.gmd,\ui\item_info.arc,item_info.arc,14406
0,,,,ui\00_message\common\item_info.gmd,\ui\item_info.arc,item_info.arc,14407
0,,,,ui\00_message\common\item_info.gmd,\ui\item_info.arc,item_info.arc,14408
0,,,,ui\00_message\common\item_info.gmd,\ui\item_info.arc,item_info.arc,14409
0,,,,ui\00_message\common\item_info.gmd,\ui\item_info.arc,item_info.arc,14410
0,,,,ui\00_message\common\item_info.gmd,\ui\item_info.arc,item_info.arc,14411
0,,,,ui\00_message\common\item_info.gmd,\ui\item_info.arc,item_info.arc,14412
0,,,,ui\00_message\common\item_info.gmd,\ui\item_info.arc,item_info.arc,14413
0,,,,ui\00_message\common\item_info.gmd,\ui\item_info.arc,item_info.arc,14414
0,,,,ui\00_message\common\item_info.gmd,\ui\item_info.arc,item_info.arc,14415
0,,,,ui\00_message\common\item_info.gmd,\ui\item_info.arc,item_info.arc,14416
0,,,,ui\00_message\common\item_info.gmd,\ui\item_info.arc,item_info.arc,14417
0,,,,ui\00_message\common\item_info.gmd,\ui\item_info.arc,item_info.arc,14418
0,,,,ui\00_message\common\item_info.gmd,\ui\item_info.arc,item_info.arc,14419
0,,,,ui\00_message\common\item_info.gmd,\ui\item_info.arc,item_info.arc,14420
0,,,,ui\00_message\common\item_info.gmd,\ui\item_info.arc,item_info.arc,14421
0,,,,ui\00_message\common\item_info.gmd,\ui\item_info.arc,item_info.arc,14422
0,,,,ui\00_message\common\item_info.gmd,\ui\item_info.arc,item_info.arc,14423
0,,,,ui\00_message\common\item_info.gmd,\ui\item_info.arc,item_info.arc,14424
0,,,,ui\00_message\common\item_info.gmd,\ui\item_info.arc,item_info.arc,14425
0,,,,ui\00_message\common\item_info.gmd,\ui\item_info.arc,item_info.arc,14426
0,,,,ui\00_message\common\item_info.gmd,\ui\item_info.arc,item_info.arc,14427
0,,,,ui\00_message\common\item_info.gmd,\ui\item_info.arc,item_info.arc,14428
0,,,,ui\00_message\common\item_info.gmd,\ui\item_info.arc,item_info.arc,14429
0,,,,ui\00_message\common\item_info.gmd,\ui\item_info.arc,item_info.arc,14430
0,,,,ui\00_message\common\item_info.gmd,\ui\item_info.arc,item_info.arc,14431
0,,,,ui\00_message\common\item_info.gmd,\ui\item_info.arc,item_info.arc,14432
0,,,,ui\00_message\common\item_info.gmd,\ui\item_info.arc,item_info.arc,14433
0,,,,ui\00_message\common\item_info.gmd,\ui\item_info.arc,item_info.arc,14434
0,,,,ui\00_message\common\item_info.gmd,\ui\item_info.arc,item_info.arc,14435
0,,,,ui\00_message\common\item_info.gmd,\ui\item_info.arc,item_info.arc,14436
0,,,,ui\00_message\common\item_info.gmd,\ui\item_info.arc,item_info.arc,14437
0,,,,ui\00_message\common\item_info.gmd,\ui\item_info.arc,item_info.arc,14438
0,,,,ui\00_message\common\item_info.gmd,\ui\item_info.arc,item_info.arc,14439
0,,,,ui\00_message\common\item_info.gmd,\ui\item_info.arc,item_info.arc,14440
0,,,,ui\00_message\common\item_info.gmd,\ui\item_info.arc,item_info.arc,14441
0,,,,ui\00_message\common\item_info.gmd,\ui\item_info.arc,item_info.arc,14442
0,,,,ui\00_message\common\item_info.gmd,\ui\item_info.arc,item_info.arc,14443
0,,,,ui\00_message\common\item_info.gmd,\ui\item_info.arc,item_info.arc,14444
0,,,,ui\00_message\common\item_info.gmd,\ui\item_info.arc,item_info.arc,14445
0,,,,ui\00_message\common\item_info.gmd,\ui\item_info.arc,item_info.arc,14446
0,,,,ui\00_message\common\item_info.gmd,\ui\item_info.arc,item_info.arc,14447
0,,,,ui\00_message\common\item_info.gmd,\ui\item_info.arc,item_info.arc,14448
0,,,,ui\00_message\common\item_info.gmd,\ui\item_info.arc,item_info.arc,14449
0,,,,ui\00_message\common\item_info.gmd,\ui\item_info.arc,item_info.arc,14450
0,,,,ui\00_message\common\item_info.gmd,\ui\item_info.arc,item_info.arc,14451
0,,,,ui\00_message\common\item_info.gmd,\ui\item_info.arc,item_info.arc,14452
0,,,,ui\00_message\common\item_info.gmd,\ui\item_info.arc,item_info.arc,14453
0,,,,ui\00_message\common\item_info.gmd,\ui\item_info.arc,item_info.arc,14454
0,,,,ui\00_message\common\item_info.gmd,\ui\item_info.arc,item_info.arc,14455
0,,,,ui\00_message\common\item_info.gmd,\ui\item_info.arc,item_info.arc,14456
0,,,,ui\00_message\common\item_info.gmd,\ui\item_info.arc,item_info.arc,14457
0,,,,ui\00_message\common\item_info.gmd,\ui\item_info.arc,item_info.arc,14458
0,,,,ui\00_message\common\item_info.gmd,\ui\item_info.arc,item_info.arc,14459
0,,,,ui\00_message\common\item_info.gmd,\ui\item_info.arc,item_info.arc,14460
0,,,,ui\00_message\common\item_info.gmd,\ui\item_info.arc,item_info.arc,14461
0,,,,ui\00_message\common\item_info.gmd,\ui\item_info.arc,item_info.arc,14462
0,,,,ui\00_message\common\item_info.gmd,\ui\item_info.arc,item_info.arc,14463
0,,,,ui\00_message\common\item_info.gmd,\ui\item_info.arc,item_info.arc,14464
0,,,,ui\00_message\common\item_info.gmd,\ui\item_info.arc,item_info.arc,14465
0,,,,ui\00_message\common\item_info.gmd,\ui\item_info.arc,item_info.arc,14466
0,,,,ui\00_message\common\item_info.gmd,\ui\item_info.arc,item_info.arc,14467
0,,,,ui\00_message\common\item_info.gmd,\ui\item_info.arc,item_info.arc,14468
0,,,,ui\00_message\common\item_info.gmd,\ui\item_info.arc,item_info.arc,14469
0,,,,ui\00_message\common\item_info.gmd,\ui\item_info.arc,item_info.arc,14470
0,,,,ui\00_message\common\item_info.gmd,\ui\item_info.arc,item_info.arc,14471
0,,,,ui\00_message\common\item_info.gmd,\ui\item_info.arc,item_info.arc,14472
0,,,,ui\00_message\common\item_info.gmd,\ui\item_info.arc,item_info.arc,14473
0,,,,ui\00_message\common\item_info.gmd,\ui\item_info.arc,item_info.arc,14474
0,,,,ui\00_message\common\item_info.gmd,\ui\item_info.arc,item_info.arc,14475
0,,,,ui\00_message\common\item_info.gmd,\ui\item_info.arc,item_info.arc,14476
0,,,,ui\00_message\common\item_info.gmd,\ui\item_info.arc,item_info.arc,14477
0,,,,ui\00_message\common\item_info.gmd,\ui\item_info.arc,item_info.arc,14478
0,,,,ui\00_message\common\item_info.gmd,\ui\item_info.arc,item_info.arc,14479
0,,,,ui\00_message\common\item_info.gmd,\ui\item_info.arc,item_info.arc,14480
0,,,,ui\00_message\common\item_info.gmd,\ui\item_info.arc,item_info.arc,14481
0,,,,ui\00_message\common\item_info.gmd,\ui\item_info.arc,item_info.arc,14482
0,,,,ui\00_message\common\item_info.gmd,\ui\item_info.arc,item_info.arc,14483
0,,,,ui\00_message\common\item_info.gmd,\ui\item_info.arc,item_info.arc,14484
0,,,,ui\00_message\common\item_info.gmd,\ui\item_info.arc,item_info.arc,14485
0,,,,ui\00_message\common\item_info.gmd,\ui\item_info.arc,item_info.arc,14486
0,,,,ui\00_message\common\item_info.gmd,\ui\item_info.arc,item_info.arc,14487
0,,,,ui\00_message\common\item_info.gmd,\ui\item_info.arc,item_info.arc,14488
0,,,,ui\00_message\common\item_info.gmd,\ui\item_info.arc,item_info.arc,14489
0,,,,ui\00_message\common\item_info.gmd,\ui\item_info.arc,item_info.arc,14490
0,,,,ui\00_message\common\item_info.gmd,\ui\item_info.arc,item_info.arc,14491
0,,,,ui\00_message\common\item_info.gmd,\ui\item_info.arc,item_info.arc,14492
0,,,,ui\00_message\common\item_info.gmd,\ui\item_info.arc,item_info.arc,14493
0,,,,ui\00_message\common\item_info.gmd,\ui\item_info.arc,item_info.arc,14494
0,,,,ui\00_message\common\item_info.gmd,\ui\item_info.arc,item_info.arc,14495
0,,,,ui\00_message\common\item_info.gmd,\ui\item_info.arc,item_info.arc,14496
0,,,,ui\00_message\common\item_info.gmd,\ui\item_info.arc,item_info.arc,14497
0,,,,ui\00_message\common\item_info.gmd,\ui\item_info.arc,item_info.arc,14498
0,,,,ui\00_message\common\item_info.gmd,\ui\item_info.arc,item_info.arc,14499
0,,,,ui\00_message\common\item_info.gmd,\ui\item_info.arc,item_info.arc,14500
0,,,,ui\00_message\common\item_info.gmd,\ui\item_info.arc,item_info.arc,14501
0,,,,ui\00_message\common\item_info.gmd,\ui\item_info.arc,item_info.arc,14502
0,,,,ui\00_message\common\item_info.gmd,\ui\item_info.arc,item_info.arc,14503
0,,,,ui\00_message\common\item_info.gmd,\ui\item_info.arc,item_info.arc,14504
0,,,,ui\00_message\common\item_info.gmd,\ui\item_info.arc,item_info.arc,14505
0,,,,ui\00_message\common\item_info.gmd,\ui\item_info.arc,item_info.arc,14506
0,,,,ui\00_message\common\item_info.gmd,\ui\item_info.arc,item_info.arc,14507
0,,,,ui\00_message\common\item_info.gmd,\ui\item_info.arc,item_info.arc,14508
0,,,,ui\00_message\common\item_info.gmd,\ui\item_info.arc,item_info.arc,14509
0,,,,ui\00_message\common\item_info.gmd,\ui\item_info.arc,item_info.arc,14510
0,,,,ui\00_message\common\item_info.gmd,\ui\item_info.arc,item_info.arc,14511
0,,,,ui\00_message\common\item_info.gmd,\ui\item_info.arc,item_info.arc,14512
0,,,,ui\00_message\common\item_info.gmd,\ui\item_info.arc,item_info.arc,14513
0,,,,ui\00_message\common\item_info.gmd,\ui\item_info.arc,item_info.arc,14514
0,,,,ui\00_message\common\item_info.gmd,\ui\item_info.arc,item_info.arc,14515
0,,,,ui\00_message\common\item_info.gmd,\ui\item_info.arc,item_info.arc,14516
0,,,,ui\00_message\common\item_info.gmd,\ui\item_info.arc,item_info.arc,14517
0,,,,ui\00_message\common\item_info.gmd,\ui\item_info.arc,item_info.arc,14518
0,,,,ui\00_message\common\item_info.gmd,\ui\item_info.arc,item_info.arc,14519
0,,,,ui\00_message\common\item_info.gmd,\ui\item_info.arc,item_info.arc,14520
0,,,,ui\00_message\common\item_info.gmd,\ui\item_info.arc,item_info.arc,14521
0,,,,ui\00_message\common\item_info.gmd,\ui\item_info.arc,item_info.arc,14522
0,,,,ui\00_message\common\item_info.gmd,\ui\item_info.arc,item_info.arc,14523
0,,,,ui\00_message\common\item_info.gmd,\ui\item_info.arc,item_info.arc,14524
0,,,,ui\00_message\common\item_info.gmd,\ui\item_info.arc,item_info.arc,14525
0,,,,ui\00_message\common\item_info.gmd,\ui\item_info.arc,item_info.arc,14526
0,,,,ui\00_message\common\item_info.gmd,\ui\item_info.arc,item_info.arc,14527
0,,,,ui\00_message\common\item_info.gmd,\ui\item_info.arc,item_info.arc,14528
0,,,,ui\00_message\common\item_info.gmd,\ui\item_info.arc,item_info.arc,14529
0,,,,ui\00_message\common\item_info.gmd,\ui\item_info.arc,item_info.arc,14530
0,,,,ui\00_message\common\item_info.gmd,\ui\item_info.arc,item_info.arc,14531
0,,,,ui\00_message\common\item_info.gmd,\ui\item_info.arc,item_info.arc,14532
0,,,,ui\00_message\common\item_info.gmd,\ui\item_info.arc,item_info.arc,14533
0,,,,ui\00_message\common\item_info.gmd,\ui\item_info.arc,item_info.arc,14534
0,,,,ui\00_message\common\item_info.gmd,\ui\item_info.arc,item_info.arc,14535
0,,,,ui\00_message\common\item_info.gmd,\ui\item_info.arc,item_info.arc,14536
0,,,,ui\00_message\common\item_info.gmd,\ui\item_info.arc,item_info.arc,14537
0,,,,ui\00_message\common\item_info.gmd,\ui\item_info.arc,item_info.arc,14538
0,,,,ui\00_message\common\item_info.gmd,\ui\item_info.arc,item_info.arc,14539
0,,,,ui\00_message\common\item_info.gmd,\ui\item_info.arc,item_info.arc,14540
0,,,,ui\00_message\common\item_info.gmd,\ui\item_info.arc,item_info.arc,14541
0,,,,ui\00_message\common\item_info.gmd,\ui\item_info.arc,item_info.arc,14542
0,,,,ui\00_message\common\item_info.gmd,\ui\item_info.arc,item_info.arc,14543
0,,,,ui\00_message\common\item_info.gmd,\ui\item_info.arc,item_info.arc,14544
0,,,,ui\00_message\common\item_info.gmd,\ui\item_info.arc,item_info.arc,14545
0,,,,ui\00_message\common\item_info.gmd,\ui\item_info.arc,item_info.arc,14546
0,,,,ui\00_message\common\item_info.gmd,\ui\item_info.arc,item_info.arc,14547
0,,,,ui\00_message\common\item_info.gmd,\ui\item_info.arc,item_info.arc,14548
0,,,,ui\00_message\common\item_info.gmd,\ui\item_info.arc,item_info.arc,14549
0,,,,ui\00_message\common\item_info.gmd,\ui\item_info.arc,item_info.arc,14550
0,,,,ui\00_message\common\item_info.gmd,\ui\item_info.arc,item_info.arc,14551
0,,,,ui\00_message\common\item_info.gmd,\ui\item_info.arc,item_info.arc,14552
0,,,,ui\00_message\common\item_info.gmd,\ui\item_info.arc,item_info.arc,14553
0,,,,ui\00_message\common\item_info.gmd,\ui\item_info.arc,item_info.arc,14554
0,,,,ui\00_message\common\item_info.gmd,\ui\item_info.arc,item_info.arc,14555
0,,,,ui\00_message\common\item_info.gmd,\ui\item_info.arc,item_info.arc,14556
0,,,,ui\00_message\common\item_info.gmd,\ui\item_info.arc,item_info.arc,14557
0,,,,ui\00_message\common\item_info.gmd,\ui\item_info.arc,item_info.arc,14558
0,,,,ui\00_message\common\item_info.gmd,\ui\item_info.arc,item_info.arc,14559
0,,,,ui\00_message\common\item_info.gmd,\ui\item_info.arc,item_info.arc,14560
0,,,,ui\00_message\common\item_info.gmd,\ui\item_info.arc,item_info.arc,14561
0,,,,ui\00_message\common\item_info.gmd,\ui\item_info.arc,item_info.arc,14562
0,,,,ui\00_message\common\item_info.gmd,\ui\item_info.arc,item_info.arc,14563
0,,,,ui\00_message\common\item_info.gmd,\ui\item_info.arc,item_info.arc,14564
0,,,,ui\00_message\common\item_info.gmd,\ui\item_info.arc,item_info.arc,14565
0,,,,ui\00_message\common\item_info.gmd,\ui\item_info.arc,item_info.arc,14566
0,,,,ui\00_message\common\item_info.gmd,\ui\item_info.arc,item_info.arc,14567
0,,,,ui\00_message\common\item_info.gmd,\ui\item_info.arc,item_info.arc,14568
0,,,,ui\00_message\common\item_info.gmd,\ui\item_info.arc,item_info.arc,14569
0,,,,ui\00_message\common\item_info.gmd,\ui\item_info.arc,item_info.arc,14570
0,,,,ui\00_message\common\item_info.gmd,\ui\item_info.arc,item_info.arc,14571
0,,,,ui\00_message\common\item_info.gmd,\ui\item_info.arc,item_info.arc,14572
0,,,,ui\00_message\common\item_info.gmd,\ui\item_info.arc,item_info.arc,14573
0,,,,ui\00_message\common\item_info.gmd,\ui\item_info.arc,item_info.arc,14574
0,,,,ui\00_message\common\item_info.gmd,\ui\item_info.arc,item_info.arc,14575
0,,,,ui\00_message\common\item_info.gmd,\ui\item_info.arc,item_info.arc,14576
0,,,,ui\00_message\common\item_info.gmd,\ui\item_info.arc,item_info.arc,14577
0,,,,ui\00_message\common\item_info.gmd,\ui\item_info.arc,item_info.arc,14578
0,,,,ui\00_message\common\item_info.gmd,\ui\item_info.arc,item_info.arc,14579
0,,,,ui\00_message\common\item_info.gmd,\ui\item_info.arc,item_info.arc,14580
0,,,,ui\00_message\common\item_info.gmd,\ui\item_info.arc,item_info.arc,14581
0,,,,ui\00_message\common\item_info.gmd,\ui\item_info.arc,item_info.arc,14582
0,,,,ui\00_message\common\item_info.gmd,\ui\item_info.arc,item_info.arc,14583
0,,,,ui\00_message\common\item_info.gmd,\ui\item_info.arc,item_info.arc,14584
0,,,,ui\00_message\common\item_info.gmd,\ui\item_info.arc,item_info.arc,14585
0,,,,ui\00_message\common\item_info.gmd,\ui\item_info.arc,item_info.arc,14586
0,,,,ui\00_message\common\item_info.gmd,\ui\item_info.arc,item_info.arc,14587
0,,,,ui\00_message\common\item_info.gmd,\ui\item_info.arc,item_info.arc,14588
0,,,,ui\00_message\common\item_info.gmd,\ui\item_info.arc,item_info.arc,14589
0,,,,ui\00_message\common\item_info.gmd,\ui\item_info.arc,item_info.arc,14590
0,,,,ui\00_message\common\item_info.gmd,\ui\item_info.arc,item_info.arc,14591
0,,,,ui\00_message\common\item_info.gmd,\ui\item_info.arc,item_info.arc,14592
0,,,,ui\00_message\common\item_info.gmd,\ui\item_info.arc,item_info.arc,14593
0,,,,ui\00_message\common\item_info.gmd,\ui\item_info.arc,item_info.arc,14594
0,,,,ui\00_message\common\item_info.gmd,\ui\item_info.arc,item_info.arc,14595
0,,,,ui\00_message\common\item_info.gmd,\ui\item_info.arc,item_info.arc,14596
0,,,,ui\00_message\common\item_info.gmd,\ui\item_info.arc,item_info.arc,14597
0,,,,ui\00_message\common\item_info.gmd,\ui\item_info.arc,item_info.arc,14598
0,,,,ui\00_message\common\item_info.gmd,\ui\item_info.arc,item_info.arc,14599
0,,,,ui\00_message\common\item_info.gmd,\ui\item_info.arc,item_info.arc,14600
0,,,,ui\00_message\common\item_info.gmd,\ui\item_info.arc,item_info.arc,14601
0,,,,ui\00_message\common\item_info.gmd,\ui\item_info.arc,item_info.arc,14602
0,,,,ui\00_message\common\item_info.gmd,\ui\item_info.arc,item_info.arc,14603
0,,,,ui\00_message\common\item_info.gmd,\ui\item_info.arc,item_info.arc,14604
0,,,,ui\00_message\common\item_info.gmd,\ui\item_info.arc,item_info.arc,14605
0,,,,ui\00_message\common\item_info.gmd,\ui\item_info.arc,item_info.arc,14606
0,,,,ui\00_message\common\item_info.gmd,\ui\item_info.arc,item_info.arc,14607
0,,,,ui\00_message\common\item_info.gmd,\ui\item_info.arc,item_info.arc,14608
0,,,,ui\00_message\common\item_info.gmd,\ui\item_info.arc,item_info.arc,14609
0,,,,ui\00_message\common\item_info.gmd,\ui\item_info.arc,item_info.arc,14610
0,,,,ui\00_message\common\item_info.gmd,\ui\item_info.arc,item_info.arc,14611
0,,,,ui\00_message\common\item_info.gmd,\ui\item_info.arc,item_info.arc,14612
0,,,,ui\00_message\common\item_info.gmd,\ui\item_info.arc,item_info.arc,14613
0,,,,ui\00_message\common\item_info.gmd,\ui\item_info.arc,item_info.arc,14614
0,,,,ui\00_message\common\item_info.gmd,\ui\item_info.arc,item_info.arc,14615
0,,,,ui\00_message\common\item_info.gmd,\ui\item_info.arc,item_info.arc,14616
0,,,,ui\00_message\common\item_info.gmd,\ui\item_info.arc,item_info.arc,14617
0,,,,ui\00_message\common\item_info.gmd,\ui\item_info.arc,item_info.arc,14618
0,,,,ui\00_message\common\item_info.gmd,\ui\item_info.arc,item_info.arc,14619
0,,,,ui\00_message\common\item_info.gmd,\ui\item_info.arc,item_info.arc,14620
0,,,,ui\00_message\common\item_info.gmd,\ui\item_info.arc,item_info.arc,14621
0,,,,ui\00_message\common\item_info.gmd,\ui\item_info.arc,item_info.arc,14622
0,,,,ui\00_message\common\item_info.gmd,\ui\item_info.arc,item_info.arc,14623
0,,,,ui\00_message\common\item_info.gmd,\ui\item_info.arc,item_info.arc,14624
0,,,,ui\00_message\common\item_info.gmd,\ui\item_info.arc,item_info.arc,14625
0,,,,ui\00_message\common\item_info.gmd,\ui\item_info.arc,item_info.arc,14626
0,,,,ui\00_message\common\item_info.gmd,\ui\item_info.arc,item_info.arc,14627
0,,,,ui\00_message\common\item_info.gmd,\ui\item_info.arc,item_info.arc,14628
0,,,,ui\00_message\common\item_info.gmd,\ui\item_info.arc,item_info.arc,14629
0,,,,ui\00_message\common\item_info.gmd,\ui\item_info.arc,item_info.arc,14630
0,,,,ui\00_message\common\item_info.gmd,\ui\item_info.arc,item_info.arc,14631
0,,,,ui\00_message\common\item_info.gmd,\ui\item_info.arc,item_info.arc,14632
0,,,,ui\00_message\common\item_info.gmd,\ui\item_info.arc,item_info.arc,14633
0,,,,ui\00_message\common\item_info.gmd,\ui\item_info.arc,item_info.arc,14634
0,,,,ui\00_message\common\item_info.gmd,\ui\item_info.arc,item_info.arc,14635
0,,,,ui\00_message\common\item_info.gmd,\ui\item_info.arc,item_info.arc,14636
0,,,,ui\00_message\common\item_info.gmd,\ui\item_info.arc,item_info.arc,14637
0,,,,ui\00_message\common\item_info.gmd,\ui\item_info.arc,item_info.arc,14638
0,,,,ui\00_message\common\item_info.gmd,\ui\item_info.arc,item_info.arc,14639
0,,,,ui\00_message\common\item_info.gmd,\ui\item_info.arc,item_info.arc,14640
0,,,,ui\00_message\common\item_info.gmd,\ui\item_info.arc,item_info.arc,14641
0,,,,ui\00_message\common\item_info.gmd,\ui\item_info.arc,item_info.arc,14642
0,,,,ui\00_message\common\item_info.gmd,\ui\item_info.arc,item_info.arc,14643
0,,,,ui\00_message\common\item_info.gmd,\ui\item_info.arc,item_info.arc,14644
0,,,,ui\00_message\common\item_info.gmd,\ui\item_info.arc,item_info.arc,14645
0,,,,ui\00_message\common\item_info.gmd,\ui\item_info.arc,item_info.arc,14646
0,,,,ui\00_message\common\item_info.gmd,\ui\item_info.arc,item_info.arc,14647
0,,,,ui\00_message\common\item_info.gmd,\ui\item_info.arc,item_info.arc,14648
0,,,,ui\00_message\common\item_info.gmd,\ui\item_info.arc,item_info.arc,14649
0,,,,ui\00_message\common\item_info.gmd,\ui\item_info.arc,item_info.arc,14650
0,,,,ui\00_message\common\item_info.gmd,\ui\item_info.arc,item_info.arc,14651
0,,,,ui\00_message\common\item_info.gmd,\ui\item_info.arc,item_info.arc,14652
0,,,,ui\00_message\common\item_info.gmd,\ui\item_info.arc,item_info.arc,14653
0,,,,ui\00_message\common\item_info.gmd,\ui\item_info.arc,item_info.arc,14654
0,,,,ui\00_message\common\item_info.gmd,\ui\item_info.arc,item_info.arc,14655
0,,,,ui\00_message\common\item_info.gmd,\ui\item_info.arc,item_info.arc,14656
0,,,,ui\00_message\common\item_info.gmd,\ui\item_info.arc,item_info.arc,14657
0,,,,ui\00_message\common\item_info.gmd,\ui\item_info.arc,item_info.arc,14658
0,,,,ui\00_message\common\item_info.gmd,\ui\item_info.arc,item_info.arc,14659
0,,,,ui\00_message\common\item_info.gmd,\ui\item_info.arc,item_info.arc,14660
0,,,,ui\00_message\common\item_info.gmd,\ui\item_info.arc,item_info.arc,14661
0,,,,ui\00_message\common\item_info.gmd,\ui\item_info.arc,item_info.arc,14662
0,,,,ui\00_message\common\item_info.gmd,\ui\item_info.arc,item_info.arc,14663
0,,,,ui\00_message\common\item_info.gmd,\ui\item_info.arc,item_info.arc,14664
0,,,,ui\00_message\common\item_info.gmd,\ui\item_info.arc,item_info.arc,14665
0,,,,ui\00_message\common\item_info.gmd,\ui\item_info.arc,item_info.arc,14666
0,,,,ui\00_message\common\item_info.gmd,\ui\item_info.arc,item_info.arc,14667
0,,,,ui\00_message\common\item_info.gmd,\ui\item_info.arc,item_info.arc,14668
0,,,,ui\00_message\common\item_info.gmd,\ui\item_info.arc,item_info.arc,14669
0,,,,ui\00_message\common\item_info.gmd,\ui\item_info.arc,item_info.arc,14670
0,,,,ui\00_message\common\item_info.gmd,\ui\item_info.arc,item_info.arc,14671
0,,,,ui\00_message\common\item_info.gmd,\ui\item_info.arc,item_info.arc,14672
0,,,,ui\00_message\common\item_info.gmd,\ui\item_info.arc,item_info.arc,14673
0,,,,ui\00_message\common\item_info.gmd,\ui\item_info.arc,item_info.arc,14674
0,,,,ui\00_message\common\item_info.gmd,\ui\item_info.arc,item_info.arc,14675
0,,,,ui\00_message\common\item_info.gmd,\ui\item_info.arc,item_info.arc,14676
0,,,,ui\00_message\common\item_info.gmd,\ui\item_info.arc,item_info.arc,14677
0,,,,ui\00_message\common\item_info.gmd,\ui\item_info.arc,item_info.arc,14678
0,,,,ui\00_message\common\item_info.gmd,\ui\item_info.arc,item_info.arc,14679
0,,,,ui\00_message\common\item_info.gmd,\ui\item_info.arc,item_info.arc,14680
0,,,,ui\00_message\common\item_info.gmd,\ui\item_info.arc,item_info.arc,14681
0,,,,ui\00_message\common\item_info.gmd,\ui\item_info.arc,item_info.arc,14682
0,,,,ui\00_message\common\item_info.gmd,\ui\item_info.arc,item_info.arc,14683
0,,,,ui\00_message\common\item_info.gmd,\ui\item_info.arc,item_info.arc,14684
0,,,,ui\00_message\common\item_info.gmd,\ui\item_info.arc,item_info.arc,14685
0,,,,ui\00_message\common\item_info.gmd,\ui\item_info.arc,item_info.arc,14686
0,,,,ui\00_message\common\item_info.gmd,\ui\item_info.arc,item_info.arc,14687
0,,,,ui\00_message\common\item_info.gmd,\ui\item_info.arc,item_info.arc,14688
0,,,,ui\00_message\common\item_info.gmd,\ui\item_info.arc,item_info.arc,14689
0,,,,ui\00_message\common\item_info.gmd,\ui\item_info.arc,item_info.arc,14690
0,,,,ui\00_message\common\item_info.gmd,\ui\item_info.arc,item_info.arc,14691
0,,,,ui\00_message\common\item_info.gmd,\ui\item_info.arc,item_info.arc,14692
0,,,,ui\00_message\common\item_info.gmd,\ui\item_info.arc,item_info.arc,14693
0,,,,ui\00_message\common\item_info.gmd,\ui\item_info.arc,item_info.arc,14694
0,,,,ui\00_message\common\item_info.gmd,\ui\item_info.arc,item_info.arc,14695
0,,,,ui\00_message\common\item_info.gmd,\ui\item_info.arc,item_info.arc,14696
0,,,,ui\00_message\common\item_info.gmd,\ui\item_info.arc,item_info.arc,14697
0,,,,ui\00_message\common\item_info.gmd,\ui\item_info.arc,item_info.arc,14698
0,,,,ui\00_message\common\item_info.gmd,\ui\item_info.arc,item_info.arc,14699
0,,,,ui\00_message\common\item_info.gmd,\ui\item_info.arc,item_info.arc,14700
0,,,,ui\00_message\common\item_info.gmd,\ui\item_info.arc,item_info.arc,14701
0,,,,ui\00_message\common\item_info.gmd,\ui\item_info.arc,item_info.arc,14702
0,,,,ui\00_message\common\item_info.gmd,\ui\item_info.arc,item_info.arc,14703
0,,,,ui\00_message\common\item_info.gmd,\ui\item_info.arc,item_info.arc,14704
0,,,,ui\00_message\common\item_info.gmd,\ui\item_info.arc,item_info.arc,14705
0,,,,ui\00_message\common\item_info.gmd,\ui\item_info.arc,item_info.arc,14706
0,,,,ui\00_message\common\item_info.gmd,\ui\item_info.arc,item_info.arc,14707
0,,,,ui\00_message\common\item_info.gmd,\ui\item_info.arc,item_info.arc,14708
0,,,,ui\00_message\common\item_info.gmd,\ui\item_info.arc,item_info.arc,14709
0,,,,ui\00_message\common\item_info.gmd,\ui\item_info.arc,item_info.arc,14710
0,,,,ui\00_message\common\item_info.gmd,\ui\item_info.arc,item_info.arc,14711
0,,,,ui\00_message\common\item_info.gmd,\ui\item_info.arc,item_info.arc,14712
0,,,,ui\00_message\common\item_info.gmd,\ui\item_info.arc,item_info.arc,14713
0,,,,ui\00_message\common\item_info.gmd,\ui\item_info.arc,item_info.arc,14714
0,,,,ui\00_message\common\item_info.gmd,\ui\item_info.arc,item_info.arc,14715
0,,,,ui\00_message\common\item_info.gmd,\ui\item_info.arc,item_info.arc,14716
0,,,,ui\00_message\common\item_info.gmd,\ui\item_info.arc,item_info.arc,14717
0,,,,ui\00_message\common\item_info.gmd,\ui\item_info.arc,item_info.arc,14718
0,,,,ui\00_message\common\item_info.gmd,\ui\item_info.arc,item_info.arc,14719
0,,,,ui\00_message\common\item_info.gmd,\ui\item_info.arc,item_info.arc,14720
0,,,,ui\00_message\common\item_info.gmd,\ui\item_info.arc,item_info.arc,14721
0,,,,ui\00_message\common\item_info.gmd,\ui\item_info.arc,item_info.arc,14722
0,,,,ui\00_message\common\item_info.gmd,\ui\item_info.arc,item_info.arc,14723
0,,,,ui\00_message\common\item_info.gmd,\ui\item_info.arc,item_info.arc,14724
0,,,,ui\00_message\common\item_info.gmd,\ui\item_info.arc,item_info.arc,14725
0,,,,ui\00_message\common\item_info.gmd,\ui\item_info.arc,item_info.arc,14726
0,,,,ui\00_message\common\item_info.gmd,\ui\item_info.arc,item_info.arc,14727
0,,,,ui\00_message\common\item_info.gmd,\ui\item_info.arc,item_info.arc,14728
0,,,,ui\00_message\common\item_info.gmd,\ui\item_info.arc,item_info.arc,14729
0,,,,ui\00_message\common\item_info.gmd,\ui\item_info.arc,item_info.arc,14730
0,,,,ui\00_message\common\item_info.gmd,\ui\item_info.arc,item_info.arc,14731
0,,,,ui\00_message\common\item_info.gmd,\ui\item_info.arc,item_info.arc,14732
0,,,,ui\00_message\common\item_info.gmd,\ui\item_info.arc,item_info.arc,14733
0,,,,ui\00_message\common\item_info.gmd,\ui\item_info.arc,item_info.arc,14734
0,,,,ui\00_message\common\item_info.gmd,\ui\item_info.arc,item_info.arc,14735
0,,,,ui\00_message\common\item_info.gmd,\ui\item_info.arc,item_info.arc,14736
0,,,,ui\00_message\common\item_info.gmd,\ui\item_info.arc,item_info.arc,14737
0,,,,ui\00_message\common\item_info.gmd,\ui\item_info.arc,item_info.arc,14738
0,,,,ui\00_message\common\item_info.gmd,\ui\item_info.arc,item_info.arc,14739
0,,,,ui\00_message\common\item_info.gmd,\ui\item_info.arc,item_info.arc,14740
0,,,,ui\00_message\common\item_info.gmd,\ui\item_info.arc,item_info.arc,14741
0,,,,ui\00_message\common\item_info.gmd,\ui\item_info.arc,item_info.arc,14742
0,,,,ui\00_message\common\item_info.gmd,\ui\item_info.arc,item_info.arc,14743
0,,,,ui\00_message\common\item_info.gmd,\ui\item_info.arc,item_info.arc,14744
0,,,,ui\00_message\common\item_info.gmd,\ui\item_info.arc,item_info.arc,14745
0,,,,ui\00_message\common\item_info.gmd,\ui\item_info.arc,item_info.arc,14746
0,,,,ui\00_message\common\item_info.gmd,\ui\item_info.arc,item_info.arc,14747
0,,,,ui\00_message\common\item_info.gmd,\ui\item_info.arc,item_info.arc,14748
0,,,,ui\00_message\common\item_info.gmd,\ui\item_info.arc,item_info.arc,14749
0,,,,ui\00_message\common\item_info.gmd,\ui\item_info.arc,item_info.arc,14750
0,,,,ui\00_message\common\item_info.gmd,\ui\item_info.arc,item_info.arc,14751
0,,,,ui\00_message\common\item_info.gmd,\ui\item_info.arc,item_info.arc,14752
0,,,,ui\00_message\common\item_info.gmd,\ui\item_info.arc,item_info.arc,14753
0,,,,ui\00_message\common\item_info.gmd,\ui\item_info.arc,item_info.arc,14754
0,,,,ui\00_message\common\item_info.gmd,\ui\item_info.arc,item_info.arc,14755
0,,,,ui\00_message\common\item_info.gmd,\ui\item_info.arc,item_info.arc,14756
0,,,,ui\00_message\common\item_info.gmd,\ui\item_info.arc,item_info.arc,14757
0,,,,ui\00_message\common\item_info.gmd,\ui\item_info.arc,item_info.arc,14758
0,,,,ui\00_message\common\item_info.gmd,\ui\item_info.arc,item_info.arc,14759
0,,,,ui\00_message\common\item_info.gmd,\ui\item_info.arc,item_info.arc,14760
0,,,,ui\00_message\common\item_info.gmd,\ui\item_info.arc,item_info.arc,14761
0,,,,ui\00_message\common\item_info.gmd,\ui\item_info.arc,item_info.arc,14762
0,,,,ui\00_message\common\item_info.gmd,\ui\item_info.arc,item_info.arc,14763
0,,,,ui\00_message\common\item_info.gmd,\ui\item_info.arc,item_info.arc,14764
0,,,,ui\00_message\common\item_info.gmd,\ui\item_info.arc,item_info.arc,14765
0,,,,ui\00_message\common\item_info.gmd,\ui\item_info.arc,item_info.arc,14766
0,,,,ui\00_message\common\item_info.gmd,\ui\item_info.arc,item_info.arc,14767
0,,,,ui\00_message\common\item_info.gmd,\ui\item_info.arc,item_info.arc,14768
0,,,,ui\00_message\common\item_info.gmd,\ui\item_info.arc,item_info.arc,14769
0,,,,ui\00_message\common\item_info.gmd,\ui\item_info.arc,item_info.arc,14770
0,,,,ui\00_message\common\item_info.gmd,\ui\item_info.arc,item_info.arc,14771
0,,,,ui\00_message\common\item_info.gmd,\ui\item_info.arc,item_info.arc,14772
0,,,,ui\00_message\common\item_info.gmd,\ui\item_info.arc,item_info.arc,14773
0,,,,ui\00_message\common\item_info.gmd,\ui\item_info.arc,item_info.arc,14774
0,,,,ui\00_message\common\item_info.gmd,\ui\item_info.arc,item_info.arc,14775
0,,,,ui\00_message\common\item_info.gmd,\ui\item_info.arc,item_info.arc,14776
0,,,,ui\00_message\common\item_info.gmd,\ui\item_info.arc,item_info.arc,14777
0,,,,ui\00_message\common\item_info.gmd,\ui\item_info.arc,item_info.arc,14778
0,,,,ui\00_message\common\item_info.gmd,\ui\item_info.arc,item_info.arc,14779
0,,,,ui\00_message\common\item_info.gmd,\ui\item_info.arc,item_info.arc,14780
0,,,,ui\00_message\common\item_info.gmd,\ui\item_info.arc,item_info.arc,14781
0,,,,ui\00_message\common\item_info.gmd,\ui\item_info.arc,item_info.arc,14782
0,,,,ui\00_message\common\item_info.gmd,\ui\item_info.arc,item_info.arc,14783
0,,,,ui\00_message\common\item_info.gmd,\ui\item_info.arc,item_info.arc,14784
0,,,,ui\00_message\common\item_info.gmd,\ui\item_info.arc,item_info.arc,14785
0,,,,ui\00_message\common\item_info.gmd,\ui\item_info.arc,item_info.arc,14786
0,,,,ui\00_message\common\item_info.gmd,\ui\item_info.arc,item_info.arc,14787
0,,,,ui\00_message\common\item_info.gmd,\ui\item_info.arc,item_info.arc,14788
0,,,,ui\00_message\common\item_info.gmd,\ui\item_info.arc,item_info.arc,14789
0,,,,ui\00_message\common\item_info.gmd,\ui\item_info.arc,item_info.arc,14790
0,,,,ui\00_message\common\item_info.gmd,\ui\item_info.arc,item_info.arc,14791
0,,,,ui\00_message\common\item_info.gmd,\ui\item_info.arc,item_info.arc,14792
0,,,,ui\00_message\common\item_info.gmd,\ui\item_info.arc,item_info.arc,14793
0,,,,ui\00_message\common\item_info.gmd,\ui\item_info.arc,item_info.arc,14794
0,,,,ui\00_message\common\item_info.gmd,\ui\item_info.arc,item_info.arc,14795
0,,,,ui\00_message\common\item_info.gmd,\ui\item_info.arc,item_info.arc,14796
0,,,,ui\00_message\common\item_info.gmd,\ui\item_info.arc,item_info.arc,14797
0,,,,ui\00_message\common\item_info.gmd,\ui\item_info.arc,item_info.arc,14798
0,,,,ui\00_message\common\item_info.gmd,\ui\item_info.arc,item_info.arc,14799
0,,,,ui\00_message\common\item_info.gmd,\ui\item_info.arc,item_info.arc,14800
0,,,,ui\00_message\common\item_info.gmd,\ui\item_info.arc,item_info.arc,14801
0,,,,ui\00_message\common\item_info.gmd,\ui\item_info.arc,item_info.arc,14802
0,,,,ui\00_message\common\item_info.gmd,\ui\item_info.arc,item_info.arc,14803
0,,,,ui\00_message\common\item_info.gmd,\ui\item_info.arc,item_info.arc,14804
0,,,,ui\00_message\common\item_info.gmd,\ui\item_info.arc,item_info.arc,14805
0,,,,ui\00_message\common\item_info.gmd,\ui\item_info.arc,item_info.arc,14806
0,,,,ui\00_message\common\item_info.gmd,\ui\item_info.arc,item_info.arc,14807
0,,,,ui\00_message\common\item_info.gmd,\ui\item_info.arc,item_info.arc,14808
0,,,,ui\00_message\common\item_info.gmd,\ui\item_info.arc,item_info.arc,14809
0,,,,ui\00_message\common\item_info.gmd,\ui\item_info.arc,item_info.arc,14810
0,,,,ui\00_message\common\item_info.gmd,\ui\item_info.arc,item_info.arc,14811
0,,,,ui\00_message\common\item_info.gmd,\ui\item_info.arc,item_info.arc,14812
0,,,,ui\00_message\common\item_info.gmd,\ui\item_info.arc,item_info.arc,14813
0,,,,ui\00_message\common\item_info.gmd,\ui\item_info.arc,item_info.arc,14814
0,,,,ui\00_message\common\item_info.gmd,\ui\item_info.arc,item_info.arc,14815
0,,,,ui\00_message\common\item_info.gmd,\ui\item_info.arc,item_info.arc,14816
0,,,,ui\00_message\common\item_info.gmd,\ui\item_info.arc,item_info.arc,14817
0,,,,ui\00_message\common\item_info.gmd,\ui\item_info.arc,item_info.arc,14818
0,,,,ui\00_message\common\item_info.gmd,\ui\item_info.arc,item_info.arc,14819
0,,,,ui\00_message\common\item_info.gmd,\ui\item_info.arc,item_info.arc,14820
0,,,,ui\00_message\common\item_info.gmd,\ui\item_info.arc,item_info.arc,14821
0,,,,ui\00_message\common\item_info.gmd,\ui\item_info.arc,item_info.arc,14822
0,,,,ui\00_message\common\item_info.gmd,\ui\item_info.arc,item_info.arc,14823
0,,,,ui\00_message\common\item_info.gmd,\ui\item_info.arc,item_info.arc,14824
0,,,,ui\00_message\common\item_info.gmd,\ui\item_info.arc,item_info.arc,14825
0,,,,ui\00_message\common\item_info.gmd,\ui\item_info.arc,item_info.arc,14826
0,,,,ui\00_message\common\item_info.gmd,\ui\item_info.arc,item_info.arc,14827
0,,,,ui\00_message\common\item_info.gmd,\ui\item_info.arc,item_info.arc,14828
0,,,,ui\00_message\common\item_info.gmd,\ui\item_info.arc,item_info.arc,14829
0,,,,ui\00_message\common\item_info.gmd,\ui\item_info.arc,item_info.arc,14830
0,,,,ui\00_message\common\item_info.gmd,\ui\item_info.arc,item_info.arc,14831
0,,,,ui\00_message\common\item_info.gmd,\ui\item_info.arc,item_info.arc,14832
0,,,,ui\00_message\common\item_info.gmd,\ui\item_info.arc,item_info.arc,14833
0,,,,ui\00_message\common\item_info.gmd,\ui\item_info.arc,item_info.arc,14834
0,,,,ui\00_message\common\item_info.gmd,\ui\item_info.arc,item_info.arc,14835
0,,,,ui\00_message\common\item_info.gmd,\ui\item_info.arc,item_info.arc,14836
0,,,,ui\00_message\common\item_info.gmd,\ui\item_info.arc,item_info.arc,14837
0,,,,ui\00_message\common\item_info.gmd,\ui\item_info.arc,item_info.arc,14838
0,,,,ui\00_message\common\item_info.gmd,\ui\item_info.arc,item_info.arc,14839
0,,,,ui\00_message\common\item_info.gmd,\ui\item_info.arc,item_info.arc,14840
0,,,,ui\00_message\common\item_info.gmd,\ui\item_info.arc,item_info.arc,14841
0,,,,ui\00_message\common\item_info.gmd,\ui\item_info.arc,item_info.arc,14842
0,,,,ui\00_message\common\item_info.gmd,\ui\item_info.arc,item_info.arc,14843
0,,,,ui\00_message\common\item_info.gmd,\ui\item_info.arc,item_info.arc,14844
0,,,,ui\00_message\common\item_info.gmd,\ui\item_info.arc,item_info.arc,14845
0,,,,ui\00_message\common\item_info.gmd,\ui\item_info.arc,item_info.arc,14846
0,,,,ui\00_message\common\item_info.gmd,\ui\item_info.arc,item_info.arc,14847
0,,,,ui\00_message\common\item_info.gmd,\ui\item_info.arc,item_info.arc,14848
0,,,,ui\00_message\common\item_info.gmd,\ui\item_info.arc,item_info.arc,14849
0,,,,ui\00_message\common\item_info.gmd,\ui\item_info.arc,item_info.arc,14850
0,,,,ui\00_message\common\item_info.gmd,\ui\item_info.arc,item_info.arc,14851
0,,,,ui\00_message\common\item_info.gmd,\ui\item_info.arc,item_info.arc,14852
0,,,,ui\00_message\common\item_info.gmd,\ui\item_info.arc,item_info.arc,14853
0,,,,ui\00_message\common\item_info.gmd,\ui\item_info.arc,item_info.arc,14854
0,,,,ui\00_message\common\item_info.gmd,\ui\item_info.arc,item_info.arc,14855
0,,,,ui\00_message\common\item_info.gmd,\ui\item_info.arc,item_info.arc,14856
0,,,,ui\00_message\common\item_info.gmd,\ui\item_info.arc,item_info.arc,14857
0,,,,ui\00_message\common\item_info.gmd,\ui\item_info.arc,item_info.arc,14858
0,,,,ui\00_message\common\item_info.gmd,\ui\item_info.arc,item_info.arc,14859
0,,,,ui\00_message\common\item_info.gmd,\ui\item_info.arc,item_info.arc,14860
0,,,,ui\00_message\common\item_info.gmd,\ui\item_info.arc,item_info.arc,14861
0,,,,ui\00_message\common\item_info.gmd,\ui\item_info.arc,item_info.arc,14862
0,,,,ui\00_message\common\item_info.gmd,\ui\item_info.arc,item_info.arc,14863
0,,,,ui\00_message\common\item_info.gmd,\ui\item_info.arc,item_info.arc,14864
0,,,,ui\00_message\common\item_info.gmd,\ui\item_info.arc,item_info.arc,14865
0,,,,ui\00_message\common\item_info.gmd,\ui\item_info.arc,item_info.arc,14866
0,,,,ui\00_message\common\item_info.gmd,\ui\item_info.arc,item_info.arc,14867
0,,,,ui\00_message\common\item_info.gmd,\ui\item_info.arc,item_info.arc,14868
0,,,,ui\00_message\common\item_info.gmd,\ui\item_info.arc,item_info.arc,14869
0,,,,ui\00_message\common\item_info.gmd,\ui\item_info.arc,item_info.arc,14870
0,,,,ui\00_message\common\item_info.gmd,\ui\item_info.arc,item_info.arc,14871
0,,,,ui\00_message\common\item_info.gmd,\ui\item_info.arc,item_info.arc,14872
0,,,,ui\00_message\common\item_info.gmd,\ui\item_info.arc,item_info.arc,14873
0,,,,ui\00_message\common\item_info.gmd,\ui\item_info.arc,item_info.arc,14874
0,,,,ui\00_message\common\item_info.gmd,\ui\item_info.arc,item_info.arc,14875
0,,,,ui\00_message\common\item_info.gmd,\ui\item_info.arc,item_info.arc,14876
0,,,,ui\00_message\common\item_info.gmd,\ui\item_info.arc,item_info.arc,14877
0,,,,ui\00_message\common\item_info.gmd,\ui\item_info.arc,item_info.arc,14878
0,,,,ui\00_message\common\item_info.gmd,\ui\item_info.arc,item_info.arc,14879
0,,,,ui\00_message\common\item_info.gmd,\ui\item_info.arc,item_info.arc,14880
0,,,,ui\00_message\common\item_info.gmd,\ui\item_info.arc,item_info.arc,14881
0,,,,ui\00_message\common\item_info.gmd,\ui\item_info.arc,item_info.arc,14882
0,,,,ui\00_message\common\item_info.gmd,\ui\item_info.arc,item_info.arc,14883
0,,,,ui\00_message\common\item_info.gmd,\ui\item_info.arc,item_info.arc,14884
0,,,,ui\00_message\common\item_info.gmd,\ui\item_info.arc,item_info.arc,14885
0,,,,ui\00_message\common\item_info.gmd,\ui\item_info.arc,item_info.arc,14886
0,,,,ui\00_message\common\item_info.gmd,\ui\item_info.arc,item_info.arc,14887
0,,,,ui\00_message\common\item_info.gmd,\ui\item_info.arc,item_info.arc,14888
0,,,,ui\00_message\common\item_info.gmd,\ui\item_info.arc,item_info.arc,14889
0,,,,ui\00_message\common\item_info.gmd,\ui\item_info.arc,item_info.arc,14890
0,,,,ui\00_message\common\item_info.gmd,\ui\item_info.arc,item_info.arc,14891
0,,,,ui\00_message\common\item_info.gmd,\ui\item_info.arc,item_info.arc,14892
0,,,,ui\00_message\common\item_info.gmd,\ui\item_info.arc,item_info.arc,14893
0,,,,ui\00_message\common\item_info.gmd,\ui\item_info.arc,item_info.arc,14894
0,,,,ui\00_message\common\item_info.gmd,\ui\item_info.arc,item_info.arc,14895
0,,,,ui\00_message\common\item_info.gmd,\ui\item_info.arc,item_info.arc,14896
0,,,,ui\00_message\common\item_info.gmd,\ui\item_info.arc,item_info.arc,14897
0,,,,ui\00_message\common\item_info.gmd,\ui\item_info.arc,item_info.arc,14898
0,,,,ui\00_message\common\item_info.gmd,\ui\item_info.arc,item_info.arc,14899
0,,,,ui\00_message\common\item_info.gmd,\ui\item_info.arc,item_info.arc,14900
0,,,,ui\00_message\common\item_info.gmd,\ui\item_info.arc,item_info.arc,14901
0,,,,ui\00_message\common\item_info.gmd,\ui\item_info.arc,item_info.arc,14902
0,,,,ui\00_message\common\item_info.gmd,\ui\item_info.arc,item_info.arc,14903
0,,,,ui\00_message\common\item_info.gmd,\ui\item_info.arc,item_info.arc,14904
0,,,,ui\00_message\common\item_info.gmd,\ui\item_info.arc,item_info.arc,14905
0,,,,ui\00_message\common\item_info.gmd,\ui\item_info.arc,item_info.arc,14906
0,,,,ui\00_message\common\item_info.gmd,\ui\item_info.arc,item_info.arc,14907
0,,,,ui\00_message\common\item_info.gmd,\ui\item_info.arc,item_info.arc,14908
0,,,,ui\00_message\common\item_info.gmd,\ui\item_info.arc,item_info.arc,14909
0,,,,ui\00_message\common\item_info.gmd,\ui\item_info.arc,item_info.arc,14910
0,,,,ui\00_message\common\item_info.gmd,\ui\item_info.arc,item_info.arc,14911
0,,,,ui\00_message\common\item_info.gmd,\ui\item_info.arc,item_info.arc,14912
0,,,,ui\00_message\common\item_info.gmd,\ui\item_info.arc,item_info.arc,14913
0,,,,ui\00_message\common\item_info.gmd,\ui\item_info.arc,item_info.arc,14914
0,,,,ui\00_message\common\item_info.gmd,\ui\item_info.arc,item_info.arc,14915
0,,,,ui\00_message\common\item_info.gmd,\ui\item_info.arc,item_info.arc,14916
0,,,,ui\00_message\common\item_info.gmd,\ui\item_info.arc,item_info.arc,14917
0,,,,ui\00_message\common\item_info.gmd,\ui\item_info.arc,item_info.arc,14918
0,,,,ui\00_message\common\item_info.gmd,\ui\item_info.arc,item_info.arc,14919
0,,,,ui\00_message\common\item_info.gmd,\ui\item_info.arc,item_info.arc,14920
0,,,,ui\00_message\common\item_info.gmd,\ui\item_info.arc,item_info.arc,14921
0,,,,ui\00_message\common\item_info.gmd,\ui\item_info.arc,item_info.arc,14922
0,,,,ui\00_message\common\item_info.gmd,\ui\item_info.arc,item_info.arc,14923
0,,,,ui\00_message\common\item_info.gmd,\ui\item_info.arc,item_info.arc,14924
0,,,,ui\00_message\common\item_info.gmd,\ui\item_info.arc,item_info.arc,14925
0,,,,ui\00_message\common\item_info.gmd,\ui\item_info.arc,item_info.arc,14926
0,,,,ui\00_message\common\item_info.gmd,\ui\item_info.arc,item_info.arc,14927
0,,,,ui\00_message\common\item_info.gmd,\ui\item_info.arc,item_info.arc,14928
0,,,,ui\00_message\common\item_info.gmd,\ui\item_info.arc,item_info.arc,14929
0,,,,ui\00_message\common\item_info.gmd,\ui\item_info.arc,item_info.arc,14930
0,,,,ui\00_message\common\item_info.gmd,\ui\item_info.arc,item_info.arc,14931
0,,,,ui\00_message\common\item_info.gmd,\ui\item_info.arc,item_info.arc,14932
0,,,,ui\00_message\common\item_info.gmd,\ui\item_info.arc,item_info.arc,14933
0,,,,ui\00_message\common\item_info.gmd,\ui\item_info.arc,item_info.arc,14934
0,,,,ui\00_message\common\item_info.gmd,\ui\item_info.arc,item_info.arc,14935
0,,,,ui\00_message\common\item_info.gmd,\ui\item_info.arc,item_info.arc,14936
0,,,,ui\00_message\common\item_info.gmd,\ui\item_info.arc,item_info.arc,14937
0,,,,ui\00_message\common\item_info.gmd,\ui\item_info.arc,item_info.arc,14938
0,,,,ui\00_message\common\item_info.gmd,\ui\item_info.arc,item_info.arc,14939
0,,,,ui\00_message\common\item_info.gmd,\ui\item_info.arc,item_info.arc,14940
0,,,,ui\00_message\common\item_info.gmd,\ui\item_info.arc,item_info.arc,14941
0,,,,ui\00_message\common\item_info.gmd,\ui\item_info.arc,item_info.arc,14942
0,,,,ui\00_message\common\item_info.gmd,\ui\item_info.arc,item_info.arc,14943
0,,,,ui\00_message\common\item_info.gmd,\ui\item_info.arc,item_info.arc,14944
0,,,,ui\00_message\common\item_info.gmd,\ui\item_info.arc,item_info.arc,14945
0,,,,ui\00_message\common\item_info.gmd,\ui\item_info.arc,item_info.arc,14946
0,,,,ui\00_message\common\item_info.gmd,\ui\item_info.arc,item_info.arc,14947
0,,,,ui\00_message\common\item_info.gmd,\ui\item_info.arc,item_info.arc,14948
0,,,,ui\00_message\common\item_info.gmd,\ui\item_info.arc,item_info.arc,14949
0,,,,ui\00_message\common\item_info.gmd,\ui\item_info.arc,item_info.arc,14950
0,,,,ui\00_message\common\item_info.gmd,\ui\item_info.arc,item_info.arc,14951
0,,,,ui\00_message\common\item_info.gmd,\ui\item_info.arc,item_info.arc,14952
0,,,,ui\00_message\common\item_info.gmd,\ui\item_info.arc,item_info.arc,14953
0,,,,ui\00_message\common\item_info.gmd,\ui\item_info.arc,item_info.arc,14954
0,,,,ui\00_message\common\item_info.gmd,\ui\item_info.arc,item_info.arc,14955
0,,,,ui\00_message\common\item_info.gmd,\ui\item_info.arc,item_info.arc,14956
0,,,,ui\00_message\common\item_info.gmd,\ui\item_info.arc,item_info.arc,14957
0,,,,ui\00_message\common\item_info.gmd,\ui\item_info.arc,item_info.arc,14958
0,,,,ui\00_message\common\item_info.gmd,\ui\item_info.arc,item_info.arc,14959
0,,,,ui\00_message\common\item_info.gmd,\ui\item_info.arc,item_info.arc,14960
0,,,,ui\00_message\common\item_info.gmd,\ui\item_info.arc,item_info.arc,14961
0,,,,ui\00_message\common\item_info.gmd,\ui\item_info.arc,item_info.arc,14962
0,,,,ui\00_message\common\item_info.gmd,\ui\item_info.arc,item_info.arc,14963
0,,,,ui\00_message\common\item_info.gmd,\ui\item_info.arc,item_info.arc,14964
0,,,,ui\00_message\common\item_info.gmd,\ui\item_info.arc,item_info.arc,14965
0,,,,ui\00_message\common\item_info.gmd,\ui\item_info.arc,item_info.arc,14966
0,,,,ui\00_message\common\item_info.gmd,\ui\item_info.arc,item_info.arc,14967
0,,,,ui\00_message\common\item_info.gmd,\ui\item_info.arc,item_info.arc,14968
0,,,,ui\00_message\common\item_info.gmd,\ui\item_info.arc,item_info.arc,14969
0,,,,ui\00_message\common\item_info.gmd,\ui\item_info.arc,item_info.arc,14970
0,,,,ui\00_message\common\item_info.gmd,\ui\item_info.arc,item_info.arc,14971
0,,,,ui\00_message\common\item_info.gmd,\ui\item_info.arc,item_info.arc,14972
0,,,,ui\00_message\common\item_info.gmd,\ui\item_info.arc,item_info.arc,14973
0,,,,ui\00_message\common\item_info.gmd,\ui\item_info.arc,item_info.arc,14974
0,,,,ui\00_message\common\item_info.gmd,\ui\item_info.arc,item_info.arc,14975
0,,,,ui\00_message\common\item_info.gmd,\ui\item_info.arc,item_info.arc,14976
0,,,,ui\00_message\common\item_info.gmd,\ui\item_info.arc,item_info.arc,14977
0,,,,ui\00_message\common\item_info.gmd,\ui\item_info.arc,item_info.arc,14978
0,,,,ui\00_message\common\item_info.gmd,\ui\item_info.arc,item_info.arc,14979
0,,,,ui\00_message\common\item_info.gmd,\ui\item_info.arc,item_info.arc,14980
0,,,,ui\00_message\common\item_info.gmd,\ui\item_info.arc,item_info.arc,14981
0,,,,ui\00_message\common\item_info.gmd,\ui\item_info.arc,item_info.arc,14982
0,,,,ui\00_message\common\item_info.gmd,\ui\item_info.arc,item_info.arc,14983
0,,,,ui\00_message\common\item_info.gmd,\ui\item_info.arc,item_info.arc,14984
0,,,,ui\00_message\common\item_info.gmd,\ui\item_info.arc,item_info.arc,14985
0,,,,ui\00_message\common\item_info.gmd,\ui\item_info.arc,item_info.arc,14986
0,,,,ui\00_message\common\item_info.gmd,\ui\item_info.arc,item_info.arc,14987
0,,,,ui\00_message\common\item_info.gmd,\ui\item_info.arc,item_info.arc,14988
0,,,,ui\00_message\common\item_info.gmd,\ui\item_info.arc,item_info.arc,14989
0,,,,ui\00_message\common\item_info.gmd,\ui\item_info.arc,item_info.arc,14990
0,,,,ui\00_message\common\item_info.gmd,\ui\item_info.arc,item_info.arc,14991
0,,,,ui\00_message\common\item_info.gmd,\ui\item_info.arc,item_info.arc,14992
0,,,,ui\00_message\common\item_info.gmd,\ui\item_info.arc,item_info.arc,14993
0,,,,ui\00_message\common\item_info.gmd,\ui\item_info.arc,item_info.arc,14994
0,,,,ui\00_message\common\item_info.gmd,\ui\item_info.arc,item_info.arc,14995
0,,,,ui\00_message\common\item_info.gmd,\ui\item_info.arc,item_info.arc,14996
0,,,,ui\00_message\common\item_info.gmd,\ui\item_info.arc,item_info.arc,14997
0,,,,ui\00_message\common\item_info.gmd,\ui\item_info.arc,item_info.arc,14998
0,,,,ui\00_message\common\item_info.gmd,\ui\item_info.arc,item_info.arc,14999
0,,,,ui\00_message\common\item_info.gmd,\ui\item_info.arc,item_info.arc,15000
0,,,,ui\00_message\common\item_info.gmd,\ui\item_info.arc,item_info.arc,15001
0,,,,ui\00_message\common\item_info.gmd,\ui\item_info.arc,item_info.arc,15002
0,,,,ui\00_message\common\item_info.gmd,\ui\item_info.arc,item_info.arc,15003
0,,,,ui\00_message\common\item_info.gmd,\ui\item_info.arc,item_info.arc,15004
0,,,,ui\00_message\common\item_info.gmd,\ui\item_info.arc,item_info.arc,15005
0,,,,ui\00_message\common\item_info.gmd,\ui\item_info.arc,item_info.arc,15006
0,,,,ui\00_message\common\item_info.gmd,\ui\item_info.arc,item_info.arc,15007
0,,,,ui\00_message\common\item_info.gmd,\ui\item_info.arc,item_info.arc,15008
0,,,,ui\00_message\common\item_info.gmd,\ui\item_info.arc,item_info.arc,15009
0,,,,ui\00_message\common\item_info.gmd,\ui\item_info.arc,item_info.arc,15010
0,,,,ui\00_message\common\item_info.gmd,\ui\item_info.arc,item_info.arc,15011
0,,,,ui\00_message\common\item_info.gmd,\ui\item_info.arc,item_info.arc,15012
0,,,,ui\00_message\common\item_info.gmd,\ui\item_info.arc,item_info.arc,15013
0,,,,ui\00_message\common\item_info.gmd,\ui\item_info.arc,item_info.arc,15014
0,,,,ui\00_message\common\item_info.gmd,\ui\item_info.arc,item_info.arc,15015
0,,,,ui\00_message\common\item_info.gmd,\ui\item_info.arc,item_info.arc,15016
0,,,,ui\00_message\common\item_info.gmd,\ui\item_info.arc,item_info.arc,15017
0,,,,ui\00_message\common\item_info.gmd,\ui\item_info.arc,item_info.arc,15018
0,,,,ui\00_message\common\item_info.gmd,\ui\item_info.arc,item_info.arc,15019
0,,,,ui\00_message\common\item_info.gmd,\ui\item_info.arc,item_info.arc,15020
0,,,,ui\00_message\common\item_info.gmd,\ui\item_info.arc,item_info.arc,15021
0,,,,ui\00_message\common\item_info.gmd,\ui\item_info.arc,item_info.arc,15022
0,,,,ui\00_message\common\item_info.gmd,\ui\item_info.arc,item_info.arc,15023
0,,,,ui\00_message\common\item_info.gmd,\ui\item_info.arc,item_info.arc,15024
0,,,,ui\00_message\common\item_info.gmd,\ui\item_info.arc,item_info.arc,15025
0,,,,ui\00_message\common\item_info.gmd,\ui\item_info.arc,item_info.arc,15026
0,,,,ui\00_message\common\item_info.gmd,\ui\item_info.arc,item_info.arc,15027
0,,,,ui\00_message\common\item_info.gmd,\ui\item_info.arc,item_info.arc,15028
0,,,,ui\00_message\common\item_info.gmd,\ui\item_info.arc,item_info.arc,15029
0,,,,ui\00_message\common\item_info.gmd,\ui\item_info.arc,item_info.arc,15030
0,,,,ui\00_message\common\item_info.gmd,\ui\item_info.arc,item_info.arc,15031
0,,,,ui\00_message\common\item_info.gmd,\ui\item_info.arc,item_info.arc,15032
0,,,,ui\00_message\common\item_info.gmd,\ui\item_info.arc,item_info.arc,15033
0,,,,ui\00_message\common\item_info.gmd,\ui\item_info.arc,item_info.arc,15034
0,,,,ui\00_message\common\item_info.gmd,\ui\item_info.arc,item_info.arc,15035
0,,,,ui\00_message\common\item_info.gmd,\ui\item_info.arc,item_info.arc,15036
0,,,,ui\00_message\common\item_info.gmd,\ui\item_info.arc,item_info.arc,15037
0,,,,ui\00_message\common\item_info.gmd,\ui\item_info.arc,item_info.arc,15038
0,,,,ui\00_message\common\item_info.gmd,\ui\item_info.arc,item_info.arc,15039
0,,,,ui\00_message\common\item_info.gmd,\ui\item_info.arc,item_info.arc,15040
0,,,,ui\00_message\common\item_info.gmd,\ui\item_info.arc,item_info.arc,15041
0,,,,ui\00_message\common\item_info.gmd,\ui\item_info.arc,item_info.arc,15042
0,,,,ui\00_message\common\item_info.gmd,\ui\item_info.arc,item_info.arc,15043
0,,,,ui\00_message\common\item_info.gmd,\ui\item_info.arc,item_info.arc,15044
0,,,,ui\00_message\common\item_info.gmd,\ui\item_info.arc,item_info.arc,15045
0,,,,ui\00_message\common\item_info.gmd,\ui\item_info.arc,item_info.arc,15046
0,,,,ui\00_message\common\item_info.gmd,\ui\item_info.arc,item_info.arc,15047
0,,,,ui\00_message\common\item_info.gmd,\ui\item_info.arc,item_info.arc,15048
0,,,,ui\00_message\common\item_info.gmd,\ui\item_info.arc,item_info.arc,15049
0,,,,ui\00_message\common\item_info.gmd,\ui\item_info.arc,item_info.arc,15050
0,,,,ui\00_message\common\item_info.gmd,\ui\item_info.arc,item_info.arc,15051
0,,,,ui\00_message\common\item_info.gmd,\ui\item_info.arc,item_info.arc,15052
0,,,,ui\00_message\common\item_info.gmd,\ui\item_info.arc,item_info.arc,15053
0,,,,ui\00_message\common\item_info.gmd,\ui\item_info.arc,item_info.arc,15054
0,,,,ui\00_message\common\item_info.gmd,\ui\item_info.arc,item_info.arc,15055
0,,,,ui\00_message\common\item_info.gmd,\ui\item_info.arc,item_info.arc,15056
0,,,,ui\00_message\common\item_info.gmd,\ui\item_info.arc,item_info.arc,15057
0,,,,ui\00_message\common\item_info.gmd,\ui\item_info.arc,item_info.arc,15058
0,,,,ui\00_message\common\item_info.gmd,\ui\item_info.arc,item_info.arc,15059
0,,,,ui\00_message\common\item_info.gmd,\ui\item_info.arc,item_info.arc,15060
0,,,,ui\00_message\common\item_info.gmd,\ui\item_info.arc,item_info.arc,15061
0,,,,ui\00_message\common\item_info.gmd,\ui\item_info.arc,item_info.arc,15062
0,,,,ui\00_message\common\item_info.gmd,\ui\item_info.arc,item_info.arc,15063
0,,,,ui\00_message\common\item_info.gmd,\ui\item_info.arc,item_info.arc,15064
0,,,,ui\00_message\common\item_info.gmd,\ui\item_info.arc,item_info.arc,15065
0,,,,ui\00_message\common\item_info.gmd,\ui\item_info.arc,item_info.arc,15066
0,,,,ui\00_message\common\item_info.gmd,\ui\item_info.arc,item_info.arc,15067
0,,,,ui\00_message\common\item_info.gmd,\ui\item_info.arc,item_info.arc,15068
0,,,,ui\00_message\common\item_info.gmd,\ui\item_info.arc,item_info.arc,15069
0,,,,ui\00_message\common\item_info.gmd,\ui\item_info.arc,item_info.arc,15070
0,,,,ui\00_message\common\item_info.gmd,\ui\item_info.arc,item_info.arc,15071
0,,,,ui\00_message\common\item_info.gmd,\ui\item_info.arc,item_info.arc,15072
0,,,,ui\00_message\common\item_info.gmd,\ui\item_info.arc,item_info.arc,15073
0,,,,ui\00_message\common\item_info.gmd,\ui\item_info.arc,item_info.arc,15074
0,,,,ui\00_message\common\item_info.gmd,\ui\item_info.arc,item_info.arc,15075
0,,,,ui\00_message\common\item_info.gmd,\ui\item_info.arc,item_info.arc,15076
0,,,,ui\00_message\common\item_info.gmd,\ui\item_info.arc,item_info.arc,15077
0,,,,ui\00_message\common\item_info.gmd,\ui\item_info.arc,item_info.arc,15078
0,,,,ui\00_message\common\item_info.gmd,\ui\item_info.arc,item_info.arc,15079
0,,,,ui\00_message\common\item_info.gmd,\ui\item_info.arc,item_info.arc,15080
0,,,,ui\00_message\common\item_info.gmd,\ui\item_info.arc,item_info.arc,15081
0,,,,ui\00_message\common\item_info.gmd,\ui\item_info.arc,item_info.arc,15082
0,,,,ui\00_message\common\item_info.gmd,\ui\item_info.arc,item_info.arc,15083
0,,,,ui\00_message\common\item_info.gmd,\ui\item_info.arc,item_info.arc,15084
0,,,,ui\00_message\common\item_info.gmd,\ui\item_info.arc,item_info.arc,15085
0,,,,ui\00_message\common\item_info.gmd,\ui\item_info.arc,item_info.arc,15086
0,,,,ui\00_message\common\item_info.gmd,\ui\item_info.arc,item_info.arc,15087
0,,,,ui\00_message\common\item_info.gmd,\ui\item_info.arc,item_info.arc,15088
0,,,,ui\00_message\common\item_info.gmd,\ui\item_info.arc,item_info.arc,15089
0,,,,ui\00_message\common\item_info.gmd,\ui\item_info.arc,item_info.arc,15090
0,,,,ui\00_message\common\item_info.gmd,\ui\item_info.arc,item_info.arc,15091
0,,,,ui\00_message\common\item_info.gmd,\ui\item_info.arc,item_info.arc,15092
0,,,,ui\00_message\common\item_info.gmd,\ui\item_info.arc,item_info.arc,15093
0,,,,ui\00_message\common\item_info.gmd,\ui\item_info.arc,item_info.arc,15094
0,,,,ui\00_message\common\item_info.gmd,\ui\item_info.arc,item_info.arc,15095
0,,,,ui\00_message\common\item_info.gmd,\ui\item_info.arc,item_info.arc,15096
0,,,,ui\00_message\common\item_info.gmd,\ui\item_info.arc,item_info.arc,15097
0,,,,ui\00_message\common\item_info.gmd,\ui\item_info.arc,item_info.arc,15098
0,,,,ui\00_message\common\item_info.gmd,\ui\item_info.arc,item_info.arc,15099
0,,,,ui\00_message\common\item_info.gmd,\ui\item_info.arc,item_info.arc,15100
0,,,,ui\00_message\common\item_info.gmd,\ui\item_info.arc,item_info.arc,15101
0,,,,ui\00_message\common\item_info.gmd,\ui\item_info.arc,item_info.arc,15102
0,,,,ui\00_message\common\item_info.gmd,\ui\item_info.arc,item_info.arc,15103
0,,,,ui\00_message\common\item_info.gmd,\ui\item_info.arc,item_info.arc,15104
0,,,,ui\00_message\common\item_info.gmd,\ui\item_info.arc,item_info.arc,15105
0,,,,ui\00_message\common\item_info.gmd,\ui\item_info.arc,item_info.arc,15106
0,,,,ui\00_message\common\item_info.gmd,\ui\item_info.arc,item_info.arc,15107
0,,,,ui\00_message\common\item_info.gmd,\ui\item_info.arc,item_info.arc,15108
0,,,,ui\00_message\common\item_info.gmd,\ui\item_info.arc,item_info.arc,15109
0,,,,ui\00_message\common\item_info.gmd,\ui\item_info.arc,item_info.arc,15110
0,,,,ui\00_message\common\item_info.gmd,\ui\item_info.arc,item_info.arc,15111
0,,,,ui\00_message\common\item_info.gmd,\ui\item_info.arc,item_info.arc,15112
0,,,,ui\00_message\common\item_info.gmd,\ui\item_info.arc,item_info.arc,15113
0,,,,ui\00_message\common\item_info.gmd,\ui\item_info.arc,item_info.arc,15114
0,,,,ui\00_message\common\item_info.gmd,\ui\item_info.arc,item_info.arc,15115
0,,,,ui\00_message\common\item_info.gmd,\ui\item_info.arc,item_info.arc,15116
0,,,,ui\00_message\common\item_info.gmd,\ui\item_info.arc,item_info.arc,15117
0,,,,ui\00_message\common\item_info.gmd,\ui\item_info.arc,item_info.arc,15118
0,,,,ui\00_message\common\item_info.gmd,\ui\item_info.arc,item_info.arc,15119
0,,,,ui\00_message\common\item_info.gmd,\ui\item_info.arc,item_info.arc,15120
0,,,,ui\00_message\common\item_info.gmd,\ui\item_info.arc,item_info.arc,15121
0,,,,ui\00_message\common\item_info.gmd,\ui\item_info.arc,item_info.arc,15122
0,,,,ui\00_message\common\item_info.gmd,\ui\item_info.arc,item_info.arc,15123
0,,,,ui\00_message\common\item_info.gmd,\ui\item_info.arc,item_info.arc,15124
0,,,,ui\00_message\common\item_info.gmd,\ui\item_info.arc,item_info.arc,15125
0,,,,ui\00_message\common\item_info.gmd,\ui\item_info.arc,item_info.arc,15126
0,,,,ui\00_message\common\item_info.gmd,\ui\item_info.arc,item_info.arc,15127
0,,,,ui\00_message\common\item_info.gmd,\ui\item_info.arc,item_info.arc,15128
0,,,,ui\00_message\common\item_info.gmd,\ui\item_info.arc,item_info.arc,15129
0,,,,ui\00_message\common\item_info.gmd,\ui\item_info.arc,item_info.arc,15130
0,,,,ui\00_message\common\item_info.gmd,\ui\item_info.arc,item_info.arc,15131
0,,,,ui\00_message\common\item_info.gmd,\ui\item_info.arc,item_info.arc,15132
0,,,,ui\00_message\common\item_info.gmd,\ui\item_info.arc,item_info.arc,15133
0,,,,ui\00_message\common\item_info.gmd,\ui\item_info.arc,item_info.arc,15134
0,,,,ui\00_message\common\item_info.gmd,\ui\item_info.arc,item_info.arc,15135
0,,,,ui\00_message\common\item_info.gmd,\ui\item_info.arc,item_info.arc,15136
0,,,,ui\00_message\common\item_info.gmd,\ui\item_info.arc,item_info.arc,15137
0,,,,ui\00_message\common\item_info.gmd,\ui\item_info.arc,item_info.arc,15138
0,,,,ui\00_message\common\item_info.gmd,\ui\item_info.arc,item_info.arc,15139
0,,,,ui\00_message\common\item_info.gmd,\ui\item_info.arc,item_info.arc,15140
0,,,,ui\00_message\common\item_info.gmd,\ui\item_info.arc,item_info.arc,15141
0,,,,ui\00_message\common\item_info.gmd,\ui\item_info.arc,item_info.arc,15142
0,,,,ui\00_message\common\item_info.gmd,\ui\item_info.arc,item_info.arc,15143
0,,,,ui\00_message\common\item_info.gmd,\ui\item_info.arc,item_info.arc,15144
0,,,,ui\00_message\common\item_info.gmd,\ui\item_info.arc,item_info.arc,15145
0,,,,ui\00_message\common\item_info.gmd,\ui\item_info.arc,item_info.arc,15146
0,,,,ui\00_message\common\item_info.gmd,\ui\item_info.arc,item_info.arc,15147
0,,,,ui\00_message\common\item_info.gmd,\ui\item_info.arc,item_info.arc,15148
0,,,,ui\00_message\common\item_info.gmd,\ui\item_info.arc,item_info.arc,15149
0,,,,ui\00_message\common\item_info.gmd,\ui\item_info.arc,item_info.arc,15150
0,,,,ui\00_message\common\item_info.gmd,\ui\item_info.arc,item_info.arc,15151
0,,,,ui\00_message\common\item_info.gmd,\ui\item_info.arc,item_info.arc,15152
0,,,,ui\00_message\common\item_info.gmd,\ui\item_info.arc,item_info.arc,15153
0,,,,ui\00_message\common\item_info.gmd,\ui\item_info.arc,item_info.arc,15154
0,,,,ui\00_message\common\item_info.gmd,\ui\item_info.arc,item_info.arc,15155
0,,,,ui\00_message\common\item_info.gmd,\ui\item_info.arc,item_info.arc,15156
0,,,,ui\00_message\common\item_info.gmd,\ui\item_info.arc,item_info.arc,15157
0,,,,ui\00_message\common\item_info.gmd,\ui\item_info.arc,item_info.arc,15158
0,,,,ui\00_message\common\item_info.gmd,\ui\item_info.arc,item_info.arc,15159
0,,,,ui\00_message\common\item_info.gmd,\ui\item_info.arc,item_info.arc,15160
0,,,,ui\00_message\common\item_info.gmd,\ui\item_info.arc,item_info.arc,15161
0,,,,ui\00_message\common\item_info.gmd,\ui\item_info.arc,item_info.arc,15162
0,,,,ui\00_message\common\item_info.gmd,\ui\item_info.arc,item_info.arc,15163
0,,,,ui\00_message\common\item_info.gmd,\ui\item_info.arc,item_info.arc,15164
0,,,,ui\00_message\common\item_info.gmd,\ui\item_info.arc,item_info.arc,15165
0,,,,ui\00_message\common\item_info.gmd,\ui\item_info.arc,item_info.arc,15166
0,,,,ui\00_message\common\item_info.gmd,\ui\item_info.arc,item_info.arc,15167
0,,,,ui\00_message\common\item_info.gmd,\ui\item_info.arc,item_info.arc,15168
0,,,,ui\00_message\common\item_info.gmd,\ui\item_info.arc,item_info.arc,15169
0,,,,ui\00_message\common\item_info.gmd,\ui\item_info.arc,item_info.arc,15170
0,,,,ui\00_message\common\item_info.gmd,\ui\item_info.arc,item_info.arc,15171
0,,,,ui\00_message\common\item_info.gmd,\ui\item_info.arc,item_info.arc,15172
0,,,,ui\00_message\common\item_info.gmd,\ui\item_info.arc,item_info.arc,15173
0,,,,ui\00_message\common\item_info.gmd,\ui\item_info.arc,item_info.arc,15174
0,,,,ui\00_message\common\item_info.gmd,\ui\item_info.arc,item_info.arc,15175
0,,,,ui\00_message\common\item_info.gmd,\ui\item_info.arc,item_info.arc,15176
0,,,,ui\00_message\common\item_info.gmd,\ui\item_info.arc,item_info.arc,15177
0,,,,ui\00_message\common\item_info.gmd,\ui\item_info.arc,item_info.arc,15178
0,,,,ui\00_message\common\item_info.gmd,\ui\item_info.arc,item_info.arc,15179
0,,,,ui\00_message\common\item_info.gmd,\ui\item_info.arc,item_info.arc,15180
0,,,,ui\00_message\common\item_info.gmd,\ui\item_info.arc,item_info.arc,15181
0,,,,ui\00_message\common\item_info.gmd,\ui\item_info.arc,item_info.arc,15182
0,,,,ui\00_message\common\item_info.gmd,\ui\item_info.arc,item_info.arc,15183
0,,,,ui\00_message\common\item_info.gmd,\ui\item_info.arc,item_info.arc,15184
0,,,,ui\00_message\common\item_info.gmd,\ui\item_info.arc,item_info.arc,15185
0,,,,ui\00_message\common\item_info.gmd,\ui\item_info.arc,item_info.arc,15186
0,,,,ui\00_message\common\item_info.gmd,\ui\item_info.arc,item_info.arc,15187
0,,,,ui\00_message\common\item_info.gmd,\ui\item_info.arc,item_info.arc,15188
0,,,,ui\00_message\common\item_info.gmd,\ui\item_info.arc,item_info.arc,15189
0,,,,ui\00_message\common\item_info.gmd,\ui\item_info.arc,item_info.arc,15190
0,,,,ui\00_message\common\item_info.gmd,\ui\item_info.arc,item_info.arc,15191
0,,,,ui\00_message\common\item_info.gmd,\ui\item_info.arc,item_info.arc,15192
0,,,,ui\00_message\common\item_info.gmd,\ui\item_info.arc,item_info.arc,15193
0,,,,ui\00_message\common\item_info.gmd,\ui\item_info.arc,item_info.arc,15194
0,,,,ui\00_message\common\item_info.gmd,\ui\item_info.arc,item_info.arc,15195
0,,,,ui\00_message\common\item_info.gmd,\ui\item_info.arc,item_info.arc,15196
0,,,,ui\00_message\common\item_info.gmd,\ui\item_info.arc,item_info.arc,15197
0,,,,ui\00_message\common\item_info.gmd,\ui\item_info.arc,item_info.arc,15198
0,,,,ui\00_message\common\item_info.gmd,\ui\item_info.arc,item_info.arc,15199
0,,,,ui\00_message\common\item_info.gmd,\ui\item_info.arc,item_info.arc,15200
0,,,,ui\00_message\common\item_info.gmd,\ui\item_info.arc,item_info.arc,15201
0,,,,ui\00_message\common\item_info.gmd,\ui\item_info.arc,item_info.arc,15202
0,,,,ui\00_message\common\item_info.gmd,\ui\item_info.arc,item_info.arc,15203
0,,,,ui\00_message\common\item_info.gmd,\ui\item_info.arc,item_info.arc,15204
0,,,,ui\00_message\common\item_info.gmd,\ui\item_info.arc,item_info.arc,15205
0,,,,ui\00_message\common\item_info.gmd,\ui\item_info.arc,item_info.arc,15206
0,,,,ui\00_message\common\item_info.gmd,\ui\item_info.arc,item_info.arc,15207
0,,,,ui\00_message\common\item_info.gmd,\ui\item_info.arc,item_info.arc,15208
0,,,,ui\00_message\common\item_info.gmd,\ui\item_info.arc,item_info.arc,15209
0,,,,ui\00_message\common\item_info.gmd,\ui\item_info.arc,item_info.arc,15210
0,,,,ui\00_message\common\item_info.gmd,\ui\item_info.arc,item_info.arc,15211
0,,,,ui\00_message\common\item_info.gmd,\ui\item_info.arc,item_info.arc,15212
0,,,,ui\00_message\common\item_info.gmd,\ui\item_info.arc,item_info.arc,15213
0,,,,ui\00_message\common\item_info.gmd,\ui\item_info.arc,item_info.arc,15214
0,,,,ui\00_message\common\item_info.gmd,\ui\item_info.arc,item_info.arc,15215
0,,,,ui\00_message\common\item_info.gmd,\ui\item_info.arc,item_info.arc,15216
0,,,,ui\00_message\common\item_info.gmd,\ui\item_info.arc,item_info.arc,15217
0,,,,ui\00_message\common\item_info.gmd,\ui\item_info.arc,item_info.arc,15218
0,,,,ui\00_message\common\item_info.gmd,\ui\item_info.arc,item_info.arc,15219
0,,,,ui\00_message\common\item_info.gmd,\ui\item_info.arc,item_info.arc,15220
0,,,,ui\00_message\common\item_info.gmd,\ui\item_info.arc,item_info.arc,15221
0,,,,ui\00_message\common\item_info.gmd,\ui\item_info.arc,item_info.arc,15222
0,,,,ui\00_message\common\item_info.gmd,\ui\item_info.arc,item_info.arc,15223
0,,,,ui\00_message\common\item_info.gmd,\ui\item_info.arc,item_info.arc,15224
0,,,,ui\00_message\common\item_info.gmd,\ui\item_info.arc,item_info.arc,15225
0,,,,ui\00_message\common\item_info.gmd,\ui\item_info.arc,item_info.arc,15226
0,,,,ui\00_message\common\item_info.gmd,\ui\item_info.arc,item_info.arc,15227
0,,,,ui\00_message\common\item_info.gmd,\ui\item_info.arc,item_info.arc,15228
0,,,,ui\00_message\common\item_info.gmd,\ui\item_info.arc,item_info.arc,15229
0,,,,ui\00_message\common\item_info.gmd,\ui\item_info.arc,item_info.arc,15230
0,,,,ui\00_message\common\item_info.gmd,\ui\item_info.arc,item_info.arc,15231
0,,,,ui\00_message\common\item_info.gmd,\ui\item_info.arc,item_info.arc,15232
0,,,,ui\00_message\common\item_info.gmd,\ui\item_info.arc,item_info.arc,15233
0,,,,ui\00_message\common\item_info.gmd,\ui\item_info.arc,item_info.arc,15234
0,,,,ui\00_message\common\item_info.gmd,\ui\item_info.arc,item_info.arc,15235
0,,,,ui\00_message\common\item_info.gmd,\ui\item_info.arc,item_info.arc,15236
0,,,,ui\00_message\common\item_info.gmd,\ui\item_info.arc,item_info.arc,15237
0,,,,ui\00_message\common\item_info.gmd,\ui\item_info.arc,item_info.arc,15238
0,,,,ui\00_message\common\item_info.gmd,\ui\item_info.arc,item_info.arc,15239
0,,,,ui\00_message\common\item_info.gmd,\ui\item_info.arc,item_info.arc,15240
0,,,,ui\00_message\common\item_info.gmd,\ui\item_info.arc,item_info.arc,15241
0,,,,ui\00_message\common\item_info.gmd,\ui\item_info.arc,item_info.arc,15242
0,,,,ui\00_message\common\item_info.gmd,\ui\item_info.arc,item_info.arc,15243
0,,,,ui\00_message\common\item_info.gmd,\ui\item_info.arc,item_info.arc,15244
0,,,,ui\00_message\common\item_info.gmd,\ui\item_info.arc,item_info.arc,15245
0,,,,ui\00_message\common\item_info.gmd,\ui\item_info.arc,item_info.arc,15246
0,,,,ui\00_message\common\item_info.gmd,\ui\item_info.arc,item_info.arc,15247
0,,,,ui\00_message\common\item_info.gmd,\ui\item_info.arc,item_info.arc,15248
0,,,,ui\00_message\common\item_info.gmd,\ui\item_info.arc,item_info.arc,15249
0,,,,ui\00_message\common\item_info.gmd,\ui\item_info.arc,item_info.arc,15250
0,,,,ui\00_message\common\item_info.gmd,\ui\item_info.arc,item_info.arc,15251
0,,,,ui\00_message\common\item_info.gmd,\ui\item_info.arc,item_info.arc,15252
0,,,,ui\00_message\common\item_info.gmd,\ui\item_info.arc,item_info.arc,15253
0,,,,ui\00_message\common\item_info.gmd,\ui\item_info.arc,item_info.arc,15254
0,,,,ui\00_message\common\item_info.gmd,\ui\item_info.arc,item_info.arc,15255
0,,,,ui\00_message\common\item_info.gmd,\ui\item_info.arc,item_info.arc,15256
0,,,,ui\00_message\common\item_info.gmd,\ui\item_info.arc,item_info.arc,15257
0,,,,ui\00_message\common\item_info.gmd,\ui\item_info.arc,item_info.arc,15258
0,,,,ui\00_message\common\item_info.gmd,\ui\item_info.arc,item_info.arc,15259
0,,,,ui\00_message\common\item_info.gmd,\ui\item_info.arc,item_info.arc,15260
0,,,,ui\00_message\common\item_info.gmd,\ui\item_info.arc,item_info.arc,15261
0,,,,ui\00_message\common\item_info.gmd,\ui\item_info.arc,item_info.arc,15262
0,,,,ui\00_message\common\item_info.gmd,\ui\item_info.arc,item_info.arc,15263
0,,,,ui\00_message\common\item_info.gmd,\ui\item_info.arc,item_info.arc,15264
0,,,,ui\00_message\common\item_info.gmd,\ui\item_info.arc,item_info.arc,15265
0,,,,ui\00_message\common\item_info.gmd,\ui\item_info.arc,item_info.arc,15266
0,,,,ui\00_message\common\item_info.gmd,\ui\item_info.arc,item_info.arc,15267
0,,,,ui\00_message\common\item_info.gmd,\ui\item_info.arc,item_info.arc,15268
0,,,,ui\00_message\common\item_info.gmd,\ui\item_info.arc,item_info.arc,15269
0,,,,ui\00_message\common\item_info.gmd,\ui\item_info.arc,item_info.arc,15270
0,,,,ui\00_message\common\item_info.gmd,\ui\item_info.arc,item_info.arc,15271
0,,,,ui\00_message\common\item_info.gmd,\ui\item_info.arc,item_info.arc,15272
0,,,,ui\00_message\common\item_info.gmd,\ui\item_info.arc,item_info.arc,15273
0,,,,ui\00_message\common\item_info.gmd,\ui\item_info.arc,item_info.arc,15274
0,,,,ui\00_message\common\item_info.gmd,\ui\item_info.arc,item_info.arc,15275
0,,,,ui\00_message\common\item_info.gmd,\ui\item_info.arc,item_info.arc,15276
0,,,,ui\00_message\common\item_info.gmd,\ui\item_info.arc,item_info.arc,15277
0,,,,ui\00_message\common\item_info.gmd,\ui\item_info.arc,item_info.arc,15278
0,,,,ui\00_message\common\item_info.gmd,\ui\item_info.arc,item_info.arc,15279
0,,,,ui\00_message\common\item_info.gmd,\ui\item_info.arc,item_info.arc,15280
0,,,,ui\00_message\common\item_info.gmd,\ui\item_info.arc,item_info.arc,15281
0,,,,ui\00_message\common\item_info.gmd,\ui\item_info.arc,item_info.arc,15282
0,,,,ui\00_message\common\item_info.gmd,\ui\item_info.arc,item_info.arc,15283
0,,,,ui\00_message\common\item_info.gmd,\ui\item_info.arc,item_info.arc,15284
0,,,,ui\00_message\common\item_info.gmd,\ui\item_info.arc,item_info.arc,15285
0,,,,ui\00_message\common\item_info.gmd,\ui\item_info.arc,item_info.arc,15286
0,,,,ui\00_message\common\item_info.gmd,\ui\item_info.arc,item_info.arc,15287
0,,,,ui\00_message\common\item_info.gmd,\ui\item_info.arc,item_info.arc,15288
0,,,,ui\00_message\common\item_info.gmd,\ui\item_info.arc,item_info.arc,15289
0,,,,ui\00_message\common\item_info.gmd,\ui\item_info.arc,item_info.arc,15290
0,,,,ui\00_message\common\item_info.gmd,\ui\item_info.arc,item_info.arc,15291
0,,,,ui\00_message\common\item_info.gmd,\ui\item_info.arc,item_info.arc,15292
0,,,,ui\00_message\common\item_info.gmd,\ui\item_info.arc,item_info.arc,15293
0,,,,ui\00_message\common\item_info.gmd,\ui\item_info.arc,item_info.arc,15294
0,,,,ui\00_message\common\item_info.gmd,\ui\item_info.arc,item_info.arc,15295
0,,,,ui\00_message\common\item_info.gmd,\ui\item_info.arc,item_info.arc,15296
0,,,,ui\00_message\common\item_info.gmd,\ui\item_info.arc,item_info.arc,15297
0,,,,ui\00_message\common\item_info.gmd,\ui\item_info.arc,item_info.arc,15298
0,,,,ui\00_message\common\item_info.gmd,\ui\item_info.arc,item_info.arc,15299
0,,,,ui\00_message\common\item_info.gmd,\ui\item_info.arc,item_info.arc,15300
0,,,,ui\00_message\common\item_info.gmd,\ui\item_info.arc,item_info.arc,15301
0,,,,ui\00_message\common\item_info.gmd,\ui\item_info.arc,item_info.arc,15302
0,,,,ui\00_message\common\item_info.gmd,\ui\item_info.arc,item_info.arc,15303
0,,,,ui\00_message\common\item_info.gmd,\ui\item_info.arc,item_info.arc,15304
0,,,,ui\00_message\common\item_info.gmd,\ui\item_info.arc,item_info.arc,15305
0,,,,ui\00_message\common\item_info.gmd,\ui\item_info.arc,item_info.arc,15306
0,,,,ui\00_message\common\item_info.gmd,\ui\item_info.arc,item_info.arc,15307
0,,,,ui\00_message\common\item_info.gmd,\ui\item_info.arc,item_info.arc,15308
0,,,,ui\00_message\common\item_info.gmd,\ui\item_info.arc,item_info.arc,15309
0,,,,ui\00_message\common\item_info.gmd,\ui\item_info.arc,item_info.arc,15310
0,,,,ui\00_message\common\item_info.gmd,\ui\item_info.arc,item_info.arc,15311
0,,,,ui\00_message\common\item_info.gmd,\ui\item_info.arc,item_info.arc,15312
0,,,,ui\00_message\common\item_info.gmd,\ui\item_info.arc,item_info.arc,15313
0,,,,ui\00_message\common\item_info.gmd,\ui\item_info.arc,item_info.arc,15314
0,,,,ui\00_message\common\item_info.gmd,\ui\item_info.arc,item_info.arc,15315
0,,,,ui\00_message\common\item_info.gmd,\ui\item_info.arc,item_info.arc,15316
0,,,,ui\00_message\common\item_info.gmd,\ui\item_info.arc,item_info.arc,15317
0,,,,ui\00_message\common\item_info.gmd,\ui\item_info.arc,item_info.arc,15318
0,,,,ui\00_message\common\item_info.gmd,\ui\item_info.arc,item_info.arc,15319
0,,,,ui\00_message\common\item_info.gmd,\ui\item_info.arc,item_info.arc,15320
0,,,,ui\00_message\common\item_info.gmd,\ui\item_info.arc,item_info.arc,15321
0,,,,ui\00_message\common\item_info.gmd,\ui\item_info.arc,item_info.arc,15322
0,,,,ui\00_message\common\item_info.gmd,\ui\item_info.arc,item_info.arc,15323
0,,,,ui\00_message\common\item_info.gmd,\ui\item_info.arc,item_info.arc,15324
0,,,,ui\00_message\common\item_info.gmd,\ui\item_info.arc,item_info.arc,15325
0,,,,ui\00_message\common\item_info.gmd,\ui\item_info.arc,item_info.arc,15326
0,,,,ui\00_message\common\item_info.gmd,\ui\item_info.arc,item_info.arc,15327
0,,,,ui\00_message\common\item_info.gmd,\ui\item_info.arc,item_info.arc,15328
0,,,,ui\00_message\common\item_info.gmd,\ui\item_info.arc,item_info.arc,15329
0,,,,ui\00_message\common\item_info.gmd,\ui\item_info.arc,item_info.arc,15330
0,,,,ui\00_message\common\item_info.gmd,\ui\item_info.arc,item_info.arc,15331
0,,,,ui\00_message\common\item_info.gmd,\ui\item_info.arc,item_info.arc,15332
0,,,,ui\00_message\common\item_info.gmd,\ui\item_info.arc,item_info.arc,15333
0,,,,ui\00_message\common\item_info.gmd,\ui\item_info.arc,item_info.arc,15334
0,,,,ui\00_message\common\item_info.gmd,\ui\item_info.arc,item_info.arc,15335
0,,,,ui\00_message\common\item_info.gmd,\ui\item_info.arc,item_info.arc,15336
0,,,,ui\00_message\common\item_info.gmd,\ui\item_info.arc,item_info.arc,15337
0,,,,ui\00_message\common\item_info.gmd,\ui\item_info.arc,item_info.arc,15338
0,,,,ui\00_message\common\item_info.gmd,\ui\item_info.arc,item_info.arc,15339
0,,,,ui\00_message\common\item_info.gmd,\ui\item_info.arc,item_info.arc,15340
0,,,,ui\00_message\common\item_info.gmd,\ui\item_info.arc,item_info.arc,15341
0,,,,ui\00_message\common\item_info.gmd,\ui\item_info.arc,item_info.arc,15342
0,,,,ui\00_message\common\item_info.gmd,\ui\item_info.arc,item_info.arc,15343
0,,,,ui\00_message\common\item_info.gmd,\ui\item_info.arc,item_info.arc,15344
0,,,,ui\00_message\common\item_info.gmd,\ui\item_info.arc,item_info.arc,15345
0,,,,ui\00_message\common\item_info.gmd,\ui\item_info.arc,item_info.arc,15346
0,,,,ui\00_message\common\item_info.gmd,\ui\item_info.arc,item_info.arc,15347
0,,,,ui\00_message\common\item_info.gmd,\ui\item_info.arc,item_info.arc,15348
0,,,,ui\00_message\common\item_info.gmd,\ui\item_info.arc,item_info.arc,15349
0,,,,ui\00_message\common\item_info.gmd,\ui\item_info.arc,item_info.arc,15350
0,,,,ui\00_message\common\item_info.gmd,\ui\item_info.arc,item_info.arc,15351
0,,,,ui\00_message\common\item_info.gmd,\ui\item_info.arc,item_info.arc,15352
0,,,,ui\00_message\common\item_info.gmd,\ui\item_info.arc,item_info.arc,15353
0,,,,ui\00_message\common\item_info.gmd,\ui\item_info.arc,item_info.arc,15354
0,,,,ui\00_message\common\item_info.gmd,\ui\item_info.arc,item_info.arc,15355
0,,,,ui\00_message\common\item_info.gmd,\ui\item_info.arc,item_info.arc,15356
0,,,,ui\00_message\common\item_info.gmd,\ui\item_info.arc,item_info.arc,15357
0,,,,ui\00_message\common\item_info.gmd,\ui\item_info.arc,item_info.arc,15358
0,,,,ui\00_message\common\item_info.gmd,\ui\item_info.arc,item_info.arc,15359
0,,,,ui\00_message\common\item_info.gmd,\ui\item_info.arc,item_info.arc,15360
0,,,,ui\00_message\common\item_info.gmd,\ui\item_info.arc,item_info.arc,15361
0,,,,ui\00_message\common\item_info.gmd,\ui\item_info.arc,item_info.arc,15362
0,,,,ui\00_message\common\item_info.gmd,\ui\item_info.arc,item_info.arc,15363
0,,,,ui\00_message\common\item_info.gmd,\ui\item_info.arc,item_info.arc,15364
0,,,,ui\00_message\common\item_info.gmd,\ui\item_info.arc,item_info.arc,15365
0,,,,ui\00_message\common\item_info.gmd,\ui\item_info.arc,item_info.arc,15366
0,,,,ui\00_message\common\item_info.gmd,\ui\item_info.arc,item_info.arc,15367
0,,,,ui\00_message\common\item_info.gmd,\ui\item_info.arc,item_info.arc,15368
0,,,,ui\00_message\common\item_info.gmd,\ui\item_info.arc,item_info.arc,15369
0,,,,ui\00_message\common\item_info.gmd,\ui\item_info.arc,item_info.arc,15370