#Index,Key,MsgJp,MsgEn,GmdPath,ArcPath,ArcName,ReadIndex
0,,,,ui\00_message\common\item_info.gmd,\ui\item_info.arc,item_info.arc,11371
0,,,,ui\00_message\common\item_info.gmd,\ui\item_info.arc,item_info.arc,11372
0,,,,ui\00_message\common\item_info.gmd,\ui\item_info.arc,item_info.arc,11373
0,,,,ui\00_message\common\item_info.gmd,\ui\item_info.arc,item_info.arc,11374
0,,,,ui\00_message\common\item_info.gmd,\ui\item_info.arc,item_info.arc,11375
0,,,,ui\00_message\common\item_info.gmd,\ui\item_info.arc,item_info.arc,11376
0,,,,ui\00_message\common\item_info.gmd,\ui\item_info.arc,item_info.arc,11377
0,,,,ui\00_message\common\item_info.gmd,\ui\item_info.arc,item_info.arc,11378
0,,,,ui\00_message\common\item_info.gmd,\ui\item_info.arc,item_info.arc,11379
0,,,,ui\00_message\common\item_info.gmd,\ui\item_info.arc,item_info.arc,11380
0,,,,ui\00_message\common\item_info.gmd,\ui\item_info.arc,item_info.arc,11381
0,,,,ui\00_message\common\item_info.gmd,\ui\item_info.arc,item_info.arc,11382
0,,,,ui\00_message\common\item_info.gmd,\ui\item_info.arc,item_info.arc,11383
0,,,,ui\00_message\common\item_info.gmd,\ui\item_info.arc,item_info.arc,11384
0,,,,ui\00_message\common\item_info.gmd,\ui\item_info.arc,item_info.arc,11385
0,,,,ui\00_message\common\item_info.gmd,\ui\item_info.arc,item_info.arc,11386
0,,,,ui\00_message\common\item_info.gmd,\ui\item_info.arc,item_info.arc,11387
0,,,,ui\00_message\common\item_info.gmd,\ui\item_info.arc,item_info.arc,11388
0,,,,ui\00_message\common\item_info.gmd,\ui\item_info.arc,item_info.arc,11389
0,,,,ui\00_message\common\item_info.gmd,\ui\item_info.arc,item_info.arc,11390
0,,,,ui\00_message\common\item_info.gmd,\ui\item_info.arc,item_info.arc,11391
0,,,,ui\00_message\common\item_info.gmd,\ui\item_info.arc,item_info.arc,11392
0,,,,ui\00_message\common\item_info.gmd,\ui\item_info.arc,item_info.arc,11393
0,,,,ui\00_message\common\item_info.gmd,\ui\item_info.arc,item_info.arc,11394
0,,,,ui\00_message\common\item_info.gmd,\ui\item_info.arc,item_info.arc,11395
0,,,,ui\00_message\common\item_info.gmd,\ui\item_info.arc,item_info.arc,11396
0,,,,ui\00_message\common\item_info.gmd,\ui\item_info.arc,item_info.arc,11397
0,,,,ui\00_message\common\item_info.gmd,\ui\item_info.arc,item_info.arc,11398
0,,,,ui\00_message\common\item_info.gmd,\ui\item_info.arc,item_info.arc,11399
0,,,,ui\00_message\common\item_info.gmd,\ui\item_info.arc,item_info.arc,11400
0,,,,ui\00_message\common\item_info.gmd,\ui\item_info.arc,item_info.arc,11401
0,,,,ui\00_message\common\item_info.gmd,\ui\item_info.arc,item_info.arc,11402
0,,,,ui\00_message\common\item_info.gmd,\ui\item_info.arc,item_info.arc,11403
0,,,,ui\00_message\common\item_info.gmd,\ui\item_info.arc,item_info.arc,11404
0,,,,ui\00_message\common\item_info.gmd,\ui\item_info.arc,item_info.arc,11405
0,,,,ui\00_message\common\item_info.gmd,\ui\item_info.arc,item_info.arc,11406
0,,,,ui\00_message\common\item_info.gmd,\ui\item_info.arc,item_info.arc,11407
0,,,,ui\00_message\common\item_info.gmd,\ui\item_info.arc,item_info.arc,11408
0,,,,ui\00_message\common\item_info.gmd,\ui\item_info.arc,item_info.arc,11409
0,,,,ui\00_message\common\item_info.gmd,\ui\item_info.arc,item_info.arc,11410
0,,,,ui\00_message\common\item_info.gmd,\ui\item_info.arc,item_info.arc,11411
0,,,,ui\00_message\common\item_info.gmd,\ui\item_info.arc,item_info.arc,11412
0,,,,ui\00_message\common\item_info.gmd,\ui\item_info.arc,item_info.arc,11413
0,,,,ui\00_message\common\item_info.gmd,\ui\item_info.arc,item_info.arc,11414
0,,,,ui\00_message\common\item_info.gmd,\ui\item_info.arc,item_info.arc,11415
0,,,,ui\00_message\common\item_info.gmd,\ui\item_info.arc,item_info.arc,11416
0,,,,ui\00_message\common\item_info.gmd,\ui\item_info.arc,item_info.arc,11417
0,,,,ui\00_message\common\item_info.gmd,\ui\item_info.arc,item_info.arc,11418
0,,,,ui\00_message\common\item_info.gmd,\ui\item_info.arc,item_info.arc,11419
0,,,,ui\00_message\common\item_info.gmd,\ui\item_info.arc,item_info.arc,11420
0,,,,ui\00_message\common\item_info.gmd,\ui\item_info.arc,item_info.arc,11421
0,,,,ui\00_message\common\item_info.gmd,\ui\item_info.arc,item_info.arc,11422
0,,,,ui\00_message\common\item_info.gmd,\ui\item_info.arc,item_info.arc,11423
0,,,,ui\00_message\common\item_info.gmd,\ui\item_info.arc,item_info.arc,11424
0,,,,ui\00_message\common\item_info.gmd,\ui\item_info.arc,item_info.arc,11425
0,,,,ui\00_message\common\item_info.gmd,\ui\item_info.arc,item_info.arc,11426
0,,,,ui\00_message\common\item_info.gmd,\ui\item_info.arc,item_info.arc,11427
0,,,,ui\00_message\common\item_info.gmd,\ui\item_info.arc,item_info.arc,11428
0,,,,ui\00_message\common\item_info.gmd,\ui\item_info.arc,item_info.arc,11429
0,,,,ui\00_message\common\item_info.gmd,\ui\item_info.arc,item_info.arc,11430
0,,,,ui\00_message\common\item_info.gmd,\ui\item_info.arc,item_info.arc,11431
0,,,,ui\00_message\common\item_info.gmd,\ui\item_info.arc,item_info.arc,11432
0,,,,ui\00_message\common\item_info.gmd,\ui\item_info.arc,item_info.arc,11433
0,,,,ui\00_message\common\item_info.gmd,\ui\item_info.arc,item_info.arc,11434
0,,,,ui\00_message\common\item_info.gmd,\ui\item_info.arc,item_info.arc,11435
0,,,,ui\00_message\common\item_info.gmd,\ui\item_info.arc,item_info.arc,11436
0,,,,ui\00_message\common\item_info.gmd,\ui\item_info.arc,item_info.arc,11437
0,,,,ui\00_message\common\item_info.gmd,\ui\item_info.arc,item_info.arc,11438
0,,,,ui\00_message\common\item_info.gmd,\ui\item_info.arc,item_info.arc,11439
0,,,,ui\00_message\common\item_info.gmd,\ui\item_info.arc,item_info.arc,11440
0,,,,ui\00_message\common\item_info.gmd,\ui\item_info.arc,item_info.arc,11441
0,,,,ui\00_message\common\item_info.gmd,\ui\item_info.arc,item_info.arc,11442
0,,,,ui\00_message\common\item_info.gmd,\ui\item_info.arc,item_info.arc,11443
0,,,,ui\00_message\common\item_info.gmd,\ui\item_info.arc,item_info.arc,11444
0,,,,ui\00_message\common\item_info.gmd,\ui\item_info.arc,item_info.arc,11445
0,,,,ui\00_message\common\item_info.gmd,\ui\item_info.arc,item_info.arc,11446
0,,,,ui\00_message\common\item_info.gmd,\ui\item_info.arc,item_info.arc,11447
0,,,,ui\00_message\common\item_info.gmd,\ui\item_info.arc,item_info.arc,11448
0,,,,ui\00_message\common\item_info.gmd,\ui\item_info.arc,item_info.arc,11449
0,,,,ui\00_message\common\item_info.gmd,\ui\item_info.arc,item_info.arc,11450
0,,,,ui\00_message\common\item_info.gmd,\ui\item_info.arc,item_info.arc,11451
0,,,,ui\00_message\common\item_info.gmd,\ui\item_info.arc,item_info.arc,11452
0,,,,ui\00_message\common\item_info.gmd,\ui\item_info.arc,item_info.arc,11453
0,,,,ui\00_message\common\item_info.gmd,\ui\item_info.arc,item_info.arc,11454
0,,,,ui\00_message\common\item_info.gmd,\ui\item_info.arc,item_info.arc,11455
0,,,,ui\00_message\common\item_info.gmd,\ui\item_info.arc,item_info.arc,11456
0,,,,ui\00_message\common\item_info.gmd,\ui\item_info.arc,item_info.arc,11457
0,,,,ui\00_message\common\item_info.gmd,\ui\item_info.arc,item_info.arc,11458
0,,,,ui\00_message\common\item_info.gmd,\ui\item_info.arc,item_info.arc,11459
0,,,,ui\00_message\common\item_info.gmd,\ui\item_info.arc,item_info.arc,11460
0,,,,ui\00_message\common\item_info.gmd,\ui\item_info.arc,item_info.arc,11461
0,,,,ui\00_message\common\item_info.gmd,\ui\item_info.arc,item_info.arc,11462
0,,,,ui\00_message\common\item_info.gmd,\ui\item_info.arc,item_info.arc,11463
0,,,,ui\00_message\common\item_info.gmd,\ui\item_info.arc,item_info.arc,11464
0,,,,ui\00_message\common\item_info.gmd,\ui\item_info.arc,item_info.arc,11465
0,,,,ui\00_message\common\item_info.gmd,\ui\item_info.arc,item_info.arc,11466
0,,,,ui\00_message\common\item_info.gmd,\ui\item_info.arc,item_info.arc,11467
0,,,,ui\00_message\common\item_info.gmd,\ui\item_info.arc,item_info.arc,11468
0,,,,ui\00_message\common\item_info.gmd,\ui\item_info.arc,item_info.arc,11469
0,,,,ui\00_message\common\item_info.gmd,\ui\item_info.arc,item_info.arc,11470
0,,,,ui\00_message\common\item_info.gmd,\ui\item_info.arc,item_info.arc,11471
0,,,,ui\00_message\common\item_info.gmd,\ui\item_info.arc,item_info.arc,11472
0,,,,ui\00_message\common\item_info.gmd,\ui\item_info.arc,item_info.arc,11473
0,,,,ui\00_message\common\item_info.gmd,\ui\item_info.arc,item_info.arc,11474
0,,,,ui\00_message\common\item_info.gmd,\ui\item_info.arc,item_info.arc,11475
0,,,,ui\00_message\common\item_info.gmd,\ui\item_info.arc,item_info.arc,11476
0,,,,ui\00_message\common\item_info.gmd,\ui\item_info.arc,item_info.arc,11477
0,,,,ui\00_message\common\item_info.gmd,\ui\item_info.arc,item_info.arc,11478
0,,,,ui\00_message\common\item_info.gmd,\ui\item_info.arc,item_info.arc,11479
0,,,,ui\00_message\common\item_info.gmd,\ui\item_info.arc,item_info.arc,11480
0,,,,ui\00_message\common\item_info.gmd,\ui\item_info.arc,item_info.arc,11481
0,,,,ui\00_message\common\item_info.gmd,\ui\item_info.arc,item_info.arc,11482
0,,,,ui\00_message\common\item_info.gmd,\ui\item_info.arc,item_info.arc,11483
0,,,,ui\00_message\common\item_info.gmd,\ui\item_info.arc,item_info.arc,11484
0,,,,ui\00_message\common\item_info.gmd,\ui\item_info.arc,item_info.arc,11485
0,,,,ui\00_message\common\item_info.gmd,\ui\item_info.arc,item_info.arc,11486
0,,,,ui\00_message\common\item_info.gmd,\ui\item_info.arc,item_info.arc,11487
0,,,,ui\00_message\common\item_info.gmd,\ui\item_info.arc,item_info.arc,11488
0,,,,ui\00_message\common\item_info.gmd,\ui\item_info.arc,item_info.arc,11489
0,,,,ui\00_message\common\item_info.gmd,\ui\item_info.arc,item_info.arc,11490
0,,,,ui\00_message\common\item_info.gmd,\ui\item_info.arc,item_info.arc,11491
0,,,,ui\00_message\common\item_info.gmd,\ui\item_info.arc,item_info.arc,11492
0,,,,ui\00_message\common\item_info.gmd,\ui\item_info.arc,item_info.arc,11493
0,,,,ui\00_message\common\item_info.gmd,\ui\item_info.arc,item_info.arc,11494
0,,,,ui\00_message\common\item_info.gmd,\ui\item_info.arc,item_info.arc,11495
0,,,,ui\00_message\common\item_info.gmd,\ui\item_info.arc,item_info.arc,11496
0,,,,ui\00_message\common\item_info.gmd,\ui\item_info.arc,item_info.arc,11497
0,,,,ui\00_message\common\item_info.gmd,\ui\item_info.arc,item_info.arc,11498
0,,,,ui\00_message\common\item_info.gmd,\ui\item_info.arc,item_info.arc,11499
0,,,,ui\00_message\common\item_info.gmd,\ui\item_info.arc,item_info.arc,11500
0,,,,ui\00_message\common\item_info.gmd,\ui\item_info.arc,item_info.arc,11501
0,,,,ui\00_message\common\item_info.gmd,\ui\item_info.arc,item_info.arc,11502
0,,,,ui\00_message\common\item_info.gmd,\ui\item_info.arc,item_info.arc,11503
0,,,,ui\00_message\common\item_info.gmd,\ui\item_info.arc,item_info.arc,11504
0,,,,ui\00_message\common\item_info.gmd,\ui\item_info.arc,item_info.arc,11505
0,,,,ui\00_message\common\item_info.gmd,\ui\item_info.arc,item_info.arc,11506
0,,,,ui\00_message\common\item_info.gmd,\ui\item_info.arc,item_info.arc,11507
0,,,,ui\00_message\common\item_info.gmd,\ui\item_info.arc,item_info.arc,11508
0,,,,ui\00_message\common\item_info.gmd,\ui\item_info.arc,item_info.arc,11509
0,,,,ui\00_message\common\item_info.gmd,\ui\item_info.arc,item_info.arc,11510
0,,,,ui\00_message\common\item_info.gmd,\ui\item_info.arc,item_info.arc,11511
0,,,,ui\00_message\common\item_info.gmd,\ui\item_info.arc,item_info.arc,11512
0,,,,ui\00_message\common\item_info.gmd,\ui\item_info.arc,item_info.arc,11513
0,,,,ui\00_message\common\item_info.gmd,\ui\item_info.arc,item_info.arc,11514
0,,,,ui\00_message\common\item_info.gmd,\ui\item_info.arc,item_info.arc,11515
0,,,,ui\00_message\common\item_info.gmd,\ui\item_info.arc,item_info.arc,11516
0,,,,ui\00_message\common\item_info.gmd,\ui\item_info.arc,item_info.arc,11517
0,,,,ui\00_message\common\item_info.gmd,\ui\item_info.arc,item_info.arc,11518
0,,,,ui\00_message\common\item_info.gmd,\ui\item_info.arc,item_info.arc,11519
0,,,,ui\00_message\common\item_info.gmd,\ui\item_info.arc,item_info.arc,11520
0,,,,ui\00_message\common\item_info.gmd,\ui\item_info.arc,item_info.arc,11521
0,,,,ui\00_message\common\item_info.gmd,\ui\item_info.arc,item_info.arc,11522
0,,,,ui\00_message\common\item_info.gmd,\ui\item_info.arc,item_info.arc,11523
0,,,,ui\00_message\common\item_info.gmd,\ui\item_info.arc,item_info.arc,11524
0,,,,ui\00_message\common\item_info.gmd,\ui\item_info.arc,item_info.arc,11525
0,,,,ui\00_message\common\item_info.gmd,\ui\item_info.arc,item_info.arc,11526
0,,,,ui\00_message\common\item_info.gmd,\ui\item_info.arc,item_info.arc,11527
0,,,,ui\00_message\common\item_info.gmd,\ui\item_info.arc,item_info.arc,11528
0,,,,ui\00_message\common\item_info.gmd,\ui\item_info.arc,item_info.arc,11529
0,,,,ui\00_message\common\item_info.gmd,\ui\item_info.arc,item_info.arc,11530
0,,,,ui\00_message\common\item_info.gmd,\ui\item_info.arc,item_info.arc,11531
0,,,,ui\00_message\common\item_info.gmd,\ui\item_info.arc,item_info.arc,11532
0,,,,ui\00_message\common\item_info.gmd,\ui\item_info.arc,item_info.arc,11533
0,,,,ui\00_message\common\item_info.gmd,\ui\item_info.arc,item_info.arc,11534
0,,,,ui\00_message\common\item_info.gmd,\ui\item_info.arc,item_info.arc,11535
0,,,,ui\00_message\common\item_info.gmd,\ui\item_info.arc,item_info.arc,11536
0,,,,ui\00_message\common\item_info.gmd,\ui\item_info.arc,item_info.arc,11537
0,,,,ui\00_message\common\item_info.gmd,\ui\item_info.arc,item_info.arc,11538
0,,,,ui\00_message\common\item_info.gmd,\ui\item_info.arc,item_info.arc,11539
0,,,,ui\00_message\common\item_info.gmd,\ui\item_info.arc,item_info.arc,11540
0,,,,ui\00_message\common\item_info.gmd,\ui\item_info.arc,item_info.arc,11541
0,,,,ui\00_message\common\item_info.gmd,\ui\item_info.arc,item_info.arc,11542
0,,,,ui\00_message\common\item_info.gmd,\ui\item_info.arc,item_info.arc,11543
0,,,,ui\00_message\common\item_info.gmd,\ui\item_info.arc,item_info.arc,11544
0,,,,ui\00_message\common\item_info.gmd,\ui\item_info.arc,item_info.arc,11545
0,,,,ui\00_message\common\item_info.gmd,\ui\item_info.arc,item_info.arc,11546
0,,,,ui\00_message\common\item_info.gmd,\ui\item_info.arc,item_info.arc,11547
0,,,,ui\00_message\common\item_info.gmd,\ui\item_info.arc,item_info.arc,11548
0,,,,ui\00_message\common\item_info.gmd,\ui\item_info.arc,item_info.arc,11549
0,,,,ui\00_message\common\item_info.gmd,\ui\item_info.arc,item_info.arc,11550
0,,,,ui\00_message\common\item_info.gmd,\ui\item_info.arc,item_info.arc,11551
0,,,,ui\00_message\common\item_info.gmd,\ui\item_info.arc,item_info.arc,11552
0,,,,ui\00_message\common\item_info.gmd,\ui\item_info.arc,item_info.arc,11553
0,,,,ui\00_message\common\item_info.gmd,\ui\item_info.arc,item_info.arc,11554
0,,,,ui\00_message\common\item_info.gmd,\ui\item_info.arc,item_info.arc,11555
0,,,,ui\00_message\common\item_info.gmd,\ui\item_info.arc,item_info.arc,11556
0,,,,ui\00_message\common\item_info.gmd,\ui\item_info.arc,item_info.arc,11557
0,,,,ui\00_message\common\item_info.gmd,\ui\item_info.arc,item_info.arc,11558
0,,,,ui\00_message\common\item_info.gmd,\ui\item_info.arc,item_info.arc,11559
0,,,,ui\00_message\common\item_info.gmd,\ui\item_info.arc,item_info.arc,11560
0,,,,ui\00_message\common\item_info.gmd,\ui\item_info.arc,item_info.arc,11561
0,,,,ui\00_message\common\item_info.gmd,\ui\item_info.arc,item_info.arc,11562
0,,,,ui\00_message\common\item_info.gmd,\ui\item_info.arc,item_info.arc,11563
0,,,,ui\00_message\common\item_info.gmd,\ui\item_info.arc,item_info.arc,11564
0,,,,ui\00_message\common\item_info.gmd,\ui\item_info.arc,item_info.arc,11565
0,,,,ui\00_message\common\item_info.gmd,\ui\item_info.arc,item_info.arc,11566
0,,,,ui\00_message\common\item_info.gmd,\ui\item_info.arc,item_info.arc,11567
0,,,,ui\00_message\common\item_info.gmd,\ui\item_info.arc,item_info.arc,11568
0,,,,ui\00_message\common\item_info.gmd,\ui\item_info.arc,item_info.arc,11569
0,,,,ui\00_message\common\item_info.gmd,\ui\item_info.arc,item_info.arc,11570
0,,,,ui\00_message\common\item_info.gmd,\ui\item_info.arc,item_info.arc,11571
0,,,,ui\00_message\common\item_info.gmd,\ui\item_info.arc,item_info.arc,11572
0,,,,ui\00_message\common\item_info.gmd,\ui\item_info.arc,item_info.arc,11573
0,,,,ui\00_message\common\item_info.gmd,\ui\item_info.arc,item_info.arc,11574
0,,,,ui\00_message\common\item_info.gmd,\ui\item_info.arc,item_info.arc,11575
0,,,,ui\00_message\common\item_info.gmd,\ui\item_info.arc,item_info.arc,11576
0,,,,ui\00_message\common\item_info.gmd,\ui\item_info.arc,item_info.arc,11577
0,,,,ui\00_message\common\item_info.gmd,\ui\item_info.arc,item_info.arc,11578
0,,,,ui\00_message\common\item_info.gmd,\ui\item_info.arc,item_info.arc,11579
0,,,,ui\00_message\common\item_info.gmd,\ui\item_info.arc,item_info.arc,11580
0,,,,ui\00_message\common\item_info.gmd,\ui\item_info.arc,item_info.arc,11581
0,,,,ui\00_message\common\item_info.gmd,\ui\item_info.arc,item_info.arc,11582
0,,,,ui\00_message\common\item_info.gmd,\ui\item_info.arc,item_info.arc,11583
0,,,,ui\00_message\common\item_info.gmd,\ui\item_info.arc,item_info.arc,11584
0,,,,ui\00_message\common\item_info.gmd,\ui\item_info.arc,item_info.arc,11585
0,,,,ui\00_message\common\item_info.gmd,\ui\item_info.arc,item_info.arc,11586
0,,,,ui\00_message\common\item_info.gmd,\ui\item_info.arc,item_info.arc,11587
0,,,,ui\00_message\common\item_info.gmd,\ui\item_info.arc,item_info.arc,11588
0,,,,ui\00_message\common\item_info.gmd,\ui\item_info.arc,item_info.arc,11589
0,,,,ui\00_message\common\item_info.gmd,\ui\item_info.arc,item_info.arc,11590
0,,,,ui\00_message\common\item_info.gmd,\ui\item_info.arc,item_info.arc,11591
0,,,,ui\00_message\common\item_info.gmd,\ui\item_info.arc,item_info.arc,11592
0,,,,ui\00_message\common\item_info.gmd,\ui\item_info.arc,item_info.arc,11593
0,,,,ui\00_message\common\item_info.gmd,\ui\item_info.arc,item_info.arc,11594
0,,,,ui\00_message\common\item_info.gmd,\ui\item_info.arc,item_info.arc,11595
0,,,,ui\00_message\common\item_info.gmd,\ui\item_info.arc,item_info.arc,11596
0,,,,ui\00_message\common\item_info.gmd,\ui\item_info.arc,item_info.arc,11597
0,,,,ui\00_message\common\item_info.gmd,\ui\item_info.arc,item_info.arc,11598
0,,,,ui\00_message\common\item_info.gmd,\ui\item_info.arc,item_info.arc,11599
0,,,,ui\00_message\common\item_info.gmd,\ui\item_info.arc,item_info.arc,11600
0,,,,ui\00_message\common\item_info.gmd,\ui\item_info.arc,item_info.arc,11601
0,,,,ui\00_message\common\item_info.gmd,\ui\item_info.arc,item_info.arc,11602
0,,,,ui\00_message\common\item_info.gmd,\ui\item_info.arc,item_info.arc,11603
0,,,,ui\00_message\common\item_info.gmd,\ui\item_info.arc,item_info.arc,11604
0,,,,ui\00_message\common\item_info.gmd,\ui\item_info.arc,item_info.arc,11605
0,,,,ui\00_message\common\item_info.gmd,\ui\item_info.arc,item_info.arc,11606
0,,,,ui\00_message\common\item_info.gmd,\ui\item_info.arc,item_info.arc,11607
0,,,,ui\00_message\common\item_info.gmd,\ui\item_info.arc,item_info.arc,11608
0,,,,ui\00_message\common\item_info.gmd,\ui\item_info.arc,item_info.arc,11609
0,,,,ui\00_message\common\item_info.gmd,\ui\item_info.arc,item_info.arc,11610
0,,,,ui\00_message\common\item_info.gmd,\ui\item_info.arc,item_info.arc,11611
0,,,,ui\00_message\common\item_info.gmd,\ui\item_info.arc,item_info.arc,11612
0,,,,ui\00_message\common\item_info.gmd,\ui\item_info.arc,item_info.arc,11613
0,,,,ui\00_message\common\item_info.gmd,\ui\item_info.arc,item_info.arc,11614
0,,,,ui\00_message\common\item_info.gmd,\ui\item_info.arc,item_info.arc,11615
0,,,,ui\00_message\common\item_info.gmd,\ui\item_info.arc,item_info.arc,11616
0,,,,ui\00_message\common\item_info.gmd,\ui\item_info.arc,item_info.arc,11617
0,,,,ui\00_message\common\item_info.gmd,\ui\item_info.arc,item_info.arc,11618
0,,,,ui\00_message\common\item_info.gmd,\ui\item_info.arc,item_info.arc,11619
0,,,,ui\00_message\common\item_info.gmd,\ui\item_info.arc,item_info.arc,11620
0,,,,ui\00_message\common\item_info.gmd,\ui\item_info.arc,item_info.arc,11621
0,,,,ui\00_message\common\item_info.gmd,\ui\item_info.arc,item_info.arc,11622
0,,,,ui\00_message\common\item_info.gmd,\ui\item_info.arc,item_info.arc,11623
0,,,,ui\00_message\common\item_info.gmd,\ui\item_info.arc,item_info.arc,11624
0,,,,ui\00_message\common\item_info.gmd,\ui\item_info.arc,item_info.arc,11625
0,,,,ui\00_message\common\item_info.gmd,\ui\item_info.arc,item_info.arc,11626
0,,,,ui\00_message\common\item_info.gmd,\ui\item_info.arc,item_info.arc,11627
0,,,,ui\00_message\common\item_info.gmd,\ui\item_info.arc,item_info.arc,11628
0,,,,ui\00_message\common\item_info.gmd,\ui\item_info.arc,item_info.arc,11629
0,,,,ui\00_message\common\item_info.gmd,\ui\item_info.arc,item_info.arc,11630
0,,,,ui\00_message\common\item_info.gmd,\ui\item_info.arc,item_info.arc,11631
0,,,,ui\00_message\common\item_info.gmd,\ui\item_info.arc,item_info.arc,11632
0,,,,ui\00_message\common\item_info.gmd,\ui\item_info.arc,item_info.arc,11633
0,,,,ui\00_message\common\item_info.gmd,\ui\item_info.arc,item_info.arc,11634
0,,,,ui\00_message\common\item_info.gmd,\ui\item_info.arc,item_info.arc,11635
0,,,,ui\00_message\common\item_info.gmd,\ui\item_info.arc,item_info.arc,11636
0,,,,ui\00_message\common\item_info.gmd,\ui\item_info.arc,item_info.arc,11637
0,,,,ui\00_message\common\item_info.gmd,\ui\item_info.arc,item_info.arc,11638
0,,,,ui\00_message\common\item_info.gmd,\ui\item_info.arc,item_info.arc,11639
0,,,,ui\00_message\common\item_info.gmd,\ui\item_info.arc,item_info.arc,11640
0,,,,ui\00_message\common\item_info.gmd,\ui\item_info.arc,item_info.arc,11641
0,,,,ui\00_message\common\item_info.gmd,\ui\item_info.arc,item_info.arc,11642
0,,,,ui\00_message\common\item_info.gmd,\ui\item_info.arc,item_info.arc,11643
0,,,,ui\00_message\common\item_info.gmd,\ui\item_info.arc,item_info.arc,11644
0,,,,ui\00_message\common\item_info.gmd,\ui\item_info.arc,item_info.arc,11645
0,,,,ui\00_message\common\item_info.gmd,\ui\item_info.arc,item_info.arc,11646
0,,,,ui\00_message\common\item_info.gmd,\ui\item_info.arc,item_info.arc,11647
0,,,,ui\00_message\common\item_info.gmd,\ui\item_info.arc,item_info.arc,11648
0,,,,ui\00_message\common\item_info.gmd,\ui\item_info.arc,item_info.arc,11649
0,,,,ui\00_message\common\item_info.gmd,\ui\item_info.arc,item_info.arc,11650
0,,,,ui\00_message\common\item_info.gmd,\ui\item_info.arc,item_info.arc,11651
0,,,,ui\00_message\common\item_info.gmd,\ui\item_info.arc,item_info.arc,11652
0,,,,ui\00_message\common\item_info.gmd,\ui\item_info.arc,item_info.arc,11653
0,,,,ui\00_message\common\item_info.gmd,\ui\item_info.arc,item_info.arc,11654
0,,,,ui\00_message\common\item_info.gmd,\ui\item_info.arc,item_info.arc,11655
0,,,,ui\00_message\common\item_info.gmd,\ui\item_info.arc,item_info.arc,11656
0,,,,ui\00_message\common\item_info.gmd,\ui\item_info.arc,item_info.arc,11657
0,,,,ui\00_message\common\item_info.gmd,\ui\item_info.arc,item_info.arc,11658
0,,,,ui\00_message\common\item_info.gmd,\ui\item_info.arc,item_info.arc,11659
0,,,,ui\00_message\common\item_info.gmd,\ui\item_info.arc,item_info.arc,11660
0,,,,ui\00_message\common\item_info.gmd,\ui\item_info.arc,item_info.arc,11661
0,,,,ui\00_message\common\item_info.gmd,\ui\item_info.arc,item_info.arc,11662
0,,,,ui\00_message\common\item_info.gmd,\ui\item_info.arc,item_info.arc,11663
0,,,,ui\00_message\common\item_info.gmd,\ui\item_info.arc,item_info.arc,11664
0,,,,ui\00_message\common\item_info.gmd,\ui\item_info.arc,item_info.arc,11665
0,,,,ui\00_message\common\item_info.gmd,\ui\item_info.arc,item_info.arc,11666
0,,,,ui\00_message\common\item_info.gmd,\ui\item_info.arc,item_info.arc,11667
0,,,,ui\00_message\common\item_info.gmd,\ui\item_info.arc,item_info.arc,11668
0,,,,ui\00_message\common\item_info.gmd,\ui\item_info.arc,item_info.arc,11669
0,,,,ui\00_message\common\item_info.gmd,\ui\item_info.arc,item_info.arc,11670
0,,,,ui\00_message\common\item_info.gmd,\ui\item_info.arc,item_info.arc,11671
0,,,,ui\00_message\common\item_info.gmd,\ui\item_info.arc,item_info.arc,11672
0,,,,ui\00_message\common\item_info.gmd,\ui\item_info.arc,item_info.arc,11673
0,,,,ui\00_message\common\item_info.gmd,\ui\item_info.arc,item_info.arc,11674
0,,,,ui\00_message\common\item_info.gmd,\ui\item_info.arc,item_info.arc,11675
0,,,,ui\00_message\common\item_info.gmd,\ui\item_info.arc,item_info.arc,11676
0,,,,ui\00_message\common\item_info.gmd,\ui\item_info.arc,item_info.arc,11677
0,,,,ui\00_message\common\item_info.gmd,\ui\item_info.arc,item_info.arc,11678
0,,,,ui\00_message\common\item_info.gmd,\ui\item_info.arc,item_info.arc,11679
0,,,,ui\00_message\common\item_info.gmd,\ui\item_info.arc,item_info.arc,11680
0,,,,ui\00_message\common\item_info.gmd,\ui\item_info.arc,item_info.arc,11681
0,,,,ui\00_message\common\item_info.gmd,\ui\item_info.arc,item_info.arc,11682
0,,,,ui\00_message\common\item_info.gmd,\ui\item_info.arc,item_info.arc,11683
0,,,,ui\00_message\common\item_info.gmd,\ui\item_info.arc,item_info.arc,11684
0,,,,ui\00_message\common\item_info.gmd,\ui\item_info.arc,item_info.arc,11685
0,,,,ui\00_message\common\item_info.gmd,\ui\item_info.arc,item_info.arc,11686
0,,,,ui\00_message\common\item_info.gmd,\ui\item_info.arc,item_info.arc,11687
0,,,,ui\00_message\common\item_info.gmd,\ui\item_info.arc,item_info.arc,11688
0,,,,ui\00_message\common\item_info.gmd,\ui\item_info.arc,item_info.arc,11689
0,,,,ui\00_message\common\item_info.gmd,\ui\item_info.arc,item_info.arc,11690
0,,,,ui\00_message\common\item_info.gmd,\ui\item_info.arc,item_info.arc,11691
0,,,,ui\00_message\common\item_info.gmd,\ui\item_info.arc,item_info.arc,11692
0,,,,ui\00_message\common\item_info.gmd,\ui\item_info.arc,item_info.arc,11693
0,,,,ui\00_message\common\item_info.gmd,\ui\item_info.arc,item_info.arc,11694
0,,,,ui\00_message\common\item_info.gmd,\ui\item_info.arc,item_info.arc,11695
0,,,,ui\00_message\common\item_info.gmd,\ui\item_info.arc,item_info.arc,11696
0,,,,ui\00_message\common\item_info.gmd,\ui\item_info.arc,item_info.arc,11697
0,,,,ui\00_message\common\item_info.gmd,\ui\item_info.arc,item_info.arc,11698
0,,,,ui\00_message\common\item_info.gmd,\ui\item_info.arc,item_info.arc,11699
0,,,,ui\00_message\common\item_info.gmd,\ui\item_info.arc,item_info.arc,11700
0,,,,ui\00_message\common\item_info.gmd,\ui\item_info.arc,item_info.arc,11701
0,,,,ui\00_message\common\item_info.gmd,\ui\item_info.arc,item_info.arc,11702
0,,,,ui\00_message\common\item_info.gmd,\ui\item_info.arc,item_info.arc,11703
0,,,,ui\00_message\common\item_info.gmd,\ui\item_info.arc,item_info.arc,11704
0,,,,ui\00_message\common\item_info.gmd,\ui\item_info.arc,item_info.arc,11705
0,,,,ui\00_message\common\item_info.gmd,\ui\item_info.arc,item_info.arc,11706
0,,,,ui\00_message\common\item_info.gmd,\ui\item_info.arc,item_info.arc,11707
0,,,,ui\00_message\common\item_info.gmd,\ui\item_info.arc,item_info.arc,11708
0,,,,ui\00_message\common\item_info.gmd,\ui\item_info.arc,item_info.arc,11709
0,,,,ui\00_message\common\item_info.gmd,\ui\item_info.arc,item_info.arc,11710
0,,,,ui\00_message\common\item_info.gmd,\ui\item_info.arc,item_info.arc,11711
0,,,,ui\00_message\common\item_info.gmd,\ui\item_info.arc,item_info.arc,11712
0,,,,ui\00_message\common\item_info.gmd,\ui\item_info.arc,item_info.arc,11713
0,,,,ui\00_message\common\item_info.gmd,\ui\item_info.arc,item_info.arc,11714
0,,,,ui\00_message\common\item_info.gmd,\ui\item_info.arc,item_info.arc,11715
0,,,,ui\00_message\common\item_info.gmd,\ui\item_info.arc,item_info.arc,11716
0,,,,ui\00_message\common\item_info.gmd,\ui\item_info.arc,item_info.arc,11717
0,,,,ui\00_message\common\item_info.gmd,\ui\item_info.arc,item_info.arc,11718
0,,,,ui\00_message\common\item_info.gmd,\ui\item_info.arc,item_info.arc,11719
0,,,,ui\00_message\common\item_info.gmd,\ui\item_info.arc,item_info.arc,11720
0,,,,ui\00_message\common\item_info.gmd,\ui\item_info.arc,item_info.arc,11721
0,,,,ui\00_message\common\item_info.gmd,\ui\item_info.arc,item_info.arc,11722
0,,,,ui\00_message\common\item_info.gmd,\ui\item_info.arc,item_info.arc,11723
0,,,,ui\00_message\common\item_info.gmd,\ui\item_info.arc,item_info.arc,11724
0,,,,ui\00_message\common\item_info.gmd,\ui\item_info.arc,item_info.arc,11725
0,,,,ui\00_message\common\item_info.gmd,\ui\item_info.arc,item_info.arc,11726
0,,,,ui\00_message\common\item_info.gmd,\ui\item_info.arc,item_info.arc,11727
0,,,,ui\00_message\common\item_info.gmd,\ui\item_info.arc,item_info.arc,11728
0,,,,ui\00_message\common\item_info.gmd,\ui\item_info.arc,item_info.arc,11729
0,,,,ui\00_message\common\item_info.gmd,\ui\item_info.arc,item_info.arc,11730
0,,,,ui\00_message\common\item_info.gmd,\ui\item_info.arc,item_info.arc,11731
0,,,,ui\00_message\common\item_info.gmd,\ui\item_info.arc,item_info.arc,11732
0,,,,ui\00_message\common\item_info.gmd,\ui\item_info.arc,item_info.arc,11733
0,,,,ui\00_message\common\item_info.gmd,\ui\item_info.arc,item_info.arc,11734
0,,,,ui\00_message\common\item_info.gmd,\ui\item_info.arc,item_info.arc,11735
0,,,,ui\00_message\common\item_info.gmd,\ui\item_info.arc,item_info.arc,11736
0,,,,ui\00_message\common\item_info.gmd,\ui\item_info.arc,item_info.arc,11737
0,,,,ui\00_message\common\item_info.gmd,\ui\item_info.arc,item_info.arc,11738
0,,,,ui\00_message\common\item_info.gmd,\ui\item_info.arc,item_info.arc,11739
0,,,,ui\00_message\common\item_info.gmd,\ui\item_info.arc,item_info.arc,11740
0,,,,ui\00_message\common\item_info.gmd,\ui\item_info.arc,item_info.arc,11741
0,,,,ui\00_message\common\item_info.gmd,\ui\item_info.arc,item_info.arc,11742
0,,,,ui\00_message\common\item_info.gmd,\ui\item_info.arc,item_info.arc,11743
0,,,,ui\00_message\common\item_info.gmd,\ui\item_info.arc,item_info.arc,11744
0,,,,ui\00_message\common\item_info.gmd,\ui\item_info.arc,item_info.arc,11745
0,,,,ui\00_message\common\item_info.gmd,\ui\item_info.arc,item_info.arc,11746
0,,,,ui\00_message\common\item_info.gmd,\ui\item_info.arc,item_info.arc,11747
0,,,,ui\00_message\common\item_info.gmd,\ui\item_info.arc,item_info.arc,11748
0,,,,ui\00_message\common\item_info.gmd,\ui\item_info.arc,item_info.arc,11749
0,,,,ui\00_message\common\item_info.gmd,\ui\item_info.arc,item_info.arc,11750
0,,,,ui\00_message\common\item_info.gmd,\ui\item_info.arc,item_info.arc,11751
0,,,,ui\00_message\common\item_info.gmd,\ui\item_info.arc,item_info.arc,11752
0,,,,ui\00_message\common\item_info.gmd,\ui\item_info.arc,item_info.arc,11753
0,,,,ui\00_message\common\item_info.gmd,\ui\item_info.arc,item_info.arc,11754
0,,,,ui\00_message\common\item_info.gmd,\ui\item_info.arc,item_info.arc,11755
0,,,,ui\00_message\common\item_info.gmd,\ui\item_info.arc,item_info.arc,11756
0,,,,ui\00_message\common\item_info.gmd,\ui\item_info.arc,item_info.arc,11757
0,,,,ui\00_message\common\item_info.gmd,\ui\item_info.arc,item_info.arc,11758
0,,,,ui\00_message\common\item_info.gmd,\ui\item_info.arc,item_info.arc,11759
0,,,,ui\00_message\common\item_info.gmd,\ui\item_info.arc,item_info.arc,11760
0,,,,ui\00_message\common\item_info.gmd,\ui\item_info.arc,item_info.arc,11761
0,,,,ui\00_message\common\item_info.gmd,\ui\item_info.arc,item_info.arc,11762
0,,,,ui\00_message\common\item_info.gmd,\ui\item_info.arc,item_info.arc,11763
0,,,,ui\00_message\common\item_info.gmd,\ui\item_info.arc,item_info.arc,11764
0,,,,ui\00_message\common\item_info.gmd,\ui\item_info.arc,item_info.arc,11765
0,,,,ui\00_message\common\item_info.gmd,\ui\item_info.arc,item_info.arc,11766
0,,,,ui\00_message\common\item_info.gmd,\ui\item_info.arc,item_info.arc,11767
0,,,,ui\00_message\common\item_info.gmd,\ui\item_info.arc,item_info.arc,11768
0,,,,ui\00_message\common\item_info.gmd,\ui\item_info.arc,item_info.arc,11769
0,,,,ui\00_message\common\item_info.gmd,\ui\item_info.arc,item_info.arc,11770
0,,,,ui\00_message\common\item_info.gmd,\ui\item_info.arc,item_info.arc,11771
0,,,,ui\00_message\common\item_info.gmd,\ui\item_info.arc,item_info.arc,11772
0,,,,ui\00_message\common\item_info.gmd,\ui\item_info.arc,item_info.arc,11773
0,,,,ui\00_message\common\item_info.gmd,\ui\item_info.arc,item_info.arc,11774
0,,,,ui\00_message\common\item_info.gmd,\ui\item_info.arc,item_info.arc,11775
0,,,,ui\00_message\common\item_info.gmd,\ui\item_info.arc,item_info.arc,11776
0,,,,ui\00_message\common\item_info.gmd,\ui\item_info.arc,item_info.arc,11777
0,,,,ui\00_message\common\item_info.gmd,\ui\item_info.arc,item_info.arc,11778
0,,,,ui\00_message\common\item_info.gmd,\ui\item_info.arc,item_info.arc,11779
0,,,,ui\00_message\common\item_info.gmd,\ui\item_info.arc,item_info.arc,11780
0,,,,ui\00_message\common\item_info.gmd,\ui\item_info.arc,item_info.arc,11781
0,,,,ui\00_message\common\item_info.gmd,\ui\item_info.arc,item_info.arc,11782
0,,,,ui\00_message\common\item_info.gmd,\ui\item_info.arc,item_info.arc,11783
0,,,,ui\00_message\common\item_info.gmd,\ui\item_info.arc,item_info.arc,11784
0,,,,ui\00_message\common\item_info.gmd,\ui\item_info.arc,item_info.arc,11785
0,,,,ui\00_message\common\item_info.gmd,\ui\item_info.arc,item_info.arc,11786
0,,,,ui\00_message\common\item_info.gmd,\ui\item_info.arc,item_info.arc,11787
0,,,,ui\00_message\common\item_info.gmd,\ui\item_info.arc,item_info.arc,11788
0,,,,ui\00_message\common\item_info.gmd,\ui\item_info.arc,item_info.arc,11789
0,,,,ui\00_message\common\item_info.gmd,\ui\item_info.arc,item_info.arc,11790
0,,,,ui\00_message\common\item_info.gmd,\ui\item_info.arc,item_info.arc,11791
0,,,,ui\00_message\common\item_info.gmd,\ui\item_info.arc,item_info.arc,11792
0,,,,ui\00_message\common\item_info.gmd,\ui\item_info.arc,item_info.arc,11793
0,,,,ui\00_message\common\item_info.gmd,\ui\item_info.arc,item_info.arc,11794
0,,,,ui\00_message\common\item_info.gmd,\ui\item_info.arc,item_info.arc,11795
0,,,,ui\00_message\common\item_info.gmd,\ui\item_info.arc,item_info.arc,11796
0,,,,ui\00_message\common\item_info.gmd,\ui\item_info.arc,item_info.arc,11797
0,,,,ui\00_message\common\item_info.gmd,\ui\item_info.arc,item_info.arc,11798
0,,,,ui\00_message\common\item_info.gmd,\ui\item_info.arc,item_info.arc,11799
0,,,,ui\00_message\common\item_info.gmd,\ui\item_info.arc,item_info.arc,11800
0,,,,ui\00_message\common\item_info.gmd,\ui\item_info.arc,item_info.arc,11801
0,,,,ui\00_message\common\item_info.gmd,\ui\item_info.arc,item_info.arc,11802
0,,,,ui\00_message\common\item_info.gmd,\ui\item_info.arc,item_info.arc,11803
0,,,,ui\00_message\common\item_info.gmd,\ui\item_info.arc,item_info.arc,11804
0,,,,ui\00_message\common\item_info.gmd,\ui\item_info.arc,item_info.arc,11805
0,,,,ui\00_message\common\item_info.gmd,\ui\item_info.arc,item_info.arc,11806
0,,,,ui\00_message\common\item_info.gmd,\ui\item_info.arc,item_info.arc,11807
0,,,,ui\00_message\common\item_info.gmd,\ui\item_info.arc,item_info.arc,11808
0,,,,ui\00_message\common\item_info.gmd,\ui\item_info.arc,item_info.arc,11809
0,,,,ui\00_message\common\item_info.gmd,\ui\item_info.arc,item_info.arc,11810
0,,,,ui\00_message\common\item_info.gmd,\ui\item_info.arc,item_info.arc,11811
0,,,,ui\00_message\common\item_info.gmd,\ui\item_info.arc,item_info.arc,11812
0,,,,ui\00_message\common\item_info.gmd,\ui\item_info.arc,item_info.arc,11813
0,,,,ui\00_message\common\item_info.gmd,\ui\item_info.arc,item_info.arc,11814
0,,,,ui\00_message\common\item_info.gmd,\ui\item_info.arc,item_info.arc,11815
0,,,,ui\00_message\common\item_info.gmd,\ui\item_info.arc,item_info.arc,11816
0,,,,ui\00_message\common\item_info.gmd,\ui\item_info.arc,item_info.arc,11817
0,,,,ui\00_message\common\item_info.gmd,\ui\item_info.arc,item_info.arc,11818
0,,,,ui\00_message\common\item_info.gmd,\ui\item_info.arc,item_info.arc,11819
0,,,,ui\00_message\common\item_info.gmd,\ui\item_info.arc,item_info.arc,11820
0,,,,ui\00_message\common\item_info.gmd,\ui\item_info.arc,item_info.arc,11821
0,,,,ui\00_message\common\item_info.gmd,\ui\item_info.arc,item_info.arc,11822
0,,,,ui\00_message\common\item_info.gmd,\ui\item_info.arc,item_info.arc,11823
0,,,,ui\00_message\common\item_info.gmd,\ui\item_info.arc,item_info.arc,11824
0,,,,ui\00_message\common\item_info.gmd,\ui\item_info.arc,item_info.arc,11825
0,,,,ui\00_message\common\item_info.gmd,\ui\item_info.arc,item_info.arc,11826
0,,,,ui\00_message\common\item_info.gmd,\ui\item_info.arc,item_info.arc,11827
0,,,,ui\00_message\common\item_info.gmd,\ui\item_info.arc,item_info.arc,11828
0,,,,ui\00_message\common\item_info.gmd,\ui\item_info.arc,item_info.arc,11829
0,,,,ui\00_message\common\item_info.gmd,\ui\item_info.arc,item_info.arc,11830
0,,,,ui\00_message\common\item_info.gmd,\ui\item_info.arc,item_info.arc,11831
0,,,,ui\00_message\common\item_info.gmd,\ui\item_info.arc,item_info.arc,11832
0,,,,ui\00_message\common\item_info.gmd,\ui\item_info.arc,item_info.arc,11833
0,,,,ui\00_message\common\item_info.gmd,\ui\item_info.arc,item_info.arc,11834
0,,,,ui\00_message\common\item_info.gmd,\ui\item_info.arc,item_info.arc,11835
0,,,,ui\00_message\common\item_info.gmd,\ui\item_info.arc,item_info.arc,11836
0,,,,ui\00_message\common\item_info.gmd,\ui\item_info.arc,item_info.arc,11837
0,,,,ui\00_message\common\item_info.gmd,\ui\item_info.arc,item_info.arc,11838
0,,,,ui\00_message\common\item_info.gmd,\ui\item_info.arc,item_info.arc,11839
0,,,,ui\00_message\common\item_info.gmd,\ui\item_info.arc,item_info.arc,11840
0,,,,ui\00_message\common\item_info.gmd,\ui\item_info.arc,item_info.arc,11841
0,,,,ui\00_message\common\item_info.gmd,\ui\item_info.arc,item_info.arc,11842
0,,,,ui\00_message\common\item_info.gmd,\ui\item_info.arc,item_info.arc,11843
0,,,,ui\00_message\common\item_info.gmd,\ui\item_info.arc,item_info.arc,11844
0,,,,ui\00_message\common\item_info.gmd,\ui\item_info.arc,item_info.arc,11845
0,,,,ui\00_message\common\item_info.gmd,\ui\item_info.arc,item_info.arc,11846
0,,,,ui\00_message\common\item_info.gmd,\ui\item_info.arc,item_info.arc,11847
0,,,,ui\00_message\common\item_info.gmd,\ui\item_info.arc,item_info.arc,11848
0,,,,ui\00_message\common\item_info.gmd,\ui\item_info.arc,item_info.arc,11849
0,,,,ui\00_message\common\item_info.gmd,\ui\item_info.arc,item_info.arc,11850
0,,,,ui\00_message\common\item_info.gmd,\ui\item_info.arc,item_info.arc,11851
0,,,,ui\00_message\common\item_info.gmd,\ui\item_info.arc,item_info.arc,11852
0,,,,ui\00_message\common\item_info.gmd,\ui\item_info.arc,item_info.arc,11853
0,,,,ui\00_message\common\item_info.gmd,\ui\item_info.arc,item_info.arc,11854
0,,,,ui\00_message\common\item_info.gmd,\ui\item_info.arc,item_info.arc,11855
0,,,,ui\00_message\common\item_info.gmd,\ui\item_info.arc,item_info.arc,11856
0,,,,ui\00_message\common\item_info.gmd,\ui\item_info.arc,item_info.arc,11857
0,,,,ui\00_message\common\item_info.gmd,\ui\item_info.arc,item_info.arc,11858
0,,,,ui\00_message\common\item_info.gmd,\ui\item_info.arc,item_info.arc,11859
0,,,,ui\00_message\common\item_info.gmd,\ui\item_info.arc,item_info.arc,11860
0,,,,ui\00_message\common\item_info.gmd,\ui\item_info.arc,item_info.arc,11861
0,,,,ui\00_message\common\item_info.gmd,\ui\item_info.arc,item_info.arc,11862
0,,,,ui\00_message\common\item_info.gmd,\ui\item_info.arc,item_info.arc,11863
0,,,,ui\00_message\common\item_info.gmd,\ui\item_info.arc,item_info.arc,11864
0,,,,ui\00_message\common\item_info.gmd,\ui\item_info.arc,item_info.arc,11865
0,,,,ui\00_message\common\item_info.gmd,\ui\item_info.arc,item_info.arc,11866
0,,,,ui\00_message\common\item_info.gmd,\ui\item_info.arc,item_info.arc,11867
0,,,,ui\00_message\common\item_info.gmd,\ui\item_info.arc,item_info.arc,11868
0,,,,ui\00_message\common\item_info.gmd,\ui\item_info.arc,item_info.arc,11869
0,,,,ui\00_message\common\item_info.gmd,\ui\item_info.arc,item_info.arc,11870
0,,,,ui\00_message\common\item_info.gmd,\ui\item_info.arc,item_info.arc,11871
0,,,,ui\00_message\common\item_info.gmd,\ui\item_info.arc,item_info.arc,11872
0,,,,ui\00_message\common\item_info.gmd,\ui\item_info.arc,item_info.arc,11873
0,,,,ui\00_message\common\item_info.gmd,\ui\item_info.arc,item_info.arc,11874
0,,,,ui\00_message\common\item_info.gmd,\ui\item_info.arc,item_info.arc,11875
0,,,,ui\00_message\common\item_info.gmd,\ui\item_info.arc,item_info.arc,11876
0,,,,ui\00_message\common\item_info.gmd,\ui\item_info.arc,item_info.arc,11877
0,,,,ui\00_message\common\item_info.gmd,\ui\item_info.arc,item_info.arc,11878
0,,,,ui\00_message\common\item_info.gmd,\ui\item_info.arc,item_info.arc,11879
0,,,,ui\00_message\common\item_info.gmd,\ui\item_info.arc,item_info.arc,11880
0,,,,ui\00_message\common\item_info.gmd,\ui\item_info.arc,item_info.arc,11881
0,,,,ui\00_message\common\item_info.gmd,\ui\item_info.arc,item_info.arc,11882
0,,,,ui\00_message\common\item_info.gmd,\ui\item_info.arc,item_info.arc,11883
0,,,,ui\00_message\common\item_info.gmd,\ui\item_info.arc,item_info.arc,11884
0,,,,ui\00_message\common\item_info.gmd,\ui\item_info.arc,item_info.arc,11885
0,,,,ui\00_message\common\item_info.gmd,\ui\item_info.arc,item_info.arc,11886
0,,,,ui\00_message\common\item_info.gmd,\ui\item_info.arc,item_info.arc,11887
0,,,,ui\00_message\common\item_info.gmd,\ui\item_info.arc,item_info.arc,11888
0,,,,ui\00_message\common\item_info.gmd,\ui\item_info.arc,item_info.arc,11889
0,,,,ui\00_message\common\item_info.gmd,\ui\item_info.arc,item_info.arc,11890
0,,,,ui\00_message\common\item_info.gmd,\ui\item_info.arc,item_info.arc,11891
0,,,,ui\00_message\common\item_info.gmd,\ui\item_info.arc,item_info.arc,11892
0,,,,ui\00_message\common\item_info.gmd,\ui\item_info.arc,item_info.arc,11893
0,,,,ui\00_message\common\item_info.gmd,\ui\item_info.arc,item_info.arc,11894
0,,,,ui\00_message\common\item_info.gmd,\ui\item_info.arc,item_info.arc,11895
0,,,,ui\00_message\common\item_info.gmd,\ui\item_info.arc,item_info.arc,11896
0,,,,ui\00_message\common\item_info.gmd,\ui\item_info.arc,item_info.arc,11897
0,,,,ui\00_message\common\item_info.gmd,\ui\item_info.arc,item_info.arc,11898
0,,,,ui\00_message\common\item_info.gmd,\ui\item_info.arc,item_info.arc,11899
0,,,,ui\00_message\common\item_info.gmd,\ui\item_info.arc,item_info.arc,11900
0,,,,ui\00_message\common\item_info.gmd,\ui\item_info.arc,item_info.arc,11901
0,,,,ui\00_message\common\item_info.gmd,\ui\item_info.arc,item_info.arc,11902
0,,,,ui\00_message\common\item_info.gmd,\ui\item_info.arc,item_info.arc,11903
0,,,,ui\00_message\common\item_info.gmd,\ui\item_info.arc,item_info.arc,11904
0,,,,ui\00_message\common\item_info.gmd,\ui\item_info.arc,item_info.arc,11905
0,,,,ui\00_message\common\item_info.gmd,\ui\item_info.arc,item_info.arc,11906
0,,,,ui\00_message\common\item_info.gmd,\ui\item_info.arc,item_info.arc,11907
0,,,,ui\00_message\common\item_info.gmd,\ui\item_info.arc,item_info.arc,11908
0,,,,ui\00_message\common\item_info.gmd,\ui\item_info.arc,item_info.arc,11909
0,,,,ui\00_message\common\item_info.gmd,\ui\item_info.arc,item_info.arc,11910
0,,,,ui\00_message\common\item_info.gmd,\ui\item_info.arc,item_info.arc,11911
0,,,,ui\00_message\common\item_info.gmd,\ui\item_info.arc,item_info.arc,11912
0,,,,ui\00_message\common\item_info.gmd,\ui\item_info.arc,item_info.arc,11913
0,,,,ui\00_message\common\item_info.gmd,\ui\item_info.arc,item_info.arc,11914
0,,,,ui\00_message\common\item_info.gmd,\ui\item_info.arc,item_info.arc,11915
0,,,,ui\00_message\common\item_info.gmd,\ui\item_info.arc,item_info.arc,11916
0,,,,ui\00_message\common\item_info.gmd,\ui\item_info.arc,item_info.arc,11917
0,,,,ui\00_message\common\item_info.gmd,\ui\item_info.arc,item_info.arc,11918
0,,,,ui\00_message\common\item_info.gmd,\ui\item_info.arc,item_info.arc,11919
0,,,,ui\00_message\common\item_info.gmd,\ui\item_info.arc,item_info.arc,11920
0,,,,ui\00_message\common\item_info.gmd,\ui\item_info.arc,item_info.arc,11921
0,,,,ui\00_message\common\item_info.gmd,\ui\item_info.arc,item_info.arc,11922
0,,,,ui\00_message\common\item_info.gmd,\ui\item_info.arc,item_info.arc,11923
0,,,,ui\00_message\common\item_info.gmd,\ui\item_info.arc,item_info.arc,11924
0,,,,ui\00_message\common\item_info.gmd,\ui\item_info.arc,item_info.arc,11925
0,,,,ui\00_message\common\item_info.gmd,\ui\item_info.arc,item_info.arc,11926
0,,,,ui\00_message\common\item_info.gmd,\ui\item_info.arc,item_info.arc,11927
0,,,,ui\00_message\common\item_info.gmd,\ui\item_info.arc,item_info.arc,11928
0,,,,ui\00_message\common\item_info.gmd,\ui\item_info.arc,item_info.arc,11929
0,,,,ui\00_message\common\item_info.gmd,\ui\item_info.arc,item_info.arc,11930
0,,,,ui\00_message\common\item_info.gmd,\ui\item_info.arc,item_info.arc,11931
0,,,,ui\00_message\common\item_info.gmd,\ui\item_info.arc,item_info.arc,11932
0,,,,ui\00_message\common\item_info.gmd,\ui\item_info.arc,item_info.arc,11933
0,,,,ui\00_message\common\item_info.gmd,\ui\item_info.arc,item_info.arc,11934
0,,,,ui\00_message\common\item_info.gmd,\ui\item_info.arc,item_info.arc,11935
0,,,,ui\00_message\common\item_info.gmd,\ui\item_info.arc,item_info.arc,11936
0,,,,ui\00_message\common\item_info.gmd,\ui\item_info.arc,item_info.arc,11937
0,,,,ui\00_message\common\item_info.gmd,\ui\item_info.arc,item_info.arc,11938
0,,,,ui\00_message\common\item_info.gmd,\ui\item_info.arc,item_info.arc,11939
0,,,,ui\00_message\common\item_info.gmd,\ui\item_info.arc,item_info.arc,11940
0,,,,ui\00_message\common\item_info.gmd,\ui\item_info.arc,item_info.arc,11941
0,,,,ui\00_message\common\item_info.gmd,\ui\item_info.arc,item_info.arc,11942
0,,,,ui\00_message\common\item_info.gmd,\ui\item_info.arc,item_info.arc,11943
0,,,,ui\00_message\common\item_info.gmd,\ui\item_info.arc,item_info.arc,11944
0,,,,ui\00_message\common\item_info.gmd,\ui\item_info.arc,item_info.arc,11945
0,,,,ui\00_message\common\item_info.gmd,\ui\item_info.arc,item_info.arc,11946
0,,,,ui\00_message\common\item_info.gmd,\ui\item_info.arc,item_info.arc,11947
0,,,,ui\00_message\common\item_info.gmd,\ui\item_info.arc,item_info.arc,11948
0,,,,ui\00_message\common\item_info.gmd,\ui\item_info.arc,item_info.arc,11949
0,,,,ui\00_message\common\item_info.gmd,\ui\item_info.arc,item_info.arc,11950
0,,,,ui\00_message\common\item_info.gmd,\ui\item_info.arc,item_info.arc,11951
0,,,,ui\00_message\common\item_info.gmd,\ui\item_info.arc,item_info.arc,11952
0,,,,ui\00_message\common\item_info.gmd,\ui\item_info.arc,item_info.arc,11953
0,,,,ui\00_message\common\item_info.gmd,\ui\item_info.arc,item_info.arc,11954
0,,,,ui\00_message\common\item_info.gmd,\ui\item_info.arc,item_info.arc,11955
0,,,,ui\00_message\common\item_info.gmd,\ui\item_info.arc,item_info.arc,11956
0,,,,ui\00_message\common\item_info.gmd,\ui\item_info.arc,item_info.arc,11957
0,,,,ui\00_message\common\item_info.gmd,\ui\item_info.arc,item_info.arc,11958
0,,,,ui\00_message\common\item_info.gmd,\ui\item_info.arc,item_info.arc,11959
0,,,,ui\00_message\common\item_info.gmd,\ui\item_info.arc,item_info.arc,11960
0,,,,ui\00_message\common\item_info.gmd,\ui\item_info.arc,item_info.arc,11961
0,,,,ui\00_message\common\item_info.gmd,\ui\item_info.arc,item_info.arc,11962
0,,,,ui\00_message\common\item_info.gmd,\ui\item_info.arc,item_info.arc,11963
0,,,,ui\00_message\common\item_info.gmd,\ui\item_info.arc,item_info.arc,11964
0,,,,ui\00_message\common\item_info.gmd,\ui\item_info.arc,item_info.arc,11965
0,,,,ui\00_message\common\item_info.gmd,\ui\item_info.arc,item_info.arc,11966
0,,,,ui\00_message\common\item_info.gmd,\ui\item_info.arc,item_info.arc,11967
0,,,,ui\00_message\common\item_info.gmd,\ui\item_info.arc,item_info.arc,11968
0,,,,ui\00_message\common\item_info.gmd,\ui\item_info.arc,item_info.arc,11969
0,,,,ui\00_message\common\item_info.gmd,\ui\item_info.arc,item_info.arc,11970
0,,,,ui\00_message\common\item_info.gmd,\ui\item_info.arc,item_info.arc,11971
0,,,,ui\00_message\common\item_info.gmd,\ui\item_info.arc,item_info.arc,11972
0,,,,ui\00_message\common\item_info.gmd,\ui\item_info.arc,item_info.arc,11973
0,,,,ui\00_message\common\item_info.gmd,\ui\item_info.arc,item_info.arc,11974
0,,,,ui\00_message\common\item_info.gmd,\ui\item_info.arc,item_info.arc,11975
0,,,,ui\00_message\common\item_info.gmd,\ui\item_info.arc,item_info.arc,11976
0,,,,ui\00_message\common\item_info.gmd,\ui\item_info.arc,item_info.arc,11977
0,,,,ui\00_message\common\item_info.gmd,\ui\item_info.arc,item_info.arc,11978
0,,,,ui\00_message\common\item_info.gmd,\ui\item_info.arc,item_info.arc,11979
0,,,,ui\00_message\common\item_info.gmd,\ui\item_info.arc,item_info.arc,11980
0,,,,ui\00_message\common\item_info.gmd,\ui\item_info.arc,item_info.arc,11981
0,,,,ui\00_message\common\item_info.gmd,\ui\item_info.arc,item_info.arc,11982
0,,,,ui\00_message\common\item_info.gmd,\ui\item_info.arc,item_info.arc,11983
0,,,,ui\00_message\common\item_info.gmd,\ui\item_info.arc,item_info.arc,11984
0,,,,ui\00_message\common\item_info.gmd,\ui\item_info.arc,item_info.arc,11985
0,,,,ui\00_message\common\item_info.gmd,\ui\item_info.arc,item_info.arc,11986
0,,,,ui\00_message\common\item_info.gmd,\ui\item_info.arc,item_info.arc,11987
0,,,,ui\00_message\common\item_info.gmd,\ui\item_info.arc,item_info.arc,11988
0,,,,ui\00_message\common\item_info.gmd,\ui\item_info.arc,item_info.arc,11989
0,,,,ui\00_message\common\item_info.gmd,\ui\item_info.arc,item_info.arc,11990
0,,,,ui\00_message\common\item_info.gmd,\ui\item_info.arc,item_info.arc,11991
0,,,,ui\00_message\common\item_info.gmd,\ui\item_info.arc,item_info.arc,11992
0,,,,ui\00_message\common\item_info.gmd,\ui\item_info.arc,item_info.arc,11993
0,,,,ui\00_message\common\item_info.gmd,\ui\item_info.arc,item_info.arc,11994
0,,,,ui\00_message\common\item_info.gmd,\ui\item_info.arc,item_info.arc,11995
0,,,,ui\00_message\common\item_info.gmd,\ui\item_info.arc,item_info.arc,11996
0,,,,ui\00_message\common\item_info.gmd,\ui\item_info.arc,item_info.arc,11997
0,,,,ui\00_message\common\item_info.gmd,\ui\item_info.arc,item_info.arc,11998
0,,,,ui\00_message\common\item_info.gmd,\ui\item_info.arc,item_info.arc,11999
0,,,,ui\00_message\common\item_info.gmd,\ui\item_info.arc,item_info.arc,12000
0,,,,ui\00_message\common\item_info.gmd,\ui\item_info.arc,item_info.arc,12001
0,,,,ui\00_message\common\item_info.gmd,\ui\item_info.arc,item_info.arc,12002
0,,,,ui\00_message\common\item_info.gmd,\ui\item_info.arc,item_info.arc,12003
0,,,,ui\00_message\common\item_info.gmd,\ui\item_info.arc,item_info.arc,12004
0,,,,ui\00_message\common\item_info.gmd,\ui\item_info.arc,item_info.arc,12005
0,,,,ui\00_message\common\item_info.gmd,\ui\item_info.arc,item_info.arc,12006
0,,,,ui\00_message\common\item_info.gmd,\ui\item_info.arc,item_info.arc,12007
0,,,,ui\00_message\common\item_info.gmd,\ui\item_info.arc,item_info.arc,12008
0,,,,ui\00_message\common\item_info.gmd,\ui\item_info.arc,item_info.arc,12009
0,,,,ui\00_message\common\item_info.gmd,\ui\item_info.arc,item_info.arc,12010
0,,,,ui\00_message\common\item_info.gmd,\ui\item_info.arc,item_info.arc,12011
0,,,,ui\00_message\common\item_info.gmd,\ui\item_info.arc,item_info.arc,12012
0,,,,ui\00_message\common\item_info.gmd,\ui\item_info.arc,item_info.arc,12013
0,,,,ui\00_message\common\item_info.gmd,\ui\item_info.arc,item_info.arc,12014
0,,,,ui\00_message\common\item_info.gmd,\ui\item_info.arc,item_info.arc,12015
0,,,,ui\00_message\common\item_info.gmd,\ui\item_info.arc,item_info.arc,12016
0,,,,ui\00_message\common\item_info.gmd,\ui\item_info.arc,item_info.arc,12017
0,,,,ui\00_message\common\item_info.gmd,\ui\item_info.arc,item_info.arc,12018
0,,,,ui\00_message\common\item_info.gmd,\ui\item_info.arc,item_info.arc,12019
0,,,,ui\00_message\common\item_info.gmd,\ui\item_info.arc,item_info.arc,12020
0,,,,ui\00_message\common\item_info.gmd,\ui\item_info.arc,item_info.arc,12021
0,,,,ui\00_message\common\item_info.gmd,\ui\item_info.arc,item_info.arc,12022
0,,,,ui\00_message\common\item_info.gmd,\ui\item_info.arc,item_info.arc,12023
0,,,,ui\00_message\common\item_info.gmd,\ui\item_info.arc,item_info.arc,12024
0,,,,ui\00_message\common\item_info.gmd,\ui\item_info.arc,item_info.arc,12025
0,,,,ui\00_message\common\item_info.gmd,\ui\item_info.arc,item_info.arc,12026
0,,,,ui\00_message\common\item_info.gmd,\ui\item_info.arc,item_info.arc,12027
0,,,,ui\00_message\common\item_info.gmd,\ui\item_info.arc,item_info.arc,12028
0,,,,ui\00_message\common\item_info.gmd,\ui\item_info.arc,item_info.arc,12029
0,,,,ui\00_message\common\item_info.gmd,\ui\item_info.arc,item_info.arc,12030
0,,,,ui\00_message\common\item_info.gmd,\ui\item_info.arc,item_info.arc,12031
0,,,,ui\00_message\common\item_info.gmd,\ui\item_info.arc,item_info.arc,12032
0,,,,ui\00_message\common\item_info.gmd,\ui\item_info.arc,item_info.arc,12033
0,,,,ui\00_message\common\item_info.gmd,\ui\item_info.arc,item_info.arc,12034
0,,,,ui\00_message\common\item_info.gmd,\ui\item_info.arc,item_info.arc,12035
0,,,,ui\00_message\common\item_info.gmd,\ui\item_info.arc,item_info.arc,12036
0,,,,ui\00_message\common\item_info.gmd,\ui\item_info.arc,item_info.arc,12037
0,,,,ui\00_message\common\item_info.gmd,\ui\item_info.arc,item_info.arc,12038
0,,,,ui\00_message\common\item_info.gmd,\ui\item_info.arc,item_info.arc,12039
0,,,,ui\00_message\common\item_info.gmd,\ui\item_info.arc,item_info.arc,12040
0,,,,ui\00_message\common\item_info.gmd,\ui\item_info.arc,item_info.arc,12041
0,,,,ui\00_message\common\item_info.gmd,\ui\item_info.arc,item_info.arc,12042
0,,,,ui\00_message\common\item_info.gmd,\ui\item_info.arc,item_info.arc,12043
0,,,,ui\00_message\common\item_info.gmd,\ui\item_info.arc,item_info.arc,12044
0,,,,ui\00_message\common\item_info.gmd,\ui\item_info.arc,item_info.arc,12045
0,,,,ui\00_message\common\item_info.gmd,\ui\item_info.arc,item_info.arc,12046
0,,,,ui\00_message\common\item_info.gmd,\ui\item_info.arc,item_info.arc,12047
0,,,,ui\00_message\common\item_info.gmd,\ui\item_info.arc,item_info.arc,12048
0,,,,ui\00_message\common\item_info.gmd,\ui\item_info.arc,item_info.arc,12049
0,,,,ui\00_message\common\item_info.gmd,\ui\item_info.arc,item_info.arc,12050
0,,,,ui\00_message\common\item_info.gmd,\ui\item_info.arc,item_info.arc,12051
0,,,,ui\00_message\common\item_info.gmd,\ui\item_info.arc,item_info.arc,12052
0,,,,ui\00_message\common\item_info.gmd,\ui\item_info.arc,item_info.arc,12053
0,,,,ui\00_message\common\item_info.gmd,\ui\item_info.arc,item_info.arc,12054
0,,,,ui\00_message\common\item_info.gmd,\ui\item_info.arc,item_info.arc,12055
0,,,,ui\00_message\common\item_info.gmd,\ui\item_info.arc,item_info.arc,12056
0,,,,ui\00_message\common\item_info.gmd,\ui\item_info.arc,item_info.arc,12057
0,,,,ui\00_message\common\item_info.gmd,\ui\item_info.arc,item_info.arc,12058
0,,,,ui\00_message\common\item_info.gmd,\ui\item_info.arc,item_info.arc,12059
0,,,,ui\00_message\common\item_info.gmd,\ui\item_info.arc,item_info.arc,12060
0,,,,ui\00_message\common\item_info.gmd,\ui\item_info.arc,item_info.arc,12061
0,,,,ui\00_message\common\item_info.gmd,\ui\item_info.arc,item_info.arc,12062
0,,,,ui\00_message\common\item_info.gmd,\ui\item_info.arc,item_info.arc,12063
0,,,,ui\00_message\common\item_info.gmd,\ui\item_info.arc,item_info.arc,12064
0,,,,ui\00_message\common\item_info.gmd,\ui\item_info.arc,item_info.arc,12065
0,,,,ui\00_message\common\item_info.gmd,\ui\item_info.arc,item_info.arc,12066
0,,,,ui\00_message\common\item_info.gmd,\ui\item_info.arc,item_info.arc,12067
0,,,,ui\00_message\common\item_info.gmd,\ui\item_info.arc,item_info.arc,12068
0,,,,ui\00_message\common\item_info.gmd,\ui\item_info.arc,item_info.arc,12069
0,,,,ui\00_message\common\item_info.gmd,\ui\item_info.arc,item_info.arc,12070
0,,,,ui\00_message\common\item_info.gmd,\ui\item_info.arc,item_info.arc,12071
0,,,,ui\00_message\common\item_info.gmd,\ui\item_info.arc,item_info.arc,12072
0,,,,ui\00_message\common\item_info.gmd,\ui\item_info.arc,item_info.arc,12073
0,,,,ui\00_message\common\item_info.gmd,\ui\item_info.arc,item_info.arc,12074
0,,,,ui\00_message\common\item_info.gmd,\ui\item_info.arc,item_info.arc,12075
0,,,,ui\00_message\common\item_info.gmd,\ui\item_info.arc,item_info.arc,12076
0,,,,ui\00_message\common\item_info.gmd,\ui\item_info.arc,item_info.arc,12077
0,,,,ui\00_message\common\item_info.gmd,\ui\item_info.arc,item_info.arc,12078
0,,,,ui\00_message\common\item_info.gmd,\ui\item_info.arc,item_info.arc,12079
0,,,,ui\00_message\common\item_info.gmd,\ui\item_info.arc,item_info.arc,12080
0,,,,ui\00_message\common\item_info.gmd,\ui\item_info.arc,item_info.arc,12081
0,,,,ui\00_message\common\item_info.gmd,\ui\item_info.arc,item_info.arc,12082
0,,,,ui\00_message\common\item_info.gmd,\ui\item_info.arc,item_info.arc,12083
0,,,,ui\00_message\common\item_info.gmd,\ui\item_info.arc,item_info.arc,12084
0,,,,ui\00_message\common\item_info.gmd,\ui\item_info.arc,item_info.arc,12085
0,,,,ui\00_message\common\item_info.gmd,\ui\item_info.arc,item_info.arc,12086
0,,,,ui\00_message\common\item_info.gmd,\ui\item_info.arc,item_info.arc,12087
0,,,,ui\00_message\common\item_info.gmd,\ui\item_info.arc,item_info.arc,12088
0,,,,ui\00_message\common\item_info.gmd,\ui\item_info.arc,item_info.arc,12089
0,,,,ui\00_message\common\item_info.gmd,\ui\item_info.arc,item_info.arc,12090
0,,,,ui\00_message\common\item_info.gmd,\ui\item_info.arc,item_info.arc,12091
0,,,,ui\00_message\common\item_info.gmd,\ui\item_info.arc,item_info.arc,12092
0,,,,ui\00_message\common\item_info.gmd,\ui\item_info.arc,item_info.arc,12093
0,,,,ui\00_message\common\item_info.gmd,\ui\item_info.arc,item_info.arc,12094
0,,,,ui\00_message\common\item_info.gmd,\ui\item_info.arc,item_info.arc,12095
0,,,,ui\00_message\common\item_info.gmd,\ui\item_info.arc,item_info.arc,12096
0,,,,ui\00_message\common\item_info.gmd,\ui\item_info.arc,item_info.arc,12097
0,,,,ui\00_message\common\item_info.gmd,\ui\item_info.arc,item_info.arc,12098
0,,,,ui\00_message\common\item_info.gmd,\ui\item_info.arc,item_info.arc,12099
0,,,,ui\00_message\common\item_info.gmd,\ui\item_info.arc,item_info.arc,12100
0,,,,ui\00_message\common\item_info.gmd,\ui\item_info.arc,item_info.arc,12101
0,,,,ui\00_message\common\item_info.gmd,\ui\item_info.arc,item_info.arc,12102
0,,,,ui\00_message\common\item_info.gmd,\ui\item_info.arc,item_info.arc,12103
0,,,,ui\00_message\common\item_info.gmd,\ui\item_info.arc,item_info.arc,12104
0,,,,ui\00_message\common\item_info.gmd,\ui\item_info.arc,item_info.arc,12105
0,,,,ui\00_message\common\item_info.gmd,\ui\item_info.arc,item_info.arc,12106
0,,,,ui\00_message\common\item_info.gmd,\ui\item_info.arc,item_info.arc,12107
0,,,,ui\00_message\common\item_info.gmd,\ui\item_info.arc,item_info.arc,12108
0,,,,ui\00_message\common\item_info.gmd,\ui\item_info.arc,item_info.arc,12109
0,,,,ui\00_message\common\item_info.gmd,\ui\item_info.arc,item_info.arc,12110
0,,,,ui\00_message\common\item_info.gmd,\ui\item_info.arc,item_info.arc,12111
0,,,,ui\00_message\common\item_info.gmd,\ui\item_info.arc,item_info.arc,12112
0,,,,ui\00_message\common\item_info.gmd,\ui\item_info.arc,item_info.arc,12113
0,,,,ui\00_message\common\item_info.gmd,\ui\item_info.arc,item_info.arc,12114
0,,,,ui\00_message\common\item_info.gmd,\ui\item_info.arc,item_info.arc,12115
0,,,,ui\00_message\common\item_info.gmd,\ui\item_info.arc,item_info.arc,12116
0,,,,ui\00_message\common\item_info.gmd,\ui\item_info.arc,item_info.arc,12117
0,,,,ui\00_message\common\item_info.gmd,\ui\item_info.arc,item_info.arc,12118
0,,,,ui\00_message\common\item_info.gmd,\ui\item_info.arc,item_info.arc,12119
0,,,,ui\00_message\common\item_info.gmd,\ui\item_info.arc,item_info.arc,12120
0,,,,ui\00_message\common\item_info.gmd,\ui\item_info.arc,item_info.arc,12121
0,,,,ui\00_message\common\item_info.gmd,\ui\item_info.arc,item_info.arc,12122
0,,,,ui\00_message\common\item_info.gmd,\ui\item_info.arc,item_info.arc,12123
0,,,,ui\00_message\common\item_info.gmd,\ui\item_info.arc,item_info.arc,12124
0,,,,ui\00_message\common\item_info.gmd,\ui\item_info.arc,item_info.arc,12125
0,,,,ui\00_message\common\item_info.gmd,\ui\item_info.arc,item_info.arc,12126
0,,,,ui\00_message\common\item_info.gmd,\ui\item_info.arc,item_info.arc,12127
0,,,,ui\00_message\common\item_info.gmd,\ui\item_info.arc,item_info.arc,12128
0,,,,ui\00_message\common\item_info.gmd,\ui\item_info.arc,item_info.arc,12129
0,,,,ui\00_message\common\item_info.gmd,\ui\item_info.arc,item_info.arc,12130
0,,,,ui\00_message\common\item_info.gmd,\ui\item_info.arc,item_info.arc,12131
0,,,,ui\00_message\common\item_info.gmd,\ui\item_info.arc,item_info.arc,12132
0,,,,ui\00_message\common\item_info.gmd,\ui\item_info.arc,item_info.arc,12133
0,,,,ui\00_message\common\item_info.gmd,\ui\item_info.arc,item_info.arc,12134
0,,,,ui\00_message\common\item_info.gmd,\ui\item_info.arc,item_info.arc,12135
0,,,,ui\00_message\common\item_info.gmd,\ui\item_info.arc,item_info.arc,12136
0,,,,ui\00_message\common\item_info.gmd,\ui\item_info.arc,item_info.arc,12137
0,,,,ui\00_message\common\item_info.gmd,\ui\item_info.arc,item_info.arc,12138
0,,,,ui\00_message\common\item_info.gmd,\ui\item_info.arc,item_info.arc,12139
0,,,,ui\00_message\common\item_info.gmd,\ui\item_info.arc,item_info.arc,12140
0,,,,ui\00_message\common\item_info.gmd,\ui\item_info.arc,item_info.arc,12141
0,,,,ui\00_message\common\item_info.gmd,\ui\item_info.arc,item_info.arc,12142
0,,,,ui\00_message\common\item_info.gmd,\ui\item_info.arc,item_info.arc,12143
0,,,,ui\00_message\common\item_info.gmd,\ui\item_info.arc,item_info.arc,12144
0,,,,ui\00_message\common\item_info.gmd,\ui\item_info.arc,item_info.arc,12145
0,,,,ui\00_message\common\item_info.gmd,\ui\item_info.arc,item_info.arc,12146
0,,,,ui\00_message\common\item_info.gmd,\ui\item_info.arc,item_info.arc,12147
0,,,,ui\00_message\common\item_info.gmd,\ui\item_info.arc,item_info.arc,12148
0,,,,ui\00_message\common\item_info.gmd,\ui\item_info.arc,item_info.arc,12149
0,,,,ui\00_message\common\item_info.gmd,\ui\item_info.arc,item_info.arc,12150
0,,,,ui\00_message\common\item_info.gmd,\ui\item_info.arc,item_info.arc,12151
0,,,,ui\00_message\common\item_info.gmd,\ui\item_info.arc,item_info.arc,12152
0,,,,ui\00_message\common\item_info.gmd,\ui\item_info.arc,item_info.arc,12153
0,,,,ui\00_message\common\item_info.gmd,\ui\item_info.arc,item_info.arc,12154
0,,,,ui\00_message\common\item_info.gmd,\ui\item_info.arc,item_info.arc,12155
0,,,,ui\00_message\common\item_info.gmd,\ui\item_info.arc,item_info.arc,12156
0,,,,ui\00_message\common\item_info.gmd,\ui\item_info.arc,item_info.arc,12157
0,,,,ui\00_message\common\item_info.gmd,\ui\item_info.arc,item_info.arc,12158
0,,,,ui\00_message\common\item_info.gmd,\ui\item_info.arc,item_info.arc,12159
0,,,,ui\00_message\common\item_info.gmd,\ui\item_info.arc,item_info.arc,12160
0,,,,ui\00_message\common\item_info.gmd,\ui\item_info.arc,item_info.arc,12161
0,,,,ui\00_message\common\item_info.gmd,\ui\item_info.arc,item_info.arc,12162
0,,,,ui\00_message\common\item_info.gmd,\ui\item_info.arc,item_info.arc,12163
0,,,,ui\00_message\common\item_info.gmd,\ui\item_info.arc,item_info.arc,12164
0,,,,ui\00_message\common\item_info.gmd,\ui\item_info.arc,item_info.arc,12165
0,,,,ui\00_message\common\item_info.gmd,\ui\item_info.arc,item_info.arc,12166
0,,,,ui\00_message\common\item_info.gmd,\ui\item_info.arc,item_info.arc,12167
0,,,,ui\00_message\common\item_info.gmd,\ui\item_info.arc,item_info.arc,12168
0,,,,ui\00_message\common\item_info.gmd,\ui\item_info.arc,item_info.arc,12169
0,,,,ui\00_message\common\item_info.gmd,\ui\item_info.arc,item_info.arc,12170
0,,,,ui\00_message\common\item_info.gmd,\ui\item_info.arc,item_info.arc,12171
0,,,,ui\00_message\common\item_info.gmd,\ui\item_info.arc,item_info.arc,12172
0,,,,ui\00_message\common\item_info.gmd,\ui\item_info.arc,item_info.arc,12173
0,,,,ui\00_message\common\item_info.gmd,\ui\item_info.arc,item_info.arc,12174
0,,,,ui\00_message\common\item_info.gmd,\ui\item_info.arc,item_info.arc,12175
0,,,,ui\00_message\common\item_info.gmd,\ui\item_info.arc,item_info.arc,12176
0,,,,ui\00_message\common\item_info.gmd,\ui\item_info.arc,item_info.arc,12177
0,,,,ui\00_message\common\item_info.gmd,\ui\item_info.arc,item_info.arc,12178
0,,,,ui\00_message\common\item_info.gmd,\ui\item_info.arc,item_info.arc,12179
0,,,,ui\00_message\common\item_info.gmd,\ui\item_info.arc,item_info.arc,12180
0,,,,ui\00_message\common\item_info.gmd,\ui\item_info.arc,item_info.arc,12181
0,,,,ui\00_message\common\item_info.gmd,\ui\item_info.arc,item_info.arc,12182
0,,,,ui\00_message\common\item_info.gmd,\ui\item_info.arc,item_info.arc,12183
0,,,,ui\00_message\common\item_info.gmd,\ui\item_info.arc,item_info.arc,12184
0,,,,ui\00_message\common\item_info.gmd,\ui\item_info.arc,item_info.arc,12185
0,,,,ui\00_message\common\item_info.gmd,\ui\item_info.arc,item_info.arc,12186
0,,,,ui\00_message\common\item_info.gmd,\ui\item_info.arc,item_info.arc,12187
0,,,,ui\00_message\common\item_info.gmd,\ui\item_info.arc,item_info.arc,12188
0,,,,ui\00_message\common\item_info.gmd,\ui\item_info.arc,item_info.arc,12189
0,,,,ui\00_message\common\item_info.gmd,\ui\item_info.arc,item_info.arc,12190
0,,,,ui\00_message\common\item_info.gmd,\ui\item_info.arc,item_info.arc,12191
0,,,,ui\00_message\common\item_info.gmd,\ui\item_info.arc,item_info.arc,12192
0,,,,ui\00_message\common\item_info.gmd,\ui\item_info.arc,item_info.arc,12193
0,,,,ui\00_message\common\item_info.gmd,\ui\item_info.arc,item_info.arc,12194
0,,,,ui\00_message\common\item_info.gmd,\ui\item_info.arc,item_info.arc,12195
0,,,,ui\00_message\common\item_info.gmd,\ui\item_info.arc,item_info.arc,12196
0,,,,ui\00_message\common\item_info.gmd,\ui\item_info.arc,item_info.arc,12197
0,,,,ui\00_message\common\item_info.gmd,\ui\item_info.arc,item_info.arc,12198
0,,,,ui\00_message\common\item_info.gmd,\ui\item_info.arc,item_info.arc,12199
0,,,,ui\00_message\common\item_info.gmd,\ui\item_info.arc,item_info.arc,12200
0,,,,ui\00_message\common\item_info.gmd,\ui\item_info.arc,item_info.arc,12201
0,,,,ui\00_message\common\item_info.gmd,\ui\item_info.arc,item_info.arc,12202
0,,,,ui\00_message\common\item_info.gmd,\ui\item_info.arc,item_info.arc,12203
0,,,,ui\00_message\common\item_info.gmd,\ui\item_info.arc,item_info.arc,12204
0,,,,ui\00_message\common\item_info.gmd,\ui\item_info.arc,item_info.arc,12205
0,,,,ui\00_message\common\item_info.gmd,\ui\item_info.arc,item_info.arc,12206
0,,,,ui\00_message\common\item_info.gmd,\ui\item_info.arc,item_info.arc,12207
0,,,,ui\00_message\common\item_info.gmd,\ui\item_info.arc,item_info.arc,12208
0,,,,ui\00_message\common\item_info.gmd,\ui\item_info.arc,item_info.arc,12209
0,,,,ui\00_message\common\item_info.gmd,\ui\item_info.arc,item_info.arc,12210
0,,,,ui\00_message\common\item_info.gmd,\ui\item_info.arc,item_info.arc,12211
0,,,,ui\00_message\common\item_info.gmd,\ui\item_info.arc,item_info.arc,12212
0,,,,ui\00_message\common\item_info.gmd,\ui\item_info.arc,item_info.arc,12213
0,,,,ui\00_message\common\item_info.gmd,\ui\item_info.arc,item_info.arc,12214
0,,,,ui\00_message\common\item_info.gmd,\ui\item_info.arc,item_info.arc,12215
0,,,,ui\00_message\common\item_info.gmd,\ui\item_info.arc,item_info.arc,12216
0,,,,ui\00_message\common\item_info.gmd,\ui\item_info.arc,item_info.arc,12217
0,,,,ui\00_message\common\item_info.gmd,\ui\item_info.arc,item_info.arc,12218
0,,,,ui\00_message\common\item_info.gmd,\ui\item_info.arc,item_info.arc,12219
0,,,,ui\00_message\common\item_info.gmd,\ui\item_info.arc,item_info.arc,12220
0,,,,ui\00_message\common\item_info.gmd,\ui\item_info.arc,item_info.arc,12221
0,,,,ui\00_message\common\item_info.gmd,\ui\item_info.arc,item_info.arc,12222
0,,,,ui\00_message\common\item_info.gmd,\ui\item_info.arc,item_info.arc,12223
0,,,,ui\00_message\common\item_info.gmd,\ui\item_info.arc,item_info.arc,12224
0,,,,ui\00_message\common\item_info.gmd,\ui\item_info.arc,item_info.arc,12225
0,,,,ui\00_message\common\item_info.gmd,\ui\item_info.arc,item_info.arc,12226
0,,,,ui\00_message\common\item_info.gmd,\ui\item_info.arc,item_info.arc,12227
0,,,,ui\00_message\common\item_info.gmd,\ui\item_info.arc,item_info.arc,12228
0,,,,ui\00_message\common\item_info.gmd,\ui\item_info.arc,item_info.arc,12229
0,,,,ui\00_message\common\item_info.gmd,\ui\item_info.arc,item_info.arc,12230
0,,,,ui\00_message\common\item_info.gmd,\ui\item_info.arc,item_info.arc,12231
0,,,,ui\00_message\common\item_info.gmd,\ui\item_info.arc,item_info.arc,12232
0,,,,ui\00_message\common\item_info.gmd,\ui\item_info.arc,item_info.arc,12233
0,,,,ui\00_message\common\item_info.gmd,\ui\item_info.arc,item_info.arc,12234
0,,,,ui\00_message\common\item_info.gmd,\ui\item_info.arc,item_info.arc,12235
0,,,,ui\00_message\common\item_info.gmd,\ui\item_info.arc,item_info.arc,12236
0,,,,ui\00_message\common\item_info.gmd,\ui\item_info.arc,item_info.arc,12237
0,,,,ui\00_message\common\item_info.gmd,\ui\item_info.arc,item_info.arc,12238
0,,,,ui\00_message\common\item_info.gmd,\ui\item_info.arc,item_info.arc,12239
0,,,,ui\00_message\common\item_info.gmd,\ui\item_info.arc,item_info.arc,12240
0,,,,ui\00_message\common\item_info.gmd,\ui\item_info.arc,item_info.arc,12241
0,,,,ui\00_message\common\item_info.gmd,\ui\item_info.arc,item_info.arc,12242
0,,,,ui\00_message\common\item_info.gmd,\ui\item_info.arc,item_info.arc,12243
0,,,,ui\00_message\common\item_info.gmd,\ui\item_info.arc,item_info.arc,12244
0,,,,ui\00_message\common\item_info.gmd,\ui\item_info.arc,item_info.arc,12245
0,,,,ui\00_message\common\item_info.gmd,\ui\item_info.arc,item_info.arc,12246
0,,,,ui\00_message\common\item_info.gmd,\ui\item_info.arc,item_info.arc,12247
0,,,,ui\00_message\common\item_info.gmd,\ui\item_info.arc,item_info.arc,12248
0,,,,ui\00_message\common\item_info.gmd,\ui\item_info.arc,item_info.arc,12249
0,,,,ui\00_message\common\item_info.gmd,\ui\item_info.arc,item_info.arc,12250
0,,,,ui\00_message\common\item_info.gmd,\ui\item_info.arc,item_info.arc,12251
0,,,,ui\00_message\common\item_info.gmd,\ui\item_info.arc,item_info.arc,12252
0,,,,ui\00_message\common\item_info.gmd,\ui\item_info.arc,item_info.arc,12253
0,,,,ui\00_message\common\item_info.gmd,\ui\item_info.arc,item_info.arc,12254
0,,,,ui\00_message\common\item_info.gmd,\ui\item_info.arc,item_info.arc,12255
0,,,,ui\00_message\common\item_info.gmd,\ui\item_info.arc,item_info.arc,12256
0,,,,ui\00_message\common\item_info.gmd,\ui\item_info.arc,item_info.arc,12257
0,,,,ui\00_message\common\item_info.gmd,\ui\item_info.arc,item_info.arc,12258
0,,,,ui\00_message\common\item_info.gmd,\ui\item_info.arc,item_info.arc,12259
0,,,,ui\00_message\common\item_info.gmd,\ui\item_info.arc,item_info.arc,12260
0,,,,ui\00_message\common\item_info.gmd,\ui\item_info.arc,item_info.arc,12261
0,,,,ui\00_message\common\item_info.gmd,\ui\item_info.arc,item_info.arc,12262
0,,,,ui\00_message\common\item_info.gmd,\ui\item_info.arc,item_info.arc,12263
0,,,,ui\00_message\common\item_info.gmd,\ui\item_info.arc,item_info.arc,12264
0,,,,ui\00_message\common\item_info.gmd,\ui\item_info.arc,item_info.arc,12265
0,,,,ui\00_message\common\item_info.gmd,\ui\item_info.arc,item_info.arc,12266
0,,,,ui\00_message\common\item_info.gmd,\ui\item_info.arc,item_info.arc,12267
0,,,,ui\00_message\common\item_info.gmd,\ui\item_info.arc,item_info.arc,12268
0,,,,ui\00_message\common\item_info.gmd,\ui\item_info.arc,item_info.arc,12269
0,,,,ui\00_message\common\item_info.gmd,\ui\item_info.arc,item_info.arc,12270
0,,,,ui\00_message\common\item_info.gmd,\ui\item_info.arc,item_info.arc,12271
0,,,,ui\00_message\common\item_info.gmd,\ui\item_info.arc,item_info.arc,12272
0,,,,ui\00_message\common\item_info.gmd,\ui\item_info.arc,item_info.arc,12273
0,,,,ui\00_message\common\item_info.gmd,\ui\item_info.arc,item_info.arc,12274
0,,,,ui\00_message\common\item_info.gmd,\ui\item_info.arc,item_info.arc,12275
0,,,,ui\00_message\common\item_info.gmd,\ui\item_info.arc,item_info.arc,12276
0,,,,ui\00_message\common\item_info.gmd,\ui\item_info.arc,item_info.arc,12277
0,,,,ui\00_message\common\item_info.gmd,\ui\item_info.arc,item_info.arc,12278
0,,,,ui\00_message\common\item_info.gmd,\ui\item_info.arc,item_info.arc,12279
0,,,,ui\00_message\common\item_info.gmd,\ui\item_info.arc,item_info.arc,12280
0,,,,ui\00_message\common\item_info.gmd,\ui\item_info.arc,item_info.arc,12281
0,,,,ui\00_message\common\item_info.gmd,\ui\item_info.arc,item_info.arc,12282
0,,,,ui\00_message\common\item_info.gmd,\ui\item_info.arc,item_info.arc,12283
0,,,,ui\00_message\common\item_info.gmd,\ui\item_info.arc,item_info.arc,12284
0,,,,ui\00_message\common\item_info.gmd,\ui\item_info.arc,item_info.arc,12285
0,,,,ui\00_message\common\item_info.gmd,\ui\item_info.arc,item_info.arc,12286
0,,,,ui\00_message\common\item_info.gmd,\ui\item_info.arc,item_info.arc,12287
0,,,,ui\00_message\common\item_info.gmd,\ui\item_info.arc,item_info.arc,12288
0,,,,ui\00_message\common\item_info.gmd,\ui\item_info.arc,item_info.arc,12289
0,,,,ui\00_message\common\item_info.gmd,\ui\item_info.arc,item_info.arc,12290
0,,,,ui\00_message\common\item_info.gmd,\ui\item_info.arc,item_info.arc,12291
0,,,,ui\00_message\common\item_info.gmd,\ui\item_info.arc,item_info.arc,12292
0,,,,ui\00_message\common\item_info.gmd,\ui\item_info.arc,item_info.arc,12293
0,,,,ui\00_message\common\item_info.gmd,\ui\item_info.arc,item_info.arc,12294
0,,,,ui\00_message\common\item_info.gmd,\ui\item_info.arc,item_info.arc,12295
0,,,,ui\00_message\common\item_info.gmd,\ui\item_info.arc,item_info.arc,12296
0,,,,ui\00_message\common\item_info.gmd,\ui\item_info.arc,item_info.arc,12297
0,,,,ui\00_message\common\item_info.gmd,\ui\item_info.arc,item_info.arc,12298
0,,,,ui\00_message\common\item_info.gmd,\ui\item_info.arc,item_info.arc,12299
0,,,,ui\00_message\common\item_info.gmd,\ui\item_info.arc,item_info.arc,12300
0,,,,ui\00_message\common\item_info.gmd,\ui\item_info.arc,item_info.arc,12301
0,,,,ui\00_message\common\item_info.gmd,\ui\item_info.arc,item_info.arc,12302
0,,,,ui\00_message\common\item_info.gmd,\ui\item_info.arc,item_info.arc,12303
0,,,,ui\00_message\common\item_info.gmd,\ui\item_info.arc,item_info.arc,12304
0,,,,ui\00_message\common\item_info.gmd,\ui\item_info.arc,item_info.arc,12305
0,,,,ui\00_message\common\item_info.gmd,\ui\item_info.arc,item_info.arc,12306
0,,,,ui\00_message\common\item_info.gmd,\ui\item_info.arc,item_info.arc,12307
0,,,,ui\00_message\common\item_info.gmd,\ui\item_info.arc,item_info.arc,12308
0,,,,ui\00_message\common\item_info.gmd,\ui\item_info.arc,item_info.arc,12309
0,,,,ui\00_message\common\item_info.gmd,\ui\item_info.arc,item_info.arc,12310
0,,,,ui\00_message\common\item_info.gmd,\ui\item_info.arc,item_info.arc,12311
0,,,,ui\00_message\common\item_info.gmd,\ui\item_info.arc,item_info.arc,12312
0,,,,ui\00_message\common\item_info.gmd,\ui\item_info.arc,item_info.arc,12313
0,,,,ui\00_message\common\item_info.gmd,\ui\item_info.arc,item_info.arc,12314
0,,,,ui\00_message\common\item_info.gmd,\ui\item_info.arc,item_info.arc,12315
0,,,,ui\00_message\common\item_info.gmd,\ui\item_info.arc,item_info.arc,12316
0,,,,ui\00_message\common\item_info.gmd,\ui\item_info.arc,item_info.arc,12317
0,,,,ui\00_message\common\item_info.gmd,\ui\item_info.arc,item_info.arc,12318
0,,,,ui\00_message\common\item_info.gmd,\ui\item_info.arc,item_info.arc,12319
0,,,,ui\00_message\common\item_info.gmd,\ui\item_info.arc,item_info.arc,12320
0,,,,ui\00_message\common\item_info.gmd,\ui\item_info.arc,item_info.arc,12321
0,,,,ui\00_message\common\item_info.gmd,\ui\item_info.arc,item_info.arc,12322
0,,,,ui\00_message\common\item_info.gmd,\ui\item_info.arc,item_info.arc,12323
0,,,,ui\00_message\common\item_info.gmd,\ui\item_info.arc,item_info.arc,12324
0,,,,ui\00_message\common\item_info.gmd,\ui\item_info.arc,item_info.arc,12325
0,,,,ui\00_message\common\item_info.gmd,\ui\item_info.arc,item_info.arc,12326
0,,,,ui\00_message\common\item_info.gmd,\ui\item_info.arc,item_info.arc,12327
0,,,,ui\00_message\common\item_info.gmd,\ui\item_info.arc,item_info.arc,12328
0,,,,ui\00_message\common\item_info.gmd,\ui\item_info.arc,item_info.arc,12329
0,,,,ui\00_message\common\item_info.gmd,\ui\item_info.arc,item_info.arc,12330
0,,,,ui\00_message\common\item_info.gmd,\ui\item_info.arc,item_info.arc,12331
0,,,,ui\00_message\common\item_info.gmd,\ui\item_info.arc,item_info.arc,12332
0,,,,ui\00_message\common\item_info.gmd,\ui\item_info.arc,item_info.arc,12333
0,,,,ui\00_message\common\item_info.gmd,\ui\item_info.arc,item_info.arc,12334
0,,,,ui\00_message\common\item_info.gmd,\ui\item_info.arc,item_info.arc,12335
0,,,,ui\00_message\common\item_info.gmd,\ui\item_info.arc,item_info.arc,12336
0,,,,ui\00_message\common\item_info.gmd,\ui\item_info.arc,item_info.arc,12337
0,,,,ui\00_message\common\item_info.gmd,\ui\item_info.arc,item_info.arc,12338
0,,,,ui\00_message\common\item_info.gmd,\ui\item_info.arc,item_info.arc,12339
0,,,,ui\00_message\common\item_info.gmd,\ui\item_info.arc,item_info.arc,12340
0,,,,ui\00_message\common\item_info.gmd,\ui\item_info.arc,item_info.arc,12341
0,,,,ui\00_message\common\item_info.gmd,\ui\item_info.arc,item_info.arc,12342
0,,,,ui\00_message\common\item_info.gmd,\ui\item_info.arc,item_info.arc,12343
0,,,,ui\00_message\common\item_info.gmd,\ui\item_info.arc,item_info.arc,12344
0,,,,ui\00_message\common\item_info.gmd,\ui\item_info.arc,item_info.arc,12345
0,,,,ui\00_message\common\item_info.gmd,\ui\item_info.arc,item_info.arc,12346
0,,,,ui\00_message\common\item_info.gmd,\ui\item_info.arc,item_info.arc,12347
0,,,,ui\00_message\common\item_info.gmd,\ui\item_info.arc,item_info.arc,12348
0,,,,ui\00_message\common\item_info.gmd,\ui\item_info.arc,item_info.arc,12349
0,,,,ui\00_message\common\item_info.gmd,\ui\item_info.arc,item_info.arc,12350
0,,,,ui\00_message\common\item_info.gmd,\ui\item_info.arc,item_info.arc,12351
0,,,,ui\00_message\common\item_info.gmd,\ui\item_info.arc,item_info.arc,12352
0,,,,ui\00_message\common\item_info.gmd,\ui\item_info.arc,item_info.arc,12353
0,,,,ui\00_message\common\item_info.gmd,\ui\item_info.arc,item_info.arc,12354
0,,,,ui\00_message\common\item_info.gmd,\ui\item_info.arc,item_info.arc,12355
0,,,,ui\00_message\common\item_info.gmd,\ui\item_info.arc,item_info.arc,12356
0,,,,ui\00_message\common\item_info.gmd,\ui\item_info.arc,item_info.arc,12357
0,,,,ui\00_message\common\item_info.gmd,\ui\item_info.arc,item_info.arc,12358
0,,,,ui\00_message\common\item_info.gmd,\ui\item_info.arc,item_info.arc,12359
0,,,,ui\00_message\common\item_info.gmd,\ui\item_info.arc,item_info.arc,12360
0,,,,ui\00_message\common\item_info.gmd,\ui\item_info.arc,item_info.arc,12361
0,,,,ui\00_message\common\item_info.gmd,\ui\item_info.arc,item_info.arc,12362
0,,,,ui\00_message\common\item_info.gmd,\ui\item_info.arc,item_info.arc,12363
0,,,,ui\00_message\common\item_info.gmd,\ui\item_info.arc,item_info.arc,12364
0,,,,ui\00_message\common\item_info.gmd,\ui\item_info.arc,item_info.arc,12365
0,,,,ui\00_message\common\item_info.gmd,\ui\item_info.arc,item_info.arc,12366
0,,,,ui\00_message\common\item_info.gmd,\ui\item_info.arc,item_info.arc,12367
0,,,,ui\00_message\common\item_info.gmd,\ui\item_info.arc,item_info.arc,12368
0,,,,ui\00_message\common\item_info.gmd,\ui\item_info.arc,item_info.arc,12369
0,,,,ui\00_message\common\item_info.gmd,\ui\item_info.arc,item_info.arc,12370