#Index,Key,MsgJp,MsgEn,GmdPath,ArcPath,ArcName,ReadIndex
0,,,,ui\00_message\common\item_info.gmd,\ui\item_info.arc,item_info.arc,4371
0,,,,ui\00_message\common\item_info.gmd,\ui\item_info.arc,item_info.arc,4372
0,,,,ui\00_message\common\item_info.gmd,\ui\item_info.arc,item_info.arc,4373
0,,,,ui\00_message\common\item_info.gmd,\ui\item_info.arc,item_info.arc,4374
0,,,,ui\00_message\common\item_info.gmd,\ui\item_info.arc,item_info.arc,4375
0,,,,ui\00_message\common\item_info.gmd,\ui\item_info.arc,item_info.arc,4376
0,,,,ui\00_message\common\item_info.gmd,\ui\item_info.arc,item_info.arc,4377
0,,,,ui\00_message\common\item_info.gmd,\ui\item_info.arc,item_info.arc,4378
0,,,,ui\00_message\common\item_info.gmd,\ui\item_info.arc,item_info.arc,4379
0,,,,ui\00_message\common\item_info.gmd,\ui\item_info.arc,item_info.arc,4380
0,,,,ui\00_message\common\item_info.gmd,\ui\item_info.arc,item_info.arc,4381
0,,,,ui\00_message\common\item_info.gmd,\ui\item_info.arc,item_info.arc,4382
0,,,,ui\00_message\common\item_info.gmd,\ui\item_info.arc,item_info.arc,4383
0,,,,ui\00_message\common\item_info.gmd,\ui\item_info.arc,item_info.arc,4384
0,,,,ui\00_message\common\item_info.gmd,\ui\item_info.arc,item_info.arc,4385
0,,,,ui\00_message\common\item_info.gmd,\ui\item_info.arc,item_info.arc,4386
0,,,,ui\00_message\common\item_info.gmd,\ui\item_info.arc,item_info.arc,4387
0,,,,ui\00_message\common\item_info.gmd,\ui\item_info.arc,item_info.arc,4388
0,,,,ui\00_message\common\item_info.gmd,\ui\item_info.arc,item_info.arc,4389
0,,,,ui\00_message\common\item_info.gmd,\ui\item_info.arc,item_info.arc,4390
0,,,,ui\00_message\common\item_info.gmd,\ui\item_info.arc,item_info.arc,4391
0,,,,ui\00_message\common\item_info.gmd,\ui\item_info.arc,item_info.arc,4392
0,,,,ui\00_message\common\item_info.gmd,\ui\item_info.arc,item_info.arc,4393
0,,,,ui\00_message\common\item_info.gmd,\ui\item_info.arc,item_info.arc,4394
0,,,,ui\00_message\common\item_info.gmd,\ui\item_info.arc,item_info.arc,4395
0,,,,ui\00_message\common\item_info.gmd,\ui\item_info.arc,item_info.arc,4396
0,,,,ui\00_message\common\item_info.gmd,\ui\item_info.arc,item_info.arc,4397
0,,,,ui\00_message\common\item_info.gmd,\ui\item_info.arc,item_info.arc,4398
0,,,,ui\00_message\common\item_info.gmd,\ui\item_info.arc,item_info.arc,4399
0,,,,ui\00_message\common\item_info.gmd,\ui\item_info.arc,item_info.arc,4400
0,,,,ui\00_message\common\item_info.gmd,\ui\item_info.arc,item_info.arc,4401
0,,,,ui\00_message\common\item_info.gmd,\ui\item_info.arc,item_info.arc,4402
0,,,,ui\00_message\common\item_info.gmd,\ui\item_info.arc,item_info.arc,4403
0,,,,ui\00_message\common\item_info.gmd,\ui\item_info.arc,item_info.arc,4404
0,,,,ui\00_message\common\item_info.gmd,\ui\item_info.arc,item_info.arc,4405
0,,,,ui\00_message\common\item_info.gmd,\ui\item_info.arc,item_info.arc,4406
0,,,,ui\00_message\common\item_info.gmd,\ui\item_info.arc,item_info.arc,4407
0,,,,ui\00_message\common\item_info.gmd,\ui\item_info.arc,item_info.arc,4408
0,,,,ui\00_message\common\item_info.gmd,\ui\item_info.arc,item_info.arc,4409
0,,,,ui\00_message\common\item_info.gmd,\ui\item_info.arc,item_info.arc,4410
0,,,,ui\00_message\common\item_info.gmd,\ui\item_info.arc,item_info.arc,4411
0,,,,ui\00_message\common\item_info.gmd,\ui\item_info.arc,item_info.arc,4412
0,,,,ui\00_message\common\item_info.gmd,\ui\item_info.arc,item_info.arc,4413
0,,,,ui\00_message\common\item_info.gmd,\ui\item_info.arc,item_info.arc,4414
0,,,,ui\00_message\common\item_info.gmd,\ui\item_info.arc,item_info.arc,4415
0,,,,ui\00_message\common\item_info.gmd,\ui\item_info.arc,item_info.arc,4416
0,,,,ui\00_message\common\item_info.gmd,\ui\item_info.arc,item_info.arc,4417
0,,,,ui\00_message\common\item_info.gmd,\ui\item_info.arc,item_info.arc,4418
0,,,,ui\00_message\common\item_info.gmd,\ui\item_info.arc,item_info.arc,4419
0,,,,ui\00_message\common\item_info.gmd,\ui\item_info.arc,item_info.arc,4420
0,,,,ui\00_message\common\item_info.gmd,\ui\item_info.arc,item_info.arc,4421
0,,,,ui\00_message\common\item_info.gmd,\ui\item_info.arc,item_info.arc,4422
0,,,,ui\00_message\common\item_info.gmd,\ui\item_info.arc,item_info.arc,4423
0,,,,ui\00_message\common\item_info.gmd,\ui\item_info.arc,item_info.arc,4424
0,,,,ui\00_message\common\item_info.gmd,\ui\item_info.arc,item_info.arc,4425
0,,,,ui\00_message\common\item_info.gmd,\ui\item_info.arc,item_info.arc,4426
0,,,,ui\00_message\common\item_info.gmd,\ui\item_info.arc,item_info.arc,4427
0,,,,ui\00_message\common\item_info.gmd,\ui\item_info.arc,item_info.arc,4428
0,,,,ui\00_message\common\item_info.gmd,\ui\item_info.arc,item_info.arc,4429
0,,,,ui\00_message\common\item_info.gmd,\ui\item_info.arc,item_info.arc,4430
0,,,,ui\00_message\common\item_info.gmd,\ui\item_info.arc,item_info.arc,4431
0,,,,ui\00_message\common\item_info.gmd,\ui\item_info.arc,item_info.arc,4432
0,,,,ui\00_message\common\item_info.gmd,\ui\item_info.arc,item_info.arc,4433
0,,,,ui\00_message\common\item_info.gmd,\ui\item_info.arc,item_info.arc,4434
0,,,,ui\00_message\common\item_info.gmd,\ui\item_info.arc,item_info.arc,4435
0,,,,ui\00_message\common\item_info.gmd,\ui\item_info.arc,item_info.arc,4436
0,,,,ui\00_message\common\item_info.gmd,\ui\item_info.arc,item_info.arc,4437
0,,,,ui\00_message\common\item_info.gmd,\ui\item_info.arc,item_info.arc,4438
0,,,,ui\00_message\common\item_info.gmd,\ui\item_info.arc,item_info.arc,4439
0,,,,ui\00_message\common\item_info.gmd,\ui\item_info.arc,item_info.arc,4440
0,,,,ui\00_message\common\item_info.gmd,\ui\item_info.arc,item_info.arc,4441
0,,,,ui\00_message\common\item_info.gmd,\ui\item_info.arc,item_info.arc,4442
0,,,,ui\00_message\common\item_info.gmd,\ui\item_info.arc,item_info.arc,4443
0,,,,ui\00_message\common\item_info.gmd,\ui\item_info.arc,item_info.arc,4444
0,,,,ui\00_message\common\item_info.gmd,\ui\item_info.arc,item_info.arc,4445
0,,,,ui\00_message\common\item_info.gmd,\ui\item_info.arc,item_info.arc,4446
0,,,,ui\00_message\common\item_info.gmd,\ui\item_info.arc,item_info.arc,4447
0,,,,ui\00_message\common\item_info.gmd,\ui\item_info.arc,item_info.arc,4448
0,,,,ui\00_message\common\item_info.gmd,\ui\item_info.arc,item_info.arc,4449
0,,,,ui\00_message\common\item_info.gmd,\ui\item_info.arc,item_info.arc,4450
0,,,,ui\00_message\common\item_info.gmd,\ui\item_info.arc,item_info.arc,4451
0,,,,ui\00_message\common\item_info.gmd,\ui\item_info.arc,item_info.arc,4452
0,,,,ui\00_message\common\item_info.gmd,\ui\item_info.arc,item_info.arc,4453
0,,,,ui\00_message\common\item_info.gmd,\ui\item_info.arc,item_info.arc,4454
0,,,,ui\00_message\common\item_info.gmd,\ui\item_info.arc,item_info.arc,4455
0,,,,ui\00_message\common\item_info.gmd,\ui\item_info.arc,item_info.arc,4456
0,,,,ui\00_message\common\item_info.gmd,\ui\item_info.arc,item_info.arc,4457
0,,,,ui\00_message\common\item_info.gmd,\ui\item_info.arc,item_info.arc,4458
0,,,,ui\00_message\common\item_info.gmd,\ui\item_info.arc,item_info.arc,4459
0,,,,ui\00_message\common\item_info.gmd,\ui\item_info.arc,item_info.arc,4460
0,,,,ui\00_message\common\item_info.gmd,\ui\item_info.arc,item_info.arc,4461
0,,,,ui\00_message\common\item_info.gmd,\ui\item_info.arc,item_info.arc,4462
0,,,,ui\00_message\common\item_info.gmd,\ui\item_info.arc,item_info.arc,4463
0,,,,ui\00_message\common\item_info.gmd,\ui\item_info.arc,item_info.arc,4464
0,,,,ui\00_message\common\item_info.gmd,\ui\item_info.arc,item_info.arc,4465
0,,,,ui\00_message\common\item_info.gmd,\ui\item_info.arc,item_info.arc,4466
0,,,,ui\00_message\common\item_info.gmd,\ui\item_info.arc,item_info.arc,4467
0,,,,ui\00_message\common\item_info.gmd,\ui\item_info.arc,item_info.arc,4468
0,,,,ui\00_message\common\item_info.gmd,\ui\item_info.arc,item_info.arc,4469
0,,,,ui\00_message\common\item_info.gmd,\ui\item_info.arc,item_info.arc,4470
0,,,,ui\00_message\common\item_info.gmd,\ui\item_info.arc,item_info.arc,4471
0,,,,ui\00_message\common\item_info.gmd,\ui\item_info.arc,item_info.arc,4472
0,,,,ui\00_message\common\item_info.gmd,\ui\item_info.arc,item_info.arc,4473
0,,,,ui\00_message\common\item_info.gmd,\ui\item_info.arc,item_info.arc,4474
0,,,,ui\00_message\common\item_info.gmd,\ui\item_info.arc,item_info.arc,4475
0,,,,ui\00_message\common\item_info.gmd,\ui\item_info.arc,item_info.arc,4476
0,,,,ui\00_message\common\item_info.gmd,\ui\item_info.arc,item_info.arc,4477
0,,,,ui\00_message\common\item_info.gmd,\ui\item_info.arc,item_info.arc,4478
0,,,,ui\00_message\common\item_info.gmd,\ui\item_info.arc,item_info.arc,4479
0,,,,ui\00_message\common\item_info.gmd,\ui\item_info.arc,item_info.arc,4480
0,,,,ui\00_message\common\item_info.gmd,\ui\item_info.arc,item_info.arc,4481
0,,,,ui\00_message\common\item_info.gmd,\ui\item_info.arc,item_info.arc,4482
0,,,,ui\00_message\common\item_info.gmd,\ui\item_info.arc,item_info.arc,4483
0,,,,ui\00_message\common\item_info.gmd,\ui\item_info.arc,item_info.arc,4484
0,,,,ui\00_message\common\item_info.gmd,\ui\item_info.arc,item_info.arc,4485
0,,,,ui\00_message\common\item_info.gmd,\ui\item_info.arc,item_info.arc,4486
0,,,,ui\00_message\common\item_info.gmd,\ui\item_info.arc,item_info.arc,4487
0,,,,ui\00_message\common\item_info.gmd,\ui\item_info.arc,item_info.arc,4488
0,,,,ui\00_message\common\item_info.gmd,\ui\item_info.arc,item_info.arc,4489
0,,,,ui\00_message\common\item_info.gmd,\ui\item_info.arc,item_info.arc,4490
0,,,,ui\00_message\common\item_info.gmd,\ui\item_info.arc,item_info.arc,4491
0,,,,ui\00_message\common\item_info.gmd,\ui\item_info.arc,item_info.arc,4492
0,,,,ui\00_message\common\item_info.gmd,\ui\item_info.arc,item_info.arc,4493
0,,,,ui\00_message\common\item_info.gmd,\ui\item_info.arc,item_info.arc,4494
0,,,,ui\00_message\common\item_info.gmd,\ui\item_info.arc,item_info.arc,4495
0,,,,ui\00_message\common\item_info.gmd,\ui\item_info.arc,item_info.arc,4496
0,,,,ui\00_message\common\item_info.gmd,\ui\item_info.arc,item_info.arc,4497
0,,,,ui\00_message\common\item_info.gmd,\ui\item_info.arc,item_info.arc,4498
0,,,,ui\00_message\common\item_info.gmd,\ui\item_info.arc,item_info.arc,4499
0,,,,ui\00_message\common\item_info.gmd,\ui\item_info.arc,item_info.arc,4500
0,,,,ui\00_message\common\item_info.gmd,\ui\item_info.arc,item_info.arc,4501
0,,,,ui\00_message\common\item_info.gmd,\ui\item_info.arc,item_info.arc,4502
0,,,,ui\00_message\common\item_info.gmd,\ui\item_info.arc,item_info.arc,4503
0,,,,ui\00_message\common\item_info.gmd,\ui\item_info.arc,item_info.arc,4504
0,,,,ui\00_message\common\item_info.gmd,\ui\item_info.arc,item_info.arc,4505
0,,,,ui\00_message\common\item_info.gmd,\ui\item_info.arc,item_info.arc,4506
0,,,,ui\00_message\common\item_info.gmd,\ui\item_info.arc,item_info.arc,4507
0,,,,ui\00_message\common\item_info.gmd,\ui\item_info.arc,item_info.arc,4508
0,,,,ui\00_message\common\item_info.gmd,\ui\item_info.arc,item_info.arc,4509
0,,,,ui\00_message\common\item_info.gmd,\ui\item_info.arc,item_info.arc,4510
0,,,,ui\00_message\common\item_info.gmd,\ui\item_info.arc,item_info.arc,4511
0,,,,ui\00_message\common\item_info.gmd,\ui\item_info.arc,item_info.arc,4512
0,,,,ui\00_message\common\item_info.gmd,\ui\item_info.arc,item_info.arc,4513
0,,,,ui\00_message\common\item_info.gmd,\ui\item_info.arc,item_info.arc,4514
0,,,,ui\00_message\common\item_info.gmd,\ui\item_info.arc,item_info.arc,4515
0,,,,ui\00_message\common\item_info.gmd,\ui\item_info.arc,item_info.arc,4516
0,,,,ui\00_message\common\item_info.gmd,\ui\item_info.arc,item_info.arc,4517
0,,,,ui\00_message\common\item_info.gmd,\ui\item_info.arc,item_info.arc,4518
0,,,,ui\00_message\common\item_info.gmd,\ui\item_info.arc,item_info.arc,4519
0,,,,ui\00_message\common\item_info.gmd,\ui\item_info.arc,item_info.arc,4520
0,,,,ui\00_message\common\item_info.gmd,\ui\item_info.arc,item_info.arc,4521
0,,,,ui\00_message\common\item_info.gmd,\ui\item_info.arc,item_info.arc,4522
0,,,,ui\00_message\common\item_info.gmd,\ui\item_info.arc,item_info.arc,4523
0,,,,ui\00_message\common\item_info.gmd,\ui\item_info.arc,item_info.arc,4524
0,,,,ui\00_message\common\item_info.gmd,\ui\item_info.arc,item_info.arc,4525
0,,,,ui\00_message\common\item_info.gmd,\ui\item_info.arc,item_info.arc,4526
0,,,,ui\00_message\common\item_info.gmd,\ui\item_info.arc,item_info.arc,4527
0,,,,ui\00_message\common\item_info.gmd,\ui\item_info.arc,item_info.arc,4528
0,,,,ui\00_message\common\item_info.gmd,\ui\item_info.arc,item_info.arc,4529
0,,,,ui\00_message\common\item_info.gmd,\ui\item_info.arc,item_info.arc,4530
0,,,,ui\00_message\common\item_info.gmd,\ui\item_info.arc,item_info.arc,4531
0,,,,ui\00_message\common\item_info.gmd,\ui\item_info.arc,item_info.arc,4532
0,,,,ui\00_message\common\item_info.gmd,\ui\item_info.arc,item_info.arc,4533
0,,,,ui\00_message\common\item_info.gmd,\ui\item_info.arc,item_info.arc,4534
0,,,,ui\00_message\common\item_info.gmd,\ui\item_info.arc,item_info.arc,4535
0,,,,ui\00_message\common\item_info.gmd,\ui\item_info.arc,item_info.arc,4536
0,,,,ui\00_message\common\item_info.gmd,\ui\item_info.arc,item_info.arc,4537
0,,,,ui\00_message\common\item_info.gmd,\ui\item_info.arc,item_info.arc,4538
0,,,,ui\00_message\common\item_info.gmd,\ui\item_info.arc,item_info.arc,4539
0,,,,ui\00_message\common\item_info.gmd,\ui\item_info.arc,item_info.arc,4540
0,,,,ui\00_message\common\item_info.gmd,\ui\item_info.arc,item_info.arc,4541
0,,,,ui\00_message\common\item_info.gmd,\ui\item_info.arc,item_info.arc,4542
0,,,,ui\00_message\common\item_info.gmd,\ui\item_info.arc,item_info.arc,4543
0,,,,ui\00_message\common\item_info.gmd,\ui\item_info.arc,item_info.arc,4544
0,,,,ui\00_message\common\item_info.gmd,\ui\item_info.arc,item_info.arc,4545
0,,,,ui\00_message\common\item_info.gmd,\ui\item_info.arc,item_info.arc,4546
0,,,,ui\00_message\common\item_info.gmd,\ui\item_info.arc,item_info.arc,4547
0,,,,ui\00_message\common\item_info.gmd,\ui\item_info.arc,item_info.arc,4548
0,,,,ui\00_message\common\item_info.gmd,\ui\item_info.arc,item_info.arc,4549
0,,,,ui\00_message\common\item_info.gmd,\ui\item_info.arc,item_info.arc,4550
0,,,,ui\00_message\common\item_info.gmd,\ui\item_info.arc,item_info.arc,4551
0,,,,ui\00_message\common\item_info.gmd,\ui\item_info.arc,item_info.arc,4552
0,,,,ui\00_message\common\item_info.gmd,\ui\item_info.arc,item_info.arc,4553
0,,,,ui\00_message\common\item_info.gmd,\ui\item_info.arc,item_info.arc,4554
0,,,,ui\00_message\common\item_info.gmd,\ui\item_info.arc,item_info.arc,4555
0,,,,ui\00_message\common\item_info.gmd,\ui\item_info.arc,item_info.arc,4556
0,,,,ui\00_message\common\item_info.gmd,\ui\item_info.arc,item_info.arc,4557
0,,,,ui\00_message\common\item_info.gmd,\ui\item_info.arc,item_info.arc,4558
0,,,,ui\00_message\common\item_info.gmd,\ui\item_info.arc,item_info.arc,4559
0,,,,ui\00_message\common\item_info.gmd,\ui\item_info.arc,item_info.arc,4560
0,,,,ui\00_message\common\item_info.gmd,\ui\item_info.arc,item_info.arc,4561
0,,,,ui\00_message\common\item_info.gmd,\ui\item_info.arc,item_info.arc,4562
0,,,,ui\00_message\common\item_info.gmd,\ui\item_info.arc,item_info.arc,4563
0,,,,ui\00_message\common\item_info.gmd,\ui\item_info.arc,item_info.arc,4564
0,,,,ui\00_message\common\item_info.gmd,\ui\item_info.arc,item_info.arc,4565
0,,,,ui\00_message\common\item_info.gmd,\ui\item_info.arc,item_info.arc,4566
0,,,,ui\00_message\common\item_info.gmd,\ui\item_info.arc,item_info.arc,4567
0,,,,ui\00_message\common\item_info.gmd,\ui\item_info.arc,item_info.arc,4568
0,,,,ui\00_message\common\item_info.gmd,\ui\item_info.arc,item_info.arc,4569
0,,,,ui\00_message\common\item_info.gmd,\ui\item_info.arc,item_info.arc,4570
0,,,,ui\00_message\common\item_info.gmd,\ui\item_info.arc,item_info.arc,4571
0,,,,ui\00_message\common\item_info.gmd,\ui\item_info.arc,item_info.arc,4572
0,,,,ui\00_message\common\item_info.gmd,\ui\item_info.arc,item_info.arc,4573
0,,,,ui\00_message\common\item_info.gmd,\ui\item_info.arc,item_info.arc,4574
0,,,,ui\00_message\common\item_info.gmd,\ui\item_info.arc,item_info.arc,4575
0,,,,ui\00_message\common\item_info.gmd,\ui\item_info.arc,item_info.arc,4576
0,,,,ui\00_message\common\item_info.gmd,\ui\item_info.arc,item_info.arc,4577
0,,,,ui\00_message\common\item_info.gmd,\ui\item_info.arc,item_info.arc,4578
0,,,,ui\00_message\common\item_info.gmd,\ui\item_info.arc,item_info.arc,4579
0,,,,ui\00_message\common\item_info.gmd,\ui\item_info.arc,item_info.arc,4580
0,,,,ui\00_message\common\item_info.gmd,\ui\item_info.arc,item_info.arc,4581
0,,,,ui\00_message\common\item_info.gmd,\ui\item_info.arc,item_info.arc,4582
0,,,,ui\00_message\common\item_info.gmd,\ui\item_info.arc,item_info.arc,4583
0,,,,ui\00_message\common\item_info.gmd,\ui\item_info.arc,item_info.arc,4584
0,,,,ui\00_message\common\item_info.gmd,\ui\item_info.arc,item_info.arc,4585
0,,,,ui\00_message\common\item_info.gmd,\ui\item_info.arc,item_info.arc,4586
0,,,,ui\00_message\common\item_info.gmd,\ui\item_info.arc,item_info.arc,4587
0,,,,ui\00_message\common\item_info.gmd,\ui\item_info.arc,item_info.arc,4588
0,,,,ui\00_message\common\item_info.gmd,\ui\item_info.arc,item_info.arc,4589
0,,,,ui\00_message\common\item_info.gmd,\ui\item_info.arc,item_info.arc,4590
0,,,,ui\00_message\common\item_info.gmd,\ui\item_info.arc,item_info.arc,4591
0,,,,ui\00_message\common\item_info.gmd,\ui\item_info.arc,item_info.arc,4592
0,,,,ui\00_message\common\item_info.gmd,\ui\item_info.arc,item_info.arc,4593
0,,,,ui\00_message\common\item_info.gmd,\ui\item_info.arc,item_info.arc,4594
0,,,,ui\00_message\common\item_info.gmd,\ui\item_info.arc,item_info.arc,4595
0,,,,ui\00_message\common\item_info.gmd,\ui\item_info.arc,item_info.arc,4596
0,,,,ui\00_message\common\item_info.gmd,\ui\item_info.arc,item_info.arc,4597
0,,,,ui\00_message\common\item_info.gmd,\ui\item_info.arc,item_info.arc,4598
0,,,,ui\00_message\common\item_info.gmd,\ui\item_info.arc,item_info.arc,4599
0,,,,ui\00_message\common\item_info.gmd,\ui\item_info.arc,item_info.arc,4600
0,,,,ui\00_message\common\item_info.gmd,\ui\item_info.arc,item_info.arc,4601
0,,,,ui\00_message\common\item_info.gmd,\ui\item_info.arc,item_info.arc,4602
0,,,,ui\00_message\common\item_info.gmd,\ui\item_info.arc,item_info.arc,4603
0,,,,ui\00_message\common\item_info.gmd,\ui\item_info.arc,item_info.arc,4604
0,,,,ui\00_message\common\item_info.gmd,\ui\item_info.arc,item_info.arc,4605
0,,,,ui\00_message\common\item_info.gmd,\ui\item_info.arc,item_info.arc,4606
0,,,,ui\00_message\common\item_info.gmd,\ui\item_info.arc,item_info.arc,4607
0,,,,ui\00_message\common\item_info.gmd,\ui\item_info.arc,item_info.arc,4608
0,,,,ui\00_message\common\item_info.gmd,\ui\item_info.arc,item_info.arc,4609
0,,,,ui\00_message\common\item_info.gmd,\ui\item_info.arc,item_info.arc,4610
0,,,,ui\00_message\common\item_info.gmd,\ui\item_info.arc,item_info.arc,4611
0,,,,ui\00_message\common\item_info.gmd,\ui\item_info.arc,item_info.arc,4612
0,,,,ui\00_message\common\item_info.gmd,\ui\item_info.arc,item_info.arc,4613
0,,,,ui\00_message\common\item_info.gmd,\ui\item_info.arc,item_info.arc,4614
0,,,,ui\00_message\common\item_info.gmd,\ui\item_info.arc,item_info.arc,4615
0,,,,ui\00_message\common\item_info.gmd,\ui\item_info.arc,item_info.arc,4616
0,,,,ui\00_message\common\item_info.gmd,\ui\item_info.arc,item_info.arc,4617
0,,,,ui\00_message\common\item_info.gmd,\ui\item_info.arc,item_info.arc,4618
0,,,,ui\00_message\common\item_info.gmd,\ui\item_info.arc,item_info.arc,4619
0,,,,ui\00_message\common\item_info.gmd,\ui\item_info.arc,item_info.arc,4620
0,,,,ui\00_message\common\item_info.gmd,\ui\item_info.arc,item_info.arc,4621
0,,,,ui\00_message\common\item_info.gmd,\ui\item_info.arc,item_info.arc,4622
0,,,,ui\00_message\common\item_info.gmd,\ui\item_info.arc,item_info.arc,4623
0,,,,ui\00_message\common\item_info.gmd,\ui\item_info.arc,item_info.arc,4624
0,,,,ui\00_message\common\item_info.gmd,\ui\item_info.arc,item_info.arc,4625
0,,,,ui\00_message\common\item_info.gmd,\ui\item_info.arc,item_info.arc,4626
0,,,,ui\00_message\common\item_info.gmd,\ui\item_info.arc,item_info.arc,4627
0,,,,ui\00_message\common\item_info.gmd,\ui\item_info.arc,item_info.arc,4628
0,,,,ui\00_message\common\item_info.gmd,\ui\item_info.arc,item_info.arc,4629
0,,,,ui\00_message\common\item_info.gmd,\ui\item_info.arc,item_info.arc,4630
0,,,,ui\00_message\common\item_info.gmd,\ui\item_info.arc,item_info.arc,4631
0,,,,ui\00_message\common\item_info.gmd,\ui\item_info.arc,item_info.arc,4632
0,,,,ui\00_message\common\item_info.gmd,\ui\item_info.arc,item_info.arc,4633
0,,,,ui\00_message\common\item_info.gmd,\ui\item_info.arc,item_info.arc,4634
0,,,,ui\00_message\common\item_info.gmd,\ui\item_info.arc,item_info.arc,4635
0,,,,ui\00_message\common\item_info.gmd,\ui\item_info.arc,item_info.arc,4636
0,,,,ui\00_message\common\item_info.gmd,\ui\item_info.arc,item_info.arc,4637
0,,,,ui\00_message\common\item_info.gmd,\ui\item_info.arc,item_info.arc,4638
0,,,,ui\00_message\common\item_info.gmd,\ui\item_info.arc,item_info.arc,4639
0,,,,ui\00_message\common\item_info.gmd,\ui\item_info.arc,item_info.arc,4640
0,,,,ui\00_message\common\item_info.gmd,\ui\item_info.arc,item_info.arc,4641
0,,,,ui\00_message\common\item_info.gmd,\ui\item_info.arc,item_info.arc,4642
0,,,,ui\00_message\common\item_info.gmd,\ui\item_info.arc,item_info.arc,4643
0,,,,ui\00_message\common\item_info.gmd,\ui\item_info.arc,item_info.arc,4644
0,,,,ui\00_message\common\item_info.gmd,\ui\item_info.arc,item_info.arc,4645
0,,,,ui\00_message\common\item_info.gmd,\ui\item_info.arc,item_info.arc,4646
0,,,,ui\00_message\common\item_info.gmd,\ui\item_info.arc,item_info.arc,4647
0,,,,ui\00_message\common\item_info.gmd,\ui\item_info.arc,item_info.arc,4648
0,,,,ui\00_message\common\item_info.gmd,\ui\item_info.arc,item_info.arc,4649
0,,,,ui\00_message\common\item_info.gmd,\ui\item_info.arc,item_info.arc,4650
0,,,,ui\00_message\common\item_info.gmd,\ui\item_info.arc,item_info.arc,4651
0,,,,ui\00_message\common\item_info.gmd,\ui\item_info.arc,item_info.arc,4652
0,,,,ui\00_message\common\item_info.gmd,\ui\item_info.arc,item_info.arc,4653
0,,,,ui\00_message\common\item_info.gmd,\ui\item_info.arc,item_info.arc,4654
0,,,,ui\00_message\common\item_info.gmd,\ui\item_info.arc,item_info.arc,4655
0,,,,ui\00_message\common\item_info.gmd,\ui\item_info.arc,item_info.arc,4656
0,,,,ui\00_message\common\item_info.gmd,\ui\item_info.arc,item_info.arc,4657
0,,,,ui\00_message\common\item_info.gmd,\ui\item_info.arc,item_info.arc,4658
0,,,,ui\00_message\common\item_info.gmd,\ui\item_info.arc,item_info.arc,4659
0,,,,ui\00_message\common\item_info.gmd,\ui\item_info.arc,item_info.arc,4660
0,,,,ui\00_message\common\item_info.gmd,\ui\item_info.arc,item_info.arc,4661
0,,,,ui\00_message\common\item_info.gmd,\ui\item_info.arc,item_info.arc,4662
0,,,,ui\00_message\common\item_info.gmd,\ui\item_info.arc,item_info.arc,4663
0,,,,ui\00_message\common\item_info.gmd,\ui\item_info.arc,item_info.arc,4664
0,,,,ui\00_message\common\item_info.gmd,\ui\item_info.arc,item_info.arc,4665
0,,,,ui\00_message\common\item_info.gmd,\ui\item_info.arc,item_info.arc,4666
0,,,,ui\00_message\common\item_info.gmd,\ui\item_info.arc,item_info.arc,4667
0,,,,ui\00_message\common\item_info.gmd,\ui\item_info.arc,item_info.arc,4668
0,,,,ui\00_message\common\item_info.gmd,\ui\item_info.arc,item_info.arc,4669
0,,,,ui\00_message\common\item_info.gmd,\ui\item_info.arc,item_info.arc,4670
0,,,,ui\00_message\common\item_info.gmd,\ui\item_info.arc,item_info.arc,4671
0,,,,ui\00_message\common\item_info.gmd,\ui\item_info.arc,item_info.arc,4672
0,,,,ui\00_message\common\item_info.gmd,\ui\item_info.arc,item_info.arc,4673
0,,,,ui\00_message\common\item_info.gmd,\ui\item_info.arc,item_info.arc,4674
0,,,,ui\00_message\common\item_info.gmd,\ui\item_info.arc,item_info.arc,4675
0,,,,ui\00_message\common\item_info.gmd,\ui\item_info.arc,item_info.arc,4676
0,,,,ui\00_message\common\item_info.gmd,\ui\item_info.arc,item_info.arc,4677
0,,,,ui\00_message\common\item_info.gmd,\ui\item_info.arc,item_info.arc,4678
0,,,,ui\00_message\common\item_info.gmd,\ui\item_info.arc,item_info.arc,4679
0,,,,ui\00_message\common\item_info.gmd,\ui\item_info.arc,item_info.arc,4680
0,,,,ui\00_message\common\item_info.gmd,\ui\item_info.arc,item_info.arc,4681
0,,,,ui\00_message\common\item_info.gmd,\ui\item_info.arc,item_info.arc,4682
0,,,,ui\00_message\common\item_info.gmd,\ui\item_info.arc,item_info.arc,4683
0,,,,ui\00_message\common\item_info.gmd,\ui\item_info.arc,item_info.arc,4684
0,,,,ui\00_message\common\item_info.gmd,\ui\item_info.arc,item_info.arc,4685
0,,,,ui\00_message\common\item_info.gmd,\ui\item_info.arc,item_info.arc,4686
0,,,,ui\00_message\common\item_info.gmd,\ui\item_info.arc,item_info.arc,4687
0,,,,ui\00_message\common\item_info.gmd,\ui\item_info.arc,item_info.arc,4688
0,,,,ui\00_message\common\item_info.gmd,\ui\item_info.arc,item_info.arc,4689
0,,,,ui\00_message\common\item_info.gmd,\ui\item_info.arc,item_info.arc,4690
0,,,,ui\00_message\common\item_info.gmd,\ui\item_info.arc,item_info.arc,4691
0,,,,ui\00_message\common\item_info.gmd,\ui\item_info.arc,item_info.arc,4692
0,,,,ui\00_message\common\item_info.gmd,\ui\item_info.arc,item_info.arc,4693
0,,,,ui\00_message\common\item_info.gmd,\ui\item_info.arc,item_info.arc,4694
0,,,,ui\00_message\common\item_info.gmd,\ui\item_info.arc,item_info.arc,4695
0,,,,ui\00_message\common\item_info.gmd,\ui\item_info.arc,item_info.arc,4696
0,,,,ui\00_message\common\item_info.gmd,\ui\item_info.arc,item_info.arc,4697
0,,,,ui\00_message\common\item_info.gmd,\ui\item_info.arc,item_info.arc,4698
0,,,,ui\00_message\common\item_info.gmd,\ui\item_info.arc,item_info.arc,4699
0,,,,ui\00_message\common\item_info.gmd,\ui\item_info.arc,item_info.arc,4700
0,,,,ui\00_message\common\item_info.gmd,\ui\item_info.arc,item_info.arc,4701
0,,,,ui\00_message\common\item_info.gmd,\ui\item_info.arc,item_info.arc,4702
0,,,,ui\00_message\common\item_info.gmd,\ui\item_info.arc,item_info.arc,4703
0,,,,ui\00_message\common\item_info.gmd,\ui\item_info.arc,item_info.arc,4704
0,,,,ui\00_message\common\item_info.gmd,\ui\item_info.arc,item_info.arc,4705
0,,,,ui\00_message\common\item_info.gmd,\ui\item_info.arc,item_info.arc,4706
0,,,,ui\00_message\common\item_info.gmd,\ui\item_info.arc,item_info.arc,4707
0,,,,ui\00_message\common\item_info.gmd,\ui\item_info.arc,item_info.arc,4708
0,,,,ui\00_message\common\item_info.gmd,\ui\item_info.arc,item_info.arc,4709
0,,,,ui\00_message\common\item_info.gmd,\ui\item_info.arc,item_info.arc,4710
0,,,,ui\00_message\common\item_info.gmd,\ui\item_info.arc,item_info.arc,4711
0,,,,ui\00_message\common\item_info.gmd,\ui\item_info.arc,item_info.arc,4712
0,,,,ui\00_message\common\item_info.gmd,\ui\item_info.arc,item_info.arc,4713
0,,,,ui\00_message\common\item_info.gmd,\ui\item_info.arc,item_info.arc,4714
0,,,,ui\00_message\common\item_info.gmd,\ui\item_info.arc,item_info.arc,4715
0,,,,ui\00_message\common\item_info.gmd,\ui\item_info.arc,item_info.arc,4716
0,,,,ui\00_message\common\item_info.gmd,\ui\item_info.arc,item_info.arc,4717
0,,,,ui\00_message\common\item_info.gmd,\ui\item_info.arc,item_info.arc,4718
0,,,,ui\00_message\common\item_info.gmd,\ui\item_info.arc,item_info.arc,4719
0,,,,ui\00_message\common\item_info.gmd,\ui\item_info.arc,item_info.arc,4720
0,,,,ui\00_message\common\item_info.gmd,\ui\item_info.arc,item_info.arc,4721
0,,,,ui\00_message\common\item_info.gmd,\ui\item_info.arc,item_info.arc,4722
0,,,,ui\00_message\common\item_info.gmd,\ui\item_info.arc,item_info.arc,4723
0,,,,ui\00_message\common\item_info.gmd,\ui\item_info.arc,item_info.arc,4724
0,,,,ui\00_message\common\item_info.gmd,\ui\item_info.arc,item_info.arc,4725
0,,,,ui\00_message\common\item_info.gmd,\ui\item_info.arc,item_info.arc,4726
0,,,,ui\00_message\common\item_info.gmd,\ui\item_info.arc,item_info.arc,4727
0,,,,ui\00_message\common\item_info.gmd,\ui\item_info.arc,item_info.arc,4728
0,,,,ui\00_message\common\item_info.gmd,\ui\item_info.arc,item_info.arc,4729
0,,,,ui\00_message\common\item_info.gmd,\ui\item_info.arc,item_info.arc,4730
0,,,,ui\00_message\common\item_info.gmd,\ui\item_info.arc,item_info.arc,4731
0,,,,ui\00_message\common\item_info.gmd,\ui\item_info.arc,item_info.arc,4732
0,,,,ui\00_message\common\item_info.gmd,\ui\item_info.arc,item_info.arc,4733
0,,,,ui\00_message\common\item_info.gmd,\ui\item_info.arc,item_info.arc,4734
0,,,,ui\00_message\common\item_info.gmd,\ui\item_info.arc,item_info.arc,4735
0,,,,ui\00_message\common\item_info.gmd,\ui\item_info.arc,item_info.arc,4736
0,,,,ui\00_message\common\item_info.gmd,\ui\item_info.arc,item_info.arc,4737
0,,,,ui\00_message\common\item_info.gmd,\ui\item_info.arc,item_info.arc,4738
0,,,,ui\00_message\common\item_info.gmd,\ui\item_info.arc,item_info.arc,4739
0,,,,ui\00_message\common\item_info.gmd,\ui\item_info.arc,item_info.arc,4740
0,,,,ui\00_message\common\item_info.gmd,\ui\item_info.arc,item_info.arc,4741
0,,,,ui\00_message\common\item_info.gmd,\ui\item_info.arc,item_info.arc,4742
0,,,,ui\00_message\common\item_info.gmd,\ui\item_info.arc,item_info.arc,4743
0,,,,ui\00_message\common\item_info.gmd,\ui\item_info.arc,item_info.arc,4744
0,,,,ui\00_message\common\item_info.gmd,\ui\item_info.arc,item_info.arc,4745
0,,,,ui\00_message\common\item_info.gmd,\ui\item_info.arc,item_info.arc,4746
0,,,,ui\00_message\common\item_info.gmd,\ui\item_info.arc,item_info.arc,4747
0,,,,ui\00_message\common\item_info.gmd,\ui\item_info.arc,item_info.arc,4748
0,,,,ui\00_message\common\item_info.gmd,\ui\item_info.arc,item_info.arc,4749
0,,,,ui\00_message\common\item_info.gmd,\ui\item_info.arc,item_info.arc,4750
0,,,,ui\00_message\common\item_info.gmd,\ui\item_info.arc,item_info.arc,4751
0,,,,ui\00_message\common\item_info.gmd,\ui\item_info.arc,item_info.arc,4752
0,,,,ui\00_message\common\item_info.gmd,\ui\item_info.arc,item_info.arc,4753
0,,,,ui\00_message\common\item_info.gmd,\ui\item_info.arc,item_info.arc,4754
0,,,,ui\00_message\common\item_info.gmd,\ui\item_info.arc,item_info.arc,4755
0,,,,ui\00_message\common\item_info.gmd,\ui\item_info.arc,item_info.arc,4756
0,,,,ui\00_message\common\item_info.gmd,\ui\item_info.arc,item_info.arc,4757
0,,,,ui\00_message\common\item_info.gmd,\ui\item_info.arc,item_info.arc,4758
0,,,,ui\00_message\common\item_info.gmd,\ui\item_info.arc,item_info.arc,4759
0,,,,ui\00_message\common\item_info.gmd,\ui\item_info.arc,item_info.arc,4760
0,,,,ui\00_message\common\item_info.gmd,\ui\item_info.arc,item_info.arc,4761
0,,,,ui\00_message\common\item_info.gmd,\ui\item_info.arc,item_info.arc,4762
0,,,,ui\00_message\common\item_info.gmd,\ui\item_info.arc,item_info.arc,4763
0,,,,ui\00_message\common\item_info.gmd,\ui\item_info.arc,item_info.arc,4764
0,,,,ui\00_message\common\item_info.gmd,\ui\item_info.arc,item_info.arc,4765
0,,,,ui\00_message\common\item_info.gmd,\ui\item_info.arc,item_info.arc,4766
0,,,,ui\00_message\common\item_info.gmd,\ui\item_info.arc,item_info.arc,4767
0,,,,ui\00_message\common\item_info.gmd,\ui\item_info.arc,item_info.arc,4768
0,,,,ui\00_message\common\item_info.gmd,\ui\item_info.arc,item_info.arc,4769
0,,,,ui\00_message\common\item_info.gmd,\ui\item_info.arc,item_info.arc,4770
0,,,,ui\00_message\common\item_info.gmd,\ui\item_info.arc,item_info.arc,4771
0,,,,ui\00_message\common\item_info.gmd,\ui\item_info.arc,item_info.arc,4772
0,,,,ui\00_message\common\item_info.gmd,\ui\item_info.arc,item_info.arc,4773
0,,,,ui\00_message\common\item_info.gmd,\ui\item_info.arc,item_info.arc,4774
0,,,,ui\00_message\common\item_info.gmd,\ui\item_info.arc,item_info.arc,4775
0,,,,ui\00_message\common\item_info.gmd,\ui\item_info.arc,item_info.arc,4776
0,,,,ui\00_message\common\item_info.gmd,\ui\item_info.arc,item_info.arc,4777
0,,,,ui\00_message\common\item_info.gmd,\ui\item_info.arc,item_info.arc,4778
0,,,,ui\00_message\common\item_info.gmd,\ui\item_info.arc,item_info.arc,4779
0,,,,ui\00_message\common\item_info.gmd,\ui\item_info.arc,item_info.arc,4780
0,,,,ui\00_message\common\item_info.gmd,\ui\item_info.arc,item_info.arc,4781
0,,,,ui\00_message\common\item_info.gmd,\ui\item_info.arc,item_info.arc,4782
0,,,,ui\00_message\common\item_info.gmd,\ui\item_info.arc,item_info.arc,4783
0,,,,ui\00_message\common\item_info.gmd,\ui\item_info.arc,item_info.arc,4784
0,,,,ui\00_message\common\item_info.gmd,\ui\item_info.arc,item_info.arc,4785
0,,,,ui\00_message\common\item_info.gmd,\ui\item_info.arc,item_info.arc,4786
0,,,,ui\00_message\common\item_info.gmd,\ui\item_info.arc,item_info.arc,4787
0,,,,ui\00_message\common\item_info.gmd,\ui\item_info.arc,item_info.arc,4788
0,,,,ui\00_message\common\item_info.gmd,\ui\item_info.arc,item_info.arc,4789
0,,,,ui\00_message\common\item_info.gmd,\ui\item_info.arc,item_info.arc,4790
0,,,,ui\00_message\common\item_info.gmd,\ui\item_info.arc,item_info.arc,4791
0,,,,ui\00_message\common\item_info.gmd,\ui\item_info.arc,item_info.arc,4792
0,,,,ui\00_message\common\item_info.gmd,\ui\item_info.arc,item_info.arc,4793
0,,,,ui\00_message\common\item_info.gmd,\ui\item_info.arc,item_info.arc,4794
0,,,,ui\00_message\common\item_info.gmd,\ui\item_info.arc,item_info.arc,4795
0,,,,ui\00_message\common\item_info.gmd,\ui\item_info.arc,item_info.arc,4796
0,,,,ui\00_message\common\item_info.gmd,\ui\item_info.arc,item_info.arc,4797
0,,,,ui\00_message\common\item_info.gmd,\ui\item_info.arc,item_info.arc,4798
0,,,,ui\00_message\common\item_info.gmd,\ui\item_info.arc,item_info.arc,4799
0,,,,ui\00_message\common\item_info.gmd,\ui\item_info.arc,item_info.arc,4800
0,,,,ui\00_message\common\item_info.gmd,\ui\item_info.arc,item_info.arc,4801
0,,,,ui\00_message\common\item_info.gmd,\ui\item_info.arc,item_info.arc,4802
0,,,,ui\00_message\common\item_info.gmd,\ui\item_info.arc,item_info.arc,4803
0,,,,ui\00_message\common\item_info.gmd,\ui\item_info.arc,item_info.arc,4804
0,,,,ui\00_message\common\item_info.gmd,\ui\item_info.arc,item_info.arc,4805
0,,,,ui\00_message\common\item_info.gmd,\ui\item_info.arc,item_info.arc,4806
0,,,,ui\00_message\common\item_info.gmd,\ui\item_info.arc,item_info.arc,4807
0,,,,ui\00_message\common\item_info.gmd,\ui\item_info.arc,item_info.arc,4808
0,,,,ui\00_message\common\item_info.gmd,\ui\item_info.arc,item_info.arc,4809
0,,,,ui\00_message\common\item_info.gmd,\ui\item_info.arc,item_info.arc,4810
0,,,,ui\00_message\common\item_info.gmd,\ui\item_info.arc,item_info.arc,4811
0,,,,ui\00_message\common\item_info.gmd,\ui\item_info.arc,item_info.arc,4812
0,,,,ui\00_message\common\item_info.gmd,\ui\item_info.arc,item_info.arc,4813
0,,,,ui\00_message\common\item_info.gmd,\ui\item_info.arc,item_info.arc,4814
0,,,,ui\00_message\common\item_info.gmd,\ui\item_info.arc,item_info.arc,4815
0,,,,ui\00_message\common\item_info.gmd,\ui\item_info.arc,item_info.arc,4816
0,,,,ui\00_message\common\item_info.gmd,\ui\item_info.arc,item_info.arc,4817
0,,,,ui\00_message\common\item_info.gmd,\ui\item_info.arc,item_info.arc,4818
0,,,,ui\00_message\common\item_info.gmd,\ui\item_info.arc,item_info.arc,4819
0,,,,ui\00_message\common\item_info.gmd,\ui\item_info.arc,item_info.arc,4820
0,,,,ui\00_message\common\item_info.gmd,\ui\item_info.arc,item_info.arc,4821
0,,,,ui\00_message\common\item_info.gmd,\ui\item_info.arc,item_info.arc,4822
0,,,,ui\00_message\common\item_info.gmd,\ui\item_info.arc,item_info.arc,4823
0,,,,ui\00_message\common\item_info.gmd,\ui\item_info.arc,item_info.arc,4824
0,,,,ui\00_message\common\item_info.gmd,\ui\item_info.arc,item_info.arc,4825
0,,,,ui\00_message\common\item_info.gmd,\ui\item_info.arc,item_info.arc,4826
0,,,,ui\00_message\common\item_info.gmd,\ui\item_info.arc,item_info.arc,4827
0,,,,ui\00_message\common\item_info.gmd,\ui\item_info.arc,item_info.arc,4828
0,,,,ui\00_message\common\item_info.gmd,\ui\item_info.arc,item_info.arc,4829
0,,,,ui\00_message\common\item_info.gmd,\ui\item_info.arc,item_info.arc,4830
0,,,,ui\00_message\common\item_info.gmd,\ui\item_info.arc,item_info.arc,4831
0,,,,ui\00_message\common\item_info.gmd,\ui\item_info.arc,item_info.arc,4832
0,,,,ui\00_message\common\item_info.gmd,\ui\item_info.arc,item_info.arc,4833
0,,,,ui\00_message\common\item_info.gmd,\ui\item_info.arc,item_info.arc,4834
0,,,,ui\00_message\common\item_info.gmd,\ui\item_info.arc,item_info.arc,4835
0,,,,ui\00_message\common\item_info.gmd,\ui\item_info.arc,item_info.arc,4836
0,,,,ui\00_message\common\item_info.gmd,\ui\item_info.arc,item_info.arc,4837
0,,,,ui\00_message\common\item_info.gmd,\ui\item_info.arc,item_info.arc,4838
0,,,,ui\00_message\common\item_info.gmd,\ui\item_info.arc,item_info.arc,4839
0,,,,ui\00_message\common\item_info.gmd,\ui\item_info.arc,item_info.arc,4840
0,,,,ui\00_message\common\item_info.gmd,\ui\item_info.arc,item_info.arc,4841
0,,,,ui\00_message\common\item_info.gmd,\ui\item_info.arc,item_info.arc,4842
0,,,,ui\00_message\common\item_info.gmd,\ui\item_info.arc,item_info.arc,4843
0,,,,ui\00_message\common\item_info.gmd,\ui\item_info.arc,item_info.arc,4844
0,,,,ui\00_message\common\item_info.gmd,\ui\item_info.arc,item_info.arc,4845
0,,,,ui\00_message\common\item_info.gmd,\ui\item_info.arc,item_info.arc,4846
0,,,,ui\00_message\common\item_info.gmd,\ui\item_info.arc,item_info.arc,4847
0,,,,ui\00_message\common\item_info.gmd,\ui\item_info.arc,item_info.arc,4848
0,,,,ui\00_message\common\item_info.gmd,\ui\item_info.arc,item_info.arc,4849
0,,,,ui\00_message\common\item_info.gmd,\ui\item_info.arc,item_info.arc,4850
0,,,,ui\00_message\common\item_info.gmd,\ui\item_info.arc,item_info.arc,4851
0,,,,ui\00_message\common\item_info.gmd,\ui\item_info.arc,item_info.arc,4852
0,,,,ui\00_message\common\item_info.gmd,\ui\item_info.arc,item_info.arc,4853
0,,,,ui\00_message\common\item_info.gmd,\ui\item_info.arc,item_info.arc,4854
0,,,,ui\00_message\common\item_info.gmd,\ui\item_info.arc,item_info.arc,4855
0,,,,ui\00_message\common\item_info.gmd,\ui\item_info.arc,item_info.arc,4856
0,,,,ui\00_message\common\item_info.gmd,\ui\item_info.arc,item_info.arc,4857
0,,,,ui\00_message\common\item_info.gmd,\ui\item_info.arc,item_info.arc,4858
0,,,,ui\00_message\common\item_info.gmd,\ui\item_info.arc,item_info.arc,4859
0,,,,ui\00_message\common\item_info.gmd,\ui\item_info.arc,item_info.arc,4860
0,,,,ui\00_message\common\item_info.gmd,\ui\item_info.arc,item_info.arc,4861
0,,,,ui\00_message\common\item_info.gmd,\ui\item_info.arc,item_info.arc,4862
0,,,,ui\00_message\common\item_info.gmd,\ui\item_info.arc,item_info.arc,4863
0,,,,ui\00_message\common\item_info.gmd,\ui\item_info.arc,item_info.arc,4864
0,,,,ui\00_message\common\item_info.gmd,\ui\item_info.arc,item_info.arc,4865
0,,,,ui\00_message\common\item_info.gmd,\ui\item_info.arc,item_info.arc,4866
0,,,,ui\00_message\common\item_info.gmd,\ui\item_info.arc,item_info.arc,4867
0,,,,ui\00_message\common\item_info.gmd,\ui\item_info.arc,item_info.arc,4868
0,,,,ui\00_message\common\item_info.gmd,\ui\item_info.arc,item_info.arc,4869
0,,,,ui\00_message\common\item_info.gmd,\ui\item_info.arc,item_info.arc,4870
0,,,,ui\00_message\common\item_info.gmd,\ui\item_info.arc,item_info.arc,4871
0,,,,ui\00_message\common\item_info.gmd,\ui\item_info.arc,item_info.arc,4872
0,,,,ui\00_message\common\item_info.gmd,\ui\item_info.arc,item_info.arc,4873
0,,,,ui\00_message\common\item_info.gmd,\ui\item_info.arc,item_info.arc,4874
0,,,,ui\00_message\common\item_info.gmd,\ui\item_info.arc,item_info.arc,4875
0,,,,ui\00_message\common\item_info.gmd,\ui\item_info.arc,item_info.arc,4876
0,,,,ui\00_message\common\item_info.gmd,\ui\item_info.arc,item_info.arc,4877
0,,,,ui\00_message\common\item_info.gmd,\ui\item_info.arc,item_info.arc,4878
0,,,,ui\00_message\common\item_info.gmd,\ui\item_info.arc,item_info.arc,4879
0,,,,ui\00_message\common\item_info.gmd,\ui\item_info.arc,item_info.arc,4880
0,,,,ui\00_message\common\item_info.gmd,\ui\item_info.arc,item_info.arc,4881
0,,,,ui\00_message\common\item_info.gmd,\ui\item_info.arc,item_info.arc,4882
0,,,,ui\00_message\common\item_info.gmd,\ui\item_info.arc,item_info.arc,4883
0,,,,ui\00_message\common\item_info.gmd,\ui\item_info.arc,item_info.arc,4884
0,,,,ui\00_message\common\item_info.gmd,\ui\item_info.arc,item_info.arc,4885
0,,,,ui\00_message\common\item_info.gmd,\ui\item_info.arc,item_info.arc,4886
0,,,,ui\00_message\common\item_info.gmd,\ui\item_info.arc,item_info.arc,4887
0,,,,ui\00_message\common\item_info.gmd,\ui\item_info.arc,item_info.arc,4888
0,,,,ui\00_message\common\item_info.gmd,\ui\item_info.arc,item_info.arc,4889
0,,,,ui\00_message\common\item_info.gmd,\ui\item_info.arc,item_info.arc,4890
0,,,,ui\00_message\common\item_info.gmd,\ui\item_info.arc,item_info.arc,4891
0,,,,ui\00_message\common\item_info.gmd,\ui\item_info.arc,item_info.arc,4892
0,,,,ui\00_message\common\item_info.gmd,\ui\item_info.arc,item_info.arc,4893
0,,,,ui\00_message\common\item_info.gmd,\ui\item_info.arc,item_info.arc,4894
0,,,,ui\00_message\common\item_info.gmd,\ui\item_info.arc,item_info.arc,4895
0,,,,ui\00_message\common\item_info.gmd,\ui\item_info.arc,item_info.arc,4896
0,,,,ui\00_message\common\item_info.gmd,\ui\item_info.arc,item_info.arc,4897
0,,,,ui\00_message\common\item_info.gmd,\ui\item_info.arc,item_info.arc,4898
0,,,,ui\00_message\common\item_info.gmd,\ui\item_info.arc,item_info.arc,4899
0,,,,ui\00_message\common\item_info.gmd,\ui\item_info.arc,item_info.arc,4900
0,,,,ui\00_message\common\item_info.gmd,\ui\item_info.arc,item_info.arc,4901
0,,,,ui\00_message\common\item_info.gmd,\ui\item_info.arc,item_info.arc,4902
0,,,,ui\00_message\common\item_info.gmd,\ui\item_info.arc,item_info.arc,4903
0,,,,ui\00_message\common\item_info.gmd,\ui\item_info.arc,item_info.arc,4904
0,,,,ui\00_message\common\item_info.gmd,\ui\item_info.arc,item_info.arc,4905
0,,,,ui\00_message\common\item_info.gmd,\ui\item_info.arc,item_info.arc,4906
0,,,,ui\00_message\common\item_info.gmd,\ui\item_info.arc,item_info.arc,4907
0,,,,ui\00_message\common\item_info.gmd,\ui\item_info.arc,item_info.arc,4908
0,,,,ui\00_message\common\item_info.gmd,\ui\item_info.arc,item_info.arc,4909
0,,,,ui\00_message\common\item_info.gmd,\ui\item_info.arc,item_info.arc,4910
0,,,,ui\00_message\common\item_info.gmd,\ui\item_info.arc,item_info.arc,4911
0,,,,ui\00_message\common\item_info.gmd,\ui\item_info.arc,item_info.arc,4912
0,,,,ui\00_message\common\item_info.gmd,\ui\item_info.arc,item_info.arc,4913
0,,,,ui\00_message\common\item_info.gmd,\ui\item_info.arc,item_info.arc,4914
0,,,,ui\00_message\common\item_info.gmd,\ui\item_info.arc,item_info.arc,4915
0,,,,ui\00_message\common\item_info.gmd,\ui\item_info.arc,item_info.arc,4916
0,,,,ui\00_message\common\item_info.gmd,\ui\item_info.arc,item_info.arc,4917
0,,,,ui\00_message\common\item_info.gmd,\ui\item_info.arc,item_info.arc,4918
0,,,,ui\00_message\common\item_info.gmd,\ui\item_info.arc,item_info.arc,4919
0,,,,ui\00_message\common\item_info.gmd,\ui\item_info.arc,item_info.arc,4920
0,,,,ui\00_message\common\item_info.gmd,\ui\item_info.arc,item_info.arc,4921
0,,,,ui\00_message\common\item_info.gmd,\ui\item_info.arc,item_info.arc,4922
0,,,,ui\00_message\common\item_info.gmd,\ui\item_info.arc,item_info.arc,4923
0,,,,ui\00_message\common\item_info.gmd,\ui\item_info.arc,item_info.arc,4924
0,,,,ui\00_message\common\item_info.gmd,\ui\item_info.arc,item_info.arc,4925
0,,,,ui\00_message\common\item_info.gmd,\ui\item_info.arc,item_info.arc,4926
0,,,,ui\00_message\common\item_info.gmd,\ui\item_info.arc,item_info.arc,4927
0,,,,ui\00_message\common\item_info.gmd,\ui\item_info.arc,item_info.arc,4928
0,,,,ui\00_message\common\item_info.gmd,\ui\item_info.arc,item_info.arc,4929
0,,,,ui\00_message\common\item_info.gmd,\ui\item_info.arc,item_info.arc,4930
0,,,,ui\00_message\common\item_info.gmd,\ui\item_info.arc,item_info.arc,4931
0,,,,ui\00_message\common\item_info.gmd,\ui\item_info.arc,item_info.arc,4932
0,,,,ui\00_message\common\item_info.gmd,\ui\item_info.arc,item_info.arc,4933
0,,,,ui\00_message\common\item_info.gmd,\ui\item_info.arc,item_info.arc,4934
0,,,,ui\00_message\common\item_info.gmd,\ui\item_info.arc,item_info.arc,4935
0,,,,ui\00_message\common\item_info.gmd,\ui\item_info.arc,item_info.arc,4936
0,,,,ui\00_message\common\item_info.gmd,\ui\item_info.arc,item_info.arc,4937
0,,,,ui\00_message\common\item_info.gmd,\ui\item_info.arc,item_info.arc,4938
0,,,,ui\00_message\common\item_info.gmd,\ui\item_info.arc,item_info.arc,4939
0,,,,ui\00_message\common\item_info.gmd,\ui\item_info.arc,item_info.arc,4940
0,,,,ui\00_message\common\item_info.gmd,\ui\item_info.arc,item_info.arc,4941
0,,,,ui\00_message\common\item_info.gmd,\ui\item_info.arc,item_info.arc,4942
0,,,,ui\00_message\common\item_info.gmd,\ui\item_info.arc,item_info.arc,4943
0,,,,ui\00_message\common\item_info.gmd,\ui\item_info.arc,item_info.arc,4944
0,,,,ui\00_message\common\item_info.gmd,\ui\item_info.arc,item_info.arc,4945
0,,,,ui\00_message\common\item_info.gmd,\ui\item_info.arc,item_info.arc,4946
0,,,,ui\00_message\common\item_info.gmd,\ui\item_info.arc,item_info.arc,4947
0,,,,ui\00_message\common\item_info.gmd,\ui\item_info.arc,item_info.arc,4948
0,,,,ui\00_message\common\item_info.gmd,\ui\item_info.arc,item_info.arc,4949
0,,,,ui\00_message\common\item_info.gmd,\ui\item_info.arc,item_info.arc,4950
0,,,,ui\00_message\common\item_info.gmd,\ui\item_info.arc,item_info.arc,4951
0,,,,ui\00_message\common\item_info.gmd,\ui\item_info.arc,item_info.arc,4952
0,,,,ui\00_message\common\item_info.gmd,\ui\item_info.arc,item_info.arc,4953
0,,,,ui\00_message\common\item_info.gmd,\ui\item_info.arc,item_info.arc,4954
0,,,,ui\00_message\common\item_info.gmd,\ui\item_info.arc,item_info.arc,4955
0,,,,ui\00_message\common\item_info.gmd,\ui\item_info.arc,item_info.arc,4956
0,,,,ui\00_message\common\item_info.gmd,\ui\item_info.arc,item_info.arc,4957
0,,,,ui\00_message\common\item_info.gmd,\ui\item_info.arc,item_info.arc,4958
0,,,,ui\00_message\common\item_info.gmd,\ui\item_info.arc,item_info.arc,4959
0,,,,ui\00_message\common\item_info.gmd,\ui\item_info.arc,item_info.arc,4960
0,,,,ui\00_message\common\item_info.gmd,\ui\item_info.arc,item_info.arc,4961
0,,,,ui\00_message\common\item_info.gmd,\ui\item_info.arc,item_info.arc,4962
0,,,,ui\00_message\common\item_info.gmd,\ui\item_info.arc,item_info.arc,4963
0,,,,ui\00_message\common\item_info.gmd,\ui\item_info.arc,item_info.arc,4964
0,,,,ui\00_message\common\item_info.gmd,\ui\item_info.arc,item_info.arc,4965
0,,,,ui\00_message\common\item_info.gmd,\ui\item_info.arc,item_info.arc,4966
0,,,,ui\00_message\common\item_info.gmd,\ui\item_info.arc,item_info.arc,4967
0,,,,ui\00_message\common\item_info.gmd,\ui\item_info.arc,item_info.arc,4968
0,,,,ui\00_message\common\item_info.gmd,\ui\item_info.arc,item_info.arc,4969
0,,,,ui\00_message\common\item_info.gmd,\ui\item_info.arc,item_info.arc,4970
0,,,,ui\00_message\common\item_info.gmd,\ui\item_info.arc,item_info.arc,4971
0,,,,ui\00_message\common\item_info.gmd,\ui\item_info.arc,item_info.arc,4972
0,,,,ui\00_message\common\item_info.gmd,\ui\item_info.arc,item_info.arc,4973
0,,,,ui\00_message\common\item_info.gmd,\ui\item_info.arc,item_info.arc,4974
0,,,,ui\00_message\common\item_info.gmd,\ui\item_info.arc,item_info.arc,4975
0,,,,ui\00_message\common\item_info.gmd,\ui\item_info.arc,item_info.arc,4976
0,,,,ui\00_message\common\item_info.gmd,\ui\item_info.arc,item_info.arc,4977
0,,,,ui\00_message\common\item_info.gmd,\ui\item_info.arc,item_info.arc,4978
0,,,,ui\00_message\common\item_info.gmd,\ui\item_info.arc,item_info.arc,4979
0,,,,ui\00_message\common\item_info.gmd,\ui\item_info.arc,item_info.arc,4980
0,,,,ui\00_message\common\item_info.gmd,\ui\item_info.arc,item_info.arc,4981
0,,,,ui\00_message\common\item_info.gmd,\ui\item_info.arc,item_info.arc,4982
0,,,,ui\00_message\common\item_info.gmd,\ui\item_info.arc,item_info.arc,4983
0,,,,ui\00_message\common\item_info.gmd,\ui\item_info.arc,item_info.arc,4984
0,,,,ui\00_message\common\item_info.gmd,\ui\item_info.arc,item_info.arc,4985
0,,,,ui\00_message\common\item_info.gmd,\ui\item_info.arc,item_info.arc,4986
0,,,,ui\00_message\common\item_info.gmd,\ui\item_info.arc,item_info.arc,4987
0,,,,ui\00_message\common\item_info.gmd,\ui\item_info.arc,item_info.arc,4988
0,,,,ui\00_message\common\item_info.gmd,\ui\item_info.arc,item_info.arc,4989
0,,,,ui\00_message\common\item_info.gmd,\ui\item_info.arc,item_info.arc,4990
0,,,,ui\00_message\common\item_info.gmd,\ui\item_info.arc,item_info.arc,4991
0,,,,ui\00_message\common\item_info.gmd,\ui\item_info.arc,item_info.arc,4992
0,,,,ui\00_message\common\item_info.gmd,\ui\item_info.arc,item_info.arc,4993
0,,,,ui\00_message\common\item_info.gmd,\ui\item_info.arc,item_info.arc,4994
0,,,,ui\00_message\common\item_info.gmd,\ui\item_info.arc,item_info.arc,4995
0,,,,ui\00_message\common\item_info.gmd,\ui\item_info.arc,item_info.arc,4996
0,,,,ui\00_message\common\item_info.gmd,\ui\item_info.arc,item_info.arc,4997
0,,,,ui\00_message\common\item_info.gmd,\ui\item_info.arc,item_info.arc,4998
0,,,,ui\00_message\common\item_info.gmd,\ui\item_info.arc,item_info.arc,4999
0,,,,ui\00_message\common\item_info.gmd,\ui\item_info.arc,item_info.arc,5000
0,,,,ui\00_message\common\item_info.gmd,\ui\item_info.arc,item_info.arc,5001
0,,,,ui\00_message\common\item_info.gmd,\ui\item_info.arc,item_info.arc,5002
0,,,,ui\00_message\common\item_info.gmd,\ui\item_info.arc,item_info.arc,5003
0,,,,ui\00_message\common\item_info.gmd,\ui\item_info.arc,item_info.arc,5004
0,,,,ui\00_message\common\item_info.gmd,\ui\item_info.arc,item_info.arc,5005
0,,,,ui\00_message\common\item_info.gmd,\ui\item_info.arc,item_info.arc,5006
0,,,,ui\00_message\common\item_info.gmd,\ui\item_info.arc,item_info.arc,5007
0,,,,ui\00_message\common\item_info.gmd,\ui\item_info.arc,item_info.arc,5008
0,,,,ui\00_message\common\item_info.gmd,\ui\item_info.arc,item_info.arc,5009
0,,,,ui\00_message\common\item_info.gmd,\ui\item_info.arc,item_info.arc,5010
0,,,,ui\00_message\common\item_info.gmd,\ui\item_info.arc,item_info.arc,5011
0,,,,ui\00_message\common\item_info.gmd,\ui\item_info.arc,item_info.arc,5012
0,,,,ui\00_message\common\item_info.gmd,\ui\item_info.arc,item_info.arc,5013
0,,,,ui\00_message\common\item_info.gmd,\ui\item_info.arc,item_info.arc,5014
0,,,,ui\00_message\common\item_info.gmd,\ui\item_info.arc,item_info.arc,5015
0,,,,ui\00_message\common\item_info.gmd,\ui\item_info.arc,item_info.arc,5016
0,,,,ui\00_message\common\item_info.gmd,\ui\item_info.arc,item_info.arc,5017
0,,,,ui\00_message\common\item_info.gmd,\ui\item_info.arc,item_info.arc,5018
0,,,,ui\00_message\common\item_info.gmd,\ui\item_info.arc,item_info.arc,5019
0,,,,ui\00_message\common\item_info.gmd,\ui\item_info.arc,item_info.arc,5020
0,,,,ui\00_message\common\item_info.gmd,\ui\item_info.arc,item_info.arc,5021
0,,,,ui\00_message\common\item_info.gmd,\ui\item_info.arc,item_info.arc,5022
0,,,,ui\00_message\common\item_info.gmd,\ui\item_info.arc,item_info.arc,5023
0,,,,ui\00_message\common\item_info.gmd,\ui\item_info.arc,item_info.arc,5024
0,,,,ui\00_message\common\item_info.gmd,\ui\item_info.arc,item_info.arc,5025
0,,,,ui\00_message\common\item_info.gmd,\ui\item_info.arc,item_info.arc,5026
0,,,,ui\00_message\common\item_info.gmd,\ui\item_info.arc,item_info.arc,5027
0,,,,ui\00_message\common\item_info.gmd,\ui\item_info.arc,item_info.arc,5028
0,,,,ui\00_message\common\item_info.gmd,\ui\item_info.arc,item_info.arc,5029
0,,,,ui\00_message\common\item_info.gmd,\ui\item_info.arc,item_info.arc,5030
0,,,,ui\00_message\common\item_info.gmd,\ui\item_info.arc,item_info.arc,5031
0,,,,ui\00_message\common\item_info.gmd,\ui\item_info.arc,item_info.arc,5032
0,,,,ui\00_message\common\item_info.gmd,\ui\item_info.arc,item_info.arc,5033
0,,,,ui\00_message\common\item_info.gmd,\ui\item_info.arc,item_info.arc,5034
0,,,,ui\00_message\common\item_info.gmd,\ui\item_info.arc,item_info.arc,5035
0,,,,ui\00_message\common\item_info.gmd,\ui\item_info.arc,item_info.arc,5036
0,,,,ui\00_message\common\item_info.gmd,\ui\item_info.arc,item_info.arc,5037
0,,,,ui\00_message\common\item_info.gmd,\ui\item_info.arc,item_info.arc,5038
0,,,,ui\00_message\common\item_info.gmd,\ui\item_info.arc,item_info.arc,5039
0,,,,ui\00_message\common\item_info.gmd,\ui\item_info.arc,item_info.arc,5040
0,,,,ui\00_message\common\item_info.gmd,\ui\item_info.arc,item_info.arc,5041
0,,,,ui\00_message\common\item_info.gmd,\ui\item_info.arc,item_info.arc,5042
0,,,,ui\00_message\common\item_info.gmd,\ui\item_info.arc,item_info.arc,5043
0,,,,ui\00_message\common\item_info.gmd,\ui\item_info.arc,item_info.arc,5044
0,,,,ui\00_message\common\item_info.gmd,\ui\item_info.arc,item_info.arc,5045
0,,,,ui\00_message\common\item_info.gmd,\ui\item_info.arc,item_info.arc,5046
0,,,,ui\00_message\common\item_info.gmd,\ui\item_info.arc,item_info.arc,5047
0,,,,ui\00_message\common\item_info.gmd,\ui\item_info.arc,item_info.arc,5048
0,,,,ui\00_message\common\item_info.gmd,\ui\item_info.arc,item_info.arc,5049
0,,,,ui\00_message\common\item_info.gmd,\ui\item_info.arc,item_info.arc,5050
0,,,,ui\00_message\common\item_info.gmd,\ui\item_info.arc,item_info.arc,5051
0,,,,ui\00_message\common\item_info.gmd,\ui\item_info.arc,item_info.arc,5052
0,,,,ui\00_message\common\item_info.gmd,\ui\item_info.arc,item_info.arc,5053
0,,,,ui\00_message\common\item_info.gmd,\ui\item_info.arc,item_info.arc,5054
0,,,,ui\00_message\common\item_info.gmd,\ui\item_info.arc,item_info.arc,5055
0,,,,ui\00_message\common\item_info.gmd,\ui\item_info.arc,item_info.arc,5056
0,,,,ui\00_message\common\item_info.gmd,\ui\item_info.arc,item_info.arc,5057
0,,,,ui\00_message\common\item_info.gmd,\ui\item_info.arc,item_info.arc,5058
0,,,,ui\00_message\common\item_info.gmd,\ui\item_info.arc,item_info.arc,5059
0,,,,ui\00_message\common\item_info.gmd,\ui\item_info.arc,item_info.arc,5060
0,,,,ui\00_message\common\item_info.gmd,\ui\item_info.arc,item_info.arc,5061
0,,,,ui\00_message\common\item_info.gmd,\ui\item_info.arc,item_info.arc,5062
0,,,,ui\00_message\common\item_info.gmd,\ui\item_info.arc,item_info.arc,5063
0,,,,ui\00_message\common\item_info.gmd,\ui\item_info.arc,item_info.arc,5064
0,,,,ui\00_message\common\item_info.gmd,\ui\item_info.arc,item_info.arc,5065
0,,,,ui\00_message\common\item_info.gmd,\ui\item_info.arc,item_info.arc,5066
0,,,,ui\00_message\common\item_info.gmd,\ui\item_info.arc,item_info.arc,5067
0,,,,ui\00_message\common\item_info.gmd,\ui\item_info.arc,item_info.arc,5068
0,,,,ui\00_message\common\item_info.gmd,\ui\item_info.arc,item_info.arc,5069
0,,,,ui\00_message\common\item_info.gmd,\ui\item_info.arc,item_info.arc,5070
0,,,,ui\00_message\common\item_info.gmd,\ui\item_info.arc,item_info.arc,5071
0,,,,ui\00_message\common\item_info.gmd,\ui\item_info.arc,item_info.arc,5072
0,,,,ui\00_message\common\item_info.gmd,\ui\item_info.arc,item_info.arc,5073
0,,,,ui\00_message\common\item_info.gmd,\ui\item_info.arc,item_info.arc,5074
0,,,,ui\00_message\common\item_info.gmd,\ui\item_info.arc,item_info.arc,5075
0,,,,ui\00_message\common\item_info.gmd,\ui\item_info.arc,item_info.arc,5076
0,,,,ui\00_message\common\item_info.gmd,\ui\item_info.arc,item_info.arc,5077
0,,,,ui\00_message\common\item_info.gmd,\ui\item_info.arc,item_info.arc,5078
0,,,,ui\00_message\common\item_info.gmd,\ui\item_info.arc,item_info.arc,5079
0,,,,ui\00_message\common\item_info.gmd,\ui\item_info.arc,item_info.arc,5080
0,,,,ui\00_message\common\item_info.gmd,\ui\item_info.arc,item_info.arc,5081
0,,,,ui\00_message\common\item_info.gmd,\ui\item_info.arc,item_info.arc,5082
0,,,,ui\00_message\common\item_info.gmd,\ui\item_info.arc,item_info.arc,5083
0,,,,ui\00_message\common\item_info.gmd,\ui\item_info.arc,item_info.arc,5084
0,,,,ui\00_message\common\item_info.gmd,\ui\item_info.arc,item_info.arc,5085
0,,,,ui\00_message\common\item_info.gmd,\ui\item_info.arc,item_info.arc,5086
0,,,,ui\00_message\common\item_info.gmd,\ui\item_info.arc,item_info.arc,5087
0,,,,ui\00_message\common\item_info.gmd,\ui\item_info.arc,item_info.arc,5088
0,,,,ui\00_message\common\item_info.gmd,\ui\item_info.arc,item_info.arc,5089
0,,,,ui\00_message\common\item_info.gmd,\ui\item_info.arc,item_info.arc,5090
0,,,,ui\00_message\common\item_info.gmd,\ui\item_info.arc,item_info.arc,5091
0,,,,ui\00_message\common\item_info.gmd,\ui\item_info.arc,item_info.arc,5092
0,,,,ui\00_message\common\item_info.gmd,\ui\item_info.arc,item_info.arc,5093
0,,,,ui\00_message\common\item_info.gmd,\ui\item_info.arc,item_info.arc,5094
0,,,,ui\00_message\common\item_info.gmd,\ui\item_info.arc,item_info.arc,5095
0,,,,ui\00_message\common\item_info.gmd,\ui\item_info.arc,item_info.arc,5096
0,,,,ui\00_message\common\item_info.gmd,\ui\item_info.arc,item_info.arc,5097
0,,,,ui\00_message\common\item_info.gmd,\ui\item_info.arc,item_info.arc,5098
0,,,,ui\00_message\common\item_info.gmd,\ui\item_info.arc,item_info.arc,5099
0,,,,ui\00_message\common\item_info.gmd,\ui\item_info.arc,item_info.arc,5100
0,,,,ui\00_message\common\item_info.gmd,\ui\item_info.arc,item_info.arc,5101
0,,,,ui\00_message\common\item_info.gmd,\ui\item_info.arc,item_info.arc,5102
0,,,,ui\00_message\common\item_info.gmd,\ui\item_info.arc,item_info.arc,5103
0,,,,ui\00_message\common\item_info.gmd,\ui\item_info.arc,item_info.arc,5104
0,,,,ui\00_message\common\item_info.gmd,\ui\item_info.arc,item_info.arc,5105
0,,,,ui\00_message\common\item_info.gmd,\ui\item_info.arc,item_info.arc,5106
0,,,,ui\00_message\common\item_info.gmd,\ui\item_info.arc,item_info.arc,5107
0,,,,ui\00_message\common\item_info.gmd,\ui\item_info.arc,item_info.arc,5108
0,,,,ui\00_message\common\item_info.gmd,\ui\item_info.arc,item_info.arc,5109
0,,,,ui\00_message\common\item_info.gmd,\ui\item_info.arc,item_info.arc,5110
0,,,,ui\00_message\common\item_info.gmd,\ui\item_info.arc,item_info.arc,5111
0,,,,ui\00_message\common\item_info.gmd,\ui\item_info.arc,item_info.arc,5112
0,,,,ui\00_message\common\item_info.gmd,\ui\item_info.arc,item_info.arc,5113
0,,,,ui\00_message\common\item_info.gmd,\ui\item_info.arc,item_info.arc,5114
0,,,,ui\00_message\common\item_info.gmd,\ui\item_info.arc,item_info.arc,5115
0,,,,ui\00_message\common\item_info.gmd,\ui\item_info.arc,item_info.arc,5116
0,,,,ui\00_message\common\item_info.gmd,\ui\item_info.arc,item_info.arc,5117
0,,,,ui\00_message\common\item_info.gmd,\ui\item_info.arc,item_info.arc,5118
0,,,,ui\00_message\common\item_info.gmd,\ui\item_info.arc,item_info.arc,5119
0,,,,ui\00_message\common\item_info.gmd,\ui\item_info.arc,item_info.arc,5120
0,,,,ui\00_message\common\item_info.gmd,\ui\item_info.arc,item_info.arc,5121
0,,,,ui\00_message\common\item_info.gmd,\ui\item_info.arc,item_info.arc,5122
0,,,,ui\00_message\common\item_info.gmd,\ui\item_info.arc,item_info.arc,5123
0,,,,ui\00_message\common\item_info.gmd,\ui\item_info.arc,item_info.arc,5124
0,,,,ui\00_message\common\item_info.gmd,\ui\item_info.arc,item_info.arc,5125
0,,,,ui\00_message\common\item_info.gmd,\ui\item_info.arc,item_info.arc,5126
0,,,,ui\00_message\common\item_info.gmd,\ui\item_info.arc,item_info.arc,5127
0,,,,ui\00_message\common\item_info.gmd,\ui\item_info.arc,item_info.arc,5128
0,,,,ui\00_message\common\item_info.gmd,\ui\item_info.arc,item_info.arc,5129
0,,,,ui\00_message\common\item_info.gmd,\ui\item_info.arc,item_info.arc,5130
0,,,,ui\00_message\common\item_info.gmd,\ui\item_info.arc,item_info.arc,5131
0,,,,ui\00_message\common\item_info.gmd,\ui\item_info.arc,item_info.arc,5132
0,,,,ui\00_message\common\item_info.gmd,\ui\item_info.arc,item_info.arc,5133
0,,,,ui\00_message\common\item_info.gmd,\ui\item_info.arc,item_info.arc,5134
0,,,,ui\00_message\common\item_info.gmd,\ui\item_info.arc,item_info.arc,5135
0,,,,ui\00_message\common\item_info.gmd,\ui\item_info.arc,item_info.arc,5136
0,,,,ui\00_message\common\item_info.gmd,\ui\item_info.arc,item_info.arc,5137
0,,,,ui\00_message\common\item_info.gmd,\ui\item_info.arc,item_info.arc,5138
0,,,,ui\00_message\common\item_info.gmd,\ui\item_info.arc,item_info.arc,5139
0,,,,ui\00_message\common\item_info.gmd,\ui\item_info.arc,item_info.arc,5140
0,,,,ui\00_message\common\item_info.gmd,\ui\item_info.arc,item_info.arc,5141
0,,,,ui\00_message\common\item_info.gmd,\ui\item_info.arc,item_info.arc,5142
0,,,,ui\00_message\common\item_info.gmd,\ui\item_info.arc,item_info.arc,5143
0,,,,ui\00_message\common\item_info.gmd,\ui\item_info.arc,item_info.arc,5144
0,,,,ui\00_message\common\item_info.gmd,\ui\item_info.arc,item_info.arc,5145
0,,,,ui\00_message\common\item_info.gmd,\ui\item_info.arc,item_info.arc,5146
0,,,,ui\00_message\common\item_info.gmd,\ui\item_info.arc,item_info.arc,5147
0,,,,ui\00_message\common\item_info.gmd,\ui\item_info.arc,item_info.arc,5148
0,,,,ui\00_message\common\item_info.gmd,\ui\item_info.arc,item_info.arc,5149
0,,,,ui\00_message\common\item_info.gmd,\ui\item_info.arc,item_info.arc,5150
0,,,,ui\00_message\common\item_info.gmd,\ui\item_info.arc,item_info.arc,5151
0,,,,ui\00_message\common\item_info.gmd,\ui\item_info.arc,item_info.arc,5152
0,,,,ui\00_message\common\item_info.gmd,\ui\item_info.arc,item_info.arc,5153
0,,,,ui\00_message\common\item_info.gmd,\ui\item_info.arc,item_info.arc,5154
0,,,,ui\00_message\common\item_info.gmd,\ui\item_info.arc,item_info.arc,5155
0,,,,ui\00_message\common\item_info.gmd,\ui\item_info.arc,item_info.arc,5156
0,,,,ui\00_message\common\item_info.gmd,\ui\item_info.arc,item_info.arc,5157
0,,,,ui\00_message\common\item_info.gmd,\ui\item_info.arc,item_info.arc,5158
0,,,,ui\00_message\common\item_info.gmd,\ui\item_info.arc,item_info.arc,5159
0,,,,ui\00_message\common\item_info.gmd,\ui\item_info.arc,item_info.arc,5160
0,,,,ui\00_message\common\item_info.gmd,\ui\item_info.arc,item_info.arc,5161
0,,,,ui\00_message\common\item_info.gmd,\ui\item_info.arc,item_info.arc,5162
0,,,,ui\00_message\common\item_info.gmd,\ui\item_info.arc,item_info.arc,5163
0,,,,ui\00_message\common\item_info.gmd,\ui\item_info.arc,item_info.arc,5164
0,,,,ui\00_message\common\item_info.gmd,\ui\item_info.arc,item_info.arc,5165
0,,,,ui\00_message\common\item_info.gmd,\ui\item_info.arc,item_info.arc,5166
0,,,,ui\00_message\common\item_info.gmd,\ui\item_info.arc,item_info.arc,5167
0,,,,ui\00_message\common\item_info.gmd,\ui\item_info.arc,item_info.arc,5168
0,,,,ui\00_message\common\item_info.gmd,\ui\item_info.arc,item_info.arc,5169
0,,,,ui\00_message\common\item_info.gmd,\ui\item_info.arc,item_info.arc,5170
0,,,,ui\00_message\common\item_info.gmd,\ui\item_info.arc,item_info.arc,5171
0,,,,ui\00_message\common\item_info.gmd,\ui\item_info.arc,item_info.arc,5172
0,,,,ui\00_message\common\item_info.gmd,\ui\item_info.arc,item_info.arc,5173
0,,,,ui\00_message\common\item_info.gmd,\ui\item_info.arc,item_info.arc,5174
0,,,,ui\00_message\common\item_info.gmd,\ui\item_info.arc,item_info.arc,5175
0,,,,ui\00_message\common\item_info.gmd,\ui\item_info.arc,item_info.arc,5176
0,,,,ui\00_message\common\item_info.gmd,\ui\item_info.arc,item_info.arc,5177
0,,,,ui\00_message\common\item_info.gmd,\ui\item_info.arc,item_info.arc,5178
0,,,,ui\00_message\common\item_info.gmd,\ui\item_info.arc,item_info.arc,5179
0,,,,ui\00_message\common\item_info.gmd,\ui\item_info.arc,item_info.arc,5180
0,,,,ui\00_message\common\item_info.gmd,\ui\item_info.arc,item_info.arc,5181
0,,,,ui\00_message\common\item_info.gmd,\ui\item_info.arc,item_info.arc,5182
0,,,,ui\00_message\common\item_info.gmd,\ui\item_info.arc,item_info.arc,5183
0,,,,ui\00_message\common\item_info.gmd,\ui\item_info.arc,item_info.arc,5184
0,,,,ui\00_message\common\item_info.gmd,\ui\item_info.arc,item_info.arc,5185
0,,,,ui\00_message\common\item_info.gmd,\ui\item_info.arc,item_info.arc,5186
0,,,,ui\00_message\common\item_info.gmd,\ui\item_info.arc,item_info.arc,5187
0,,,,ui\00_message\common\item_info.gmd,\ui\item_info.arc,item_info.arc,5188
0,,,,ui\00_message\common\item_info.gmd,\ui\item_info.arc,item_info.arc,5189
0,,,,ui\00_message\common\item_info.gmd,\ui\item_info.arc,item_info.arc,5190
0,,,,ui\00_message\common\item_info.gmd,\ui\item_info.arc,item_info.arc,5191
0,,,,ui\00_message\common\item_info.gmd,\ui\item_info.arc,item_info.arc,5192
0,,,,ui\00_message\common\item_info.gmd,\ui\item_info.arc,item_info.arc,5193
0,,,,ui\00_message\common\item_info.gmd,\ui\item_info.arc,item_info.arc,5194
0,,,,ui\00_message\common\item_info.gmd,\ui\item_info.arc,item_info.arc,5195
0,,,,ui\00_message\common\item_info.gmd,\ui\item_info.arc,item_info.arc,5196
0,,,,ui\00_message\common\item_info.gmd,\ui\item_info.arc,item_info.arc,5197
0,,,,ui\00_message\common\item_info.gmd,\ui\item_info.arc,item_info.arc,5198
0,,,,ui\00_message\common\item_info.gmd,\ui\item_info.arc,item_info.arc,5199
0,,,,ui\00_message\common\item_info.gmd,\ui\item_info.arc,item_info.arc,5200
0,,,,ui\00_message\common\item_info.gmd,\ui\item_info.arc,item_info.arc,5201
0,,,,ui\00_message\common\item_info.gmd,\ui\item_info.arc,item_info.arc,5202
0,,,,ui\00_message\common\item_info.gmd,\ui\item_info.arc,item_info.arc,5203
0,,,,ui\00_message\common\item_info.gmd,\ui\item_info.arc,item_info.arc,5204
0,,,,ui\00_message\common\item_info.gmd,\ui\item_info.arc,item_info.arc,5205
0,,,,ui\00_message\common\item_info.gmd,\ui\item_info.arc,item_info.arc,5206
0,,,,ui\00_message\common\item_info.gmd,\ui\item_info.arc,item_info.arc,5207
0,,,,ui\00_message\common\item_info.gmd,\ui\item_info.arc,item_info.arc,5208
0,,,,ui\00_message\common\item_info.gmd,\ui\item_info.arc,item_info.arc,5209
0,,,,ui\00_message\common\item_info.gmd,\ui\item_info.arc,item_info.arc,5210
0,,,,ui\00_message\common\item_info.gmd,\ui\item_info.arc,item_info.arc,5211
0,,,,ui\00_message\common\item_info.gmd,\ui\item_info.arc,item_info.arc,5212
0,,,,ui\00_message\common\item_info.gmd,\ui\item_info.arc,item_info.arc,5213
0,,,,ui\00_message\common\item_info.gmd,\ui\item_info.arc,item_info.arc,5214
0,,,,ui\00_message\common\item_info.gmd,\ui\item_info.arc,item_info.arc,5215
0,,,,ui\00_message\common\item_info.gmd,\ui\item_info.arc,item_info.arc,5216
0,,,,ui\00_message\common\item_info.gmd,\ui\item_info.arc,item_info.arc,5217
0,,,,ui\00_message\common\item_info.gmd,\ui\item_info.arc,item_info.arc,5218
0,,,,ui\00_message\common\item_info.gmd,\ui\item_info.arc,item_info.arc,5219
0,,,,ui\00_message\common\item_info.gmd,\ui\item_info.arc,item_info.arc,5220
0,,,,ui\00_message\common\item_info.gmd,\ui\item_info.arc,item_info.arc,5221
0,,,,ui\00_message\common\item_info.gmd,\ui\item_info.arc,item_info.arc,5222
0,,,,ui\00_message\common\item_info.gmd,\ui\item_info.arc,item_info.arc,5223
0,,,,ui\00_message\common\item_info.gmd,\ui\item_info.arc,item_info.arc,5224
0,,,,ui\00_message\common\item_info.gmd,\ui\item_info.arc,item_info.arc,5225
0,,,,ui\00_message\common\item_info.gmd,\ui\item_info.arc,item_info.arc,5226
0,,,,ui\00_message\common\item_info.gmd,\ui\item_info.arc,item_info.arc,5227
0,,,,ui\00_message\common\item_info.gmd,\ui\item_info.arc,item_info.arc,5228
0,,,,ui\00_message\common\item_info.gmd,\ui\item_info.arc,item_info.arc,5229
0,,,,ui\00_message\common\item_info.gmd,\ui\item_info.arc,item_info.arc,5230
0,,,,ui\00_message\common\item_info.gmd,\ui\item_info.arc,item_info.arc,5231
0,,,,ui\00_message\common\item_info.gmd,\ui\item_info.arc,item_info.arc,5232
0,,,,ui\00_message\common\item_info.gmd,\ui\item_info.arc,item_info.arc,5233
0,,,,ui\00_message\common\item_info.gmd,\ui\item_info.arc,item_info.arc,5234
0,,,,ui\00_message\common\item_info.gmd,\ui\item_info.arc,item_info.arc,5235
0,,,,ui\00_message\common\item_info.gmd,\ui\item_info.arc,item_info.arc,5236
0,,,,ui\00_message\common\item_info.gmd,\ui\item_info.arc,item_info.arc,5237
0,,,,ui\00_message\common\item_info.gmd,\ui\item_info.arc,item_info.arc,5238
0,,,,ui\00_message\common\item_info.gmd,\ui\item_info.arc,item_info.arc,5239
0,,,,ui\00_message\common\item_info.gmd,\ui\item_info.arc,item_info.arc,5240
0,,,,ui\00_message\common\item_info.gmd,\ui\item_info.arc,item_info.arc,5241
0,,,,ui\00_message\common\item_info.gmd,\ui\item_info.arc,item_info.arc,5242
0,,,,ui\00_message\common\item_info.gmd,\ui\item_info.arc,item_info.arc,5243
0,,,,ui\00_message\common\item_info.gmd,\ui\item_info.arc,item_info.arc,5244
0,,,,ui\00_message\common\item_info.gmd,\ui\item_info.arc,item_info.arc,5245
0,,,,ui\00_message\common\item_info.gmd,\ui\item_info.arc,item_info.arc,5246
0,,,,ui\00_message\common\item_info.gmd,\ui\item_info.arc,item_info.arc,5247
0,,,,ui\00_message\common\item_info.gmd,\ui\item_info.arc,item_info.arc,5248
0,,,,ui\00_message\common\item_info.gmd,\ui\item_info.arc,item_info.arc,5249
0,,,,ui\00_message\common\item_info.gmd,\ui\item_info.arc,item_info.arc,5250
0,,,,ui\00_message\common\item_info.gmd,\ui\item_info.arc,item_info.arc,5251
0,,,,ui\00_message\common\item_info.gmd,\ui\item_info.arc,item_info.arc,5252
0,,,,ui\00_message\common\item_info.gmd,\ui\item_info.arc,item_info.arc,5253
0,,,,ui\00_message\common\item_info.gmd,\ui\item_info.arc,item_info.arc,5254
0,,,,ui\00_message\common\item_info.gmd,\ui\item_info.arc,item_info.arc,5255
0,,,,ui\00_message\common\item_info.gmd,\ui\item_info.arc,item_info.arc,5256
0,,,,ui\00_message\common\item_info.gmd,\ui\item_info.arc,item_info.arc,5257
0,,,,ui\00_message\common\item_info.gmd,\ui\item_info.arc,item_info.arc,5258
0,,,,ui\00_message\common\item_info.gmd,\ui\item_info.arc,item_info.arc,5259
0,,,,ui\00_message\common\item_info.gmd,\ui\item_info.arc,item_info.arc,5260
0,,,,ui\00_message\common\item_info.gmd,\ui\item_info.arc,item_info.arc,5261
0,,,,ui\00_message\common\item_info.gmd,\ui\item_info.arc,item_info.arc,5262
0,,,,ui\00_message\common\item_info.gmd,\ui\item_info.arc,item_info.arc,5263
0,,,,ui\00_message\common\item_info.gmd,\ui\item_info.arc,item_info.arc,5264
0,,,,ui\00_message\common\item_info.gmd,\ui\item_info.arc,item_info.arc,5265
0,,,,ui\00_message\common\item_info.gmd,\ui\item_info.arc,item_info.arc,5266
0,,,,ui\00_message\common\item_info.gmd,\ui\item_info.arc,item_info.arc,5267
0,,,,ui\00_message\common\item_info.gmd,\ui\item_info.arc,item_info.arc,5268
0,,,,ui\00_message\common\item_info.gmd,\ui\item_info.arc,item_info.arc,5269
0,,,,ui\00_message\common\item_info.gmd,\ui\item_info.arc,item_info.arc,5270
0,,,,ui\00_message\common\item_info.gmd,\ui\item_info.arc,item_info.arc,5271
0,,,,ui\00_message\common\item_info.gmd,\ui\item_info.arc,item_info.arc,5272
0,,,,ui\00_message\common\item_info.gmd,\ui\item_info.arc,item_info.arc,5273
0,,,,ui\00_message\common\item_info.gmd,\ui\item_info.arc,item_info.arc,5274
0,,,,ui\00_message\common\item_info.gmd,\ui\item_info.arc,item_info.arc,5275
0,,,,ui\00_message\common\item_info.gmd,\ui\item_info.arc,item_info.arc,5276
0,,,,ui\00_message\common\item_info.gmd,\ui\item_info.arc,item_info.arc,5277
0,,,,ui\00_message\common\item_info.gmd,\ui\item_info.arc,item_info.arc,5278
0,,,,ui\00_message\common\item_info.gmd,\ui\item_info.arc,item_info.arc,5279
0,,,,ui\00_message\common\item_info.gmd,\ui\item_info.arc,item_info.arc,5280
0,,,,ui\00_message\common\item_info.gmd,\ui\item_info.arc,item_info.arc,5281
0,,,,ui\00_message\common\item_info.gmd,\ui\item_info.arc,item_info.arc,5282
0,,,,ui\00_message\common\item_info.gmd,\ui\item_info.arc,item_info.arc,5283
0,,,,ui\00_message\common\item_info.gmd,\ui\item_info.arc,item_info.arc,5284
0,,,,ui\00_message\common\item_info.gmd,\ui\item_info.arc,item_info.arc,5285
0,,,,ui\00_message\common\item_info.gmd,\ui\item_info.arc,item_info.arc,5286
0,,,,ui\00_message\common\item_info.gmd,\ui\item_info.arc,item_info.arc,5287
0,,,,ui\00_message\common\item_info.gmd,\ui\item_info.arc,item_info.arc,5288
0,,,,ui\00_message\common\item_info.gmd,\ui\item_info.arc,item_info.arc,5289
0,,,,ui\00_message\common\item_info.gmd,\ui\item_info.arc,item_info.arc,5290
0,,,,ui\00_message\common\item_info.gmd,\ui\item_info.arc,item_info.arc,5291
0,,,,ui\00_message\common\item_info.gmd,\ui\item_info.arc,item_info.arc,5292
0,,,,ui\00_message\common\item_info.gmd,\ui\item_info.arc,item_info.arc,5293
0,,,,ui\00_message\common\item_info.gmd,\ui\item_info.arc,item_info.arc,5294
0,,,,ui\00_message\common\item_info.gmd,\ui\item_info.arc,item_info.arc,5295
0,,,,ui\00_message\common\item_info.gmd,\ui\item_info.arc,item_info.arc,5296
0,,,,ui\00_message\common\item_info.gmd,\ui\item_info.arc,item_info.arc,5297
0,,,,ui\00_message\common\item_info.gmd,\ui\item_info.arc,item_info.arc,5298
0,,,,ui\00_message\common\item_info.gmd,\ui\item_info.arc,item_info.arc,5299
0,,,,ui\00_message\common\item_info.gmd,\ui\item_info.arc,item_info.arc,5300
0,,,,ui\00_message\common\item_info.gmd,\ui\item_info.arc,item_info.arc,5301
0,,,,ui\00_message\common\item_info.gmd,\ui\item_info.arc,item_info.arc,5302
0,,,,ui\00_message\common\item_info.gmd,\ui\item_info.arc,item_info.arc,5303
0,,,,ui\00_message\common\item_info.gmd,\ui\item_info.arc,item_info.arc,5304
0,,,,ui\00_message\common\item_info.gmd,\ui\item_info.arc,item_info.arc,5305
0,,,,ui\00_message\common\item_info.gmd,\ui\item_info.arc,item_info.arc,5306
0,,,,ui\00_message\common\item_info.gmd,\ui\item_info.arc,item_info.arc,5307
0,,,,ui\00_message\common\item_info.gmd,\ui\item_info.arc,item_info.arc,5308
0,,,,ui\00_message\common\item_info.gmd,\ui\item_info.arc,item_info.arc,5309
0,,,,ui\00_message\common\item_info.gmd,\ui\item_info.arc,item_info.arc,5310
0,,,,ui\00_message\common\item_info.gmd,\ui\item_info.arc,item_info.arc,5311
0,,,,ui\00_message\common\item_info.gmd,\ui\item_info.arc,item_info.arc,5312
0,,,,ui\00_message\common\item_info.gmd,\ui\item_info.arc,item_info.arc,5313
0,,,,ui\00_message\common\item_info.gmd,\ui\item_info.arc,item_info.arc,5314
0,,,,ui\00_message\common\item_info.gmd,\ui\item_info.arc,item_info.arc,5315
0,,,,ui\00_message\common\item_info.gmd,\ui\item_info.arc,item_info.arc,5316
0,,,,ui\00_message\common\item_info.gmd,\ui\item_info.arc,item_info.arc,5317
0,,,,ui\00_message\common\item_info.gmd,\ui\item_info.arc,item_info.arc,5318
0,,,,ui\00_message\common\item_info.gmd,\ui\item_info.arc,item_info.arc,5319
0,,,,ui\00_message\common\item_info.gmd,\ui\item_info.arc,item_info.arc,5320
0,,,,ui\00_message\common\item_info.gmd,\ui\item_info.arc,item_info.arc,5321
0,,,,ui\00_message\common\item_info.gmd,\ui\item_info.arc,item_info.arc,5322
0,,,,ui\00_message\common\item_info.gmd,\ui\item_info.arc,item_info.arc,5323
0,,,,ui\00_message\common\item_info.gmd,\ui\item_info.arc,item_info.arc,5324
0,,,,ui\00_message\common\item_info.gmd,\ui\item_info.arc,item_info.arc,5325
0,,,,ui\00_message\common\item_info.gmd,\ui\item_info.arc,item_info.arc,5326
0,,,,ui\00_message\common\item_info.gmd,\ui\item_info.arc,item_info.arc,5327
0,,,,ui\00_message\common\item_info.gmd,\ui\item_info.arc,item_info.arc,5328
0,,,,ui\00_message\common\item_info.gmd,\ui\item_info.arc,item_info.arc,5329
0,,,,ui\00_message\common\item_info.gmd,\ui\item_info.arc,item_info.arc,5330
0,,,,ui\00_message\common\item_info.gmd,\ui\item_info.arc,item_info.arc,5331
0,,,,ui\00_message\common\item_info.gmd,\ui\item_info.arc,item_info.arc,5332
0,,,,ui\00_message\common\item_info.gmd,\ui\item_info.arc,item_info.arc,5333
0,,,,ui\00_message\common\item_info.gmd,\ui\item_info.arc,item_info.arc,5334
0,,,,ui\00_message\common\item_info.gmd,\ui\item_info.arc,item_info.arc,5335
0,,,,ui\00_message\common\item_info.gmd,\ui\item_info.arc,item_info.arc,5336
0,,,,ui\00_message\common\item_info.gmd,\ui\item_info.arc,item_info.arc,5337
0,,,,ui\00_message\common\item_info.gmd,\ui\item_info.arc,item_info.arc,5338
0,,,,ui\00_message\common\item_info.gmd,\ui\item_info.arc,item_info.arc,5339
0,,,,ui\00_message\common\item_info.gmd,\ui\item_info.arc,item_info.arc,5340
0,,,,ui\00_message\common\item_info.gmd,\ui\item_info.arc,item_info.arc,5341
0,,,,ui\00_message\common\item_info.gmd,\ui\item_info.arc,item_info.arc,5342
0,,,,ui\00_message\common\item_info.gmd,\ui\item_info.arc,item_info.arc,5343
0,,,,ui\00_message\common\item_info.gmd,\ui\item_info.arc,item_info.arc,5344
0,,,,ui\00_message\common\item_info.gmd,\ui\item_info.arc,item_info.arc,5345
0,,,,ui\00_message\common\item_info.gmd,\ui\item_info.arc,item_info.arc,5346
0,,,,ui\00_message\common\item_info.gmd,\ui\item_info.arc,item_info.arc,5347
0,,,,ui\00_message\common\item_info.gmd,\ui\item_info.arc,item_info.arc,5348
0,,,,ui\00_message\common\item_info.gmd,\ui\item_info.arc,item_info.arc,5349
0,,,,ui\00_message\common\item_info.gmd,\ui\item_info.arc,item_info.arc,5350
0,,,,ui\00_message\common\item_info.gmd,\ui\item_info.arc,item_info.arc,5351
0,,,,ui\00_message\common\item_info.gmd,\ui\item_info.arc,item_info.arc,5352
0,,,,ui\00_message\common\item_info.gmd,\ui\item_info.arc,item_info.arc,5353
0,,,,ui\00_message\common\item_info.gmd,\ui\item_info.arc,item_info.arc,5354
0,,,,ui\00_message\common\item_info.gmd,\ui\item_info.arc,item_info.arc,5355
0,,,,ui\00_message\common\item_info.gmd,\ui\item_info.arc,item_info.arc,5356
0,,,,ui\00_message\common\item_info.gmd,\ui\item_info.arc,item_info.arc,5357
0,,,,ui\00_message\common\item_info.gmd,\ui\item_info.arc,item_info.arc,5358
0,,,,ui\00_message\common\item_info.gmd,\ui\item_info.arc,item_info.arc,5359
0,,,,ui\00_message\common\item_info.gmd,\ui\item_info.arc,item_info.arc,5360
0,,,,ui\00_message\common\item_info.gmd,\ui\item_info.arc,item_info.arc,5361
0,,,,ui\00_message\common\item_info.gmd,\ui\item_info.arc,item_info.arc,5362
0,,,,ui\00_message\common\item_info.gmd,\ui\item_info.arc,item_info.arc,5363
0,,,,ui\00_message\common\item_info.gmd,\ui\item_info.arc,item_info.arc,5364
0,,,,ui\00_message\common\item_info.gmd,\ui\item_info.arc,item_info.arc,5365
0,,,,ui\00_message\common\item_info.gmd,\ui\item_info.arc,item_info.arc,5366
0,,,,ui\00_message\common\item_info.gmd,\ui\item_info.arc,item_info.arc,5367
0,,,,ui\00_message\common\item_info.gmd,\ui\item_info.arc,item_info.arc,5368
0,,,,ui\00_message\common\item_info.gmd,\ui\item_info.arc,item_info.arc,5369
0,,,,ui\00_message\common\item_info.gmd,\ui\item_info.arc,item_info.arc,5370