#Index,Key,MsgJp,MsgEn,GmdPath,ArcPath,ArcName,ReadIndex
2,TUTORIAL_STEP_632,"＜マンドラゴラの進化＞

マンドラゴラを育成する際に
選択する《肥料》の内容によって
マンドラゴラが進化し、姿を変えることがあります

また、現在のマンドラゴラの種類を
一度発見した種類に任意で変更することもできます
ただし、“何の種類から育成するか”というのは
進化に影響するため、育成の際には注意しましょう",,ui\00_message\tutorial_guide\steps\tutorial_guide_step364.gmd,\tguide\tutorial_guide_364.arc,tutorial_guide_364.arc,2
0,TUTORIAL_STEP_727,"<COL 78f5ff>絶望の大陸 第三節：「王都の決戦」到達！</COL>

　“ひととき目覚めた精霊竜の力に支えられ
　　覚者は黒き刃を退けた

　　展望城に引き続き奪還したは
　　王家の栄華そのものである城塞都市メガド

　　しかし巨大な都の全てを守るには
　　彼の腕はまだか弱く小さい――”",,ui\00_message\tutorial_guide\steps\tutorial_guide_step392.gmd,\tguide\tutorial_guide_392.arc,tutorial_guide_392.arc,0
2,TUTORIAL_STEP_787,"＜メフィスの呟きについて＞

諜報活動では、メガドの調査を
自由に進めていくことができますが
進展があった場合には
メフィスが “調査を進めるためのヒント” を
呟くことがあります

調査に進展があり、アナウンスが発生したときは
チャットログに注目しましょう",,ui\00_message\tutorial_guide\steps\tutorial_guide_step413.gmd,\tguide\tutorial_guide_413.arc,tutorial_guide_413.arc,2
0,TUTORIAL_STEP_766,"＜仲間について＞

《証拠》を入手した際に、関わった人物が
“レジスタンス”の仲間に加わることがあります

加入した仲間は、諜報活動中に
証拠イベントのヒントを持って現れたり
戦闘に参加してくれることもあります

仲間に誘えるタイミングが来たら
積極的に誘ってみましょう",,ui\00_message\tutorial_guide\steps\tutorial_guide_step416.gmd,\tguide\tutorial_guide_416.arc,tutorial_guide_416.arc,0
0,TUTORIAL_STEP_795,"<COL 78f5ff>絶望の大陸 第四節：「竜を継ぐ者」到達！</COL>

　“母との絆を信じ、一人ひた走る王子
　 しかしその先に待っていたのは
　 破壊こそを悦楽とする造竜だった

　 戦いの果て、火の竜力は正しき在り処へと還り
　 アッカーシェランは新たな歴史を
　 刻み始める

　 一方、白竜神殿では一つの決断が下された”",,ui\00_message\tutorial_guide\steps\tutorial_guide_step420.gmd,\tguide\tutorial_guide_420.arc,tutorial_guide_420.arc,0
2,TUTORIAL_STEP_872,"<COL 78f5ff>《デイリー報酬》</COL>
1日に1回だけアイテムを取得できる、
特別な宝箱が報酬部屋に出現します

<COL 78f5ff>《コンテンツクリア報酬》</COL>
拠点の保管ボックスから“報酬受け取り"" にて
受け取ることができます",,ui\00_message\tutorial_guide\steps\tutorial_guide_step428.gmd,\tguide\tutorial_guide_428.arc,tutorial_guide_428.arc,2
0,TUTORIAL_STEP_826,"<COL ffdc78>《ドラゴンアビリティ：精霊竜》</COL>は
闇の眷属“アバドーン""に対して力を発揮します

竜防具に付与された《精霊竜》のポイントの
パーティーメンバーの合計が一定値を満たすことが
発動の条件となります",,ui\00_message\tutorial_guide\steps\tutorial_guide_step432.gmd,\tguide\tutorial_guide_432.arc,tutorial_guide_432.arc,0
0,TUTORIAL_STEP_829,"<COL ffdc78>《ドラゴンアビリティ：火竜》</COL>は
闇の眷属“バフォメット""に対して力を発揮します

竜防具に付与された《火竜》のポイントの
パーティーメンバーの合計が一定値を満たすことが
発動の条件となります",,ui\00_message\tutorial_guide\steps\tutorial_guide_step433.gmd,\tguide\tutorial_guide_433.arc,tutorial_guide_433.arc,0
0,TUTORIAL_STEP_830,"<COL ffdc78>《ドラゴンアビリティ：白竜》</COL>は
闇の眷属“黒騎士""に対して力を発揮します

竜防具に付与された《白竜》のポイントの
パーティーメンバーの合計が一定値を満たすことが
発動の条件となります",,ui\00_message\tutorial_guide\steps\tutorial_guide_step434.gmd,\tguide\tutorial_guide_434.arc,tutorial_guide_434.arc,0
0,TUTORIAL_STEP_855,"<COL 78f5ff>絶望の大陸 第五節：「すべての行く末」到達！</COL>

　“突如として世界を襲った数々の災い

　　信じ、抵抗し、希望を捨てず
　　仲間と共に理を護ったのは
　　竜でも王でもなく　ただ一人の覚者であった

　　傷を負った大陸は
　　今　それぞれの未来へと歩み始める――”",,ui\00_message\tutorial_guide\steps\tutorial_guide_step446.gmd,\tguide\tutorial_guide_446.arc,tutorial_guide_446.arc,0
311,syslog_action_ensa_target_i,"邪悪な怨念に憑りつかれた
祓うには、“怨塊”を破壊せよ――","You have been possessed by evil spirits
Destroy your Grudge Pillar to purify",ui\00_message\ui\system_log.gmd,\ui\gui_cmn.arc,gui_cmn.arc,311
312,syslog_action_ensa_target_p,"仲間が怨念に憑りつかれた
祓うには、“怨塊”を破壊せよ――","Comrades have been possessed
Destroy Grudge Pillars to purify them",ui\00_message\ui\system_log.gmd,\ui\gui_cmn.arc,gui_cmn.arc,312
313,syslog_action_ensa_clear,“怨塊”を失い、<NAME TARGET> の力が弱まっていく――,"Grudge Pillars have been destroyed, <NAME TARGET> is weakening",ui\00_message\ui\system_log.gmd,\ui\gui_cmn.arc,gui_cmn.arc,313
316,syslog_action_ikai_02,“魔物”を倒し、魂を集めて異界の扉を開け――,Defeat monsters and collect their souls to open Door to the Other World,ui\00_message\ui\system_log.gmd,\ui\gui_cmn.arc,gui_cmn.arc,316
317,syslog_action_ikai_03,異界から救い出すには、“怨塊”を破壊せよ――,Destroy Grudge Pillars to rescue comrade from the other world,ui\00_message\ui\system_log.gmd,\ui\gui_cmn.arc,gui_cmn.arc,317
319,syslog_action_ikai_05,"仲間によって“怨塊”が破壊されたことで
異界の扉が開かれた――","Your comrades have destroyed the Grudge Pillars
and Door to the Other World has opened",ui\00_message\ui\system_log.gmd,\ui\gui_cmn.arc,gui_cmn.arc,319
321,syslog_action_staff_of_wise,“竜角の杖”の殲滅まで残り<VAL>本,“竜角の杖”の殲滅まで残り<VAL>本〈syslog_action_staff_of_wise〉,ui\00_message\ui\system_log.gmd,\ui\gui_cmn.arc,gui_cmn.arc,321
322,syslog_action_safety_dome,杖から“護身の結界”が展開された,杖から“護身の結界”が展開された〈syslog_action_safety_dome〉,ui\00_message\ui\system_log.gmd,\ui\gui_cmn.arc,gui_cmn.arc,322
336,syslog_content_buff_get,“<VAL>”の効果が付与されました,"""<VAL>"" effect has been applied.",ui\00_message\ui\system_log.gmd,\ui\gui_cmn.arc,gui_cmn.arc,336
337,syslog_content_buff_lost,“<VAL>”の効果が解除されました,"""<VAL>"" effect has been removed.",ui\00_message\ui\system_log.gmd,\ui\gui_cmn.arc,gui_cmn.arc,337
340,syslog_action_ikai_10,残っている“怨塊”を、すべて破壊せよ――,"Destroy all of the remaining ""Grudge Pillars""",ui\00_message\ui\system_log.gmd,\ui\gui_cmn.arc,gui_cmn.arc,340
343,syslog_action_staff_of_wise_break,“竜角の杖”を破壊せよ――,“竜角の杖”を破壊せよ――〈syslog_action_staff_of_wise_break〉,ui\00_message\ui\system_log.gmd,\ui\gui_cmn.arc,gui_cmn.arc,343
344,syslog_action_ikai_11,怨塊 残り“<VAL>個”――,"""<VAL>"" Grudge Pillars left",ui\00_message\ui\system_log.gmd,\ui\gui_cmn.arc,gui_cmn.arc,344
349,syslog_action_evildra_02,悪しき竜は“火焔の竜晶”を召喚しようとしている――,"The Wicked Dragon is about to summon a
""Dragon Crystal of Flame"".",ui\00_message\ui\system_log.gmd,\ui\gui_cmn.arc,gui_cmn.arc,349
350,syslog_action_evildra_03,"“火焔の竜晶”の出現により
マグマが溜まっていく――","Magma is rising because of the ""Dragon Crystal of Flame"".",ui\00_message\ui\system_log.gmd,\ui\gui_cmn.arc,gui_cmn.arc,350
355,syslog_action_evildra_08,"“火焔の竜晶”の出現により
マグマの滝が流れ出した――","Magma is flowing out from the waterfall because of the
""Dragon Crystal of Flame"".",ui\00_message\ui\system_log.gmd,\ui\gui_cmn.arc,gui_cmn.arc,355
356,syslog_action_evildra_09,"火口内にある“火焔の竜晶”を破壊したことで
マグマの量が減り、戦闘エリアが広がった――","Destroying the ""Dragon Crystals of Flame"" in the crater
reduces the amount of magma, expanding your foothold.",ui\00_message\ui\system_log.gmd,\ui\gui_cmn.arc,gui_cmn.arc,356
357,syslog_action_evildra_10,"火口内にある“火焔の竜晶”をすべて破壊したことで
マグマの量が減り、戦闘エリアが大きく広がった――","Destroying all ""Dragon Crystals of Flame"" in the crater has
reduced the amount of magma, greatly expanding the battle area.",ui\00_message\ui\system_log.gmd,\ui\gui_cmn.arc,gui_cmn.arc,357
358,syslog_action_evildra_11,"“魔炎の竜晶”の出現により
地表からマグマが噴き上がる――","Magma is flowing out from the surface because of the
""Dragon Crystal of Flame"".",ui\00_message\ui\system_log.gmd,\ui\gui_cmn.arc,gui_cmn.arc,358
359,syslog_action_evildra_12,"“魔岩の竜晶”の出現により
空から火山弾が降り注ぐ――","Meteors are falling down because of the
""Dragon Crystal of Flame"".",ui\00_message\ui\system_log.gmd,\ui\gui_cmn.arc,gui_cmn.arc,359
360,syslog_action_evildra_13,"“魔風の竜晶”の出現により
熱風が吹き荒れている――","Hot steam of airs is blowing out because of the
""Dragon Crystal of Flame"".",ui\00_message\ui\system_log.gmd,\ui\gui_cmn.arc,gui_cmn.arc,360
379,syslog_darkgauge_rise,"“破滅の力”の高まりを感じる――
ゲージが十分に溜まるとすべてが滅びる！","The Power of Destruction is growing...
When it reaches maximum power, all life will perish!",ui\00_message\ui\system_log.gmd,\ui\gui_cmn.arc,gui_cmn.arc,379
380,syslog_darkgauge_growup,“破滅の力”のゲージが徐々に上昇してゆく！,The Power of Destruction is rising!,ui\00_message\ui\system_log.gmd,\ui\gui_cmn.arc,gui_cmn.arc,380
381,syslog_darkgauge_spdown,“黄金竜の一撃”によって“破滅の力”のゲージが減少した！,The attack of Golden Dragon has reduced the Power of Destruction!,ui\00_message\ui\system_log.gmd,\ui\gui_cmn.arc,gui_cmn.arc,381
0,,コカトリスの烏羽根,Cockatrice Raven Pinion•7816,ui\00_message\common\item_name.gmd,\ui\gui_cmn.arc,gui_cmn.arc,651
0,,髪のパーツEX1,Hair Part EX1,ui\00_message\common\item_name.gmd,\ui\gui_cmn.arc,gui_cmn.arc,21471
97,hud_dragon_skill_pl_1,“%s”を発動した！,"""%s"" has activated!",ui\00_message\ui\hud.gmd,\ui\gui_cmn.arc,gui_cmn.arc,97
98,hud_dragon_skill_pl_2,渾身の“%s”を発動した！,"""%s"" has fully activated!",ui\00_message\ui\hud.gmd,\ui\gui_cmn.arc,gui_cmn.arc,98
99,hud_dragon_skill_pl_0,“%s”を発動できなかった――,"""%s"" could not be activated",ui\00_message\ui\hud.gmd,\ui\gui_cmn.arc,gui_cmn.arc,99
193,namedparam_351,“白い災厄”エルダーアングルス,"""White Calamity"" Elder Angules",ui\00_message\named\named_param.gmd,\ui\gui_cmn.arc,gui_cmn.arc,193
1,SAME_LETTER_188_296,’,’,ui\00_message\ng_word\same_letter_188.gmd,\ui\gui_cmn.arc,gui_cmn.arc,1
1,SAME_LETTER_149_283,”,”,ui\00_message\ng_word\same_letter_149.gmd,\ui\gui_cmn.arc,gui_cmn.arc,1
2,EVIDENCE_INFO_3,"メガドを縄張りにする子供から聞いた目撃証言

“ <NPC 691>は数度にわたって彼らの縄張りに
　踏み込み、覚者たちを尾行するための
　事前調査を行っていた ”

という旨の内容","メガドを縄張りにする子供から聞いた目撃証言

“ <NPC 691>は数度にわたって彼らの縄張りに
　踏み込み、覚者たちを尾行するための
　事前調査を行っていた ”

という旨の内容",ui\00_message\common\evidence_info.gmd,\ui\menu_evidence_list.arc,menu_evidence_list.arc,2
3,EVIDENCE_INFO_4,"汚い字でメモが書き込んである

“ ＜20時　対象を確認＞
　　場所：メガド居住区侯爵邸前
　　人数：2名
　　報告：ターゲットがレジスタンスと接触
　　　　　隠れ家へ向かうと思われるため
　　　　　引き続き、追跡監視の任務続行 ”

以下、同じような記録が淡々と続いている","汚い字でメモが書き込んである

“ ＜20時　対象を確認＞
　　場所：メガド居住区侯爵邸前
　　人数：2名
　　報告：ターゲットがレジスタンスと接触
　　　　　隠れ家へ向かうと思われるため
　　　　　引き続き、追跡監視の任務続行 ”

以下、同じような記録が淡々と続いている",ui\00_message\common\evidence_info.gmd,\ui\menu_evidence_list.arc,menu_evidence_list.arc,3
4,EVIDENCE_INFO_5,"憲兵が落とした日々の巡回記録
複数の憲兵により異なる筆跡で書かれているが
どれも書式は共通している

“ ＜22時　対象を確認＞
　　場所：メガド居住区東小門前
　　人数：5名
　　報告：通報のあった結社集会の現場を発見
　　　　　構成員は全て市民のため
　　　　　その場で拘束・連行し、任務完了 ”

以下、同じような記録が淡々と続いている","憲兵が落とした日々の巡回記録
複数の憲兵により異なる筆跡で書かれているが
どれも書式は共通している

“ ＜22時　対象を確認＞
　　場所：メガド居住区東小門前
　　人数：5名
　　報告：通報のあった結社集会の現場を発見
　　　　　構成員は全て市民のため
　　　　　その場で拘束・連行し、任務完了 ”

以下、同じような記録が淡々と続いている",ui\00_message\common\evidence_info.gmd,\ui\menu_evidence_list.arc,menu_evidence_list.arc,4
5,EVIDENCE_INFO_6,"元憲兵の男が、獄中で書いた手記

“ 任務で小さなミスを犯し、侯爵の怒りを
　買ったために投獄された ”

という内容で、獄中の苦しい状況などが
克明に描写されている
ところどころがシミで汚れており読みづらい","元憲兵の男が、獄中で書いた手記

“ 任務で小さなミスを犯し、侯爵の怒りを
　買ったために投獄された ”

という内容で、獄中の苦しい状況などが
克明に描写されている
ところどころがシミで汚れており読みづらい",ui\00_message\common\evidence_info.gmd,\ui\menu_evidence_list.arc,menu_evidence_list.arc,5
8,EVIDENCE_INFO_9,"オークの専門家が人語に翻訳してくれた
オーク軍の密通文書

“ オーク軍は要請に応え、
　メガドに援軍を手配した ”

という旨の内容","オークの専門家が人語に翻訳してくれた
オーク軍の密通文書

“ オーク軍は要請に応え、
　メガドに援軍を手配した ”

という旨の内容",ui\00_message\common\evidence_info.gmd,\ui\menu_evidence_list.arc,menu_evidence_list.arc,8
9,EVIDENCE_INFO_10,"オークの被害を受けた少女から聞いた
街に増加するオークについての目撃証言

“ 近頃急速に街中で目撃数が増加している
　オークたちは何かを探している様子
　人なのか物なのか、任務なのかは不明 ”

という旨の内容で、出没し始めた時期は
<NPC 586>の死亡・オークの尋問開始と
重なっている模様","オークの被害を受けた少女から聞いた
街に増加するオークについての目撃証言

“ 近頃急速に街中で目撃数が増加している
　オークたちは何かを探している様子
　人なのか物なのか、任務なのかは不明 ”

という旨の内容で、出没し始めた時期は
<NPC 586>の死亡・オークの尋問開始と
重なっている模様",ui\00_message\common\evidence_info.gmd,\ui\menu_evidence_list.arc,menu_evidence_list.arc,9
11,EVIDENCE_INFO_12,"ある兵士から聞いた、メガド占領時に
<NPC 681>が行った英雄的行為の証言

“ ナヴィド侯爵は死の危険を冒し、果敢にも
  人間への残虐な仕打ちを止めるよう
  オーク軍と交渉した
  その後も市民の統率者として、オーク側との
  橋渡しを行い、犠牲者を抑える功績を残す ”

という旨の内容","ある兵士から聞いた、メガド占領時に
<NPC 681>が行った英雄的行為の証言

“ ナヴィド侯爵は死の危険を冒し、果敢にも
  人間への残虐な仕打ちを止めるよう
  オーク軍と交渉した
  その後も市民の統率者として、オーク側との
  橋渡しを行い、犠牲者を抑える功績を残す ”

という旨の内容",ui\00_message\common\evidence_info.gmd,\ui\menu_evidence_list.arc,menu_evidence_list.arc,11
12,EVIDENCE_INFO_13,"侯爵家を出入りしていた戦士が
偶然入手した謎の帳簿
かなり使い込まれているようで
几帳面な字で文字と数字が羅列されている
“オーク”という言葉が頻出している","侯爵家を出入りしていた戦士が
偶然入手した謎の帳簿
かなり使い込まれているようで
几帳面な字で文字と数字が羅列されている
“オーク”という言葉が頻出している",ui\00_message\common\evidence_info.gmd,\ui\menu_evidence_list.arc,menu_evidence_list.arc,12
13,EVIDENCE_INFO_14,"捕えたオークから尋問によって全てを吐かせた
<NPC 681>とオーク軍の機密についての証言

“ メガド陥落は、悲観した<NPC 681>侯爵の
  手引きによって引き起こされた事件であり
  陥落後も彼はオーク軍と取引し
  捕虜の統括に対する報酬を受け取っていた ”

という旨の内容となっている","捕えたオークから尋問によって全てを吐かせた
<NPC 681>とオーク軍の機密についての証言

“ メガド陥落は、悲観した<NPC 681>侯爵の
  手引きによって引き起こされた事件であり
  陥落後も彼はオーク軍と取引し
  捕虜の統括に対する報酬を受け取っていた ”

という旨の内容となっている",ui\00_message\common\evidence_info.gmd,\ui\menu_evidence_list.arc,menu_evidence_list.arc,13
14,EVIDENCE_INFO_15,"監修ガクシャ・制作セリンで捏造した
オーク軍の手配書

“ 人間に寝返った伝令兵を捜索中 ”

という旨の内容になっており
尋問で使用すれば
裏切りに対する報復を恐れるオークを
騙すことが出来るかもしれない","監修ガクシャ・制作セリンで捏造した
オーク軍の手配書

“ 人間に寝返った伝令兵を捜索中 ”

という旨の内容になっており
尋問で使用すれば
裏切りに対する報復を恐れるオークを
騙すことが出来るかもしれない",ui\00_message\common\evidence_info.gmd,\ui\menu_evidence_list.arc,menu_evidence_list.arc,14
1,SPOT_INFO_,"城塞都市メガドからちょうど北側にあたる一帯
元々アンセスターオークの集落が多数存在しており
“悪しき竜”出現以前から危険な場所として
認識されていた。時折腕の立つハンターが
稀少な動植物を狙って立ち入るのみであり
人の手が殆ど入っていない","城塞都市メガドからちょうど北側にあたる一帯
元々アンセスターオークの集落が多数存在しており
“悪しき竜”出現以前から危険な場所として
認識されていた。時折腕の立つハンターが
稀少な動植物を狙って立ち入るのみであり
人の手が殆ど入っていない",ui\00_message\master\area21_spot_info.gmd,\ui\uGUIAreaMaster.arc,uGUIAreaMaster.arc,1
3,SPOT_INFO_,"ウルテカの土地に焼きついた歴史の世界
悪しき竜の影響により、土地の持つ“記憶”
というべきものにも歪みが生じ、本来の
ウルテカの歴史とは異なった姿を見せる","ウルテカの土地に焼きついた歴史の世界
悪しき竜の影響により、土地の持つ“記憶”
というべきものにも歪みが生じ、本来の
ウルテカの歴史とは異なった姿を見せる",ui\00_message\master\area21_spot_info.gmd,\ui\uGUIAreaMaster.arc,uGUIAreaMaster.arc,3
4,SPOT_INFO_,"アッカーシェラン大陸の南部にアジトを構え
定住しつつ活動するベルタ盗賊団とは異なり
通称“北の盗賊”と呼ばれる彼らは、一定期間ごとに
アジトを変えて活動している。その姿勢からも
わかる通り、警戒心が強く、自らの存在を徹底的に
隠す傾向にある","アッカーシェラン大陸の南部にアジトを構え
定住しつつ活動するベルタ盗賊団とは異なり
通称“北の盗賊”と呼ばれる彼らは、一定期間ごとに
アジトを変えて活動している。その姿勢からも
わかる通り、警戒心が強く、自らの存在を徹底的に
隠す傾向にある",ui\00_message\master\area21_spot_info.gmd,\ui\uGUIAreaMaster.arc,uGUIAreaMaster.arc,4
21,SPOT_INFO_,"地理的に《王家の墓》の反対側に位置する墓場
入り口は厳重に閉ざされ、その位置から
“王家ゆかりではあるが、正しく葬られる価値の無い
行き場の無い人物らの亡骸”を安置する場所で
あったのではないかと推測されている","地理的に《王家の墓》の反対側に位置する墓場
入り口は厳重に閉ざされ、その位置から
“王家ゆかりではあるが、正しく葬られる価値の無い
行き場の無い人物らの亡骸”を安置する場所で
あったのではないかと推測されている",ui\00_message\master\area21_spot_info.gmd,\ui\uGUIAreaMaster.arc,uGUIAreaMaster.arc,21
2,SPOT_INFO_,"エルフの言葉で“森の淀み”を意味するこの場所
には、汚れた土や不純な精気が溜まりやすい
という。それらは時に形を持ち魔物化する
ため、見かけた場合は討伐し浄化したほうがよい","エルフの言葉で“森の淀み”を意味するこの場所
には、汚れた土や不純な精気が溜まりやすい
という。それらは時に形を持ち魔物化する
ため、見かけた場合は討伐し浄化したほうがよい",ui\00_message\master\area7_spot_info.gmd,\ui\uGUIAreaMaster.arc,uGUIAreaMaster.arc,2
3,SPOT_INFO_,"600年ほど前に建造された砦
アッカー家が並み居る地方豪族を倒して
大陸統一を果たした後に、対オーク用に強化されて
現在に至る。長く役目を果たしていたが“悪しき竜”
出現直後にオーク軍に占拠された","600年ほど前に建造された砦
アッカー家が並み居る地方豪族を倒して
大陸統一を果たした後に、対オーク用に強化されて
現在に至る。長く役目を果たしていたが“悪しき竜”
出現直後にオーク軍に占拠された",ui\00_message\master\area18_spot_info.gmd,\ui\uGUIAreaMaster.arc,uGUIAreaMaster.arc,3
5,SPOT_INFO_,"一部では“南の盗賊”と呼ばれる大盗賊ベルタ
率いる盗賊団の隠れ里。湖に流れ込む川に
よって浸食されてできた洞窟でもある
並の人間では辿り着くことができない場所に
あるといわれている","一部では“南の盗賊”と呼ばれる大盗賊ベルタ
率いる盗賊団の隠れ里。湖に流れ込む川に
よって浸食されてできた洞窟でもある
並の人間では辿り着くことができない場所に
あるといわれている",ui\00_message\master\area18_spot_info.gmd,\ui\uGUIAreaMaster.arc,uGUIAreaMaster.arc,5
12,SPOT_INFO_,"魔軍戦車《カトブレパス》が留められている広場
巨大且つ凶暴、全てを踏み砕きながら進む
カトブレパスだが、魔軍はそれをさらに武装させた
ものを“戦車”として使役している","魔軍戦車《カトブレパス》が留められている広場
巨大且つ凶暴、全てを踏み砕きながら進む
カトブレパスだが、魔軍はそれをさらに武装させた
ものを“戦車”として使役している",ui\00_message\master\area18_spot_info.gmd,\ui\uGUIAreaMaster.arc,uGUIAreaMaster.arc,12
0,SPOT_INFO_,"突如レスタニアの沖合に出現したフィンダム
大陸の一部。レスタニアに出現した侵食魔も
ここから飛来しており、この絶海の孤島が
“侵食”という脅威に対抗するための手がかりを
秘めていると予測される","突如レスタニアの沖合に出現したフィンダム
大陸の一部。レスタニアに出現した侵食魔も
ここから飛来しており、この絶海の孤島が
“侵食”という脅威に対抗するための手がかりを
秘めていると予測される",ui\00_message\master\area13_spot_info.gmd,\ui\uGUIAreaMaster.arc,uGUIAreaMaster.arc,0
1,SPOT_INFO_,"メガドシスの土地に焼きついた歴史の世界
悪しき竜が現れたことにより、各地を巡る竜力にも
異変が起きた。その結果、土地の持っている“記憶”
というべきものにすら歪みが生じているようだ","メガドシスの土地に焼きついた歴史の世界
悪しき竜が現れたことにより、各地を巡る竜力にも
異変が起きた。その結果、土地の持っている“記憶”
というべきものにすら歪みが生じているようだ",ui\00_message\master\area20_spot_info.gmd,\ui\uGUIAreaMaster.arc,uGUIAreaMaster.arc,1
5,SPOT_INFO_,"白い木で作られた簡易な柵は、アンセスターオークが
縄張りを誇示する際に多用されるもの
賢明な旅人であれば忌避すべき“危険”の標である","白い木で作られた簡易な柵は、アンセスターオークが
縄張りを誇示する際に多用されるもの
賢明な旅人であれば忌避すべき“危険”の標である",ui\00_message\master\area20_spot_info.gmd,\ui\uGUIAreaMaster.arc,uGUIAreaMaster.arc,5
15,SPOT_INFO_,"大地の陥没からなる自然豊かな洞窟
目立たない場所に位置することと、陽の光が差し込む
構造から内部には緑が生い茂り、野生動物たちが棲む
今となっては、悪しき竜と魔軍の所業によって荒廃する
前の“アッカーシェランの自然”が残る貴重な場所","大地の陥没からなる自然豊かな洞窟
目立たない場所に位置することと、陽の光が差し込む
構造から内部には緑が生い茂り、野生動物たちが棲む
今となっては、悪しき竜と魔軍の所業によって荒廃する
前の“アッカーシェランの自然”が残る貴重な場所",ui\00_message\master\area20_spot_info.gmd,\ui\uGUIAreaMaster.arc,uGUIAreaMaster.arc,15
13,SPOT_INFO_,"ポーンの民が渡る、この世ならざる空間
世界の淵辺にあたるとされ、普通の人間には足を
踏み入れるどころか、入口を見ることすらできない
“異界歩き”と呼ばれるポーンがなぜ覚者に応え
現れるのか、それを知るのは竜のみである","ポーンの民が渡る、この世ならざる空間
世界の淵辺にあたるとされ、普通の人間には足を
踏み入れるどころか、入口を見ることすらできない
“異界歩き”と呼ばれるポーンがなぜ覚者に応え
現れるのか、それを知るのは竜のみである",ui\00_message\master\area3_spot_info.gmd,\ui\uGUIAreaMaster.arc,uGUIAreaMaster.arc,13
2,SPOT_INFO_,"かつては蛮族の地と呼ばれた南部地方に睨みを
きかせる要衝として建造された
アッカーシェラン大陸ではメガド離宮、王都メガドに
次いで古い建造物。城主はアッカー家の当主だが
実質的な管理者である“城番”は兵士が就くことが
できる最高位とされている","かつては蛮族の地と呼ばれた南部地方に睨みを
きかせる要衝として建造された
アッカーシェラン大陸ではメガド離宮、王都メガドに
次いで古い建造物。城主はアッカー家の当主だが
実質的な管理者である“城番”は兵士が就くことが
できる最高位とされている",ui\00_message\master\area19_spot_info.gmd,\ui\uGUIAreaMaster.arc,uGUIAreaMaster.arc,2
0,,"青い顔になって、そんなものを集めるのは
すぐ止めるようにと強く言われた
なんでも、“良くない運命”を引き寄せるとか――
嘘をついている表情ではないが――
にわかに信じがたい","They became pale in the face, and said that collecting
such things must be stopped at once. 
Doing anything else, would be inviting ""bad fate""...
By the look on their face, they weren't lying...
It's still hard to believe though.",ui\00_message\clan_dungeon_clue\c0012_n03.gmd,\ui\uGUIClanDungeonClue.arc,uGUIClanDungeonClue.arc,4
0,,“手記と思われる紙の切れ端が落ちている”,"""Scraps of a paper note seem to have fallen down.""",ui\00_message\clan_dungeon_clue\c0014_n02.gmd,\ui\uGUIClanDungeonClue.arc,uGUIClanDungeonClue.arc,0
0,,“手記と思われる紙の切れ端が落ちている”,"""Scraps of a paper note seem to have fallen down.""",ui\00_message\clan_dungeon_clue\c0014_n00.gmd,\ui\uGUIClanDungeonClue.arc,uGUIClanDungeonClue.arc,0
0,,“塔”とは一体、どこにあるのだろう？,"This ""Tower"" of his, where the heck is it?",ui\00_message\clan_dungeon_clue\c0014_n00.gmd,\ui\uGUIClanDungeonClue.arc,uGUIClanDungeonClue.arc,1
0,,"とはいえ、彼の足取りを順に追っていけば
いつかは“塔”に辿り着くだろう","Nevertheless, if we retrace his steps
we will arrive at the tower in due time.",ui\00_message\clan_dungeon_clue\c0014_n00.gmd,\ui\uGUIClanDungeonClue.arc,uGUIClanDungeonClue.arc,4
0,,"――それを考えれば、集めると
“良くない運命”を引き寄せるという
いつか聞いた話も頷けるように思う","...Given that, if one collects things like these
they say it will invite a ""bad fate"".
I think the stories I've heard will someday become true...",ui\00_message\clan_dungeon_clue\c0012_n04.gmd,\ui\uGUIClanDungeonClue.arc,uGUIClanDungeonClue.arc,5
0,,“筆跡が新しい日記のページが落ちている”,"""The handwriting is from a page that has fallen out of a new diary.""",ui\00_message\clan_dungeon_clue\c0011_n01.gmd,\ui\uGUIClanDungeonClue.arc,uGUIClanDungeonClue.arc,0
0,,"“良くない運命”
――あぁ、音も無く忍び寄られていたのか","""Bad fate""
...Aah, have you been creeping up on me without a sound?",ui\00_message\clan_dungeon_clue\c0011_n01.gmd,\ui\uGUIClanDungeonClue.arc,uGUIClanDungeonClue.arc,5
0,,“手記と思われる紙の切れ端が落ちている”,"""Scraps of a paper note seem to have fallen down.""",ui\00_message\clan_dungeon_clue\c0014_n01.gmd,\ui\uGUIClanDungeonClue.arc,uGUIClanDungeonClue.arc,0
4,MANDRAGORA_SPECIES_INFO_5,"フィンダム固有種の花を咲かせたマンドラゴラ
野生のマンドラゴラは、大地に染み込んだ
“芯なる樹”の樹液により青い花が
咲きやすいが、原生地以外の土地で
育った個体に青色の花が咲くことは非常に稀","フィンダム固有種の花を咲かせたマンドラゴラ
野生のマンドラゴラは、大地に染み込んだ
“芯なる樹”の樹液により青い花が
咲きやすいが、原生地以外の土地で
育った個体に青色の花が咲くことは非常に稀",ui\00_message\mandragora\mandragora_species_info.gmd,\ui\uGUIEncyclopedia.arc,uGUIEncyclopedia.arc,4
8,MANDRAGORA_SPECIES_INFO_9,"フィンダム固有種の花が群生したマンドラゴラ
マンドラゴラの花の青色はフィンドブルーと
呼ばれ、格別に重宝されていた
“芯なる樹”の特に濃厚な樹液を吸収した
個体のみが、青く美しい花を群生させる","フィンダム固有種の花が群生したマンドラゴラ
マンドラゴラの花の青色はフィンドブルーと
呼ばれ、格別に重宝されていた
“芯なる樹”の特に濃厚な樹液を吸収した
個体のみが、青く美しい花を群生させる",ui\00_message\mandragora\mandragora_species_info.gmd,\ui\uGUIEncyclopedia.arc,uGUIEncyclopedia.arc,8
17,MANDRAGORA_SPECIES_INFO_18,"侵食胞子によるキノコが群生したマンドラゴラ
赤いキノコは“ゲキリンタケ”と呼ばれており
竜の逆鱗のように触れてはいけないものとされ
素手で触れば燃えるような痛みに襲われる
地温の高い、火山地帯に発生しやすいという","侵食胞子によるキノコが群生したマンドラゴラ
赤いキノコは“ゲキリンタケ”と呼ばれており
竜の逆鱗のように触れてはいけないものとされ
素手で触れば燃えるような痛みに襲われる
地温の高い、火山地帯に発生しやすいという",ui\00_message\mandragora\mandragora_species_info.gmd,\ui\uGUIEncyclopedia.arc,uGUIEncyclopedia.arc,17
25,MANDRAGORA_SPECIES_INFO_26,"侵食キノコを成したマンドラゴラ
怪しく艶やかなその傘は、しばしば暗闇で
人々を驚かせるため“ゴーストマッシュ”とも
呼ばれているが、生態には特筆すべき点は無く
染めたい色の色素を集中して与えればよい","侵食キノコを成したマンドラゴラ
怪しく艶やかなその傘は、しばしば暗闇で
人々を驚かせるため“ゴーストマッシュ”とも
呼ばれているが、生態には特筆すべき点は無く
染めたい色の色素を集中して与えればよい",ui\00_message\mandragora\mandragora_species_info.gmd,\ui\uGUIEncyclopedia.arc,uGUIEncyclopedia.arc,25
313,MANDRAGORA_SPECIES_INFO_991,"季節限定のコスチュームマンドラゴラ
“ハロウィン”というイベントについて
ポーンから断片的に情報を得たマンドラゴラは
密かに集めていた布きれを使い衣装を仕立て
覚者の驚く顔を想い、胸を弾ませていた","季節限定のコスチュームマンドラゴラ
“ハロウィン”というイベントについて
ポーンから断片的に情報を得たマンドラゴラは
密かに集めていた布きれを使い衣装を仕立て
覚者の驚く顔を想い、胸を弾ませていた",ui\00_message\mandragora\mandragora_species_info.gmd,\ui\uGUIEncyclopedia.arc,uGUIEncyclopedia.arc,313
320,MANDRAGORA_SPECIES_INFO_998,"夏のおまつり気分を満喫するマンドラゴラ
東方の“夏祭り”の話をどこからか聞きつけた
彼らは子供が付けるという“お面”を作ったが
ポーンや覚者が褒めてくれるのが嬉しくて
夏の間中付けたまま過ごしてしまいそうだ","夏のおまつり気分を満喫するマンドラゴラ
東方の“夏祭り”の話をどこからか聞きつけた
彼らは子供が付けるという“お面”を作ったが
ポーンや覚者が褒めてくれるのが嬉しくて
夏の間中付けたまま過ごしてしまいそうだ",ui\00_message\mandragora\mandragora_species_info.gmd,\ui\uGUIEncyclopedia.arc,uGUIEncyclopedia.arc,320
4,JOB_INFO_4,"回復と支援魔法で仲間を支える癒しの術師
その術は味方へのさまざまな恩恵だけでなく
怒れる敵の“隠された弱点”すら看破する","Supports the party with healing and
support magick.
Can not only heal, but also reveal weakness
of enemies.
The Pillar of the Battlefield.",ui\00_message\common\job_info.gmd,\ui\uGUIJobExam.arc,uGUIJobExam.arc,4
4,JOB_INFO_4,"回復と支援魔法で仲間を支える癒しの術師
その術は味方へのさまざまな恩恵だけでなく
怒れる敵の“隠された弱点”すら看破する","Supports the party with healing and
support magick.
Can not only heal, but also reveal weakness
of enemies.
The Pillar of the Battlefield.",ui\00_message\common\job_info.gmd,\ui\uGUIJobMaster.arc,uGUIJobMaster.arc,4
4,JOB_INFO_4,"回復と支援魔法で仲間を支える癒しの術師
その術は味方へのさまざまな恩恵だけでなく
怒れる敵の“隠された弱点”すら看破する","Supports the party with healing and
support magick.
Can not only heal, but also reveal weakness
of enemies.
The Pillar of the Battlefield.",ui\00_message\common\job_info.gmd,\ui\uGUIJobSelect.arc,uGUIJobSelect.arc,4
4,JOB_INFO_4,"回復と支援魔法で仲間を支える癒しの術師
その術は味方へのさまざまな恩恵だけでなく
怒れる敵の“隠された弱点”すら看破する","Supports the party with healing and
support magick.
Can not only heal, but also reveal weakness
of enemies.
The Pillar of the Battlefield.",ui\00_message\common\job_info.gmd,\ui\uGUISkill.arc,uGUISkill.arc,4
0,,"一方通行のこの、“ゲート”――
わたしの力で、必ず開きます",,ui\00_message\event\st0112\ev015.gmd,\event\st0112\st0112ev015.arc,st0112ev015.arc,3
0,,"今、父は“芯なる樹”を救うために奮闘しています
フィンダムの未来は明るい――そう信じています",,ui\00_message\event\st0120\ev005.gmd,\event\st0120\st0120ev005.arc,st0120ev005.arc,7
0,,"“芯なる樹”が腐るってのは、竜が病気に
なるようなものか？",,ui\00_message\event\st0120\ev005.gmd,\event\st0120\st0120ev005.arc,st0120ev005.arc,8
0,,"“芯なる樹”と竜は不可分
だから、そう言っても、間違いではない",,ui\00_message\event\st0120\ev005.gmd,\event\st0120\st0120ev005.arc,st0120ev005.arc,9
0,,"腐った“芯なる樹”とともに
皆、朽ち果ててしまえ！",,ui\00_message\event\st0120\ev020.gmd,\event\st0120\st0120ev020.arc,st0120ev020.arc,3
0,,"ロイグ――
あなたが“芯なる樹”を――",,ui\00_message\event\st0120\ev020.gmd,\event\st0120\st0120ev020.arc,st0120ev020.arc,5
0,,"ああ――
“芯なる樹”に毒素を植え付けてやった",,ui\00_message\event\st0120\ev020.gmd,\event\st0120\st0120ev020.arc,st0120ev020.arc,14
0,,"“芯なる樹”を救おうと、おまえたちは右往左往
死は理ではないのか？　運命ではなかったのか？",,ui\00_message\event\st0120\ev020.gmd,\event\st0120\st0120ev020.arc,st0120ev020.arc,16
0,,"“理”など方便
身勝手な奴らめ",,ui\00_message\event\st0120\ev020.gmd,\event\st0120\st0120ev020.arc,st0120ev020.arc,18
0,,"長く閉ざされていた“精霊の地”
芯なる樹の樹内へ通じる聖門を――",,ui\00_message\event\st0120\ev030.gmd,\event\st0120\st0120ev030.arc,st0120ev030.arc,1
0,,"我々が“精霊の地”と呼んでいるこの先の
土地について説明しておこう",,ui\00_message\event\st0120\ev035.gmd,\event\st0120\st0120ev035.arc,st0120ev035.arc,0
0,,"“精霊の地”とは芯なる樹へと続く、樹層一帯
自由に出入りできるのは竜だけだ",,ui\00_message\event\st0120\ev035.gmd,\event\st0120\st0120ev035.arc,st0120ev035.arc,1
0,,"ガラダは“芯なる樹”の治療薬、《原始の雫》を求め
三人の戦士とともに、魔の峡谷へと旅立った",,ui\00_message\event\st0123\ev000.gmd,\event\st0123\st0123ev000.arc,st0123ev000.arc,5
0,,"一緒に“飛ばされた”若い娘がいることは
ロイグから聞いている",,ui\00_message\event\st0403\ev025.gmd,\event\st0403\st0403ev025.arc,st0403ev025.arc,16
0,,"“芯なる樹”が元に戻っても、竜がいなくては――
フィンダムは――癒やされません――",,ui\00_message\event\st0435\ev005.gmd,\event\st0435\st0435ev005.arc,st0435ev005.arc,3
0,,これは王家に伝わる“契りの歌”だ,,ui\00_message\event\st0440\ev005.gmd,\event\st0440\st0440ev005.arc,st0440ev005.arc,9
0,,兵をまとめて“嘆きの湿原”へ進軍します,,ui\00_message\event\st0443\ev000.gmd,\event\st0443\st0443ev000.arc,st0443ev000.arc,14
0,,"でも――
軍を率いてるのは、あの“戦の将”",,ui\00_message\event\st0451\ev010.gmd,\event\st0451\st0451ev010.arc,st0451ev010.arc,3
0,,"<COL ff2600>だから、“脅す”ことで追加情報を探ったり
決定的な “《証拠》を突きつける”ことで
口を割らざるを得ない状況に追い込んでいくんだ</COL>","<COL ff2600>だから、“脅す”ことで追加情報を探ったり
決定的な “《証拠》を突きつける”ことで
口を割らざるを得ない状況に追い込んでいくんだ</COL>",ui\00_message\event\st0472\ev000.gmd,\event\st0472\st0472ev000.arc,st0472ev000.arc,66
0,,"さぁ、やってみろ
“脅す”ことでさらなる情報を引き出したり
“《証拠》を突きつける”ことで尋問を進め
ヤツを追い詰めることができるぞ","さぁ、やってみろ
“脅す”ことでさらなる情報を引き出したり
“《証拠》を突きつける”ことで尋問を進め
ヤツを追い詰めることができるぞ",ui\00_message\event\st0472\ev000.gmd,\event\st0472\st0472ev000.arc,st0472ev000.arc,68
0,,"この生意気なゴロツキに、一泡吹かせてやろう
さぁ―― “《証拠》を突きつける” んだ","この生意気なゴロツキに、一泡吹かせてやろう
さぁ―― “《証拠》を突きつける” んだ",ui\00_message\event\st0472\ev000.gmd,\event\st0472\st0472ev000.arc,st0472ev000.arc,71
0,,"少なくともただのゴロツキではないことは判明した
――この“証言”でな","少なくともただのゴロツキではないことは判明した
――この“証言”でな",ui\00_message\event\st0472\ev000.gmd,\event\st0472\st0472ev000.arc,st0472ev000.arc,146
0,,"ずいぶんと――
“用意周到な追い剥ぎ” だな？","ずいぶんと――
“用意周到な追い剥ぎ” だな？",ui\00_message\event\st0472\ev000.gmd,\event\st0472\st0472ev000.arc,st0472ev000.arc,181
0,,"――やれやれ
“<NPC 691>が書いていたメモ”――
その現物を見せるまで一歩も譲らないつもりか","――やれやれ
“<NPC 691>が書いていたメモ”――
その現物を見せるまで一歩も譲らないつもりか",ui\00_message\event\st0472\ev000.gmd,\event\st0472\st0472ev000.arc,st0472ev000.arc,191
0,,"大体、そこまで言うなら《証拠》が
あるんだろうな？
決定的な “俺の正体を示す《証拠》”が――","大体、そこまで言うなら《証拠》が
あるんだろうな？
決定的な “俺の正体を示す《証拠》”が――",ui\00_message\event\st0472\ev000.gmd,\event\st0472\st0472ev000.arc,st0472ev000.arc,217
0,,"その中に、コイツの正体を絞り込めそうな――
例えば、<COL ff2600>“共通点”</COL>がある《証拠》は無いか？
可能性でもいい、それらを<COL ff2600>連続で突きつけてやれ！</COL>","その中に、コイツの正体を絞り込めそうな――
例えば、<COL ff2600>“共通点”</COL>がある《証拠》は無いか？
可能性でもいい、それらを<COL ff2600>連続で突きつけてやれ！</COL>",ui\00_message\event\st0472\ev000.gmd,\event\st0472\st0472ev000.arc,st0472ev000.arc,220
0,,"確かに、《薄汚れたメモの束》と
《憲兵の警ら日誌》――
この二つには “共通した書き方” があるみたいだな","確かに、《薄汚れたメモの束》と
《憲兵の警ら日誌》――
この二つには “共通した書き方” があるみたいだな",ui\00_message\event\st0472\ev000.gmd,\event\st0472\st0472ev000.arc,st0472ev000.arc,225
0,,"“それからすぐ同僚の憲兵たちが家に押しかけてきた
  昨日まで背中を預けた相手に縛り上げられるなんて
  一体誰が予想できる？”","“それからすぐ同僚の憲兵たちが家に押しかけてきた
  昨日まで背中を預けた相手に縛り上げられるなんて
  一体誰が予想できる？”",ui\00_message\event\st0472\ev000.gmd,\event\st0472\st0472ev000.arc,st0472ev000.arc,260
0,,"“獄中の暮らしは、外界から完全に断絶されていて
  残してきた病気のお袋が心配だ”","“獄中の暮らしは、外界から完全に断絶されていて
  残してきた病気のお袋が心配だ”",ui\00_message\event\st0472\ev000.gmd,\event\st0472\st0472ev000.arc,st0472ev000.arc,261
0,,"“ネド王子の安否は？　オーク軍はどうなった？
  くそ、あんな小さなミス一つでこんな仕打ち！
  もう許せない、俺は出るぞ” ――","“ネド王子の安否は？　オーク軍はどうなった？
  くそ、あんな小さなミス一つでこんな仕打ち！
  もう許せない、俺は出るぞ” ――",ui\00_message\event\st0472\ev000.gmd,\event\st0472\st0472ev000.arc,st0472ev000.arc,262
0,,"“オークとの戦闘は、王国兵士に任せておけ
  憲兵隊は、人間の相手をするのが仕事”
――ってことらしい","“オークとの戦闘は、王国兵士に任せておけ
  憲兵隊は、人間の相手をするのが仕事”
――ってことらしい",ui\00_message\event\st0472\ev000.gmd,\event\st0472\st0472ev000.arc,st0472ev000.arc,311
0,,"手紙の内容は
“オーク軍は要請に応え、メガドに援軍を手配した”
という旨だった――間違いないな？","手紙の内容は
“オーク軍は要請に応え、メガドに援軍を手配した”
という旨だった――間違いないな？",ui\00_message\event\st0472\ev005.gmd,\event\st0472\st0472ev005.arc,st0472ev005.arc,191
0,,"現場を調べたら見つかったこの密通文書――
メガドの通称 “ガクシャ” に訳してもらったら
こんなことが書いてあった","現場を調べたら見つかったこの密通文書――
メガドの通称 “ガクシャ” に訳してもらったら
こんなことが書いてあった",ui\00_message\event\st0472\ev005.gmd,\event\st0472\st0472ev005.arc,st0472ev005.arc,206
0,,"“オーク軍はメガドに援軍を手配した”
要請したのは、一体誰なのか――","“オーク軍はメガドに援軍を手配した”
要請したのは、一体誰なのか――",ui\00_message\event\st0472\ev005.gmd,\event\st0472\st0472ev005.arc,st0472ev005.arc,207
0,,"だが、それを知っている<NPC 586>は殺された
“覚者の臭いがしたから、裏切られたと思った”
――という動機らしい","だが、それを知っている<NPC 586>は殺された
“覚者の臭いがしたから、裏切られたと思った”
――という動機らしい",ui\00_message\event\st0472\ev005.gmd,\event\st0472\st0472ev005.arc,st0472ev005.arc,208
0,,"このオークは繰り返していた――
“今にオークの仲間が、体勢を立て直し
  メガドを再侵攻し、俺を助けに来るはずだ”――と","このオークは繰り返していた――
“今にオークの仲間が、体勢を立て直し
  メガドを再侵攻し、俺を助けに来るはずだ”――と",ui\00_message\event\st0472\ev005.gmd,\event\st0472\st0472ev005.arc,st0472ev005.arc,236
0,,"確かに、街にはオークが増えている
目撃者の証言によると
“奴らは何かを探しているようだ”――だとさ","確かに、街にはオークが増えている
目撃者の証言によると
“奴らは何かを探しているようだ”――だとさ",ui\00_message\event\st0472\ev005.gmd,\event\st0472\st0472ev005.arc,st0472ev005.arc,238
0,,"そしてこの “侯爵家の出納帳”という《証拠》――
これはその不正を暴くカギとなるだろう","そしてこの “侯爵家の出納帳”という《証拠》――
これはその不正を暴くカギとなるだろう",ui\00_message\event\st0472\ev005.gmd,\event\st0472\st0472ev005.arc,st0472ev005.arc,309
0,,"“王家は堕ち、継承者も行方不明
  これ以上戦う意味は無い”　ト――
臆病ナ、人間ラシイ考エダナ！","“王家は堕ち、継承者も行方不明
  これ以上戦う意味は無い”　ト――
臆病ナ、人間ラシイ考エダナ！",ui\00_message\event\st0472\ev005.gmd,\event\st0472\st0472ev005.arc,st0472ev005.arc,383
0,,"ダガ――コノ間、奴カラ使者ガ来タ
“うるさく嗅ぎ回られるかもしれない
  兵を貸してほしい”――ト！","ダガ――コノ間、奴カラ使者ガ来タ
“うるさく嗅ぎ回られるかもしれない
  兵を貸してほしい”――ト！",ui\00_message\event\st0472\ev005.gmd,\event\st0472\st0472ev005.arc,st0472ev005.arc,411
0,,"なるほど、オーク軍の暗号文書か――
ならばコイツ以外の
“特殊知識を持った人物” を探す必要があるな","なるほど、オーク軍の暗号文書か――
ならばコイツ以外の
“特殊知識を持った人物” を探す必要があるな",ui\00_message\event\st0472\ev005.gmd,\event\st0472\st0472ev005.arc,st0472ev005.arc,436
0,,"おーくハ昔カラ
“ヤラレタラヤリカエス”――
ソウシテ生キ抜キ、軍ヲ拡ゲテキタ","おーくハ昔カラ
“ヤラレタラヤリカエス”――
ソウシテ生キ抜キ、軍ヲ拡ゲテキタ",ui\00_message\event\st0472\ev005.gmd,\event\st0472\st0472ev005.arc,st0472ev005.arc,439
0,,"覚えているか？
ガクシャが言っていたことを――
“真に恐怖したとき、与える一撃は致命傷になる”","覚えているか？
ガクシャが言っていたことを――
“真に恐怖したとき、与える一撃は致命傷になる”",ui\00_message\event\st0472\ev005.gmd,\event\st0472\st0472ev005.arc,st0472ev005.arc,461
0,,"ここが芯なる樹の中心――
“始まりの洞”です",,ui\00_message\event\st0880\ev000.gmd,\event\st0880\st0880ev000.arc,st0880ev000.arc,0
0,,"ここにある最古の根、“芯脈”を通じて
大地は浄化と再生を繰り返しているのです",,ui\00_message\event\st0880\ev000.gmd,\event\st0880\st0880ev000.arc,st0880ev000.arc,1
0,,さぁ、この先に“芯脈”が――,,ui\00_message\event\st0880\ev000.gmd,\event\st0880\st0880ev000.arc,st0880ev000.arc,2
0,,"“芯脈”を守らなくては！
みなさん、手を貸して下さい！",,ui\00_message\event\st0880\ev000.gmd,\event\st0880\st0880ev000.arc,st0880ev000.arc,4
0,,"“芯脈”さえ治癒できれば
フィンダムは回復すると父から聞いていましたが――",,ui\00_message\event\st0880\ev005.gmd,\event\st0880\st0880ev005.arc,st0880ev005.arc,0
0,,"“芯脈”の浄化中に襲われたら
雫が――治癒が無駄になってしまう――",,ui\00_message\event\st0880\ev005.gmd,\event\st0880\st0880ev005.arc,st0880ev005.arc,2
0,,"我らが竜――精霊竜セシリーよ
“芯なる樹”とともに末永くフィンダムを守りたまえ",,ui\00_message\event\st0881\ev030.gmd,\event\st0881\st0881ev030.arc,st0881ev030.arc,4
0,,"我々は“芯なる樹”を治すため
《原始の雫》を取り戻さねばならない",,ui\00_message\event\st0914\ev000.gmd,\event\st0914\st0914ev000.arc,st0914ev000.arc,3
0,,"とすれば “芯なる樹”が朽ち果てるよう
動くだろう",,ui\00_message\event\st0914\ev000.gmd,\event\st0914\st0914ev000.arc,st0914ev000.arc,14
0,,“精霊の地”――ですね,,ui\00_message\event\st0914\ev000.gmd,\event\st0914\st0914ev000.arc,st0914ev000.arc,16
0,,“我が竜力を、黒竜を倒す覚者に託す”――とな,,ui\00_message\event\st3500\ev005.gmd,\event\st3500\st3500ev005.arc,st3500ev005.arc,3
0,,"俺もまた、覚者であり
“覚者とは竜の敵と戦う者”だからな――",,ui\00_message\event\st3500\ev005.gmd,\event\st3500\st3500ev005.arc,st3500ev005.arc,10
2,PACKAGE_QUEST_SEQUENCE_5,“幻の食材”を追って――,"Chasing the ""Phantom Foodstuff""...",ui\00_message\package_quest\package_quest_sequence_01.gmd,\quest\package_quest\seq_name_01.arc,seq_name_01.arc,2
0,,"“この先、モロー樹林”と書かれている
この桟橋は船着き場のようだ","“この先、モロー樹林”と書かれている
この桟橋は船着き場のようだ
〈stage_examine_st0121〉",ui\00_message\examine_message\stage\stage_examine_st0121.gmd,\stage\st0121\st0121.arc,st0121.arc,3
0,,“隊長の部屋”,"“隊長の部屋”
〈stage_examine_st0137〉",ui\00_message\examine_message\stage\stage_examine_st0137.gmd,\stage\st0137\st0137.arc,st0137.arc,14
0,,"疲れた時は、この“わら”で
ゆっくりしていってほしい","疲れた時は、この“わら”で
ゆっくりしていってほしい
〈stage_examine_st0137〉",ui\00_message\examine_message\stage\stage_examine_st0137.gmd,\stage\st0137\st0137.arc,st0137.arc,16
0,,“ボロい木箱”,"“ボロい木箱”
〈stage_examine_st0137〉",ui\00_message\examine_message\stage\stage_examine_st0137.gmd,\stage\st0137\st0137.arc,st0137.arc,18
0,,“わら”,"“わら”
〈stage_examine_st0137〉",ui\00_message\examine_message\stage\stage_examine_st0137.gmd,\stage\st0137\st0137.arc,st0137.arc,23
0,,"ただ、“アレ”がいないかどうかだけは
必ずチェックするようにしている","ただ、“アレ”がいないかどうかだけは
必ずチェックするようにしている
〈stage_examine_st0137〉",ui\00_message\examine_message\stage\stage_examine_st0137.gmd,\stage\st0137\st0137.arc,st0137.arc,27
0,,“丸太”,"“丸太”
〈stage_examine_st0137〉",ui\00_message\examine_message\stage\stage_examine_st0137.gmd,\stage\st0137\st0137.arc,st0137.arc,28
0,,“《熟成爆弾カボチャ》栽培場”,"“《熟成爆弾カボチャ》栽培場”
〈stage_examine_st0137〉",ui\00_message\examine_message\stage\stage_examine_st0137.gmd,\stage\st0137\st0137.arc,st0137.arc,35
0,,どうやらここが“自分の部屋”のようだ――,"どうやらここが“自分の部屋”のようだ――
〈stage_examine_st0137〉",ui\00_message\examine_message\stage\stage_examine_st0137.gmd,\stage\st0137\st0137.arc,st0137.arc,41
0,,"“明日クリスティーヌに持って行くもの”
と書かれたメモが大量に置かれている
毎日のように祠に通っているようだ――","“明日クリスティーヌに持って行くもの”
と書かれたメモが大量に置かれている
毎日のように祠に通っているようだ――
〈stage_examine_st0315〉",ui\00_message\examine_message\stage\stage_examine_st0315.gmd,\stage\st0315\st0315.arc,st0315.arc,0
0,,“すりきれた羊皮紙”,"“すりきれた羊皮紙”
〈stage_examine_st0350〉",ui\00_message\examine_message\stage\stage_examine_st0350.gmd,\stage\st0350\st0350.arc,st0350.arc,0
0,,"“そこに崖がある限り”
“ロープの結び方100選”
“登山のススメ”
“サイクロプスからの眺め　～中級編～”","“そこに崖がある限り”
“ロープの結び方100選”
“登山のススメ”
“サイクロプスからの眺め　～中級編～”
〈stage_examine_st0373〉",ui\00_message\examine_message\stage\stage_examine_st0373.gmd,\stage\st0373\st0373.arc,st0373.arc,0
0,,“グリッテン砦　記録史”,"“グリッテン砦　記録史”
〈stage_examine_st0400〉",ui\00_message\examine_message\stage\stage_examine_st0400.gmd,\stage\st0400\st0400.arc,st0400.arc,0
0,,“血濡れのメモ入り見取り図”,"“血濡れのメモ入り見取り図”
〈stage_examine_st0402〉",ui\00_message\examine_message\stage\stage_examine_st0402.gmd,\stage\st0402\st0402.arc,st0402.arc,3
0,,“ドリード城の興り”,"“ドリード城の興り”
〈stage_examine_st0403〉",ui\00_message\examine_message\stage\stage_examine_st0403.gmd,\stage\st0403\st0403.arc,st0403.arc,0
0,,“記録官の手記”,"“記録官の手記”
〈stage_examine_st0403〉",ui\00_message\examine_message\stage\stage_examine_st0403.gmd,\stage\st0403\st0403.arc,st0403.arc,5
0,,“魔女と闇の術”,"“魔女と闇の術”
〈stage_examine_st0403〉",ui\00_message\examine_message\stage\stage_examine_st0403.gmd,\stage\st0403\st0403.arc,st0403.arc,9
0,,“すりきれた革の手記”,"“すりきれた革の手記”
〈stage_examine_st0403〉",ui\00_message\examine_message\stage\stage_examine_st0403.gmd,\stage\st0403\st0403.arc,st0403.arc,14
0,,“朽ちかけた手記”,"“朽ちかけた手記”
〈stage_examine_st0404〉",ui\00_message\examine_message\stage\stage_examine_st0404.gmd,\stage\st0404\st0404.arc,st0404.arc,0
0,,“エルフと人”,"“エルフと人”
〈stage_examine_st0404〉",ui\00_message\examine_message\stage\stage_examine_st0404.gmd,\stage\st0404\st0404.arc,st0404.arc,5
0,,“竜力と精”,"“竜力と精”
〈stage_examine_st0404〉",ui\00_message\examine_message\stage\stage_examine_st0404.gmd,\stage\st0404\st0404.arc,st0404.arc,10
0,,“入山者への注意”,"“入山者への注意”
〈stage_examine_st0406〉",ui\00_message\examine_message\stage\stage_examine_st0406.gmd,\stage\st0406\st0406.arc,st0406.arc,0
0,,“ぼろぼろの手帳”,"“ぼろぼろの手帳”
〈stage_examine_st0406〉",ui\00_message\examine_message\stage\stage_examine_st0406.gmd,\stage\st0406\st0406.arc,st0406.arc,3
0,,“鉱員の手記”,"“鉱員の手記”
〈stage_examine_st0406〉",ui\00_message\examine_message\stage\stage_examine_st0406.gmd,\stage\st0406\st0406.arc,st0406.arc,8
0,,“他の鉱員に宛てたメモ”,"“他の鉱員に宛てたメモ”
〈stage_examine_st0406〉",ui\00_message\examine_message\stage\stage_examine_st0406.gmd,\stage\st0406\st0406.arc,st0406.arc,13
0,,“坑道の行き先分岐について”,"“坑道の行き先分岐について”
〈stage_examine_st0406〉",ui\00_message\examine_message\stage\stage_examine_st0406.gmd,\stage\st0406\st0406.arc,st0406.arc,15
0,,“鉱員への注意”,"“鉱員への注意”
〈stage_examine_st0406〉",ui\00_message\examine_message\stage\stage_examine_st0406.gmd,\stage\st0406\st0406.arc,st0406.arc,18
0,,“鉱員への連絡”,"“鉱員への連絡”
〈stage_examine_st0406〉",ui\00_message\examine_message\stage\stage_examine_st0406.gmd,\stage\st0406\st0406.arc,st0406.arc,20
0,,“神官長の日記”,"“神官長の日記”
〈stage_examine_st0408〉",ui\00_message\examine_message\stage\stage_examine_st0408.gmd,\stage\st0408\st0408.arc,st0408.arc,4
0,,“禊の神殿　記録書”,"“禊の神殿　記録書”
〈stage_examine_st0408〉",ui\00_message\examine_message\stage\stage_examine_st0408.gmd,\stage\st0408\st0408.arc,st0408.arc,8
0,,“朽ちかけた手記”,"“朽ちかけた手記”
〈stage_examine_st0411〉",ui\00_message\examine_message\stage\stage_examine_st0411.gmd,\stage\st0411\st0411.arc,st0411.arc,2
0,,“錬金研究者の手記”,"“錬金研究者の手記”
〈stage_examine_st0411〉",ui\00_message\examine_message\stage\stage_examine_st0411.gmd,\stage\st0411\st0411.arc,st0411.arc,6
0,,“消えかけた染み文字”,"“消えかけた染み文字”
〈stage_examine_st0411〉",ui\00_message\examine_message\stage\stage_examine_st0411.gmd,\stage\st0411\st0411.arc,st0411.arc,11
0,,“錬魔研究者のメモ”,"“錬魔研究者のメモ”
〈stage_examine_st0411〉",ui\00_message\examine_message\stage\stage_examine_st0411.gmd,\stage\st0411\st0411.arc,st0411.arc,14
0,,“錬金研究生のノート”,"“錬金研究生のノート”
〈stage_examine_st0411〉",ui\00_message\examine_message\stage\stage_examine_st0411.gmd,\stage\st0411\st0411.arc,st0411.arc,18
0,,“アイアス副所長の手記”,"“アイアス副所長の手記”
〈stage_examine_st0411〉",ui\00_message\examine_message\stage\stage_examine_st0411.gmd,\stage\st0411\st0411.arc,st0411.arc,22
0,,“破れた手帳”,"“破れた手帳”
〈stage_examine_st0411〉",ui\00_message\examine_message\stage\stage_examine_st0411.gmd,\stage\st0411\st0411.arc,st0411.arc,26
0,,“汚れたノート”,"“汚れたノート”
〈stage_examine_st0411〉",ui\00_message\examine_message\stage\stage_examine_st0411.gmd,\stage\st0411\st0411.arc,st0411.arc,30
0,,“軍事指導官の手帳”,"“軍事指導官の手帳”
〈stage_examine_st0411〉",ui\00_message\examine_message\stage\stage_examine_st0411.gmd,\stage\st0411\st0411.arc,st0411.arc,37
0,,“朽ちかけた伝言板”,"“朽ちかけた伝言板”
〈stage_examine_st0411〉",ui\00_message\examine_message\stage\stage_examine_st0411.gmd,\stage\st0411\st0411.arc,st0411.arc,40
0,,“ポーン郷の成立記録”,"“ポーン郷の成立記録”
〈stage_examine_st0412〉",ui\00_message\examine_message\stage\stage_examine_st0412.gmd,\stage\st0412\st0412.arc,st0412.arc,0
0,,“メルゴダ上級士官の手記”,"“メルゴダ上級士官の手記”
〈stage_examine_st0418〉",ui\00_message\examine_message\stage\stage_examine_st0418.gmd,\stage\st0418\st0418.arc,st0418.arc,0
0,,“錬金術の頂き”,"“錬金術の頂き”
〈stage_examine_st0418〉",ui\00_message\examine_message\stage\stage_examine_st0418.gmd,\stage\st0418\st0418.arc,st0418.arc,5
0,,“白竜と大地の姿”,"“白竜と大地の姿”
〈stage_examine_st0418〉",ui\00_message\examine_message\stage\stage_examine_st0418.gmd,\stage\st0418\st0418.arc,st0418.arc,9
0,,"だが、思った通りだった
“黒い騎士”こそが呪われた秘宝の正体だ","だが、思った通りだった
“黒い騎士”こそが呪われた秘宝の正体だ
〈stage_examine_st0507〉",ui\00_message\examine_message\stage\stage_examine_st0507.gmd,\stage\st0507\st0507.arc,st0507.arc,2
0,,“岩に刻まれた文字”,"“岩に刻まれた文字”
〈stage_examine_st0513〉",ui\00_message\examine_message\stage\stage_examine_st0513.gmd,\stage\st0513\st0513.arc,st0513.arc,0
0,,“かすれた文字”,"“かすれた文字”
〈stage_examine_st0513〉",ui\00_message\examine_message\stage\stage_examine_st0513.gmd,\stage\st0513\st0513.arc,st0513.arc,4
0,,“消えかけた文字”,"“消えかけた文字”
〈stage_examine_st0513〉",ui\00_message\examine_message\stage\stage_examine_st0513.gmd,\stage\st0513\st0513.arc,st0513.arc,8
0,,“蝶文様の手記”,"“蝶文様の手記”
〈stage_examine_st0523〉",ui\00_message\examine_message\stage\stage_examine_st0523.gmd,\stage\st0523\st0523.arc,st0523.arc,0
0,,“擦り切れた手帳”,"“擦り切れた手帳”
〈stage_examine_st0524〉",ui\00_message\examine_message\stage\stage_examine_st0524.gmd,\stage\st0524\st0524.arc,st0524.arc,0
0,,“蔦模様の手記”,"“蔦模様の手記”
〈stage_examine_st0524〉",ui\00_message\examine_message\stage\stage_examine_st0524.gmd,\stage\st0524\st0524.arc,st0524.arc,4
0,,“葉紋の手帳”,"“葉紋の手帳”
〈stage_examine_st0524〉",ui\00_message\examine_message\stage\stage_examine_st0524.gmd,\stage\st0524\st0524.arc,st0524.arc,8
0,,“破れかけたメモ”,"“破れかけたメモ”
〈stage_examine_st0527〉",ui\00_message\examine_message\stage\stage_examine_st0527.gmd,\stage\st0527\st0527.arc,st0527.arc,0
0,,“祭壇に宿った思念の声が聞こえる”,"“祭壇に宿った思念の声が聞こえる”
〈stage_examine_st0560〉",ui\00_message\examine_message\stage\stage_examine_st0560.gmd,\stage\st0560\st0560.arc,st0560.arc,3
0,,“朽ち果てた覚者の思念が聞こえる”,"“朽ち果てた覚者の思念が聞こえる”
〈stage_examine_st0560〉",ui\00_message\examine_message\stage\stage_examine_st0560.gmd,\stage\st0560\st0560.arc,st0560.arc,7
0,,“息絶えた覚者の思念の声が聞こえる”,"“息絶えた覚者の思念の声が聞こえる”
〈stage_examine_st0560〉",ui\00_message\examine_message\stage\stage_examine_st0560.gmd,\stage\st0560\st0560.arc,st0560.arc,10
0,,“動かなくなった覚者の思念の声が聞こえる”,"“動かなくなった覚者の思念の声が聞こえる”
〈stage_examine_st0560〉",ui\00_message\examine_message\stage\stage_examine_st0560.gmd,\stage\st0560\st0560.arc,st0560.arc,13
0,,“思念体のつぶやきが聞こえる――”,"“思念体のつぶやきが聞こえる――”
〈stage_examine_st0571〉",ui\00_message\examine_message\stage\stage_examine_st0571.gmd,\stage\st0571\st0571.arc,st0571.arc,0
0,,“思念体のつぶやきが聞こえる――”,"“思念体のつぶやきが聞こえる――”
〈stage_examine_st0571〉",ui\00_message\examine_message\stage\stage_examine_st0571.gmd,\stage\st0571\st0571.arc,st0571.arc,6
0,,“思念体のつぶやきが聞こえる――”,"“思念体のつぶやきが聞こえる――”
〈stage_examine_st0571〉",ui\00_message\examine_message\stage\stage_examine_st0571.gmd,\stage\st0571\st0571.arc,st0571.arc,10
0,,“思念体のつぶやきが聞こえる――”,"“思念体のつぶやきが聞こえる――”
〈stage_examine_st0571〉",ui\00_message\examine_message\stage\stage_examine_st0571.gmd,\stage\st0571\st0571.arc,st0571.arc,15
0,,“思念体のつぶやきが聞こえる――”,"“思念体のつぶやきが聞こえる――”
〈stage_examine_st0571〉",ui\00_message\examine_message\stage\stage_examine_st0571.gmd,\stage\st0571\st0571.arc,st0571.arc,19
0,,“思念体のつぶやきが聞こえる――”,"“思念体のつぶやきが聞こえる――”
〈stage_examine_st0571〉",ui\00_message\examine_message\stage\stage_examine_st0571.gmd,\stage\st0571\st0571.arc,st0571.arc,25
0,,“地縛思念のつぶやきが聞こえる――”,"“地縛思念のつぶやきが聞こえる――”
〈stage_examine_st0572〉",ui\00_message\examine_message\stage\stage_examine_st0572.gmd,\stage\st0572\st0572.arc,st0572.arc,0
0,,“地縛思念のつぶやきが聞こえる――”,"“地縛思念のつぶやきが聞こえる――”
〈stage_examine_st0572〉",ui\00_message\examine_message\stage\stage_examine_st0572.gmd,\stage\st0572\st0572.arc,st0572.arc,5
0,,“地縛思念のつぶやきが聞こえる――”,"“地縛思念のつぶやきが聞こえる――”
〈stage_examine_st0572〉",ui\00_message\examine_message\stage\stage_examine_st0572.gmd,\stage\st0572\st0572.arc,st0572.arc,10
0,,“地縛思念のつぶやきが聞こえる――”,"“地縛思念のつぶやきが聞こえる――”
〈stage_examine_st0572〉",ui\00_message\examine_message\stage\stage_examine_st0572.gmd,\stage\st0572\st0572.arc,st0572.arc,14
0,,“地縛思念のつぶやきが聞こえる――”,"“地縛思念のつぶやきが聞こえる――”
〈stage_examine_st0572〉",ui\00_message\examine_message\stage\stage_examine_st0572.gmd,\stage\st0572\st0572.arc,st0572.arc,19
0,,“地縛思念のつぶやきが聞こえる――”,"“地縛思念のつぶやきが聞こえる――”
〈stage_examine_st0572〉",ui\00_message\examine_message\stage\stage_examine_st0572.gmd,\stage\st0572\st0572.arc,st0572.arc,26
0,,“古き思念の声がする――”,"“古き思念の声がする――”
〈stage_examine_st0576〉",ui\00_message\examine_message\stage\stage_examine_st0576.gmd,\stage\st0576\st0576.arc,st0576.arc,0
0,,“古き思念の声がする――”,"“古き思念の声がする――”
〈stage_examine_st0576〉",ui\00_message\examine_message\stage\stage_examine_st0576.gmd,\stage\st0576\st0576.arc,st0576.arc,6
0,,“古き思念の声がする――”,"“古き思念の声がする――”
〈stage_examine_st0576〉",ui\00_message\examine_message\stage\stage_examine_st0576.gmd,\stage\st0576\st0576.arc,st0576.arc,12
0,,“古き思念の声がする――”,"“古き思念の声がする――”
〈stage_examine_st0576〉",ui\00_message\examine_message\stage\stage_examine_st0576.gmd,\stage\st0576\st0576.arc,st0576.arc,17
0,,“古き思念の声がする――”,"“古き思念の声がする――”
〈stage_examine_st0576〉",ui\00_message\examine_message\stage\stage_examine_st0576.gmd,\stage\st0576\st0576.arc,st0576.arc,22
0,,“古き思念の声がする――”,"“古き思念の声がする――”
〈stage_examine_st0576〉",ui\00_message\examine_message\stage\stage_examine_st0576.gmd,\stage\st0576\st0576.arc,st0576.arc,27
0,,“すり切れたメモ”,"“すり切れたメモ”
〈stage_examine_st0581〉",ui\00_message\examine_message\stage\stage_examine_st0581.gmd,\stage\st0581\st0581.arc,st0581.arc,0
0,,“メルゴダの繁栄と滅亡について”,"“メルゴダの繁栄と滅亡について”
〈stage_examine_st0601〉",ui\00_message\examine_message\stage\stage_examine_st0601.gmd,\stage\st0601\st0601.arc,st0601.arc,0
0,,“さる錬金術師の手記”,"“さる錬金術師の手記”
〈stage_examine_st0621〉",ui\00_message\examine_message\stage\stage_examine_st0621.gmd,\stage\st0621\st0621.arc,st0621.arc,0
0,,"“錬金術法則大全”
“融合と分離の霊薬”
“エリクシルの神秘”
“魔物制御の術と危機管理について”","“錬金術法則大全”
“融合と分離の霊薬”
“エリクシルの神秘”
“魔物制御の術と危機管理について”
〈stage_examine_st0622〉",ui\00_message\examine_message\stage\stage_examine_st0622.gmd,\stage\st0622\st0622.arc,st0622.arc,0
0,,“命の器・その可能性と展望”,"“命の器・その可能性と展望”
〈stage_examine_st0622〉",ui\00_message\examine_message\stage\stage_examine_st0622.gmd,\stage\st0622\st0622.arc,st0622.arc,2
0,,“霊薬師の手記”,"“霊薬師の手記”
〈stage_examine_st0623〉",ui\00_message\examine_message\stage\stage_examine_st0623.gmd,\stage\st0623\st0623.arc,st0623.arc,0
0,,“破れた薄緑の手帳”,"“破れた薄緑の手帳”
〈stage_examine_st0701〉",ui\00_message\examine_message\stage\stage_examine_st0701.gmd,\stage\st0701\st0701.arc,st0701.arc,0
0,,"――あぁ、ここにまで“白い災厄”の
叫びが聞こえる","――あぁ、ここにまで“白い災厄”の
叫びが聞こえる
〈stage_examine_st0701〉",ui\00_message\examine_message\stage\stage_examine_st0701.gmd,\stage\st0701\st0701.arc,st0701.arc,1
0,,“赤黒く汚れた手記”,"“赤黒く汚れた手記”
〈stage_examine_st0732〉",ui\00_message\examine_message\stage\stage_examine_st0732.gmd,\stage\st0732\st0732.arc,st0732.arc,0
0,,“黒薔薇模様の手帳”,"“黒薔薇模様の手帳”
〈stage_examine_st0732〉",ui\00_message\examine_message\stage\stage_examine_st0732.gmd,\stage\st0732\st0732.arc,st0732.arc,4
0,,“他のページには何も書かれていない”,"“他のページには何も書かれていない”
〈stage_examine_st0804〉",ui\00_message\examine_message\stage\stage_examine_st0804.gmd,\stage\st0804\st0804.arc,st0804.arc,2
0,,"青い顔になって、そんなものを集めるのは
すぐ止めるようにと強く言われた
なんでも、“良くない運命”を引き寄せるとか――
嘘をついている表情ではないが――
にわかに信じがたい","青い顔になって、そんなものを集めるのは
すぐ止めるようにと強く言われた
なんでも、“良くない運命”を引き寄せるとか――
嘘をついている表情ではないが――
にわかに信じがたい
〈stage_examine_st0805〉",ui\00_message\examine_message\stage\stage_examine_st0805.gmd,\stage\st0805\st0805.arc,st0805.arc,5
0,,“他のページには何も書かれていない”,"“他のページには何も書かれていない”
〈stage_examine_st0821〉",ui\00_message\examine_message\stage\stage_examine_st0821.gmd,\stage\st0821\st0821.arc,st0821.arc,3
0,,“他のページは文字がかすれて読めそうにない”,"“他のページは文字がかすれて読めそうにない”
〈stage_examine_st0824〉",ui\00_message\examine_message\stage\stage_examine_st0824.gmd,\stage\st0824\st0824.arc,st0824.arc,1
0,,"――それを考えれば、集めると
“良くない運命”を引き寄せるという
いつか聞いた話も頷けるように思う","――それを考えれば、集めると
“良くない運命”を引き寄せるという
いつか聞いた話も頷けるように思う
〈stage_examine_st0841〉",ui\00_message\examine_message\stage\stage_examine_st0841.gmd,\stage\st0841\st0841.arc,st0841.arc,5
0,,“手記と思われる紙の切れ端が落ちている”,"“手記と思われる紙の切れ端が落ちている”
〈stage_examine_st0867〉",ui\00_message\examine_message\stage\stage_examine_st0867.gmd,\stage\st0867\st0867.arc,st0867.arc,0
0,,“分厚いノートが落ちている”,"“分厚いノートが落ちている”
〈stage_examine_st0870〉",ui\00_message\examine_message\stage\stage_examine_st0870.gmd,\stage\st0870\st0870.arc,st0870.arc,0
0,,“筆跡が新しい日記のページが落ちている”,"“筆跡が新しい日記のページが落ちている”
〈stage_examine_st0870〉",ui\00_message\examine_message\stage\stage_examine_st0870.gmd,\stage\st0870\st0870.arc,st0870.arc,3
0,,"“良くない運命”
――あぁ、音も無く忍び寄られていたのか","“良くない運命”
――あぁ、音も無く忍び寄られていたのか
〈stage_examine_st0870〉",ui\00_message\examine_message\stage\stage_examine_st0870.gmd,\stage\st0870\st0870.arc,st0870.arc,8
0,,“古びた手記が打ち捨てられている”,"“古びた手記が打ち捨てられている”
〈stage_examine_st0871〉",ui\00_message\examine_message\stage\stage_examine_st0871.gmd,\stage\st0871\st0871.arc,st0871.arc,0
0,,“次のページは燃えて消し炭になっている”,"“次のページは燃えて消し炭になっている”
〈stage_examine_st0871〉",ui\00_message\examine_message\stage\stage_examine_st0871.gmd,\stage\st0871\st0871.arc,st0871.arc,4
0,,“手記と思われる紙の切れ端が落ちている”,"“手記と思われる紙の切れ端が落ちている”
〈stage_examine_st0873〉",ui\00_message\examine_message\stage\stage_examine_st0873.gmd,\stage\st0873\st0873.arc,st0873.arc,0
0,,“手記と思われる紙の切れ端が落ちている”,"“手記と思われる紙の切れ端が落ちている”
〈stage_examine_st0907〉",ui\00_message\examine_message\stage\stage_examine_st0907.gmd,\stage\st0907\st0907.arc,st0907.arc,0
0,,“手記と思われる紙の切れ端が落ちている”,"“手記と思われる紙の切れ端が落ちている”
〈stage_examine_st0960〉",ui\00_message\examine_message\stage\stage_examine_st0960.gmd,\stage\st0960\st0960.arc,st0960.arc,0
0,,“塔”とは一体、どこにあるのだろう？,"“塔”とは一体、どこにあるのだろう？
〈stage_examine_st0960〉",ui\00_message\examine_message\stage\stage_examine_st0960.gmd,\stage\st0960\st0960.arc,st0960.arc,1
0,,"とはいえ、彼の足取りを順に追っていけば
いつかは“塔”に辿り着くだろう","とはいえ、彼の足取りを順に追っていけば
いつかは“塔”に辿り着くだろう
〈stage_examine_st0960〉",ui\00_message\examine_message\stage\stage_examine_st0960.gmd,\stage\st0960\st0960.arc,st0960.arc,4
0,,"物語でみるような“正解の道”なんてありゃしない
必死でここまで戻ったが、背中と足が血まみれだ","物語でみるような“正解の道”なんてありゃしない
必死でここまで戻ったが、背中と足が血まみれだ
〈stage_examine_st1043〉",ui\00_message\examine_message\stage\stage_examine_st1043.gmd,\stage\st1043\st1043.arc,st1043.arc,1
0,,鍵は“赤くて小さくてカラい　そして隠れる”――,"鍵は“赤くて小さくてカラい　そして隠れる”――
〈stage_examine_st1043〉",ui\00_message\examine_message\stage\stage_examine_st1043.gmd,\stage\st1043\st1043.arc,st1043.arc,3
0,,"しかし、迷宮を踏破していくことで
ここでしか手に入らない、希少な品が手に入る

“特別な印”を使うことで
自分にとって不必要な装具の効果を封印したり
持ち帰ることもできるようだ","しかし、迷宮を踏破していくことで
ここでしか手に入らない、希少な品が手に入る

“特別な印”を使うことで
自分にとって不必要な装具の効果を封印したり
持ち帰ることもできるようだ
〈stage_examine_st2000〉",ui\00_message\examine_message\stage\stage_examine_st2000.gmd,\stage\st2000\st2000.arc,st2000.arc,4
0,,"ここは深淵の果て――
生ける者の記憶が“幻体”を作り出す奈落","ここは深淵の果て――
生ける者の記憶が“幻体”を作り出す奈落
〈stage_examine_st2021〉",ui\00_message\examine_message\stage\stage_examine_st2021.gmd,\stage\st2021\st2021.arc,st2021.arc,0
0,HISTORY_STEP_104,"　覚者たちはついに異郷フィンダムの住民たちとの交
流を始めたようだ。ガルドリンは無事に合流し、ロイ
グの捜索は現地の住民たちに引き継がれることとなっ
た

　案の定という言い方は不遜ではあるが、レスタニア
が巻きこまれたこの変事の原因は、やはり“芯なる
樹”が侵食されたことにあるようだ

　せめてもの救いは、問題解決のためにセシリーの父
ガラダが動きだしていることだ。もちろん我々が協力
を惜しむ道理はない","　覚者たちはついに異郷フィンダムの住民たちとの交
流を始めたようだ。ガルドリンは無事に合流し、ロイ
グの捜索は現地の住民たちに引き継がれることとなっ
た

　案の定という言い方は不遜ではあるが、レスタニア
が巻きこまれたこの変事の原因は、やはり“芯なる
樹”が侵食されたことにあるようだ

　せめてもの救いは、問題解決のためにセシリーの父
ガラダが動きだしていることだ。もちろん我々が協力
を惜しむ道理はない",ui\00_message\history\001\q00020170.gmd,\ui\history\history_data_001.arc,history_data_001.arc,0
0,HISTORY_STEP_112,"　回復した“芯なる樹”と、新しい竜のおかげで、フ
ィンダムを巡る竜力は清々しいものになった。しかし
死にかけていた大地がすぐに回復するわけではない。
完全な復興には長い長い時間がかかると考えられてい
る

　さて、レスタニアとフィンダムの未来にも、長い長
い時間が存在することになる。その時間を、我々はど
のように過ごすべきなのだろうか

　同じ時間を生きる、異なる竜の大陸は深く交わるべ
きなのだろうか、それとも距離をおくべきなのだろう
か。この件に関しては、歴史は何も教えてくれない。
何しろ、前例がないのだから","　回復した“芯なる樹”と、新しい竜のおかげで、フ
ィンダムを巡る竜力は清々しいものになった。しかし
死にかけていた大地がすぐに回復するわけではない。
完全な復興には長い長い時間がかかると考えられてい
る

　さて、レスタニアとフィンダムの未来にも、長い長
い時間が存在することになる。その時間を、我々はど
のように過ごすべきなのだろうか

　同じ時間を生きる、異なる竜の大陸は深く交わるべ
きなのだろうか、それとも距離をおくべきなのだろう
か。この件に関しては、歴史は何も教えてくれない。
何しろ、前例がないのだから",ui\00_message\history\001\q00020250.gmd,\ui\history\history_data_001.arc,history_data_001.arc,0
0,HISTORY_STEP_109,"　“芯なる樹”の患部周辺に入り込んだ魔物どもの掃
討はひと段落し、ガラダと娘による浄化が始まった。
どれほどの時間がかかるものか想像もつかないが、白
竜の覚者たちはこの間に連戦の疲れを癒やしてもらい
たい

　さて、気になるのは時折聞こえるという竜らしき咆
哮、そしてロイグの行方だ","　“芯なる樹”の患部周辺に入り込んだ魔物どもの掃
討はひと段落し、ガラダと娘による浄化が始まった。
どれほどの時間がかかるものか想像もつかないが、白
竜の覚者たちはこの間に連戦の疲れを癒やしてもらい
たい

　さて、気になるのは時折聞こえるという竜らしき咆
哮、そしてロイグの行方だ",ui\00_message\history\001\q00020220.gmd,\ui\history\history_data_001.arc,history_data_001.arc,0
0,HISTORY_STEP_116,"　未だ記憶に新しいフィンダムの竜を巡る事件同様ま
ず、空に異変が起こった。突如降り出したのは雨なら
ぬ、紅蓮の火球だった。炎が大地を焼き、民衆は逃げ
惑った

　次に、神殿が襲われた。巨大な目玉が中空に浮か
び、声が殿中に響いた。そして目玉は白竜を愚弄した
のだ。我が脚はすくみ、舌は渇いて悲鳴を上げること
もできなかった

　最初に動き始めたのはやはり覚者たちであった。さ
すがと言わねばなるまい。しかし声は意に介さず、４
名の精鋭覚者たちを連れて姿を消した

　レスタニアは平穏を取り戻したが、行方の知れない
覚者たちの安否は不明のままに無為な夜が過ぎ去って
いった

　やがて彼らは戻り、無事を喜んだのだが、もたらさ
れた報告には驚きと不安を禁じえない。覚者たちは住
民たちがアッカーシェランと呼ぶ大陸に連れ込まれて
いたのだ

　アッカーシェランは戦と絶望に覆われた世界で人々
は“悪しき竜”との戦いに明け暮れているらしい。公
式の記録に残すには覚者たちの話のさらなる吟味が必
要だ。段を改めて記すこととする","　Similar to the events concerning the new
dragon in Phindym, a phenomenon occured in
the sky. What suddenly came falling out of the
sky was not rain but crimson fire. Flames
scorched the land, and the populace fled.
　Next, the temple was attacked. A massive
eyeball was floating in the sky, and its voice
rang throughout the temple. The Eye mocked
the White Dragon. My legs were frozen, and I
could not even let out a scream.
　The Arisens began to move immediately. As
expected, I must say. However, four elite Arisen
were abducted, leaving no trace.
　Lestania had restored peace, but with the
vanished Arisen's location unknown, we could
do nothing through the night.
　They eventually returned safely, however I
couldn't supress my shock and fear from their
report. The Arisen were brought to a land the
people called Acre Selund.
　Acre Selund is a land covered in war and
despair, the people are in constant struggle
with the ""Evil Dragon"". Further notes recquire
additional inspection of the Arisens story.
I'll write more at a later time.",ui\00_message\history\001\q00030010.gmd,\ui\history\history_data_001.arc,history_data_001.arc,0
0,HISTORY_STEP_102,"　フィンダムに到着した覚者たちは、早速拠点を定め
活動を開始した

　かの大地と命を育んでいるのは“芯なる樹”を中心
とする竜力の浄化と循環の構造だ。その機能が失われ
大陸全体に汚れた竜力が巡るようになってしまったら
しい

　原因がわかっているのであれば、解法も自ずと見え
てくるはずだ

　フィンダムにはわたしが最も信頼する覚者とその盟
友たちを派遣した。あの者たちなら、期待以上の成果
を持ち帰ってくれるだろう","　フィンダムに到着した覚者たちは、早速拠点を定め
活動を開始した

　かの大地と命を育んでいるのは“芯なる樹”を中心
とする竜力の浄化と循環の構造だ。その機能が失われ
大陸全体に汚れた竜力が巡るようになってしまったら
しい

　原因がわかっているのであれば、解法も自ずと見え
てくるはずだ

　フィンダムにはわたしが最も信頼する覚者とその盟
友たちを派遣した。あの者たちなら、期待以上の成果
を持ち帰ってくれるだろう",ui\00_message\history\001\q00020150.gmd,\ui\history\history_data_001.arc,history_data_001.arc,0
0,HISTORY_STEP_110,"　葉脈の侵食は想定を遥かに超えて進んでおり、用意
していた原始の雫では足りないことが判明。原始の雫
の入手が難しいことから、万事休すと思われたが、状
況に対処する精神を手に入れたセシリーたちは、さら
なる原始の雫の入手に故郷の未来を賭けることにした

　関係者が努力、尽力した結果、原始の雫は集まった
が、またロイグが現れた。実際に戦ったものの話によ
ると、ロイグは黒騎士に意識を乗っ取られた状態で、
まるで捨て駒のように使われたそうだ

　思えば哀れな男だ。せめてわたしだけでも、彼の心
情に寄り添ってやろうと思う

　さて、こうして“芯なる樹”の治療は開始されたわ
けだが、精霊竜の治療は、悲しいかな、間に合わなか
ったようだ。これにより覚者たちは重い責務を背負う
ことになった。こればかりは代わってやることもでき
ないし、ねぎらいの言葉も空々しく聞こえることだろ
う","　葉脈の侵食は想定を遥かに超えて進んでおり、用意
していた原始の雫では足りないことが判明。原始の雫
の入手が難しいことから、万事休すと思われたが、状
況に対処する精神を手に入れたセシリーたちは、さら
なる原始の雫の入手に故郷の未来を賭けることにした

　関係者が努力、尽力した結果、原始の雫は集まった
が、またロイグが現れた。実際に戦ったものの話によ
ると、ロイグは黒騎士に意識を乗っ取られた状態で、
まるで捨て駒のように使われたそうだ

　思えば哀れな男だ。せめてわたしだけでも、彼の心
情に寄り添ってやろうと思う

　さて、こうして“芯なる樹”の治療は開始されたわ
けだが、精霊竜の治療は、悲しいかな、間に合わなか
ったようだ。これにより覚者たちは重い責務を背負う
ことになった。こればかりは代わってやることもでき
ないし、ねぎらいの言葉も空々しく聞こえることだろ
う",ui\00_message\history\001\q00020230.gmd,\ui\history\history_data_001.arc,history_data_001.arc,0
0,HISTORY_STEP_120,"　得られるまでは常に答えを求めねばならない疑問が
ある。“なぜ悪しき竜は覚者たちを呼んだのか”もし
こちらの覚者たちが行かなければアッカーシェランは
今頃は、完全に悪しき竜の軍門にくだっていたことは
想像に難くない

　事実、覚者たちが状況を知らされていなかったアッ
カーシェランの王都は陥落したとのこと。こうなって
くると悪しき竜の意図はまったくもって不明になる

　王子の現状についても記しておこう。ネド王子は有
名な盗賊と行動をともにしているらしくその行方を知
るためには、盗賊どもとの交渉が必要とのこと。当然
だが、王家側と盗賊の間には遺恨と確執があり、こと
はそう簡単ではないようだ

　また、解放軍増強のためにイェルハルドなる人物の
協力を求めたが、王子の不在を理由に断られたと聞く

　メイロワ将軍、盗賊ども、イェルハルドなる領主も
目先ではなく、もっと先の未来を見据えるべきであ
る。もっともこれは、言うは易く行うは難しの最たる
ものだ"," I still have one question lingering
in my mind. ""Why did the Wicked Dragon
summon our Arisen?"" If he hadn't then
Acre Selund would be completely under
the control of the Wicked Dragon's
forces by now.
 The Arisen would not have been aware
of the fall of the capital of Acre Selund.
The intentions of the Wicked Dragon would
have been completely unknown.
 Concerning the prince's current situation,
it seems he is currently with some
notorious bandits. In order to find him
we will need to negotiate with them,
however it may prove difficult as there
is some animosity between the bandits
and the royal family.
 In order to bolster the Liberation Army's
forces we sought cooperation from a man
named Gerhard, however he refused to listen
due to the prince's absence.
 General Meirova, the bandits, and even
Gerhard must not be shortsighted, and
should look towards the future. This is,
however, easier said than done.",ui\00_message\history\001\q00030050.gmd,\ui\history\history_data_001.arc,history_data_001.arc,0
0,HISTORY_STEP_117,"　アッカーシェランに渡った覚者たちが無事に帰還す
ることができたのは、ひとりの覚者の勇敢な行動のお
かげだ。彼は仲間たちを帰すために自らが人質になる
ことを望んだのだ

　その覚者の名はエリオット。ここに記し、その献身
を讃えよう。もちろん、我々は彼を見捨てるようなこ
とはしない。今現在、エリオットは仲間と行動をとも
にしている

　さて、アッカーシェランの状況である。かの地は、
元々は、火竜の大陸であった。そこに“黒い竜”が現
れ、火竜を襲った。民たちの祈りは届かず、火竜は敗
れ、代わりに“悪しき竜”がその地位を取って代わっ
た

　“悪しき竜”はアッカーシェランのオークどもを配
下に収めると、人間たちの領分を侵し始めた。人間た
ちも応戦したが竜とオークは強く敗走を重ねるだけ。
戦意を失った者たちは軍を離れ、今は解放軍を名乗る
一派が絶望的な戦いを続けているとのことだ

　さて、我々が選ぶべき道は。今はまだ、道が何本あ
るのかさえもわからない","　The Arisen that traveled to Acre Selund
safely returned, thanks to the brave efforts
of one particular Arisen. He offered himself
as a hostage so that his comrades could return.
 That Arisens name was Elliot. I am honoring
his dedication in these logs. Naturally, we 
would never abandon him, he has been safely
reunited with his comrades.
　Back to the matter of Acre Selund. It was
originally the Fire Dragon's continent, until
the Black Dragon appeared and attacked the
Fire Dragon. The Fire Dragon was defeated and
the Wicked Dragon took control of the land.
　The Wicked Dragon took control of the Orcs of
Acre Selund and begin to conquer the human's
territory. The humans fought back, however they
were no match against the combined forces of
the orcs and a dragon.
Those who lost the will to fight abandoned the
military, and now those that call themselves
the Liberation Army are continuing to fight
a losing battle.
　Now, what path should we choose? We still
don't even know how many paths there are.",ui\00_message\history\001\q00030020.gmd,\ui\history\history_data_001.arc,history_data_001.arc,0
0,HISTORY_STEP_126,"　悪しき竜の竜力はネド王子が継承可能であることが
確認された。これは、もし仮に、解放軍なり我が覚者
が“悪しき竜”を倒したとしても、アッカーシェラン
大陸は竜と竜力を失わずにすむということを意味して
いる

　アッカー王家に伝わる秘策を持ってすれば継承は可
能とのことなので、竜力の行方に関してはひと安心と
いうところだろうか

　さて、“悪しき竜”討伐のために、解放軍と覚者た
ちはまず、展望城なる城を攻め落とすことを最優先課
題とし、現在は城に詰めるオークどもを城壁の外に引
き寄せる作戦を展開中だ

　オークに陽動作戦は有効だ。かつて王家の威光の象
徴だった城を奪回することができれば、民心に与える
前向きな影響も大きい

　城、そして秘策のために、彼らの奮闘を期待しよう"," It has been confirmed that Prince Ned
can inherit the Dragon Force from the
Wicked Dragon. This means that if the
arisen can defeat the Wicked Dragon,
than Acre Selund can still keep its
Dragon and Dragon Force.
　If we enact the plan passed down through
the Acre royal family, then inheriting the
Dragon Force should be possible. This is
one matter that has finally been settled.
 Now, in order to defeat the Wicked Dragon,
the Liberation Army and the arisen are
working on taking back Lookout Castle.
Currently they are drawing out the orcs
occupying the castle outside of the castle
walls.
 Diversionary tactics are effective on
orcs. If we can take back the castle that
was once a symbol of the majesty of the
royal family, it should have a positive
affect on the morale of the people.
 I hope for a good outcome from the battle,
for the sake of the castle and the plan.",ui\00_message\history\001\q00030110.gmd,\ui\history\history_data_001.arc,history_data_001.arc,0
0,,"突如レスタニアの沖合に出現したフィンダム
大陸の一部。レスタニアに出現した侵食魔も
ここから飛来しており、この絶海の孤島が
“侵食”という脅威に対抗するための手がかりを
秘めていると予測される",,ui\00_message\loading\loading_message_013.gmd,\ui\00_message\loading\loading_message_013.arc,loading_message_013.arc,0
0,,"600年ほど前に建造された砦
アッカー家が並み居る地方豪族を倒して
大陸統一を果たした後に、対オーク用に強化されて
現在に至る。長く役目を果たしていたが“悪しき竜”
出現直後にオーク軍に占拠された",,ui\00_message\loading\loading_message_018.gmd,\ui\00_message\loading\loading_message_018.arc,loading_message_018.arc,0
0,,"かつては蛮族の地と呼ばれた南部地方に睨みを
きかせる要衝として建造された
アッカーシェラン大陸ではメガド離宮、王都メガドに
次いで古い建造物。城主はアッカー家の当主だが
実質的な管理者である“城番”は兵士が就くことが
できる最高位とされている",,ui\00_message\loading\loading_message_019.gmd,\ui\00_message\loading\loading_message_019.arc,loading_message_019.arc,0
0,,"アッカー家が南西方面からの敵を迎え撃つために
建造した砦。“悪しき竜”が現れてからは魔軍の拠点
として使われている。オークたちが西方で集めた
食料や物資の集積場と考えられており、周辺には
防衛点が点在している",,ui\00_message\loading\loading_message_019.gmd,\ui\00_message\loading\loading_message_019.arc,loading_message_019.arc,2
0,,"アッカーシェラン大陸の南部にアジトを構え
定住しつつ活動するベルタ盗賊団とは異なり
通称“北の盗賊”と呼ばれる彼らは、一定期間ごとに
アジトを変えて活動している。その姿勢からも
わかる通り、警戒心が強く、自らの存在を徹底的に
隠す傾向にある",,ui\00_message\loading\loading_message_021.gmd,\ui\00_message\loading\loading_message_021.arc,loading_message_021.arc,0
0,,"""メルゴダの深淵""まで
ズールの命を持って来いって",,ui\00_message\event\st0201\ev075.gmd,\event\st0201\st0201ev075.arc,st0201ev075.arc,12
0,,"""竜王の指輪""――
その魔器の名を聞いたことがあるか？",,ui\00_message\event\st0201\ev103.gmd,\event\st0201\st0201ev103.arc,st0201ev103.arc,1
0,,"指輪にかつて力を注がれた３つの地
""竜力の渦""と呼ばれる場所を",,ui\00_message\event\st0201\ev103.gmd,\event\st0201\st0201ev103.arc,st0201ev103.arc,7
0,,"あれは今、""ゲート""と呼ばれている",,ui\00_message\event\st0201\ev155.gmd,\event\st0201\st0201ev155.arc,st0201ev155.arc,4
0,,"その""ゲート""を通り、忌々しい侵食魔どもが
相も変わらず飛んでくる",,ui\00_message\event\st0201\ev155.gmd,\event\st0201\st0201ev155.arc,st0201ev155.arc,5
0,,"フィンダムの各族長の結託により
""精霊の地""の封印が解かれたようだ",,ui\00_message\event\st0201\ev170.gmd,\event\st0201\st0201ev170.arc,st0201ev170.arc,2