#Index,Key,MsgJp,MsgEn,GmdPath,ArcPath,ArcName,ReadIndex
0,,,,ui\00_message\common\item_info.gmd,\ui\item_info.arc,item_info.arc,15371
0,,,,ui\00_message\common\item_info.gmd,\ui\item_info.arc,item_info.arc,15372
0,,,,ui\00_message\common\item_info.gmd,\ui\item_info.arc,item_info.arc,15373
0,,,,ui\00_message\common\item_info.gmd,\ui\item_info.arc,item_info.arc,15374
0,,,,ui\00_message\common\item_info.gmd,\ui\item_info.arc,item_info.arc,15375
0,,,,ui\00_message\common\item_info.gmd,\ui\item_info.arc,item_info.arc,15376
0,,,,ui\00_message\common\item_info.gmd,\ui\item_info.arc,item_info.arc,15377
0,,,,ui\00_message\common\item_info.gmd,\ui\item_info.arc,item_info.arc,15378
0,,,,ui\00_message\common\item_info.gmd,\ui\item_info.arc,item_info.arc,15379
0,,,,ui\00_message\common\item_info.gmd,\ui\item_info.arc,item_info.arc,15380
0,,,,ui\00_message\common\item_info.gmd,\ui\item_info.arc,item_info.arc,15381
0,,,,ui\00_message\common\item_info.gmd,\ui\item_info.arc,item_info.arc,15382
0,,,,ui\00_message\common\item_info.gmd,\ui\item_info.arc,item_info.arc,15383
0,,,,ui\00_message\common\item_info.gmd,\ui\item_info.arc,item_info.arc,15384
0,,,,ui\00_message\common\item_info.gmd,\ui\item_info.arc,item_info.arc,15385
0,,,,ui\00_message\common\item_info.gmd,\ui\item_info.arc,item_info.arc,15386
0,,,,ui\00_message\common\item_info.gmd,\ui\item_info.arc,item_info.arc,15387
0,,,,ui\00_message\common\item_info.gmd,\ui\item_info.arc,item_info.arc,15388
0,,,,ui\00_message\common\item_info.gmd,\ui\item_info.arc,item_info.arc,15389
0,,,,ui\00_message\common\item_info.gmd,\ui\item_info.arc,item_info.arc,15390
0,,,,ui\00_message\common\item_info.gmd,\ui\item_info.arc,item_info.arc,15391
0,,,,ui\00_message\common\item_info.gmd,\ui\item_info.arc,item_info.arc,15392
0,,,,ui\00_message\common\item_info.gmd,\ui\item_info.arc,item_info.arc,15393
0,,,,ui\00_message\common\item_info.gmd,\ui\item_info.arc,item_info.arc,15394
0,,,,ui\00_message\common\item_info.gmd,\ui\item_info.arc,item_info.arc,15395
0,,,,ui\00_message\common\item_info.gmd,\ui\item_info.arc,item_info.arc,15396
0,,,,ui\00_message\common\item_info.gmd,\ui\item_info.arc,item_info.arc,15397
0,,,,ui\00_message\common\item_info.gmd,\ui\item_info.arc,item_info.arc,15398
0,,,,ui\00_message\common\item_info.gmd,\ui\item_info.arc,item_info.arc,15399
0,,,,ui\00_message\common\item_info.gmd,\ui\item_info.arc,item_info.arc,15400
0,,,,ui\00_message\common\item_info.gmd,\ui\item_info.arc,item_info.arc,15401
0,,,,ui\00_message\common\item_info.gmd,\ui\item_info.arc,item_info.arc,15402
0,,,,ui\00_message\common\item_info.gmd,\ui\item_info.arc,item_info.arc,15403
0,,,,ui\00_message\common\item_info.gmd,\ui\item_info.arc,item_info.arc,15404
0,,,,ui\00_message\common\item_info.gmd,\ui\item_info.arc,item_info.arc,15405
0,,,,ui\00_message\common\item_info.gmd,\ui\item_info.arc,item_info.arc,15406
0,,,,ui\00_message\common\item_info.gmd,\ui\item_info.arc,item_info.arc,15407
0,,,,ui\00_message\common\item_info.gmd,\ui\item_info.arc,item_info.arc,15408
0,,,,ui\00_message\common\item_info.gmd,\ui\item_info.arc,item_info.arc,15409
0,,,,ui\00_message\common\item_info.gmd,\ui\item_info.arc,item_info.arc,15410
0,,,,ui\00_message\common\item_info.gmd,\ui\item_info.arc,item_info.arc,15411
0,,,,ui\00_message\common\item_info.gmd,\ui\item_info.arc,item_info.arc,15412
0,,,,ui\00_message\common\item_info.gmd,\ui\item_info.arc,item_info.arc,15413
0,,,,ui\00_message\common\item_info.gmd,\ui\item_info.arc,item_info.arc,15414
0,,,,ui\00_message\common\item_info.gmd,\ui\item_info.arc,item_info.arc,15415
0,,,,ui\00_message\common\item_info.gmd,\ui\item_info.arc,item_info.arc,15416
0,,,,ui\00_message\common\item_info.gmd,\ui\item_info.arc,item_info.arc,15417
0,,,,ui\00_message\common\item_info.gmd,\ui\item_info.arc,item_info.arc,15418
0,,,,ui\00_message\common\item_info.gmd,\ui\item_info.arc,item_info.arc,15419
0,,,,ui\00_message\common\item_info.gmd,\ui\item_info.arc,item_info.arc,15420
0,,,,ui\00_message\common\item_info.gmd,\ui\item_info.arc,item_info.arc,15421
0,,,,ui\00_message\common\item_info.gmd,\ui\item_info.arc,item_info.arc,15422
0,,,,ui\00_message\common\item_info.gmd,\ui\item_info.arc,item_info.arc,15423
0,,,,ui\00_message\common\item_info.gmd,\ui\item_info.arc,item_info.arc,15424
0,,,,ui\00_message\common\item_info.gmd,\ui\item_info.arc,item_info.arc,15425
0,,,,ui\00_message\common\item_info.gmd,\ui\item_info.arc,item_info.arc,15426
0,,,,ui\00_message\common\item_info.gmd,\ui\item_info.arc,item_info.arc,15427
0,,,,ui\00_message\common\item_info.gmd,\ui\item_info.arc,item_info.arc,15428
0,,,,ui\00_message\common\item_info.gmd,\ui\item_info.arc,item_info.arc,15429
0,,,,ui\00_message\common\item_info.gmd,\ui\item_info.arc,item_info.arc,15430
0,,,,ui\00_message\common\item_info.gmd,\ui\item_info.arc,item_info.arc,15431
0,,,,ui\00_message\common\item_info.gmd,\ui\item_info.arc,item_info.arc,15432
0,,,,ui\00_message\common\item_info.gmd,\ui\item_info.arc,item_info.arc,15433
0,,,,ui\00_message\common\item_info.gmd,\ui\item_info.arc,item_info.arc,15434
0,,,,ui\00_message\common\item_info.gmd,\ui\item_info.arc,item_info.arc,15435
0,,,,ui\00_message\common\item_info.gmd,\ui\item_info.arc,item_info.arc,15436
0,,,,ui\00_message\common\item_info.gmd,\ui\item_info.arc,item_info.arc,15437
0,,,,ui\00_message\common\item_info.gmd,\ui\item_info.arc,item_info.arc,15438
0,,,,ui\00_message\common\item_info.gmd,\ui\item_info.arc,item_info.arc,15439
0,,,,ui\00_message\common\item_info.gmd,\ui\item_info.arc,item_info.arc,15440
0,,,,ui\00_message\common\item_info.gmd,\ui\item_info.arc,item_info.arc,15441
0,,,,ui\00_message\common\item_info.gmd,\ui\item_info.arc,item_info.arc,15442
0,,,,ui\00_message\common\item_info.gmd,\ui\item_info.arc,item_info.arc,15443
0,,,,ui\00_message\common\item_info.gmd,\ui\item_info.arc,item_info.arc,15444
0,,,,ui\00_message\common\item_info.gmd,\ui\item_info.arc,item_info.arc,15445
0,,,,ui\00_message\common\item_info.gmd,\ui\item_info.arc,item_info.arc,15446
0,,,,ui\00_message\common\item_info.gmd,\ui\item_info.arc,item_info.arc,15447
0,,,,ui\00_message\common\item_info.gmd,\ui\item_info.arc,item_info.arc,15448
0,,,,ui\00_message\common\item_info.gmd,\ui\item_info.arc,item_info.arc,15449
0,,,,ui\00_message\common\item_info.gmd,\ui\item_info.arc,item_info.arc,15450
0,,,,ui\00_message\common\item_info.gmd,\ui\item_info.arc,item_info.arc,15451
0,,,,ui\00_message\common\item_info.gmd,\ui\item_info.arc,item_info.arc,15452
0,,,,ui\00_message\common\item_info.gmd,\ui\item_info.arc,item_info.arc,15453
0,,,,ui\00_message\common\item_info.gmd,\ui\item_info.arc,item_info.arc,15454
0,,,,ui\00_message\common\item_info.gmd,\ui\item_info.arc,item_info.arc,15455
0,,,,ui\00_message\common\item_info.gmd,\ui\item_info.arc,item_info.arc,15456
0,,,,ui\00_message\common\item_info.gmd,\ui\item_info.arc,item_info.arc,15457
0,,,,ui\00_message\common\item_info.gmd,\ui\item_info.arc,item_info.arc,15458
0,,,,ui\00_message\common\item_info.gmd,\ui\item_info.arc,item_info.arc,15459
0,,,,ui\00_message\common\item_info.gmd,\ui\item_info.arc,item_info.arc,15460
0,,,,ui\00_message\common\item_info.gmd,\ui\item_info.arc,item_info.arc,15461
0,,,,ui\00_message\common\item_info.gmd,\ui\item_info.arc,item_info.arc,15462
0,,,,ui\00_message\common\item_info.gmd,\ui\item_info.arc,item_info.arc,15463
0,,,,ui\00_message\common\item_info.gmd,\ui\item_info.arc,item_info.arc,15464
0,,,,ui\00_message\common\item_info.gmd,\ui\item_info.arc,item_info.arc,15465
0,,,,ui\00_message\common\item_info.gmd,\ui\item_info.arc,item_info.arc,15466
0,,,,ui\00_message\common\item_info.gmd,\ui\item_info.arc,item_info.arc,15467
0,,,,ui\00_message\common\item_info.gmd,\ui\item_info.arc,item_info.arc,15468
0,,,,ui\00_message\common\item_info.gmd,\ui\item_info.arc,item_info.arc,15469
0,,,,ui\00_message\common\item_info.gmd,\ui\item_info.arc,item_info.arc,15470
0,,,,ui\00_message\common\item_info.gmd,\ui\item_info.arc,item_info.arc,15471
0,,,,ui\00_message\common\item_info.gmd,\ui\item_info.arc,item_info.arc,15472
0,,,,ui\00_message\common\item_info.gmd,\ui\item_info.arc,item_info.arc,15473
0,,,,ui\00_message\common\item_info.gmd,\ui\item_info.arc,item_info.arc,15474
0,,,,ui\00_message\common\item_info.gmd,\ui\item_info.arc,item_info.arc,15475
0,,,,ui\00_message\common\item_info.gmd,\ui\item_info.arc,item_info.arc,15476
0,,,,ui\00_message\common\item_info.gmd,\ui\item_info.arc,item_info.arc,15477
0,,,,ui\00_message\common\item_info.gmd,\ui\item_info.arc,item_info.arc,15478
0,,,,ui\00_message\common\item_info.gmd,\ui\item_info.arc,item_info.arc,15479
0,,,,ui\00_message\common\item_info.gmd,\ui\item_info.arc,item_info.arc,15480
0,,,,ui\00_message\common\item_info.gmd,\ui\item_info.arc,item_info.arc,15481
0,,,,ui\00_message\common\item_info.gmd,\ui\item_info.arc,item_info.arc,15482
0,,,,ui\00_message\common\item_info.gmd,\ui\item_info.arc,item_info.arc,15483
0,,,,ui\00_message\common\item_info.gmd,\ui\item_info.arc,item_info.arc,15484
0,,,,ui\00_message\common\item_info.gmd,\ui\item_info.arc,item_info.arc,15485
0,,,,ui\00_message\common\item_info.gmd,\ui\item_info.arc,item_info.arc,15486
0,,,,ui\00_message\common\item_info.gmd,\ui\item_info.arc,item_info.arc,15487
0,,,,ui\00_message\common\item_info.gmd,\ui\item_info.arc,item_info.arc,15488
0,,,,ui\00_message\common\item_info.gmd,\ui\item_info.arc,item_info.arc,15489
0,,,,ui\00_message\common\item_info.gmd,\ui\item_info.arc,item_info.arc,15490
0,,,,ui\00_message\common\item_info.gmd,\ui\item_info.arc,item_info.arc,15491
0,,,,ui\00_message\common\item_info.gmd,\ui\item_info.arc,item_info.arc,15492
0,,,,ui\00_message\common\item_info.gmd,\ui\item_info.arc,item_info.arc,15493
0,,,,ui\00_message\common\item_info.gmd,\ui\item_info.arc,item_info.arc,15494
0,,,,ui\00_message\common\item_info.gmd,\ui\item_info.arc,item_info.arc,15495
0,,,,ui\00_message\common\item_info.gmd,\ui\item_info.arc,item_info.arc,15496
0,,,,ui\00_message\common\item_info.gmd,\ui\item_info.arc,item_info.arc,15497
0,,,,ui\00_message\common\item_info.gmd,\ui\item_info.arc,item_info.arc,15498
0,,,,ui\00_message\common\item_info.gmd,\ui\item_info.arc,item_info.arc,15499
0,,,,ui\00_message\common\item_info.gmd,\ui\item_info.arc,item_info.arc,15500
0,,,,ui\00_message\common\item_info.gmd,\ui\item_info.arc,item_info.arc,15501
0,,,,ui\00_message\common\item_info.gmd,\ui\item_info.arc,item_info.arc,15502
0,,,,ui\00_message\common\item_info.gmd,\ui\item_info.arc,item_info.arc,15503
0,,,,ui\00_message\common\item_info.gmd,\ui\item_info.arc,item_info.arc,15504
0,,,,ui\00_message\common\item_info.gmd,\ui\item_info.arc,item_info.arc,15505
0,,,,ui\00_message\common\item_info.gmd,\ui\item_info.arc,item_info.arc,15506
0,,,,ui\00_message\common\item_info.gmd,\ui\item_info.arc,item_info.arc,15507
0,,,,ui\00_message\common\item_info.gmd,\ui\item_info.arc,item_info.arc,15508
0,,,,ui\00_message\common\item_info.gmd,\ui\item_info.arc,item_info.arc,15509
0,,,,ui\00_message\common\item_info.gmd,\ui\item_info.arc,item_info.arc,15510
0,,,,ui\00_message\common\item_info.gmd,\ui\item_info.arc,item_info.arc,15511
0,,,,ui\00_message\common\item_info.gmd,\ui\item_info.arc,item_info.arc,15512
0,,,,ui\00_message\common\item_info.gmd,\ui\item_info.arc,item_info.arc,15513
0,,,,ui\00_message\common\item_info.gmd,\ui\item_info.arc,item_info.arc,15514
0,,,,ui\00_message\common\item_info.gmd,\ui\item_info.arc,item_info.arc,15515
0,,,,ui\00_message\common\item_info.gmd,\ui\item_info.arc,item_info.arc,15516
0,,,,ui\00_message\common\item_info.gmd,\ui\item_info.arc,item_info.arc,15517
0,,,,ui\00_message\common\item_info.gmd,\ui\item_info.arc,item_info.arc,15518
0,,,,ui\00_message\common\item_info.gmd,\ui\item_info.arc,item_info.arc,15519
0,,,,ui\00_message\common\item_info.gmd,\ui\item_info.arc,item_info.arc,15520
0,,,,ui\00_message\common\item_info.gmd,\ui\item_info.arc,item_info.arc,15521
0,,,,ui\00_message\common\item_info.gmd,\ui\item_info.arc,item_info.arc,15522
0,,,,ui\00_message\common\item_info.gmd,\ui\item_info.arc,item_info.arc,15523
0,,,,ui\00_message\common\item_info.gmd,\ui\item_info.arc,item_info.arc,15524
0,,,,ui\00_message\common\item_info.gmd,\ui\item_info.arc,item_info.arc,15525
0,,,,ui\00_message\common\item_info.gmd,\ui\item_info.arc,item_info.arc,15526
0,,,,ui\00_message\common\item_info.gmd,\ui\item_info.arc,item_info.arc,15527
0,,,,ui\00_message\common\item_info.gmd,\ui\item_info.arc,item_info.arc,15528
0,,,,ui\00_message\common\item_info.gmd,\ui\item_info.arc,item_info.arc,15529
0,,,,ui\00_message\common\item_info.gmd,\ui\item_info.arc,item_info.arc,15530
0,,,,ui\00_message\common\item_info.gmd,\ui\item_info.arc,item_info.arc,15531
0,,,,ui\00_message\common\item_info.gmd,\ui\item_info.arc,item_info.arc,15532
0,,,,ui\00_message\common\item_info.gmd,\ui\item_info.arc,item_info.arc,15533
0,,,,ui\00_message\common\item_info.gmd,\ui\item_info.arc,item_info.arc,15534
0,,,,ui\00_message\common\item_info.gmd,\ui\item_info.arc,item_info.arc,15535
0,,,,ui\00_message\common\item_info.gmd,\ui\item_info.arc,item_info.arc,15536
0,,,,ui\00_message\common\item_info.gmd,\ui\item_info.arc,item_info.arc,15537
0,,,,ui\00_message\common\item_info.gmd,\ui\item_info.arc,item_info.arc,15538
0,,,,ui\00_message\common\item_info.gmd,\ui\item_info.arc,item_info.arc,15539
0,,,,ui\00_message\common\item_info.gmd,\ui\item_info.arc,item_info.arc,15540
0,,,,ui\00_message\common\item_info.gmd,\ui\item_info.arc,item_info.arc,15541
0,,,,ui\00_message\common\item_info.gmd,\ui\item_info.arc,item_info.arc,15542
0,,,,ui\00_message\common\item_info.gmd,\ui\item_info.arc,item_info.arc,15543
0,,,,ui\00_message\common\item_info.gmd,\ui\item_info.arc,item_info.arc,15544
0,,,,ui\00_message\common\item_info.gmd,\ui\item_info.arc,item_info.arc,15545
0,,,,ui\00_message\common\item_info.gmd,\ui\item_info.arc,item_info.arc,15546
0,,,,ui\00_message\common\item_info.gmd,\ui\item_info.arc,item_info.arc,15547
0,,,,ui\00_message\common\item_info.gmd,\ui\item_info.arc,item_info.arc,15548
0,,,,ui\00_message\common\item_info.gmd,\ui\item_info.arc,item_info.arc,15549
0,,,,ui\00_message\common\item_info.gmd,\ui\item_info.arc,item_info.arc,15550
0,,,,ui\00_message\common\item_info.gmd,\ui\item_info.arc,item_info.arc,15551
0,,,,ui\00_message\common\item_info.gmd,\ui\item_info.arc,item_info.arc,15552
0,,,,ui\00_message\common\item_info.gmd,\ui\item_info.arc,item_info.arc,15553
0,,,,ui\00_message\common\item_info.gmd,\ui\item_info.arc,item_info.arc,15554
0,,,,ui\00_message\common\item_info.gmd,\ui\item_info.arc,item_info.arc,15555
0,,,,ui\00_message\common\item_info.gmd,\ui\item_info.arc,item_info.arc,15556
0,,,,ui\00_message\common\item_info.gmd,\ui\item_info.arc,item_info.arc,15557
0,,,,ui\00_message\common\item_info.gmd,\ui\item_info.arc,item_info.arc,15558
0,,,,ui\00_message\common\item_info.gmd,\ui\item_info.arc,item_info.arc,15559
0,,,,ui\00_message\common\item_info.gmd,\ui\item_info.arc,item_info.arc,15560
0,,,,ui\00_message\common\item_info.gmd,\ui\item_info.arc,item_info.arc,15561
0,,,,ui\00_message\common\item_info.gmd,\ui\item_info.arc,item_info.arc,15562
0,,,,ui\00_message\common\item_info.gmd,\ui\item_info.arc,item_info.arc,15563
0,,,,ui\00_message\common\item_info.gmd,\ui\item_info.arc,item_info.arc,15564
0,,,,ui\00_message\common\item_info.gmd,\ui\item_info.arc,item_info.arc,15565
0,,,,ui\00_message\common\item_info.gmd,\ui\item_info.arc,item_info.arc,15566
0,,,,ui\00_message\common\item_info.gmd,\ui\item_info.arc,item_info.arc,15567
0,,,,ui\00_message\common\item_info.gmd,\ui\item_info.arc,item_info.arc,15568
0,,,,ui\00_message\common\item_info.gmd,\ui\item_info.arc,item_info.arc,15569
0,,,,ui\00_message\common\item_info.gmd,\ui\item_info.arc,item_info.arc,15570
0,,,,ui\00_message\common\item_info.gmd,\ui\item_info.arc,item_info.arc,15571
0,,,,ui\00_message\common\item_info.gmd,\ui\item_info.arc,item_info.arc,15572
0,,,,ui\00_message\common\item_info.gmd,\ui\item_info.arc,item_info.arc,15573
0,,,,ui\00_message\common\item_info.gmd,\ui\item_info.arc,item_info.arc,15574
0,,,,ui\00_message\common\item_info.gmd,\ui\item_info.arc,item_info.arc,15575
0,,,,ui\00_message\common\item_info.gmd,\ui\item_info.arc,item_info.arc,15576
0,,,,ui\00_message\common\item_info.gmd,\ui\item_info.arc,item_info.arc,15577
0,,,,ui\00_message\common\item_info.gmd,\ui\item_info.arc,item_info.arc,15578
0,,,,ui\00_message\common\item_info.gmd,\ui\item_info.arc,item_info.arc,15579
0,,,,ui\00_message\common\item_info.gmd,\ui\item_info.arc,item_info.arc,15580
0,,,,ui\00_message\common\item_info.gmd,\ui\item_info.arc,item_info.arc,15581
0,,,,ui\00_message\common\item_info.gmd,\ui\item_info.arc,item_info.arc,15582
0,,,,ui\00_message\common\item_info.gmd,\ui\item_info.arc,item_info.arc,15583
0,,,,ui\00_message\common\item_info.gmd,\ui\item_info.arc,item_info.arc,15584
0,,,,ui\00_message\common\item_info.gmd,\ui\item_info.arc,item_info.arc,15585
0,,,,ui\00_message\common\item_info.gmd,\ui\item_info.arc,item_info.arc,15586
0,,,,ui\00_message\common\item_info.gmd,\ui\item_info.arc,item_info.arc,15587
0,,,,ui\00_message\common\item_info.gmd,\ui\item_info.arc,item_info.arc,15588
0,,,,ui\00_message\common\item_info.gmd,\ui\item_info.arc,item_info.arc,15589
0,,,,ui\00_message\common\item_info.gmd,\ui\item_info.arc,item_info.arc,15590
0,,,,ui\00_message\common\item_info.gmd,\ui\item_info.arc,item_info.arc,15591
0,,,,ui\00_message\common\item_info.gmd,\ui\item_info.arc,item_info.arc,15592
0,,,,ui\00_message\common\item_info.gmd,\ui\item_info.arc,item_info.arc,15593
0,,,,ui\00_message\common\item_info.gmd,\ui\item_info.arc,item_info.arc,15594
0,,,,ui\00_message\common\item_info.gmd,\ui\item_info.arc,item_info.arc,15595
0,,,,ui\00_message\common\item_info.gmd,\ui\item_info.arc,item_info.arc,15596
0,,,,ui\00_message\common\item_info.gmd,\ui\item_info.arc,item_info.arc,15597
0,,,,ui\00_message\common\item_info.gmd,\ui\item_info.arc,item_info.arc,15598
0,,,,ui\00_message\common\item_info.gmd,\ui\item_info.arc,item_info.arc,15599
0,,,,ui\00_message\common\item_info.gmd,\ui\item_info.arc,item_info.arc,15600
0,,,,ui\00_message\common\item_info.gmd,\ui\item_info.arc,item_info.arc,15601
0,,,,ui\00_message\common\item_info.gmd,\ui\item_info.arc,item_info.arc,15602
0,,,,ui\00_message\common\item_info.gmd,\ui\item_info.arc,item_info.arc,15603
0,,,,ui\00_message\common\item_info.gmd,\ui\item_info.arc,item_info.arc,15604
0,,,,ui\00_message\common\item_info.gmd,\ui\item_info.arc,item_info.arc,15605
0,,,,ui\00_message\common\item_info.gmd,\ui\item_info.arc,item_info.arc,15606
0,,,,ui\00_message\common\item_info.gmd,\ui\item_info.arc,item_info.arc,15607
0,,,,ui\00_message\common\item_info.gmd,\ui\item_info.arc,item_info.arc,15608
0,,,,ui\00_message\common\item_info.gmd,\ui\item_info.arc,item_info.arc,15609
0,,,,ui\00_message\common\item_info.gmd,\ui\item_info.arc,item_info.arc,15610
0,,,,ui\00_message\common\item_info.gmd,\ui\item_info.arc,item_info.arc,15611
0,,,,ui\00_message\common\item_info.gmd,\ui\item_info.arc,item_info.arc,15612
0,,,,ui\00_message\common\item_info.gmd,\ui\item_info.arc,item_info.arc,15613
0,,,,ui\00_message\common\item_info.gmd,\ui\item_info.arc,item_info.arc,15614
0,,,,ui\00_message\common\item_info.gmd,\ui\item_info.arc,item_info.arc,15615
0,,,,ui\00_message\common\item_info.gmd,\ui\item_info.arc,item_info.arc,15616
0,,,,ui\00_message\common\item_info.gmd,\ui\item_info.arc,item_info.arc,15617
0,,,,ui\00_message\common\item_info.gmd,\ui\item_info.arc,item_info.arc,15618
0,,,,ui\00_message\common\item_info.gmd,\ui\item_info.arc,item_info.arc,15619
0,,,,ui\00_message\common\item_info.gmd,\ui\item_info.arc,item_info.arc,15620
0,,,,ui\00_message\common\item_info.gmd,\ui\item_info.arc,item_info.arc,15621
0,,,,ui\00_message\common\item_info.gmd,\ui\item_info.arc,item_info.arc,15622
0,,,,ui\00_message\common\item_info.gmd,\ui\item_info.arc,item_info.arc,15623
0,,,,ui\00_message\common\item_info.gmd,\ui\item_info.arc,item_info.arc,15624
0,,,,ui\00_message\common\item_info.gmd,\ui\item_info.arc,item_info.arc,15625
0,,,,ui\00_message\common\item_info.gmd,\ui\item_info.arc,item_info.arc,15626
0,,,,ui\00_message\common\item_info.gmd,\ui\item_info.arc,item_info.arc,15627
0,,,,ui\00_message\common\item_info.gmd,\ui\item_info.arc,item_info.arc,15628
0,,,,ui\00_message\common\item_info.gmd,\ui\item_info.arc,item_info.arc,15629
0,,,,ui\00_message\common\item_info.gmd,\ui\item_info.arc,item_info.arc,15630
0,,,,ui\00_message\common\item_info.gmd,\ui\item_info.arc,item_info.arc,15631
0,,,,ui\00_message\common\item_info.gmd,\ui\item_info.arc,item_info.arc,15632
0,,,,ui\00_message\common\item_info.gmd,\ui\item_info.arc,item_info.arc,15633
0,,,,ui\00_message\common\item_info.gmd,\ui\item_info.arc,item_info.arc,15634
0,,,,ui\00_message\common\item_info.gmd,\ui\item_info.arc,item_info.arc,15635
0,,,,ui\00_message\common\item_info.gmd,\ui\item_info.arc,item_info.arc,15636
0,,,,ui\00_message\common\item_info.gmd,\ui\item_info.arc,item_info.arc,15637
0,,,,ui\00_message\common\item_info.gmd,\ui\item_info.arc,item_info.arc,15638
0,,,,ui\00_message\common\item_info.gmd,\ui\item_info.arc,item_info.arc,15639
0,,,,ui\00_message\common\item_info.gmd,\ui\item_info.arc,item_info.arc,15640
0,,,,ui\00_message\common\item_info.gmd,\ui\item_info.arc,item_info.arc,15641
0,,,,ui\00_message\common\item_info.gmd,\ui\item_info.arc,item_info.arc,15642
0,,,,ui\00_message\common\item_info.gmd,\ui\item_info.arc,item_info.arc,15643
0,,,,ui\00_message\common\item_info.gmd,\ui\item_info.arc,item_info.arc,15644
0,,,,ui\00_message\common\item_info.gmd,\ui\item_info.arc,item_info.arc,15645
0,,,,ui\00_message\common\item_info.gmd,\ui\item_info.arc,item_info.arc,15646
0,,,,ui\00_message\common\item_info.gmd,\ui\item_info.arc,item_info.arc,15647
0,,,,ui\00_message\common\item_info.gmd,\ui\item_info.arc,item_info.arc,15648
0,,,,ui\00_message\common\item_info.gmd,\ui\item_info.arc,item_info.arc,15649
0,,,,ui\00_message\common\item_info.gmd,\ui\item_info.arc,item_info.arc,15650
0,,,,ui\00_message\common\item_info.gmd,\ui\item_info.arc,item_info.arc,15651
0,,,,ui\00_message\common\item_info.gmd,\ui\item_info.arc,item_info.arc,15652
0,,,,ui\00_message\common\item_info.gmd,\ui\item_info.arc,item_info.arc,15653
0,,,,ui\00_message\common\item_info.gmd,\ui\item_info.arc,item_info.arc,15654
0,,,,ui\00_message\common\item_info.gmd,\ui\item_info.arc,item_info.arc,15655
0,,,,ui\00_message\common\item_info.gmd,\ui\item_info.arc,item_info.arc,15656
0,,,,ui\00_message\common\item_info.gmd,\ui\item_info.arc,item_info.arc,15657
0,,,,ui\00_message\common\item_info.gmd,\ui\item_info.arc,item_info.arc,15658
0,,,,ui\00_message\common\item_info.gmd,\ui\item_info.arc,item_info.arc,15659
0,,,,ui\00_message\common\item_info.gmd,\ui\item_info.arc,item_info.arc,15660
0,,,,ui\00_message\common\item_info.gmd,\ui\item_info.arc,item_info.arc,15661
0,,,,ui\00_message\common\item_info.gmd,\ui\item_info.arc,item_info.arc,15662
0,,,,ui\00_message\common\item_info.gmd,\ui\item_info.arc,item_info.arc,15663
0,,,,ui\00_message\common\item_info.gmd,\ui\item_info.arc,item_info.arc,15664
0,,,,ui\00_message\common\item_info.gmd,\ui\item_info.arc,item_info.arc,15665
0,,,,ui\00_message\common\item_info.gmd,\ui\item_info.arc,item_info.arc,15666
0,,,,ui\00_message\common\item_info.gmd,\ui\item_info.arc,item_info.arc,15667
0,,,,ui\00_message\common\item_info.gmd,\ui\item_info.arc,item_info.arc,15668
0,,,,ui\00_message\common\item_info.gmd,\ui\item_info.arc,item_info.arc,15669
0,,,,ui\00_message\common\item_info.gmd,\ui\item_info.arc,item_info.arc,15670
0,,,,ui\00_message\common\item_info.gmd,\ui\item_info.arc,item_info.arc,15671
0,,,,ui\00_message\common\item_info.gmd,\ui\item_info.arc,item_info.arc,15672
0,,,,ui\00_message\common\item_info.gmd,\ui\item_info.arc,item_info.arc,15673
0,,,,ui\00_message\common\item_info.gmd,\ui\item_info.arc,item_info.arc,15674
0,,,,ui\00_message\common\item_info.gmd,\ui\item_info.arc,item_info.arc,15675
0,,,,ui\00_message\common\item_info.gmd,\ui\item_info.arc,item_info.arc,15676
0,,,,ui\00_message\common\item_info.gmd,\ui\item_info.arc,item_info.arc,15677
0,,,,ui\00_message\common\item_info.gmd,\ui\item_info.arc,item_info.arc,15678
0,,,,ui\00_message\common\item_info.gmd,\ui\item_info.arc,item_info.arc,15679
0,,,,ui\00_message\common\item_info.gmd,\ui\item_info.arc,item_info.arc,15680
0,,,,ui\00_message\common\item_info.gmd,\ui\item_info.arc,item_info.arc,15681
0,,,,ui\00_message\common\item_info.gmd,\ui\item_info.arc,item_info.arc,15682
0,,,,ui\00_message\common\item_info.gmd,\ui\item_info.arc,item_info.arc,15683
0,,,,ui\00_message\common\item_info.gmd,\ui\item_info.arc,item_info.arc,15684
0,,,,ui\00_message\common\item_info.gmd,\ui\item_info.arc,item_info.arc,15685
0,,,,ui\00_message\common\item_info.gmd,\ui\item_info.arc,item_info.arc,15686
0,,,,ui\00_message\common\item_info.gmd,\ui\item_info.arc,item_info.arc,15687
0,,,,ui\00_message\common\item_info.gmd,\ui\item_info.arc,item_info.arc,15688
0,,,,ui\00_message\common\item_info.gmd,\ui\item_info.arc,item_info.arc,15689
0,,,,ui\00_message\common\item_info.gmd,\ui\item_info.arc,item_info.arc,15690
0,,,,ui\00_message\common\item_info.gmd,\ui\item_info.arc,item_info.arc,15691
0,,,,ui\00_message\common\item_info.gmd,\ui\item_info.arc,item_info.arc,15692
0,,,,ui\00_message\common\item_info.gmd,\ui\item_info.arc,item_info.arc,15693
0,,,,ui\00_message\common\item_info.gmd,\ui\item_info.arc,item_info.arc,15694
0,,,,ui\00_message\common\item_info.gmd,\ui\item_info.arc,item_info.arc,15695
0,,,,ui\00_message\common\item_info.gmd,\ui\item_info.arc,item_info.arc,15696
0,,,,ui\00_message\common\item_info.gmd,\ui\item_info.arc,item_info.arc,15697
0,,,,ui\00_message\common\item_info.gmd,\ui\item_info.arc,item_info.arc,15698
0,,,,ui\00_message\common\item_info.gmd,\ui\item_info.arc,item_info.arc,15699
0,,,,ui\00_message\common\item_info.gmd,\ui\item_info.arc,item_info.arc,15700
0,,,,ui\00_message\common\item_info.gmd,\ui\item_info.arc,item_info.arc,15701
0,,,,ui\00_message\common\item_info.gmd,\ui\item_info.arc,item_info.arc,15702
0,,,,ui\00_message\common\item_info.gmd,\ui\item_info.arc,item_info.arc,15703
0,,,,ui\00_message\common\item_info.gmd,\ui\item_info.arc,item_info.arc,15704
0,,,,ui\00_message\common\item_info.gmd,\ui\item_info.arc,item_info.arc,15705
0,,,,ui\00_message\common\item_info.gmd,\ui\item_info.arc,item_info.arc,15706
0,,,,ui\00_message\common\item_info.gmd,\ui\item_info.arc,item_info.arc,15707
0,,,,ui\00_message\common\item_info.gmd,\ui\item_info.arc,item_info.arc,15708
0,,,,ui\00_message\common\item_info.gmd,\ui\item_info.arc,item_info.arc,15709
0,,,,ui\00_message\common\item_info.gmd,\ui\item_info.arc,item_info.arc,15710
0,,,,ui\00_message\common\item_info.gmd,\ui\item_info.arc,item_info.arc,15711
0,,,,ui\00_message\common\item_info.gmd,\ui\item_info.arc,item_info.arc,15712
0,,,,ui\00_message\common\item_info.gmd,\ui\item_info.arc,item_info.arc,15713
0,,,,ui\00_message\common\item_info.gmd,\ui\item_info.arc,item_info.arc,15714
0,,,,ui\00_message\common\item_info.gmd,\ui\item_info.arc,item_info.arc,15715
0,,,,ui\00_message\common\item_info.gmd,\ui\item_info.arc,item_info.arc,15716
0,,,,ui\00_message\common\item_info.gmd,\ui\item_info.arc,item_info.arc,15717
0,,,,ui\00_message\common\item_info.gmd,\ui\item_info.arc,item_info.arc,15718
0,,,,ui\00_message\common\item_info.gmd,\ui\item_info.arc,item_info.arc,15719
0,,,,ui\00_message\common\item_info.gmd,\ui\item_info.arc,item_info.arc,15720
0,,,,ui\00_message\common\item_info.gmd,\ui\item_info.arc,item_info.arc,15721
0,,,,ui\00_message\common\item_info.gmd,\ui\item_info.arc,item_info.arc,15722
0,,,,ui\00_message\common\item_info.gmd,\ui\item_info.arc,item_info.arc,15723
0,,,,ui\00_message\common\item_info.gmd,\ui\item_info.arc,item_info.arc,15724
0,,,,ui\00_message\common\item_info.gmd,\ui\item_info.arc,item_info.arc,15725
0,,,,ui\00_message\common\item_info.gmd,\ui\item_info.arc,item_info.arc,15726
0,,,,ui\00_message\common\item_info.gmd,\ui\item_info.arc,item_info.arc,15727
0,,,,ui\00_message\common\item_info.gmd,\ui\item_info.arc,item_info.arc,15728
0,,,,ui\00_message\common\item_info.gmd,\ui\item_info.arc,item_info.arc,15729
0,,,,ui\00_message\common\item_info.gmd,\ui\item_info.arc,item_info.arc,15730
0,,,,ui\00_message\common\item_info.gmd,\ui\item_info.arc,item_info.arc,15731
0,,,,ui\00_message\common\item_info.gmd,\ui\item_info.arc,item_info.arc,15732
0,,,,ui\00_message\common\item_info.gmd,\ui\item_info.arc,item_info.arc,15733
0,,,,ui\00_message\common\item_info.gmd,\ui\item_info.arc,item_info.arc,15734
0,,,,ui\00_message\common\item_info.gmd,\ui\item_info.arc,item_info.arc,15735
0,,,,ui\00_message\common\item_info.gmd,\ui\item_info.arc,item_info.arc,15736
0,,,,ui\00_message\common\item_info.gmd,\ui\item_info.arc,item_info.arc,15737
0,,,,ui\00_message\common\item_info.gmd,\ui\item_info.arc,item_info.arc,15738
0,,,,ui\00_message\common\item_info.gmd,\ui\item_info.arc,item_info.arc,15739
0,,,,ui\00_message\common\item_info.gmd,\ui\item_info.arc,item_info.arc,15740
0,,,,ui\00_message\common\item_info.gmd,\ui\item_info.arc,item_info.arc,15741
0,,,,ui\00_message\common\item_info.gmd,\ui\item_info.arc,item_info.arc,15742
0,,,,ui\00_message\common\item_info.gmd,\ui\item_info.arc,item_info.arc,15743
0,,,,ui\00_message\common\item_info.gmd,\ui\item_info.arc,item_info.arc,15744
0,,,,ui\00_message\common\item_info.gmd,\ui\item_info.arc,item_info.arc,15745
0,,,,ui\00_message\common\item_info.gmd,\ui\item_info.arc,item_info.arc,15746
0,,,,ui\00_message\common\item_info.gmd,\ui\item_info.arc,item_info.arc,15747
0,,,,ui\00_message\common\item_info.gmd,\ui\item_info.arc,item_info.arc,15748
0,,,,ui\00_message\common\item_info.gmd,\ui\item_info.arc,item_info.arc,15749
0,,,,ui\00_message\common\item_info.gmd,\ui\item_info.arc,item_info.arc,15750
0,,,,ui\00_message\common\item_info.gmd,\ui\item_info.arc,item_info.arc,15751
0,,,,ui\00_message\common\item_info.gmd,\ui\item_info.arc,item_info.arc,15752
0,,,,ui\00_message\common\item_info.gmd,\ui\item_info.arc,item_info.arc,15753
0,,,,ui\00_message\common\item_info.gmd,\ui\item_info.arc,item_info.arc,15754
0,,,,ui\00_message\common\item_info.gmd,\ui\item_info.arc,item_info.arc,15755
0,,,,ui\00_message\common\item_info.gmd,\ui\item_info.arc,item_info.arc,15756
0,,,,ui\00_message\common\item_info.gmd,\ui\item_info.arc,item_info.arc,15757
0,,,,ui\00_message\common\item_info.gmd,\ui\item_info.arc,item_info.arc,15758
0,,,,ui\00_message\common\item_info.gmd,\ui\item_info.arc,item_info.arc,15759
0,,,,ui\00_message\common\item_info.gmd,\ui\item_info.arc,item_info.arc,15760
0,,,,ui\00_message\common\item_info.gmd,\ui\item_info.arc,item_info.arc,15761
0,,,,ui\00_message\common\item_info.gmd,\ui\item_info.arc,item_info.arc,15762
0,,,,ui\00_message\common\item_info.gmd,\ui\item_info.arc,item_info.arc,15763
0,,,,ui\00_message\common\item_info.gmd,\ui\item_info.arc,item_info.arc,15764
0,,,,ui\00_message\common\item_info.gmd,\ui\item_info.arc,item_info.arc,15765
0,,,,ui\00_message\common\item_info.gmd,\ui\item_info.arc,item_info.arc,15766
0,,,,ui\00_message\common\item_info.gmd,\ui\item_info.arc,item_info.arc,15767
0,,,,ui\00_message\common\item_info.gmd,\ui\item_info.arc,item_info.arc,15768
0,,,,ui\00_message\common\item_info.gmd,\ui\item_info.arc,item_info.arc,15769
0,,,,ui\00_message\common\item_info.gmd,\ui\item_info.arc,item_info.arc,15770
0,,,,ui\00_message\common\item_info.gmd,\ui\item_info.arc,item_info.arc,15771
0,,,,ui\00_message\common\item_info.gmd,\ui\item_info.arc,item_info.arc,15772
0,,,,ui\00_message\common\item_info.gmd,\ui\item_info.arc,item_info.arc,15773
0,,,,ui\00_message\common\item_info.gmd,\ui\item_info.arc,item_info.arc,15774
0,,,,ui\00_message\common\item_info.gmd,\ui\item_info.arc,item_info.arc,15775
0,,,,ui\00_message\common\item_info.gmd,\ui\item_info.arc,item_info.arc,15776
0,,,,ui\00_message\common\item_info.gmd,\ui\item_info.arc,item_info.arc,15777
0,,,,ui\00_message\common\item_info.gmd,\ui\item_info.arc,item_info.arc,15778
0,,,,ui\00_message\common\item_info.gmd,\ui\item_info.arc,item_info.arc,15779
0,,,,ui\00_message\common\item_info.gmd,\ui\item_info.arc,item_info.arc,15780
0,,,,ui\00_message\common\item_info.gmd,\ui\item_info.arc,item_info.arc,15781
0,,,,ui\00_message\common\item_info.gmd,\ui\item_info.arc,item_info.arc,15782
0,,,,ui\00_message\common\item_info.gmd,\ui\item_info.arc,item_info.arc,15783
0,,,,ui\00_message\common\item_info.gmd,\ui\item_info.arc,item_info.arc,15784
0,,,,ui\00_message\common\item_info.gmd,\ui\item_info.arc,item_info.arc,15785
0,,,,ui\00_message\common\item_info.gmd,\ui\item_info.arc,item_info.arc,15786
0,,,,ui\00_message\common\item_info.gmd,\ui\item_info.arc,item_info.arc,15787
0,,,,ui\00_message\common\item_info.gmd,\ui\item_info.arc,item_info.arc,15788
0,,,,ui\00_message\common\item_info.gmd,\ui\item_info.arc,item_info.arc,15789
0,,,,ui\00_message\common\item_info.gmd,\ui\item_info.arc,item_info.arc,15790
0,,,,ui\00_message\common\item_info.gmd,\ui\item_info.arc,item_info.arc,15791
0,,,,ui\00_message\common\item_info.gmd,\ui\item_info.arc,item_info.arc,15792
0,,,,ui\00_message\common\item_info.gmd,\ui\item_info.arc,item_info.arc,15793
0,,,,ui\00_message\common\item_info.gmd,\ui\item_info.arc,item_info.arc,15794
0,,,,ui\00_message\common\item_info.gmd,\ui\item_info.arc,item_info.arc,15795
0,,,,ui\00_message\common\item_info.gmd,\ui\item_info.arc,item_info.arc,15796
0,,,,ui\00_message\common\item_info.gmd,\ui\item_info.arc,item_info.arc,15797
0,,,,ui\00_message\common\item_info.gmd,\ui\item_info.arc,item_info.arc,15798
0,,,,ui\00_message\common\item_info.gmd,\ui\item_info.arc,item_info.arc,15799
0,,,,ui\00_message\common\item_info.gmd,\ui\item_info.arc,item_info.arc,15800
0,,,,ui\00_message\common\item_info.gmd,\ui\item_info.arc,item_info.arc,15801
0,,,,ui\00_message\common\item_info.gmd,\ui\item_info.arc,item_info.arc,15802
0,,,,ui\00_message\common\item_info.gmd,\ui\item_info.arc,item_info.arc,15803
0,,,,ui\00_message\common\item_info.gmd,\ui\item_info.arc,item_info.arc,15804
0,,,,ui\00_message\common\item_info.gmd,\ui\item_info.arc,item_info.arc,15805
0,,,,ui\00_message\common\item_info.gmd,\ui\item_info.arc,item_info.arc,15806
0,,,,ui\00_message\common\item_info.gmd,\ui\item_info.arc,item_info.arc,15807
0,,,,ui\00_message\common\item_info.gmd,\ui\item_info.arc,item_info.arc,15808
0,,,,ui\00_message\common\item_info.gmd,\ui\item_info.arc,item_info.arc,15809
0,,,,ui\00_message\common\item_info.gmd,\ui\item_info.arc,item_info.arc,15810
0,,,,ui\00_message\common\item_info.gmd,\ui\item_info.arc,item_info.arc,15811
0,,,,ui\00_message\common\item_info.gmd,\ui\item_info.arc,item_info.arc,15812
0,,,,ui\00_message\common\item_info.gmd,\ui\item_info.arc,item_info.arc,15813
0,,,,ui\00_message\common\item_info.gmd,\ui\item_info.arc,item_info.arc,15814
0,,,,ui\00_message\common\item_info.gmd,\ui\item_info.arc,item_info.arc,15815
0,,,,ui\00_message\common\item_info.gmd,\ui\item_info.arc,item_info.arc,15816
0,,,,ui\00_message\common\item_info.gmd,\ui\item_info.arc,item_info.arc,15817
0,,,,ui\00_message\common\item_info.gmd,\ui\item_info.arc,item_info.arc,15818
0,,,,ui\00_message\common\item_info.gmd,\ui\item_info.arc,item_info.arc,15819
0,,,,ui\00_message\common\item_info.gmd,\ui\item_info.arc,item_info.arc,15820
0,,,,ui\00_message\common\item_info.gmd,\ui\item_info.arc,item_info.arc,15821
0,,,,ui\00_message\common\item_info.gmd,\ui\item_info.arc,item_info.arc,15822
0,,,,ui\00_message\common\item_info.gmd,\ui\item_info.arc,item_info.arc,15823
0,,,,ui\00_message\common\item_info.gmd,\ui\item_info.arc,item_info.arc,15824
0,,,,ui\00_message\common\item_info.gmd,\ui\item_info.arc,item_info.arc,15825
0,,,,ui\00_message\common\item_info.gmd,\ui\item_info.arc,item_info.arc,15826
0,,,,ui\00_message\common\item_info.gmd,\ui\item_info.arc,item_info.arc,15827
0,,,,ui\00_message\common\item_info.gmd,\ui\item_info.arc,item_info.arc,15828
0,,,,ui\00_message\common\item_info.gmd,\ui\item_info.arc,item_info.arc,15829
0,,,,ui\00_message\common\item_info.gmd,\ui\item_info.arc,item_info.arc,15830
0,,,,ui\00_message\common\item_info.gmd,\ui\item_info.arc,item_info.arc,15831
0,,,,ui\00_message\common\item_info.gmd,\ui\item_info.arc,item_info.arc,15832
0,,,,ui\00_message\common\item_info.gmd,\ui\item_info.arc,item_info.arc,15833
0,,,,ui\00_message\common\item_info.gmd,\ui\item_info.arc,item_info.arc,15834
0,,,,ui\00_message\common\item_info.gmd,\ui\item_info.arc,item_info.arc,15835
0,,,,ui\00_message\common\item_info.gmd,\ui\item_info.arc,item_info.arc,15836
0,,,,ui\00_message\common\item_info.gmd,\ui\item_info.arc,item_info.arc,15837
0,,,,ui\00_message\common\item_info.gmd,\ui\item_info.arc,item_info.arc,15838
0,,,,ui\00_message\common\item_info.gmd,\ui\item_info.arc,item_info.arc,15839
0,,,,ui\00_message\common\item_info.gmd,\ui\item_info.arc,item_info.arc,15840
0,,,,ui\00_message\common\item_info.gmd,\ui\item_info.arc,item_info.arc,15841
0,,,,ui\00_message\common\item_info.gmd,\ui\item_info.arc,item_info.arc,15842
0,,,,ui\00_message\common\item_info.gmd,\ui\item_info.arc,item_info.arc,15843
0,,,,ui\00_message\common\item_info.gmd,\ui\item_info.arc,item_info.arc,15844
0,,,,ui\00_message\common\item_info.gmd,\ui\item_info.arc,item_info.arc,15845
0,,,,ui\00_message\common\item_info.gmd,\ui\item_info.arc,item_info.arc,15846
0,,,,ui\00_message\common\item_info.gmd,\ui\item_info.arc,item_info.arc,15847
0,,,,ui\00_message\common\item_info.gmd,\ui\item_info.arc,item_info.arc,15848
0,,,,ui\00_message\common\item_info.gmd,\ui\item_info.arc,item_info.arc,15849
0,,,,ui\00_message\common\item_info.gmd,\ui\item_info.arc,item_info.arc,15850
0,,,,ui\00_message\common\item_info.gmd,\ui\item_info.arc,item_info.arc,15851
0,,,,ui\00_message\common\item_info.gmd,\ui\item_info.arc,item_info.arc,15852
0,,,,ui\00_message\common\item_info.gmd,\ui\item_info.arc,item_info.arc,15853
0,,,,ui\00_message\common\item_info.gmd,\ui\item_info.arc,item_info.arc,15854
0,,,,ui\00_message\common\item_info.gmd,\ui\item_info.arc,item_info.arc,15855
0,,,,ui\00_message\common\item_info.gmd,\ui\item_info.arc,item_info.arc,15856
0,,,,ui\00_message\common\item_info.gmd,\ui\item_info.arc,item_info.arc,15857
0,,,,ui\00_message\common\item_info.gmd,\ui\item_info.arc,item_info.arc,15858
0,,,,ui\00_message\common\item_info.gmd,\ui\item_info.arc,item_info.arc,15859
0,,,,ui\00_message\common\item_info.gmd,\ui\item_info.arc,item_info.arc,15860
0,,,,ui\00_message\common\item_info.gmd,\ui\item_info.arc,item_info.arc,15861
0,,,,ui\00_message\common\item_info.gmd,\ui\item_info.arc,item_info.arc,15862
0,,,,ui\00_message\common\item_info.gmd,\ui\item_info.arc,item_info.arc,15863
0,,,,ui\00_message\common\item_info.gmd,\ui\item_info.arc,item_info.arc,15864
0,,,,ui\00_message\common\item_info.gmd,\ui\item_info.arc,item_info.arc,15865
0,,,,ui\00_message\common\item_info.gmd,\ui\item_info.arc,item_info.arc,15866
0,,,,ui\00_message\common\item_info.gmd,\ui\item_info.arc,item_info.arc,15867
0,,,,ui\00_message\common\item_info.gmd,\ui\item_info.arc,item_info.arc,15868
0,,,,ui\00_message\common\item_info.gmd,\ui\item_info.arc,item_info.arc,15869
0,,,,ui\00_message\common\item_info.gmd,\ui\item_info.arc,item_info.arc,15870
0,,,,ui\00_message\common\item_info.gmd,\ui\item_info.arc,item_info.arc,15871
0,,,,ui\00_message\common\item_info.gmd,\ui\item_info.arc,item_info.arc,15872
0,,,,ui\00_message\common\item_info.gmd,\ui\item_info.arc,item_info.arc,15873
0,,,,ui\00_message\common\item_info.gmd,\ui\item_info.arc,item_info.arc,15874
0,,,,ui\00_message\common\item_info.gmd,\ui\item_info.arc,item_info.arc,15875
0,,,,ui\00_message\common\item_info.gmd,\ui\item_info.arc,item_info.arc,15876
0,,,,ui\00_message\common\item_info.gmd,\ui\item_info.arc,item_info.arc,15877
0,,,,ui\00_message\common\item_info.gmd,\ui\item_info.arc,item_info.arc,15878
0,,,,ui\00_message\common\item_info.gmd,\ui\item_info.arc,item_info.arc,15879
0,,,,ui\00_message\common\item_info.gmd,\ui\item_info.arc,item_info.arc,15880
0,,,,ui\00_message\common\item_info.gmd,\ui\item_info.arc,item_info.arc,15881
0,,,,ui\00_message\common\item_info.gmd,\ui\item_info.arc,item_info.arc,15882
0,,,,ui\00_message\common\item_info.gmd,\ui\item_info.arc,item_info.arc,15883
0,,,,ui\00_message\common\item_info.gmd,\ui\item_info.arc,item_info.arc,15884
0,,,,ui\00_message\common\item_info.gmd,\ui\item_info.arc,item_info.arc,15885
0,,,,ui\00_message\common\item_info.gmd,\ui\item_info.arc,item_info.arc,15886
0,,,,ui\00_message\common\item_info.gmd,\ui\item_info.arc,item_info.arc,15887
0,,,,ui\00_message\common\item_info.gmd,\ui\item_info.arc,item_info.arc,15888
0,,,,ui\00_message\common\item_info.gmd,\ui\item_info.arc,item_info.arc,15889
0,,,,ui\00_message\common\item_info.gmd,\ui\item_info.arc,item_info.arc,15890
0,,,,ui\00_message\common\item_info.gmd,\ui\item_info.arc,item_info.arc,15891
0,,,,ui\00_message\common\item_info.gmd,\ui\item_info.arc,item_info.arc,15892
0,,,,ui\00_message\common\item_info.gmd,\ui\item_info.arc,item_info.arc,15893
0,,,,ui\00_message\common\item_info.gmd,\ui\item_info.arc,item_info.arc,15894
0,,,,ui\00_message\common\item_info.gmd,\ui\item_info.arc,item_info.arc,15895
0,,,,ui\00_message\common\item_info.gmd,\ui\item_info.arc,item_info.arc,15896
0,,,,ui\00_message\common\item_info.gmd,\ui\item_info.arc,item_info.arc,15897
0,,,,ui\00_message\common\item_info.gmd,\ui\item_info.arc,item_info.arc,15898
0,,,,ui\00_message\common\item_info.gmd,\ui\item_info.arc,item_info.arc,15899
0,,,,ui\00_message\common\item_info.gmd,\ui\item_info.arc,item_info.arc,15900
0,,,,ui\00_message\common\item_info.gmd,\ui\item_info.arc,item_info.arc,15901
0,,,,ui\00_message\common\item_info.gmd,\ui\item_info.arc,item_info.arc,15902
0,,,,ui\00_message\common\item_info.gmd,\ui\item_info.arc,item_info.arc,15903
0,,,,ui\00_message\common\item_info.gmd,\ui\item_info.arc,item_info.arc,15904
0,,,,ui\00_message\common\item_info.gmd,\ui\item_info.arc,item_info.arc,15905
0,,,,ui\00_message\common\item_info.gmd,\ui\item_info.arc,item_info.arc,15906
0,,,,ui\00_message\common\item_info.gmd,\ui\item_info.arc,item_info.arc,15907
0,,,,ui\00_message\common\item_info.gmd,\ui\item_info.arc,item_info.arc,15908
0,,,,ui\00_message\common\item_info.gmd,\ui\item_info.arc,item_info.arc,15909
0,,,,ui\00_message\common\item_info.gmd,\ui\item_info.arc,item_info.arc,15910
0,,,,ui\00_message\common\item_info.gmd,\ui\item_info.arc,item_info.arc,15911
0,,,,ui\00_message\common\item_info.gmd,\ui\item_info.arc,item_info.arc,15912
0,,,,ui\00_message\common\item_info.gmd,\ui\item_info.arc,item_info.arc,15913
0,,,,ui\00_message\common\item_info.gmd,\ui\item_info.arc,item_info.arc,15914
0,,,,ui\00_message\common\item_info.gmd,\ui\item_info.arc,item_info.arc,15915
0,,,,ui\00_message\common\item_info.gmd,\ui\item_info.arc,item_info.arc,15916
0,,,,ui\00_message\common\item_info.gmd,\ui\item_info.arc,item_info.arc,15917
0,,,,ui\00_message\common\item_info.gmd,\ui\item_info.arc,item_info.arc,15918
0,,,,ui\00_message\common\item_info.gmd,\ui\item_info.arc,item_info.arc,15919
0,,,,ui\00_message\common\item_info.gmd,\ui\item_info.arc,item_info.arc,15920
0,,,,ui\00_message\common\item_info.gmd,\ui\item_info.arc,item_info.arc,15921
0,,,,ui\00_message\common\item_info.gmd,\ui\item_info.arc,item_info.arc,15922
0,,,,ui\00_message\common\item_info.gmd,\ui\item_info.arc,item_info.arc,15923
0,,,,ui\00_message\common\item_info.gmd,\ui\item_info.arc,item_info.arc,15924
0,,,,ui\00_message\common\item_info.gmd,\ui\item_info.arc,item_info.arc,15925
0,,,,ui\00_message\common\item_info.gmd,\ui\item_info.arc,item_info.arc,15926
0,,,,ui\00_message\common\item_info.gmd,\ui\item_info.arc,item_info.arc,15927
0,,,,ui\00_message\common\item_info.gmd,\ui\item_info.arc,item_info.arc,15928
0,,,,ui\00_message\common\item_info.gmd,\ui\item_info.arc,item_info.arc,15929
0,,,,ui\00_message\common\item_info.gmd,\ui\item_info.arc,item_info.arc,15930
0,,,,ui\00_message\common\item_info.gmd,\ui\item_info.arc,item_info.arc,15931
0,,,,ui\00_message\common\item_info.gmd,\ui\item_info.arc,item_info.arc,15932
0,,,,ui\00_message\common\item_info.gmd,\ui\item_info.arc,item_info.arc,15933
0,,,,ui\00_message\common\item_info.gmd,\ui\item_info.arc,item_info.arc,15934
0,,,,ui\00_message\common\item_info.gmd,\ui\item_info.arc,item_info.arc,15935
0,,,,ui\00_message\common\item_info.gmd,\ui\item_info.arc,item_info.arc,15936
0,,,,ui\00_message\common\item_info.gmd,\ui\item_info.arc,item_info.arc,15937
0,,,,ui\00_message\common\item_info.gmd,\ui\item_info.arc,item_info.arc,15938
0,,,,ui\00_message\common\item_info.gmd,\ui\item_info.arc,item_info.arc,15939
0,,,,ui\00_message\common\item_info.gmd,\ui\item_info.arc,item_info.arc,15940
0,,,,ui\00_message\common\item_info.gmd,\ui\item_info.arc,item_info.arc,15941
0,,,,ui\00_message\common\item_info.gmd,\ui\item_info.arc,item_info.arc,15942
0,,,,ui\00_message\common\item_info.gmd,\ui\item_info.arc,item_info.arc,15943
0,,,,ui\00_message\common\item_info.gmd,\ui\item_info.arc,item_info.arc,15944
0,,,,ui\00_message\common\item_info.gmd,\ui\item_info.arc,item_info.arc,15945
0,,,,ui\00_message\common\item_info.gmd,\ui\item_info.arc,item_info.arc,15946
0,,,,ui\00_message\common\item_info.gmd,\ui\item_info.arc,item_info.arc,15947
0,,,,ui\00_message\common\item_info.gmd,\ui\item_info.arc,item_info.arc,15948
0,,,,ui\00_message\common\item_info.gmd,\ui\item_info.arc,item_info.arc,15949
0,,,,ui\00_message\common\item_info.gmd,\ui\item_info.arc,item_info.arc,15950
0,,,,ui\00_message\common\item_info.gmd,\ui\item_info.arc,item_info.arc,15951
0,,,,ui\00_message\common\item_info.gmd,\ui\item_info.arc,item_info.arc,15952
0,,,,ui\00_message\common\item_info.gmd,\ui\item_info.arc,item_info.arc,15953
0,,,,ui\00_message\common\item_info.gmd,\ui\item_info.arc,item_info.arc,15954
0,,,,ui\00_message\common\item_info.gmd,\ui\item_info.arc,item_info.arc,15955
0,,,,ui\00_message\common\item_info.gmd,\ui\item_info.arc,item_info.arc,15956
0,,,,ui\00_message\common\item_info.gmd,\ui\item_info.arc,item_info.arc,15957
0,,,,ui\00_message\common\item_info.gmd,\ui\item_info.arc,item_info.arc,15958
0,,,,ui\00_message\common\item_info.gmd,\ui\item_info.arc,item_info.arc,15959
0,,,,ui\00_message\common\item_info.gmd,\ui\item_info.arc,item_info.arc,15960
0,,,,ui\00_message\common\item_info.gmd,\ui\item_info.arc,item_info.arc,15961
0,,,,ui\00_message\common\item_info.gmd,\ui\item_info.arc,item_info.arc,15962
0,,,,ui\00_message\common\item_info.gmd,\ui\item_info.arc,item_info.arc,15963
0,,,,ui\00_message\common\item_info.gmd,\ui\item_info.arc,item_info.arc,15964
0,,,,ui\00_message\common\item_info.gmd,\ui\item_info.arc,item_info.arc,15965
0,,,,ui\00_message\common\item_info.gmd,\ui\item_info.arc,item_info.arc,15966
0,,,,ui\00_message\common\item_info.gmd,\ui\item_info.arc,item_info.arc,15967
0,,,,ui\00_message\common\item_info.gmd,\ui\item_info.arc,item_info.arc,15968
0,,,,ui\00_message\common\item_info.gmd,\ui\item_info.arc,item_info.arc,15969
0,,,,ui\00_message\common\item_info.gmd,\ui\item_info.arc,item_info.arc,15970
0,,,,ui\00_message\common\item_info.gmd,\ui\item_info.arc,item_info.arc,15971
0,,,,ui\00_message\common\item_info.gmd,\ui\item_info.arc,item_info.arc,15972
0,,,,ui\00_message\common\item_info.gmd,\ui\item_info.arc,item_info.arc,15973
0,,,,ui\00_message\common\item_info.gmd,\ui\item_info.arc,item_info.arc,15974
0,,,,ui\00_message\common\item_info.gmd,\ui\item_info.arc,item_info.arc,15975
0,,,,ui\00_message\common\item_info.gmd,\ui\item_info.arc,item_info.arc,15976
0,,,,ui\00_message\common\item_info.gmd,\ui\item_info.arc,item_info.arc,15977
0,,,,ui\00_message\common\item_info.gmd,\ui\item_info.arc,item_info.arc,15978
0,,,,ui\00_message\common\item_info.gmd,\ui\item_info.arc,item_info.arc,15979
0,,,,ui\00_message\common\item_info.gmd,\ui\item_info.arc,item_info.arc,15980
0,,,,ui\00_message\common\item_info.gmd,\ui\item_info.arc,item_info.arc,15981
0,,,,ui\00_message\common\item_info.gmd,\ui\item_info.arc,item_info.arc,15982
0,,,,ui\00_message\common\item_info.gmd,\ui\item_info.arc,item_info.arc,15983
0,,,,ui\00_message\common\item_info.gmd,\ui\item_info.arc,item_info.arc,15984
0,,,,ui\00_message\common\item_info.gmd,\ui\item_info.arc,item_info.arc,15985
0,,,,ui\00_message\common\item_info.gmd,\ui\item_info.arc,item_info.arc,15986
0,,,,ui\00_message\common\item_info.gmd,\ui\item_info.arc,item_info.arc,15987
0,,,,ui\00_message\common\item_info.gmd,\ui\item_info.arc,item_info.arc,15988
0,,,,ui\00_message\common\item_info.gmd,\ui\item_info.arc,item_info.arc,15989
0,,,,ui\00_message\common\item_info.gmd,\ui\item_info.arc,item_info.arc,15990
0,,,,ui\00_message\common\item_info.gmd,\ui\item_info.arc,item_info.arc,15991
0,,,,ui\00_message\common\item_info.gmd,\ui\item_info.arc,item_info.arc,15992
0,,,,ui\00_message\common\item_info.gmd,\ui\item_info.arc,item_info.arc,15993
0,,,,ui\00_message\common\item_info.gmd,\ui\item_info.arc,item_info.arc,15994
0,,,,ui\00_message\common\item_info.gmd,\ui\item_info.arc,item_info.arc,15995
0,,,,ui\00_message\common\item_info.gmd,\ui\item_info.arc,item_info.arc,15996
0,,,,ui\00_message\common\item_info.gmd,\ui\item_info.arc,item_info.arc,15997
0,,,,ui\00_message\common\item_info.gmd,\ui\item_info.arc,item_info.arc,15998
0,,,,ui\00_message\common\item_info.gmd,\ui\item_info.arc,item_info.arc,15999
0,,,,ui\00_message\common\item_info.gmd,\ui\item_info.arc,item_info.arc,16000
0,,,,ui\00_message\common\item_info.gmd,\ui\item_info.arc,item_info.arc,16001
0,,,,ui\00_message\common\item_info.gmd,\ui\item_info.arc,item_info.arc,16002
0,,,,ui\00_message\common\item_info.gmd,\ui\item_info.arc,item_info.arc,16003
0,,,,ui\00_message\common\item_info.gmd,\ui\item_info.arc,item_info.arc,16004
0,,,,ui\00_message\common\item_info.gmd,\ui\item_info.arc,item_info.arc,16005
0,,,,ui\00_message\common\item_info.gmd,\ui\item_info.arc,item_info.arc,16006
0,,,,ui\00_message\common\item_info.gmd,\ui\item_info.arc,item_info.arc,16007
0,,,,ui\00_message\common\item_info.gmd,\ui\item_info.arc,item_info.arc,16008
0,,,,ui\00_message\common\item_info.gmd,\ui\item_info.arc,item_info.arc,16009
0,,,,ui\00_message\common\item_info.gmd,\ui\item_info.arc,item_info.arc,16010
0,,,,ui\00_message\common\item_info.gmd,\ui\item_info.arc,item_info.arc,16011
0,,,,ui\00_message\common\item_info.gmd,\ui\item_info.arc,item_info.arc,16012
0,,,,ui\00_message\common\item_info.gmd,\ui\item_info.arc,item_info.arc,16013
0,,,,ui\00_message\common\item_info.gmd,\ui\item_info.arc,item_info.arc,16014
0,,,,ui\00_message\common\item_info.gmd,\ui\item_info.arc,item_info.arc,16015
0,,,,ui\00_message\common\item_info.gmd,\ui\item_info.arc,item_info.arc,16016
0,,,,ui\00_message\common\item_info.gmd,\ui\item_info.arc,item_info.arc,16017
0,,,,ui\00_message\common\item_info.gmd,\ui\item_info.arc,item_info.arc,16018
0,,,,ui\00_message\common\item_info.gmd,\ui\item_info.arc,item_info.arc,16019
0,,,,ui\00_message\common\item_info.gmd,\ui\item_info.arc,item_info.arc,16020
0,,,,ui\00_message\common\item_info.gmd,\ui\item_info.arc,item_info.arc,16021
0,,,,ui\00_message\common\item_info.gmd,\ui\item_info.arc,item_info.arc,16022
0,,,,ui\00_message\common\item_info.gmd,\ui\item_info.arc,item_info.arc,16023
0,,,,ui\00_message\common\item_info.gmd,\ui\item_info.arc,item_info.arc,16024
0,,,,ui\00_message\common\item_info.gmd,\ui\item_info.arc,item_info.arc,16025
0,,,,ui\00_message\common\item_info.gmd,\ui\item_info.arc,item_info.arc,16026
0,,,,ui\00_message\common\item_info.gmd,\ui\item_info.arc,item_info.arc,16027
0,,,,ui\00_message\common\item_info.gmd,\ui\item_info.arc,item_info.arc,16028
0,,,,ui\00_message\common\item_info.gmd,\ui\item_info.arc,item_info.arc,16029
0,,,,ui\00_message\common\item_info.gmd,\ui\item_info.arc,item_info.arc,16030
0,,,,ui\00_message\common\item_info.gmd,\ui\item_info.arc,item_info.arc,16031
0,,,,ui\00_message\common\item_info.gmd,\ui\item_info.arc,item_info.arc,16032
0,,,,ui\00_message\common\item_info.gmd,\ui\item_info.arc,item_info.arc,16033
0,,,,ui\00_message\common\item_info.gmd,\ui\item_info.arc,item_info.arc,16034
0,,,,ui\00_message\common\item_info.gmd,\ui\item_info.arc,item_info.arc,16035
0,,,,ui\00_message\common\item_info.gmd,\ui\item_info.arc,item_info.arc,16036
0,,,,ui\00_message\common\item_info.gmd,\ui\item_info.arc,item_info.arc,16037
0,,,,ui\00_message\common\item_info.gmd,\ui\item_info.arc,item_info.arc,16038
0,,,,ui\00_message\common\item_info.gmd,\ui\item_info.arc,item_info.arc,16039
0,,,,ui\00_message\common\item_info.gmd,\ui\item_info.arc,item_info.arc,16040
0,,,,ui\00_message\common\item_info.gmd,\ui\item_info.arc,item_info.arc,16041
0,,,,ui\00_message\common\item_info.gmd,\ui\item_info.arc,item_info.arc,16042
0,,,,ui\00_message\common\item_info.gmd,\ui\item_info.arc,item_info.arc,16043
0,,,,ui\00_message\common\item_info.gmd,\ui\item_info.arc,item_info.arc,16044
0,,,,ui\00_message\common\item_info.gmd,\ui\item_info.arc,item_info.arc,16045
0,,,,ui\00_message\common\item_info.gmd,\ui\item_info.arc,item_info.arc,16046
0,,,,ui\00_message\common\item_info.gmd,\ui\item_info.arc,item_info.arc,16047
0,,,,ui\00_message\common\item_info.gmd,\ui\item_info.arc,item_info.arc,16048
0,,,,ui\00_message\common\item_info.gmd,\ui\item_info.arc,item_info.arc,16049
0,,,,ui\00_message\common\item_info.gmd,\ui\item_info.arc,item_info.arc,16050
0,,,,ui\00_message\common\item_info.gmd,\ui\item_info.arc,item_info.arc,16051
0,,,,ui\00_message\common\item_info.gmd,\ui\item_info.arc,item_info.arc,16052
0,,,,ui\00_message\common\item_info.gmd,\ui\item_info.arc,item_info.arc,16053
0,,,,ui\00_message\common\item_info.gmd,\ui\item_info.arc,item_info.arc,16054
0,,,,ui\00_message\common\item_info.gmd,\ui\item_info.arc,item_info.arc,16055
0,,,,ui\00_message\common\item_info.gmd,\ui\item_info.arc,item_info.arc,16056
0,,,,ui\00_message\common\item_info.gmd,\ui\item_info.arc,item_info.arc,16057
0,,,,ui\00_message\common\item_info.gmd,\ui\item_info.arc,item_info.arc,16058
0,,,,ui\00_message\common\item_info.gmd,\ui\item_info.arc,item_info.arc,16059
0,,,,ui\00_message\common\item_info.gmd,\ui\item_info.arc,item_info.arc,16060
0,,,,ui\00_message\common\item_info.gmd,\ui\item_info.arc,item_info.arc,16061
0,,,,ui\00_message\common\item_info.gmd,\ui\item_info.arc,item_info.arc,16062
0,,,,ui\00_message\common\item_info.gmd,\ui\item_info.arc,item_info.arc,16063
0,,,,ui\00_message\common\item_info.gmd,\ui\item_info.arc,item_info.arc,16064
0,,,,ui\00_message\common\item_info.gmd,\ui\item_info.arc,item_info.arc,16065
0,,,,ui\00_message\common\item_info.gmd,\ui\item_info.arc,item_info.arc,16066
0,,,,ui\00_message\common\item_info.gmd,\ui\item_info.arc,item_info.arc,16067
0,,,,ui\00_message\common\item_info.gmd,\ui\item_info.arc,item_info.arc,16068
0,,,,ui\00_message\common\item_info.gmd,\ui\item_info.arc,item_info.arc,16069
0,,,,ui\00_message\common\item_info.gmd,\ui\item_info.arc,item_info.arc,16070
0,,,,ui\00_message\common\item_info.gmd,\ui\item_info.arc,item_info.arc,16071
0,,,,ui\00_message\common\item_info.gmd,\ui\item_info.arc,item_info.arc,16072
0,,,,ui\00_message\common\item_info.gmd,\ui\item_info.arc,item_info.arc,16073
0,,,,ui\00_message\common\item_info.gmd,\ui\item_info.arc,item_info.arc,16074
0,,,,ui\00_message\common\item_info.gmd,\ui\item_info.arc,item_info.arc,16075
0,,,,ui\00_message\common\item_info.gmd,\ui\item_info.arc,item_info.arc,16076
0,,,,ui\00_message\common\item_info.gmd,\ui\item_info.arc,item_info.arc,16077
0,,,,ui\00_message\common\item_info.gmd,\ui\item_info.arc,item_info.arc,16078
0,,,,ui\00_message\common\item_info.gmd,\ui\item_info.arc,item_info.arc,16079
0,,,,ui\00_message\common\item_info.gmd,\ui\item_info.arc,item_info.arc,16080
0,,,,ui\00_message\common\item_info.gmd,\ui\item_info.arc,item_info.arc,16081
0,,,,ui\00_message\common\item_info.gmd,\ui\item_info.arc,item_info.arc,16082
0,,,,ui\00_message\common\item_info.gmd,\ui\item_info.arc,item_info.arc,16083
0,,,,ui\00_message\common\item_info.gmd,\ui\item_info.arc,item_info.arc,16084
0,,,,ui\00_message\common\item_info.gmd,\ui\item_info.arc,item_info.arc,16085
0,,,,ui\00_message\common\item_info.gmd,\ui\item_info.arc,item_info.arc,16086
0,,,,ui\00_message\common\item_info.gmd,\ui\item_info.arc,item_info.arc,16087
0,,,,ui\00_message\common\item_info.gmd,\ui\item_info.arc,item_info.arc,16088
0,,,,ui\00_message\common\item_info.gmd,\ui\item_info.arc,item_info.arc,16089
0,,,,ui\00_message\common\item_info.gmd,\ui\item_info.arc,item_info.arc,16090
0,,,,ui\00_message\common\item_info.gmd,\ui\item_info.arc,item_info.arc,16091
0,,,,ui\00_message\common\item_info.gmd,\ui\item_info.arc,item_info.arc,16092
0,,,,ui\00_message\common\item_info.gmd,\ui\item_info.arc,item_info.arc,16093
0,,,,ui\00_message\common\item_info.gmd,\ui\item_info.arc,item_info.arc,16094
0,,,,ui\00_message\common\item_info.gmd,\ui\item_info.arc,item_info.arc,16095
0,,,,ui\00_message\common\item_info.gmd,\ui\item_info.arc,item_info.arc,16096
0,,,,ui\00_message\common\item_info.gmd,\ui\item_info.arc,item_info.arc,16097
0,,,,ui\00_message\common\item_info.gmd,\ui\item_info.arc,item_info.arc,16098
0,,,,ui\00_message\common\item_info.gmd,\ui\item_info.arc,item_info.arc,16099
0,,,,ui\00_message\common\item_info.gmd,\ui\item_info.arc,item_info.arc,16100
0,,,,ui\00_message\common\item_info.gmd,\ui\item_info.arc,item_info.arc,16101
0,,,,ui\00_message\common\item_info.gmd,\ui\item_info.arc,item_info.arc,16102
0,,,,ui\00_message\common\item_info.gmd,\ui\item_info.arc,item_info.arc,16103
0,,,,ui\00_message\common\item_info.gmd,\ui\item_info.arc,item_info.arc,16104
0,,,,ui\00_message\common\item_info.gmd,\ui\item_info.arc,item_info.arc,16105
0,,,,ui\00_message\common\item_info.gmd,\ui\item_info.arc,item_info.arc,16106
0,,,,ui\00_message\common\item_info.gmd,\ui\item_info.arc,item_info.arc,16107
0,,,,ui\00_message\common\item_info.gmd,\ui\item_info.arc,item_info.arc,16108
0,,,,ui\00_message\common\item_info.gmd,\ui\item_info.arc,item_info.arc,16109
0,,,,ui\00_message\common\item_info.gmd,\ui\item_info.arc,item_info.arc,16110
0,,,,ui\00_message\common\item_info.gmd,\ui\item_info.arc,item_info.arc,16111
0,,,,ui\00_message\common\item_info.gmd,\ui\item_info.arc,item_info.arc,16112
0,,,,ui\00_message\common\item_info.gmd,\ui\item_info.arc,item_info.arc,16113
0,,,,ui\00_message\common\item_info.gmd,\ui\item_info.arc,item_info.arc,16114
0,,,,ui\00_message\common\item_info.gmd,\ui\item_info.arc,item_info.arc,16115
0,,,,ui\00_message\common\item_info.gmd,\ui\item_info.arc,item_info.arc,16116
0,,,,ui\00_message\common\item_info.gmd,\ui\item_info.arc,item_info.arc,16117
0,,,,ui\00_message\common\item_info.gmd,\ui\item_info.arc,item_info.arc,16118
0,,,,ui\00_message\common\item_info.gmd,\ui\item_info.arc,item_info.arc,16119
0,,,,ui\00_message\common\item_info.gmd,\ui\item_info.arc,item_info.arc,16120
0,,,,ui\00_message\common\item_info.gmd,\ui\item_info.arc,item_info.arc,16121
0,,,,ui\00_message\common\item_info.gmd,\ui\item_info.arc,item_info.arc,16122
0,,,,ui\00_message\common\item_info.gmd,\ui\item_info.arc,item_info.arc,16123
0,,,,ui\00_message\common\item_info.gmd,\ui\item_info.arc,item_info.arc,16124
0,,,,ui\00_message\common\item_info.gmd,\ui\item_info.arc,item_info.arc,16125
0,,,,ui\00_message\common\item_info.gmd,\ui\item_info.arc,item_info.arc,16126
0,,,,ui\00_message\common\item_info.gmd,\ui\item_info.arc,item_info.arc,16127
0,,,,ui\00_message\common\item_info.gmd,\ui\item_info.arc,item_info.arc,16128
0,,,,ui\00_message\common\item_info.gmd,\ui\item_info.arc,item_info.arc,16129
0,,,,ui\00_message\common\item_info.gmd,\ui\item_info.arc,item_info.arc,16130
0,,,,ui\00_message\common\item_info.gmd,\ui\item_info.arc,item_info.arc,16131
0,,,,ui\00_message\common\item_info.gmd,\ui\item_info.arc,item_info.arc,16132
0,,,,ui\00_message\common\item_info.gmd,\ui\item_info.arc,item_info.arc,16133
0,,,,ui\00_message\common\item_info.gmd,\ui\item_info.arc,item_info.arc,16134
0,,,,ui\00_message\common\item_info.gmd,\ui\item_info.arc,item_info.arc,16135
0,,,,ui\00_message\common\item_info.gmd,\ui\item_info.arc,item_info.arc,16136
0,,,,ui\00_message\common\item_info.gmd,\ui\item_info.arc,item_info.arc,16137
0,,,,ui\00_message\common\item_info.gmd,\ui\item_info.arc,item_info.arc,16138
0,,,,ui\00_message\common\item_info.gmd,\ui\item_info.arc,item_info.arc,16139
0,,,,ui\00_message\common\item_info.gmd,\ui\item_info.arc,item_info.arc,16140
0,,,,ui\00_message\common\item_info.gmd,\ui\item_info.arc,item_info.arc,16141
0,,,,ui\00_message\common\item_info.gmd,\ui\item_info.arc,item_info.arc,16142
0,,,,ui\00_message\common\item_info.gmd,\ui\item_info.arc,item_info.arc,16143
0,,,,ui\00_message\common\item_info.gmd,\ui\item_info.arc,item_info.arc,16144
0,,,,ui\00_message\common\item_info.gmd,\ui\item_info.arc,item_info.arc,16145
0,,,,ui\00_message\common\item_info.gmd,\ui\item_info.arc,item_info.arc,16146
0,,,,ui\00_message\common\item_info.gmd,\ui\item_info.arc,item_info.arc,16147
0,,,,ui\00_message\common\item_info.gmd,\ui\item_info.arc,item_info.arc,16148
0,,,,ui\00_message\common\item_info.gmd,\ui\item_info.arc,item_info.arc,16149
0,,,,ui\00_message\common\item_info.gmd,\ui\item_info.arc,item_info.arc,16150
0,,,,ui\00_message\common\item_info.gmd,\ui\item_info.arc,item_info.arc,16151
0,,,,ui\00_message\common\item_info.gmd,\ui\item_info.arc,item_info.arc,16152
0,,,,ui\00_message\common\item_info.gmd,\ui\item_info.arc,item_info.arc,16153
0,,,,ui\00_message\common\item_info.gmd,\ui\item_info.arc,item_info.arc,16154
0,,,,ui\00_message\common\item_info.gmd,\ui\item_info.arc,item_info.arc,16155
0,,,,ui\00_message\common\item_info.gmd,\ui\item_info.arc,item_info.arc,16156
0,,,,ui\00_message\common\item_info.gmd,\ui\item_info.arc,item_info.arc,16157
0,,,,ui\00_message\common\item_info.gmd,\ui\item_info.arc,item_info.arc,16158
0,,,,ui\00_message\common\item_info.gmd,\ui\item_info.arc,item_info.arc,16159
0,,,,ui\00_message\common\item_info.gmd,\ui\item_info.arc,item_info.arc,16160
0,,,,ui\00_message\common\item_info.gmd,\ui\item_info.arc,item_info.arc,16161
0,,,,ui\00_message\common\item_info.gmd,\ui\item_info.arc,item_info.arc,16162
0,,,,ui\00_message\common\item_info.gmd,\ui\item_info.arc,item_info.arc,16163
0,,,,ui\00_message\common\item_info.gmd,\ui\item_info.arc,item_info.arc,16164
0,,,,ui\00_message\common\item_info.gmd,\ui\item_info.arc,item_info.arc,16165
0,,,,ui\00_message\common\item_info.gmd,\ui\item_info.arc,item_info.arc,16166
0,,,,ui\00_message\common\item_info.gmd,\ui\item_info.arc,item_info.arc,16167
0,,,,ui\00_message\common\item_info.gmd,\ui\item_info.arc,item_info.arc,16168
0,,,,ui\00_message\common\item_info.gmd,\ui\item_info.arc,item_info.arc,16169
0,,,,ui\00_message\common\item_info.gmd,\ui\item_info.arc,item_info.arc,16170
0,,,,ui\00_message\common\item_info.gmd,\ui\item_info.arc,item_info.arc,16171
0,,,,ui\00_message\common\item_info.gmd,\ui\item_info.arc,item_info.arc,16172
0,,,,ui\00_message\common\item_info.gmd,\ui\item_info.arc,item_info.arc,16173
0,,,,ui\00_message\common\item_info.gmd,\ui\item_info.arc,item_info.arc,16174
0,,,,ui\00_message\common\item_info.gmd,\ui\item_info.arc,item_info.arc,16175
0,,,,ui\00_message\common\item_info.gmd,\ui\item_info.arc,item_info.arc,16176
0,,,,ui\00_message\common\item_info.gmd,\ui\item_info.arc,item_info.arc,16177
0,,,,ui\00_message\common\item_info.gmd,\ui\item_info.arc,item_info.arc,16178
0,,,,ui\00_message\common\item_info.gmd,\ui\item_info.arc,item_info.arc,16179
0,,,,ui\00_message\common\item_info.gmd,\ui\item_info.arc,item_info.arc,16180
0,,,,ui\00_message\common\item_info.gmd,\ui\item_info.arc,item_info.arc,16181
0,,,,ui\00_message\common\item_info.gmd,\ui\item_info.arc,item_info.arc,16182
0,,,,ui\00_message\common\item_info.gmd,\ui\item_info.arc,item_info.arc,16183
0,,,,ui\00_message\common\item_info.gmd,\ui\item_info.arc,item_info.arc,16184
0,,,,ui\00_message\common\item_info.gmd,\ui\item_info.arc,item_info.arc,16185
0,,,,ui\00_message\common\item_info.gmd,\ui\item_info.arc,item_info.arc,16186
0,,,,ui\00_message\common\item_info.gmd,\ui\item_info.arc,item_info.arc,16187
0,,,,ui\00_message\common\item_info.gmd,\ui\item_info.arc,item_info.arc,16188
0,,,,ui\00_message\common\item_info.gmd,\ui\item_info.arc,item_info.arc,16189
0,,,,ui\00_message\common\item_info.gmd,\ui\item_info.arc,item_info.arc,16190
0,,,,ui\00_message\common\item_info.gmd,\ui\item_info.arc,item_info.arc,16191
0,,,,ui\00_message\common\item_info.gmd,\ui\item_info.arc,item_info.arc,16192
0,,,,ui\00_message\common\item_info.gmd,\ui\item_info.arc,item_info.arc,16193
0,,,,ui\00_message\common\item_info.gmd,\ui\item_info.arc,item_info.arc,16194
0,,,,ui\00_message\common\item_info.gmd,\ui\item_info.arc,item_info.arc,16195
0,,,,ui\00_message\common\item_info.gmd,\ui\item_info.arc,item_info.arc,16196
0,,,,ui\00_message\common\item_info.gmd,\ui\item_info.arc,item_info.arc,16197
0,,,,ui\00_message\common\item_info.gmd,\ui\item_info.arc,item_info.arc,16198
0,,,,ui\00_message\common\item_info.gmd,\ui\item_info.arc,item_info.arc,16199
0,,,,ui\00_message\common\item_info.gmd,\ui\item_info.arc,item_info.arc,16200
0,,,,ui\00_message\common\item_info.gmd,\ui\item_info.arc,item_info.arc,16201
0,,,,ui\00_message\common\item_info.gmd,\ui\item_info.arc,item_info.arc,16202
0,,,,ui\00_message\common\item_info.gmd,\ui\item_info.arc,item_info.arc,16203
0,,,,ui\00_message\common\item_info.gmd,\ui\item_info.arc,item_info.arc,16204
0,,,,ui\00_message\common\item_info.gmd,\ui\item_info.arc,item_info.arc,16205
0,,,,ui\00_message\common\item_info.gmd,\ui\item_info.arc,item_info.arc,16206
0,,,,ui\00_message\common\item_info.gmd,\ui\item_info.arc,item_info.arc,16207
0,,,,ui\00_message\common\item_info.gmd,\ui\item_info.arc,item_info.arc,16208
0,,,,ui\00_message\common\item_info.gmd,\ui\item_info.arc,item_info.arc,16209
0,,,,ui\00_message\common\item_info.gmd,\ui\item_info.arc,item_info.arc,16210
0,,,,ui\00_message\common\item_info.gmd,\ui\item_info.arc,item_info.arc,16211
0,,,,ui\00_message\common\item_info.gmd,\ui\item_info.arc,item_info.arc,16212
0,,,,ui\00_message\common\item_info.gmd,\ui\item_info.arc,item_info.arc,16213
0,,,,ui\00_message\common\item_info.gmd,\ui\item_info.arc,item_info.arc,16214
0,,,,ui\00_message\common\item_info.gmd,\ui\item_info.arc,item_info.arc,16215
0,,,,ui\00_message\common\item_info.gmd,\ui\item_info.arc,item_info.arc,16216
0,,,,ui\00_message\common\item_info.gmd,\ui\item_info.arc,item_info.arc,16217
0,,,,ui\00_message\common\item_info.gmd,\ui\item_info.arc,item_info.arc,16218
0,,,,ui\00_message\common\item_info.gmd,\ui\item_info.arc,item_info.arc,16219
0,,,,ui\00_message\common\item_info.gmd,\ui\item_info.arc,item_info.arc,16220
0,,,,ui\00_message\common\item_info.gmd,\ui\item_info.arc,item_info.arc,16221
0,,,,ui\00_message\common\item_info.gmd,\ui\item_info.arc,item_info.arc,16222
0,,,,ui\00_message\common\item_info.gmd,\ui\item_info.arc,item_info.arc,16223
0,,,,ui\00_message\common\item_info.gmd,\ui\item_info.arc,item_info.arc,16224
0,,,,ui\00_message\common\item_info.gmd,\ui\item_info.arc,item_info.arc,16225
0,,,,ui\00_message\common\item_info.gmd,\ui\item_info.arc,item_info.arc,16226
0,,,,ui\00_message\common\item_info.gmd,\ui\item_info.arc,item_info.arc,16227
0,,,,ui\00_message\common\item_info.gmd,\ui\item_info.arc,item_info.arc,16228
0,,,,ui\00_message\common\item_info.gmd,\ui\item_info.arc,item_info.arc,16229
0,,,,ui\00_message\common\item_info.gmd,\ui\item_info.arc,item_info.arc,16230
0,,,,ui\00_message\common\item_info.gmd,\ui\item_info.arc,item_info.arc,16231
0,,,,ui\00_message\common\item_info.gmd,\ui\item_info.arc,item_info.arc,16232
0,,,,ui\00_message\common\item_info.gmd,\ui\item_info.arc,item_info.arc,16233
0,,,,ui\00_message\common\item_info.gmd,\ui\item_info.arc,item_info.arc,16234
0,,,,ui\00_message\common\item_info.gmd,\ui\item_info.arc,item_info.arc,16235
0,,,,ui\00_message\common\item_info.gmd,\ui\item_info.arc,item_info.arc,16236
0,,,,ui\00_message\common\item_info.gmd,\ui\item_info.arc,item_info.arc,16237
0,,,,ui\00_message\common\item_info.gmd,\ui\item_info.arc,item_info.arc,16238
0,,,,ui\00_message\common\item_info.gmd,\ui\item_info.arc,item_info.arc,16239
0,,,,ui\00_message\common\item_info.gmd,\ui\item_info.arc,item_info.arc,16240
0,,,,ui\00_message\common\item_info.gmd,\ui\item_info.arc,item_info.arc,16241
0,,,,ui\00_message\common\item_info.gmd,\ui\item_info.arc,item_info.arc,16242
0,,,,ui\00_message\common\item_info.gmd,\ui\item_info.arc,item_info.arc,16243
0,,,,ui\00_message\common\item_info.gmd,\ui\item_info.arc,item_info.arc,16244
0,,,,ui\00_message\common\item_info.gmd,\ui\item_info.arc,item_info.arc,16245
0,,,,ui\00_message\common\item_info.gmd,\ui\item_info.arc,item_info.arc,16246
0,,,,ui\00_message\common\item_info.gmd,\ui\item_info.arc,item_info.arc,16247
0,,,,ui\00_message\common\item_info.gmd,\ui\item_info.arc,item_info.arc,16248
0,,,,ui\00_message\common\item_info.gmd,\ui\item_info.arc,item_info.arc,16249
0,,,,ui\00_message\common\item_info.gmd,\ui\item_info.arc,item_info.arc,16250
0,,,,ui\00_message\common\item_info.gmd,\ui\item_info.arc,item_info.arc,16251
0,,,,ui\00_message\common\item_info.gmd,\ui\item_info.arc,item_info.arc,16252
0,,,,ui\00_message\common\item_info.gmd,\ui\item_info.arc,item_info.arc,16253
0,,,,ui\00_message\common\item_info.gmd,\ui\item_info.arc,item_info.arc,16254
0,,,,ui\00_message\common\item_info.gmd,\ui\item_info.arc,item_info.arc,16255
0,,,,ui\00_message\common\item_info.gmd,\ui\item_info.arc,item_info.arc,16256
0,,,,ui\00_message\common\item_info.gmd,\ui\item_info.arc,item_info.arc,16257
0,,,,ui\00_message\common\item_info.gmd,\ui\item_info.arc,item_info.arc,16258
0,,,,ui\00_message\common\item_info.gmd,\ui\item_info.arc,item_info.arc,16259
0,,,,ui\00_message\common\item_info.gmd,\ui\item_info.arc,item_info.arc,16260
0,,,,ui\00_message\common\item_info.gmd,\ui\item_info.arc,item_info.arc,16261
0,,,,ui\00_message\common\item_info.gmd,\ui\item_info.arc,item_info.arc,16262
0,,,,ui\00_message\common\item_info.gmd,\ui\item_info.arc,item_info.arc,16263
0,,,,ui\00_message\common\item_info.gmd,\ui\item_info.arc,item_info.arc,16264
0,,,,ui\00_message\common\item_info.gmd,\ui\item_info.arc,item_info.arc,16265
0,,,,ui\00_message\common\item_info.gmd,\ui\item_info.arc,item_info.arc,16266
0,,,,ui\00_message\common\item_info.gmd,\ui\item_info.arc,item_info.arc,16267
0,,,,ui\00_message\common\item_info.gmd,\ui\item_info.arc,item_info.arc,16268
0,,,,ui\00_message\common\item_info.gmd,\ui\item_info.arc,item_info.arc,16269
0,,,,ui\00_message\common\item_info.gmd,\ui\item_info.arc,item_info.arc,16270
0,,,,ui\00_message\common\item_info.gmd,\ui\item_info.arc,item_info.arc,16271
0,,,,ui\00_message\common\item_info.gmd,\ui\item_info.arc,item_info.arc,16272
0,,,,ui\00_message\common\item_info.gmd,\ui\item_info.arc,item_info.arc,16273
0,,,,ui\00_message\common\item_info.gmd,\ui\item_info.arc,item_info.arc,16274
0,,,,ui\00_message\common\item_info.gmd,\ui\item_info.arc,item_info.arc,16275
0,,,,ui\00_message\common\item_info.gmd,\ui\item_info.arc,item_info.arc,16276
0,,,,ui\00_message\common\item_info.gmd,\ui\item_info.arc,item_info.arc,16277
0,,,,ui\00_message\common\item_info.gmd,\ui\item_info.arc,item_info.arc,16278
0,,,,ui\00_message\common\item_info.gmd,\ui\item_info.arc,item_info.arc,16279
0,,,,ui\00_message\common\item_info.gmd,\ui\item_info.arc,item_info.arc,16280
0,,,,ui\00_message\common\item_info.gmd,\ui\item_info.arc,item_info.arc,16281
0,,,,ui\00_message\common\item_info.gmd,\ui\item_info.arc,item_info.arc,16282
0,,,,ui\00_message\common\item_info.gmd,\ui\item_info.arc,item_info.arc,16283
0,,,,ui\00_message\common\item_info.gmd,\ui\item_info.arc,item_info.arc,16284
0,,,,ui\00_message\common\item_info.gmd,\ui\item_info.arc,item_info.arc,16285
0,,,,ui\00_message\common\item_info.gmd,\ui\item_info.arc,item_info.arc,16286
0,,,,ui\00_message\common\item_info.gmd,\ui\item_info.arc,item_info.arc,16287
0,,,,ui\00_message\common\item_info.gmd,\ui\item_info.arc,item_info.arc,16288
0,,,,ui\00_message\common\item_info.gmd,\ui\item_info.arc,item_info.arc,16289
0,,,,ui\00_message\common\item_info.gmd,\ui\item_info.arc,item_info.arc,16290
0,,,,ui\00_message\common\item_info.gmd,\ui\item_info.arc,item_info.arc,16291
0,,,,ui\00_message\common\item_info.gmd,\ui\item_info.arc,item_info.arc,16292
0,,,,ui\00_message\common\item_info.gmd,\ui\item_info.arc,item_info.arc,16293
0,,,,ui\00_message\common\item_info.gmd,\ui\item_info.arc,item_info.arc,16294
0,,,,ui\00_message\common\item_info.gmd,\ui\item_info.arc,item_info.arc,16295
0,,,,ui\00_message\common\item_info.gmd,\ui\item_info.arc,item_info.arc,16296
0,,,,ui\00_message\common\item_info.gmd,\ui\item_info.arc,item_info.arc,16297
0,,,,ui\00_message\common\item_info.gmd,\ui\item_info.arc,item_info.arc,16298
0,,,,ui\00_message\common\item_info.gmd,\ui\item_info.arc,item_info.arc,16299
0,,,,ui\00_message\common\item_info.gmd,\ui\item_info.arc,item_info.arc,16300
0,,,,ui\00_message\common\item_info.gmd,\ui\item_info.arc,item_info.arc,16301
0,,,,ui\00_message\common\item_info.gmd,\ui\item_info.arc,item_info.arc,16302
0,,,,ui\00_message\common\item_info.gmd,\ui\item_info.arc,item_info.arc,16303
0,,,,ui\00_message\common\item_info.gmd,\ui\item_info.arc,item_info.arc,16304
0,,,,ui\00_message\common\item_info.gmd,\ui\item_info.arc,item_info.arc,16305
0,,,,ui\00_message\common\item_info.gmd,\ui\item_info.arc,item_info.arc,16306
0,,,,ui\00_message\common\item_info.gmd,\ui\item_info.arc,item_info.arc,16307
0,,,,ui\00_message\common\item_info.gmd,\ui\item_info.arc,item_info.arc,16308
0,,,,ui\00_message\common\item_info.gmd,\ui\item_info.arc,item_info.arc,16309
0,,,,ui\00_message\common\item_info.gmd,\ui\item_info.arc,item_info.arc,16310
0,,,,ui\00_message\common\item_info.gmd,\ui\item_info.arc,item_info.arc,16311
0,,,,ui\00_message\common\item_info.gmd,\ui\item_info.arc,item_info.arc,16312
0,,,,ui\00_message\common\item_info.gmd,\ui\item_info.arc,item_info.arc,16313
0,,,,ui\00_message\common\item_info.gmd,\ui\item_info.arc,item_info.arc,16314
0,,,,ui\00_message\common\item_info.gmd,\ui\item_info.arc,item_info.arc,16315
0,,,,ui\00_message\common\item_info.gmd,\ui\item_info.arc,item_info.arc,16316
0,,,,ui\00_message\common\item_info.gmd,\ui\item_info.arc,item_info.arc,16317
0,,,,ui\00_message\common\item_info.gmd,\ui\item_info.arc,item_info.arc,16318
0,,,,ui\00_message\common\item_info.gmd,\ui\item_info.arc,item_info.arc,16319
0,,,,ui\00_message\common\item_info.gmd,\ui\item_info.arc,item_info.arc,16320
0,,,,ui\00_message\common\item_info.gmd,\ui\item_info.arc,item_info.arc,16321
0,,,,ui\00_message\common\item_info.gmd,\ui\item_info.arc,item_info.arc,16322
0,,,,ui\00_message\common\item_info.gmd,\ui\item_info.arc,item_info.arc,16323
0,,,,ui\00_message\common\item_info.gmd,\ui\item_info.arc,item_info.arc,16324
0,,,,ui\00_message\common\item_info.gmd,\ui\item_info.arc,item_info.arc,16325
0,,,,ui\00_message\common\item_info.gmd,\ui\item_info.arc,item_info.arc,16326
0,,,,ui\00_message\common\item_info.gmd,\ui\item_info.arc,item_info.arc,16327
0,,,,ui\00_message\common\item_info.gmd,\ui\item_info.arc,item_info.arc,16328
0,,,,ui\00_message\common\item_info.gmd,\ui\item_info.arc,item_info.arc,16329
0,,,,ui\00_message\common\item_info.gmd,\ui\item_info.arc,item_info.arc,16330
0,,,,ui\00_message\common\item_info.gmd,\ui\item_info.arc,item_info.arc,16331
0,,,,ui\00_message\common\item_info.gmd,\ui\item_info.arc,item_info.arc,16332
0,,,,ui\00_message\common\item_info.gmd,\ui\item_info.arc,item_info.arc,16333
0,,,,ui\00_message\common\item_info.gmd,\ui\item_info.arc,item_info.arc,16334
0,,,,ui\00_message\common\item_info.gmd,\ui\item_info.arc,item_info.arc,16335
0,,,,ui\00_message\common\item_info.gmd,\ui\item_info.arc,item_info.arc,16336
0,,,,ui\00_message\common\item_info.gmd,\ui\item_info.arc,item_info.arc,16337
0,,,,ui\00_message\common\item_info.gmd,\ui\item_info.arc,item_info.arc,16338
0,,,,ui\00_message\common\item_info.gmd,\ui\item_info.arc,item_info.arc,16339
0,,,,ui\00_message\common\item_info.gmd,\ui\item_info.arc,item_info.arc,16340
0,,,,ui\00_message\common\item_info.gmd,\ui\item_info.arc,item_info.arc,16341
0,,,,ui\00_message\common\item_info.gmd,\ui\item_info.arc,item_info.arc,16342
0,,,,ui\00_message\common\item_info.gmd,\ui\item_info.arc,item_info.arc,16343
0,,,,ui\00_message\common\item_info.gmd,\ui\item_info.arc,item_info.arc,16344
0,,,,ui\00_message\common\item_info.gmd,\ui\item_info.arc,item_info.arc,16345
0,,,,ui\00_message\common\item_info.gmd,\ui\item_info.arc,item_info.arc,16346
0,,,,ui\00_message\common\item_info.gmd,\ui\item_info.arc,item_info.arc,16347
0,,,,ui\00_message\common\item_info.gmd,\ui\item_info.arc,item_info.arc,16348
0,,,,ui\00_message\common\item_info.gmd,\ui\item_info.arc,item_info.arc,16349
0,,,,ui\00_message\common\item_info.gmd,\ui\item_info.arc,item_info.arc,16350
0,,,,ui\00_message\common\item_info.gmd,\ui\item_info.arc,item_info.arc,16351
0,,,,ui\00_message\common\item_info.gmd,\ui\item_info.arc,item_info.arc,16352
0,,,,ui\00_message\common\item_info.gmd,\ui\item_info.arc,item_info.arc,16353
0,,,,ui\00_message\common\item_info.gmd,\ui\item_info.arc,item_info.arc,16354
0,,,,ui\00_message\common\item_info.gmd,\ui\item_info.arc,item_info.arc,16355
0,,,,ui\00_message\common\item_info.gmd,\ui\item_info.arc,item_info.arc,16356
0,,,,ui\00_message\common\item_info.gmd,\ui\item_info.arc,item_info.arc,16357
0,,,,ui\00_message\common\item_info.gmd,\ui\item_info.arc,item_info.arc,16358
0,,,,ui\00_message\common\item_info.gmd,\ui\item_info.arc,item_info.arc,16359
0,,,,ui\00_message\common\item_info.gmd,\ui\item_info.arc,item_info.arc,16360
0,,,,ui\00_message\common\item_info.gmd,\ui\item_info.arc,item_info.arc,16361
0,,,,ui\00_message\common\item_info.gmd,\ui\item_info.arc,item_info.arc,16362
0,,,,ui\00_message\common\item_info.gmd,\ui\item_info.arc,item_info.arc,16363
0,,,,ui\00_message\common\item_info.gmd,\ui\item_info.arc,item_info.arc,16364
0,,,,ui\00_message\common\item_info.gmd,\ui\item_info.arc,item_info.arc,16365
0,,,,ui\00_message\common\item_info.gmd,\ui\item_info.arc,item_info.arc,16366
0,,,,ui\00_message\common\item_info.gmd,\ui\item_info.arc,item_info.arc,16367
0,,,,ui\00_message\common\item_info.gmd,\ui\item_info.arc,item_info.arc,16368
0,,,,ui\00_message\common\item_info.gmd,\ui\item_info.arc,item_info.arc,16369
0,,,,ui\00_message\common\item_info.gmd,\ui\item_info.arc,item_info.arc,16370