#Index,Key,MsgJp,MsgEn,GmdPath,ArcPath,ArcName,ReadIndex
0,,,,ui\00_message\common\item_info.gmd,\ui\item_info.arc,item_info.arc,5371
0,,,,ui\00_message\common\item_info.gmd,\ui\item_info.arc,item_info.arc,5372
0,,,,ui\00_message\common\item_info.gmd,\ui\item_info.arc,item_info.arc,5373
0,,,,ui\00_message\common\item_info.gmd,\ui\item_info.arc,item_info.arc,5374
0,,,,ui\00_message\common\item_info.gmd,\ui\item_info.arc,item_info.arc,5375
0,,,,ui\00_message\common\item_info.gmd,\ui\item_info.arc,item_info.arc,5376
0,,,,ui\00_message\common\item_info.gmd,\ui\item_info.arc,item_info.arc,5377
0,,,,ui\00_message\common\item_info.gmd,\ui\item_info.arc,item_info.arc,5378
0,,,,ui\00_message\common\item_info.gmd,\ui\item_info.arc,item_info.arc,5379
0,,,,ui\00_message\common\item_info.gmd,\ui\item_info.arc,item_info.arc,5380
0,,,,ui\00_message\common\item_info.gmd,\ui\item_info.arc,item_info.arc,5381
0,,,,ui\00_message\common\item_info.gmd,\ui\item_info.arc,item_info.arc,5382
0,,,,ui\00_message\common\item_info.gmd,\ui\item_info.arc,item_info.arc,5383
0,,,,ui\00_message\common\item_info.gmd,\ui\item_info.arc,item_info.arc,5384
0,,,,ui\00_message\common\item_info.gmd,\ui\item_info.arc,item_info.arc,5385
0,,,,ui\00_message\common\item_info.gmd,\ui\item_info.arc,item_info.arc,5386
0,,,,ui\00_message\common\item_info.gmd,\ui\item_info.arc,item_info.arc,5387
0,,,,ui\00_message\common\item_info.gmd,\ui\item_info.arc,item_info.arc,5388
0,,,,ui\00_message\common\item_info.gmd,\ui\item_info.arc,item_info.arc,5389
0,,,,ui\00_message\common\item_info.gmd,\ui\item_info.arc,item_info.arc,5390
0,,,,ui\00_message\common\item_info.gmd,\ui\item_info.arc,item_info.arc,5391
0,,,,ui\00_message\common\item_info.gmd,\ui\item_info.arc,item_info.arc,5392
0,,,,ui\00_message\common\item_info.gmd,\ui\item_info.arc,item_info.arc,5393
0,,,,ui\00_message\common\item_info.gmd,\ui\item_info.arc,item_info.arc,5394
0,,,,ui\00_message\common\item_info.gmd,\ui\item_info.arc,item_info.arc,5395
0,,,,ui\00_message\common\item_info.gmd,\ui\item_info.arc,item_info.arc,5396
0,,,,ui\00_message\common\item_info.gmd,\ui\item_info.arc,item_info.arc,5397
0,,,,ui\00_message\common\item_info.gmd,\ui\item_info.arc,item_info.arc,5398
0,,,,ui\00_message\common\item_info.gmd,\ui\item_info.arc,item_info.arc,5399
0,,,,ui\00_message\common\item_info.gmd,\ui\item_info.arc,item_info.arc,5400
0,,,,ui\00_message\common\item_info.gmd,\ui\item_info.arc,item_info.arc,5401
0,,,,ui\00_message\common\item_info.gmd,\ui\item_info.arc,item_info.arc,5402
0,,,,ui\00_message\common\item_info.gmd,\ui\item_info.arc,item_info.arc,5403
0,,,,ui\00_message\common\item_info.gmd,\ui\item_info.arc,item_info.arc,5404
0,,,,ui\00_message\common\item_info.gmd,\ui\item_info.arc,item_info.arc,5405
0,,,,ui\00_message\common\item_info.gmd,\ui\item_info.arc,item_info.arc,5406
0,,,,ui\00_message\common\item_info.gmd,\ui\item_info.arc,item_info.arc,5407
0,,,,ui\00_message\common\item_info.gmd,\ui\item_info.arc,item_info.arc,5408
0,,,,ui\00_message\common\item_info.gmd,\ui\item_info.arc,item_info.arc,5409
0,,,,ui\00_message\common\item_info.gmd,\ui\item_info.arc,item_info.arc,5410
0,,,,ui\00_message\common\item_info.gmd,\ui\item_info.arc,item_info.arc,5411
0,,,,ui\00_message\common\item_info.gmd,\ui\item_info.arc,item_info.arc,5412
0,,,,ui\00_message\common\item_info.gmd,\ui\item_info.arc,item_info.arc,5413
0,,,,ui\00_message\common\item_info.gmd,\ui\item_info.arc,item_info.arc,5414
0,,,,ui\00_message\common\item_info.gmd,\ui\item_info.arc,item_info.arc,5415
0,,,,ui\00_message\common\item_info.gmd,\ui\item_info.arc,item_info.arc,5416
0,,,,ui\00_message\common\item_info.gmd,\ui\item_info.arc,item_info.arc,5417
0,,,,ui\00_message\common\item_info.gmd,\ui\item_info.arc,item_info.arc,5418
0,,,,ui\00_message\common\item_info.gmd,\ui\item_info.arc,item_info.arc,5419
0,,,,ui\00_message\common\item_info.gmd,\ui\item_info.arc,item_info.arc,5420
0,,,,ui\00_message\common\item_info.gmd,\ui\item_info.arc,item_info.arc,5421
0,,,,ui\00_message\common\item_info.gmd,\ui\item_info.arc,item_info.arc,5422
0,,,,ui\00_message\common\item_info.gmd,\ui\item_info.arc,item_info.arc,5423
0,,,,ui\00_message\common\item_info.gmd,\ui\item_info.arc,item_info.arc,5424
0,,,,ui\00_message\common\item_info.gmd,\ui\item_info.arc,item_info.arc,5425
0,,,,ui\00_message\common\item_info.gmd,\ui\item_info.arc,item_info.arc,5426
0,,,,ui\00_message\common\item_info.gmd,\ui\item_info.arc,item_info.arc,5427
0,,,,ui\00_message\common\item_info.gmd,\ui\item_info.arc,item_info.arc,5428
0,,,,ui\00_message\common\item_info.gmd,\ui\item_info.arc,item_info.arc,5429
0,,,,ui\00_message\common\item_info.gmd,\ui\item_info.arc,item_info.arc,5430
0,,,,ui\00_message\common\item_info.gmd,\ui\item_info.arc,item_info.arc,5431
0,,,,ui\00_message\common\item_info.gmd,\ui\item_info.arc,item_info.arc,5432
0,,,,ui\00_message\common\item_info.gmd,\ui\item_info.arc,item_info.arc,5433
0,,,,ui\00_message\common\item_info.gmd,\ui\item_info.arc,item_info.arc,5434
0,,,,ui\00_message\common\item_info.gmd,\ui\item_info.arc,item_info.arc,5435
0,,,,ui\00_message\common\item_info.gmd,\ui\item_info.arc,item_info.arc,5436
0,,,,ui\00_message\common\item_info.gmd,\ui\item_info.arc,item_info.arc,5437
0,,,,ui\00_message\common\item_info.gmd,\ui\item_info.arc,item_info.arc,5438
0,,,,ui\00_message\common\item_info.gmd,\ui\item_info.arc,item_info.arc,5439
0,,,,ui\00_message\common\item_info.gmd,\ui\item_info.arc,item_info.arc,5440
0,,,,ui\00_message\common\item_info.gmd,\ui\item_info.arc,item_info.arc,5441
0,,,,ui\00_message\common\item_info.gmd,\ui\item_info.arc,item_info.arc,5442
0,,,,ui\00_message\common\item_info.gmd,\ui\item_info.arc,item_info.arc,5443
0,,,,ui\00_message\common\item_info.gmd,\ui\item_info.arc,item_info.arc,5444
0,,,,ui\00_message\common\item_info.gmd,\ui\item_info.arc,item_info.arc,5445
0,,,,ui\00_message\common\item_info.gmd,\ui\item_info.arc,item_info.arc,5446
0,,,,ui\00_message\common\item_info.gmd,\ui\item_info.arc,item_info.arc,5447
0,,,,ui\00_message\common\item_info.gmd,\ui\item_info.arc,item_info.arc,5448
0,,,,ui\00_message\common\item_info.gmd,\ui\item_info.arc,item_info.arc,5449
0,,,,ui\00_message\common\item_info.gmd,\ui\item_info.arc,item_info.arc,5450
0,,,,ui\00_message\common\item_info.gmd,\ui\item_info.arc,item_info.arc,5451
0,,,,ui\00_message\common\item_info.gmd,\ui\item_info.arc,item_info.arc,5452
0,,,,ui\00_message\common\item_info.gmd,\ui\item_info.arc,item_info.arc,5453
0,,,,ui\00_message\common\item_info.gmd,\ui\item_info.arc,item_info.arc,5454
0,,,,ui\00_message\common\item_info.gmd,\ui\item_info.arc,item_info.arc,5455
0,,,,ui\00_message\common\item_info.gmd,\ui\item_info.arc,item_info.arc,5456
0,,,,ui\00_message\common\item_info.gmd,\ui\item_info.arc,item_info.arc,5457
0,,,,ui\00_message\common\item_info.gmd,\ui\item_info.arc,item_info.arc,5458
0,,,,ui\00_message\common\item_info.gmd,\ui\item_info.arc,item_info.arc,5459
0,,,,ui\00_message\common\item_info.gmd,\ui\item_info.arc,item_info.arc,5460
0,,,,ui\00_message\common\item_info.gmd,\ui\item_info.arc,item_info.arc,5461
0,,,,ui\00_message\common\item_info.gmd,\ui\item_info.arc,item_info.arc,5462
0,,,,ui\00_message\common\item_info.gmd,\ui\item_info.arc,item_info.arc,5463
0,,,,ui\00_message\common\item_info.gmd,\ui\item_info.arc,item_info.arc,5464
0,,,,ui\00_message\common\item_info.gmd,\ui\item_info.arc,item_info.arc,5465
0,,,,ui\00_message\common\item_info.gmd,\ui\item_info.arc,item_info.arc,5466
0,,,,ui\00_message\common\item_info.gmd,\ui\item_info.arc,item_info.arc,5467
0,,,,ui\00_message\common\item_info.gmd,\ui\item_info.arc,item_info.arc,5468
0,,,,ui\00_message\common\item_info.gmd,\ui\item_info.arc,item_info.arc,5469
0,,,,ui\00_message\common\item_info.gmd,\ui\item_info.arc,item_info.arc,5470
0,,,,ui\00_message\common\item_info.gmd,\ui\item_info.arc,item_info.arc,5471
0,,,,ui\00_message\common\item_info.gmd,\ui\item_info.arc,item_info.arc,5472
0,,,,ui\00_message\common\item_info.gmd,\ui\item_info.arc,item_info.arc,5473
0,,,,ui\00_message\common\item_info.gmd,\ui\item_info.arc,item_info.arc,5474
0,,,,ui\00_message\common\item_info.gmd,\ui\item_info.arc,item_info.arc,5475
0,,,,ui\00_message\common\item_info.gmd,\ui\item_info.arc,item_info.arc,5476
0,,,,ui\00_message\common\item_info.gmd,\ui\item_info.arc,item_info.arc,5477
0,,,,ui\00_message\common\item_info.gmd,\ui\item_info.arc,item_info.arc,5478
0,,,,ui\00_message\common\item_info.gmd,\ui\item_info.arc,item_info.arc,5479
0,,,,ui\00_message\common\item_info.gmd,\ui\item_info.arc,item_info.arc,5480
0,,,,ui\00_message\common\item_info.gmd,\ui\item_info.arc,item_info.arc,5481
0,,,,ui\00_message\common\item_info.gmd,\ui\item_info.arc,item_info.arc,5482
0,,,,ui\00_message\common\item_info.gmd,\ui\item_info.arc,item_info.arc,5483
0,,,,ui\00_message\common\item_info.gmd,\ui\item_info.arc,item_info.arc,5484
0,,,,ui\00_message\common\item_info.gmd,\ui\item_info.arc,item_info.arc,5485
0,,,,ui\00_message\common\item_info.gmd,\ui\item_info.arc,item_info.arc,5486
0,,,,ui\00_message\common\item_info.gmd,\ui\item_info.arc,item_info.arc,5487
0,,,,ui\00_message\common\item_info.gmd,\ui\item_info.arc,item_info.arc,5488
0,,,,ui\00_message\common\item_info.gmd,\ui\item_info.arc,item_info.arc,5489
0,,,,ui\00_message\common\item_info.gmd,\ui\item_info.arc,item_info.arc,5490
0,,,,ui\00_message\common\item_info.gmd,\ui\item_info.arc,item_info.arc,5491
0,,,,ui\00_message\common\item_info.gmd,\ui\item_info.arc,item_info.arc,5492
0,,,,ui\00_message\common\item_info.gmd,\ui\item_info.arc,item_info.arc,5493
0,,,,ui\00_message\common\item_info.gmd,\ui\item_info.arc,item_info.arc,5494
0,,,,ui\00_message\common\item_info.gmd,\ui\item_info.arc,item_info.arc,5495
0,,,,ui\00_message\common\item_info.gmd,\ui\item_info.arc,item_info.arc,5496
0,,,,ui\00_message\common\item_info.gmd,\ui\item_info.arc,item_info.arc,5497
0,,,,ui\00_message\common\item_info.gmd,\ui\item_info.arc,item_info.arc,5498
0,,,,ui\00_message\common\item_info.gmd,\ui\item_info.arc,item_info.arc,5499
0,,,,ui\00_message\common\item_info.gmd,\ui\item_info.arc,item_info.arc,5500
0,,,,ui\00_message\common\item_info.gmd,\ui\item_info.arc,item_info.arc,5501
0,,,,ui\00_message\common\item_info.gmd,\ui\item_info.arc,item_info.arc,5502
0,,,,ui\00_message\common\item_info.gmd,\ui\item_info.arc,item_info.arc,5503
0,,,,ui\00_message\common\item_info.gmd,\ui\item_info.arc,item_info.arc,5504
0,,,,ui\00_message\common\item_info.gmd,\ui\item_info.arc,item_info.arc,5505
0,,,,ui\00_message\common\item_info.gmd,\ui\item_info.arc,item_info.arc,5506
0,,,,ui\00_message\common\item_info.gmd,\ui\item_info.arc,item_info.arc,5507
0,,,,ui\00_message\common\item_info.gmd,\ui\item_info.arc,item_info.arc,5508
0,,,,ui\00_message\common\item_info.gmd,\ui\item_info.arc,item_info.arc,5509
0,,,,ui\00_message\common\item_info.gmd,\ui\item_info.arc,item_info.arc,5510
0,,,,ui\00_message\common\item_info.gmd,\ui\item_info.arc,item_info.arc,5511
0,,,,ui\00_message\common\item_info.gmd,\ui\item_info.arc,item_info.arc,5512
0,,,,ui\00_message\common\item_info.gmd,\ui\item_info.arc,item_info.arc,5513
0,,,,ui\00_message\common\item_info.gmd,\ui\item_info.arc,item_info.arc,5514
0,,,,ui\00_message\common\item_info.gmd,\ui\item_info.arc,item_info.arc,5515
0,,,,ui\00_message\common\item_info.gmd,\ui\item_info.arc,item_info.arc,5516
0,,,,ui\00_message\common\item_info.gmd,\ui\item_info.arc,item_info.arc,5517
0,,,,ui\00_message\common\item_info.gmd,\ui\item_info.arc,item_info.arc,5518
0,,,,ui\00_message\common\item_info.gmd,\ui\item_info.arc,item_info.arc,5519
0,,,,ui\00_message\common\item_info.gmd,\ui\item_info.arc,item_info.arc,5520
0,,,,ui\00_message\common\item_info.gmd,\ui\item_info.arc,item_info.arc,5521
0,,,,ui\00_message\common\item_info.gmd,\ui\item_info.arc,item_info.arc,5522
0,,,,ui\00_message\common\item_info.gmd,\ui\item_info.arc,item_info.arc,5523
0,,,,ui\00_message\common\item_info.gmd,\ui\item_info.arc,item_info.arc,5524
0,,,,ui\00_message\common\item_info.gmd,\ui\item_info.arc,item_info.arc,5525
0,,,,ui\00_message\common\item_info.gmd,\ui\item_info.arc,item_info.arc,5526
0,,,,ui\00_message\common\item_info.gmd,\ui\item_info.arc,item_info.arc,5527
0,,,,ui\00_message\common\item_info.gmd,\ui\item_info.arc,item_info.arc,5528
0,,,,ui\00_message\common\item_info.gmd,\ui\item_info.arc,item_info.arc,5529
0,,,,ui\00_message\common\item_info.gmd,\ui\item_info.arc,item_info.arc,5530
0,,,,ui\00_message\common\item_info.gmd,\ui\item_info.arc,item_info.arc,5531
0,,,,ui\00_message\common\item_info.gmd,\ui\item_info.arc,item_info.arc,5532
0,,,,ui\00_message\common\item_info.gmd,\ui\item_info.arc,item_info.arc,5533
0,,,,ui\00_message\common\item_info.gmd,\ui\item_info.arc,item_info.arc,5534
0,,,,ui\00_message\common\item_info.gmd,\ui\item_info.arc,item_info.arc,5535
0,,,,ui\00_message\common\item_info.gmd,\ui\item_info.arc,item_info.arc,5536
0,,,,ui\00_message\common\item_info.gmd,\ui\item_info.arc,item_info.arc,5537
0,,,,ui\00_message\common\item_info.gmd,\ui\item_info.arc,item_info.arc,5538
0,,,,ui\00_message\common\item_info.gmd,\ui\item_info.arc,item_info.arc,5539
0,,,,ui\00_message\common\item_info.gmd,\ui\item_info.arc,item_info.arc,5540
0,,,,ui\00_message\common\item_info.gmd,\ui\item_info.arc,item_info.arc,5541
0,,,,ui\00_message\common\item_info.gmd,\ui\item_info.arc,item_info.arc,5542
0,,,,ui\00_message\common\item_info.gmd,\ui\item_info.arc,item_info.arc,5543
0,,,,ui\00_message\common\item_info.gmd,\ui\item_info.arc,item_info.arc,5544
0,,,,ui\00_message\common\item_info.gmd,\ui\item_info.arc,item_info.arc,5545
0,,,,ui\00_message\common\item_info.gmd,\ui\item_info.arc,item_info.arc,5546
0,,,,ui\00_message\common\item_info.gmd,\ui\item_info.arc,item_info.arc,5547
0,,,,ui\00_message\common\item_info.gmd,\ui\item_info.arc,item_info.arc,5548
0,,,,ui\00_message\common\item_info.gmd,\ui\item_info.arc,item_info.arc,5549
0,,,,ui\00_message\common\item_info.gmd,\ui\item_info.arc,item_info.arc,5550
0,,,,ui\00_message\common\item_info.gmd,\ui\item_info.arc,item_info.arc,5551
0,,,,ui\00_message\common\item_info.gmd,\ui\item_info.arc,item_info.arc,5552
0,,,,ui\00_message\common\item_info.gmd,\ui\item_info.arc,item_info.arc,5553
0,,,,ui\00_message\common\item_info.gmd,\ui\item_info.arc,item_info.arc,5554
0,,,,ui\00_message\common\item_info.gmd,\ui\item_info.arc,item_info.arc,5555
0,,,,ui\00_message\common\item_info.gmd,\ui\item_info.arc,item_info.arc,5556
0,,,,ui\00_message\common\item_info.gmd,\ui\item_info.arc,item_info.arc,5557
0,,,,ui\00_message\common\item_info.gmd,\ui\item_info.arc,item_info.arc,5558
0,,,,ui\00_message\common\item_info.gmd,\ui\item_info.arc,item_info.arc,5559
0,,,,ui\00_message\common\item_info.gmd,\ui\item_info.arc,item_info.arc,5560
0,,,,ui\00_message\common\item_info.gmd,\ui\item_info.arc,item_info.arc,5561
0,,,,ui\00_message\common\item_info.gmd,\ui\item_info.arc,item_info.arc,5562
0,,,,ui\00_message\common\item_info.gmd,\ui\item_info.arc,item_info.arc,5563
0,,,,ui\00_message\common\item_info.gmd,\ui\item_info.arc,item_info.arc,5564
0,,,,ui\00_message\common\item_info.gmd,\ui\item_info.arc,item_info.arc,5565
0,,,,ui\00_message\common\item_info.gmd,\ui\item_info.arc,item_info.arc,5566
0,,,,ui\00_message\common\item_info.gmd,\ui\item_info.arc,item_info.arc,5567
0,,,,ui\00_message\common\item_info.gmd,\ui\item_info.arc,item_info.arc,5568
0,,,,ui\00_message\common\item_info.gmd,\ui\item_info.arc,item_info.arc,5569
0,,,,ui\00_message\common\item_info.gmd,\ui\item_info.arc,item_info.arc,5570
0,,,,ui\00_message\common\item_info.gmd,\ui\item_info.arc,item_info.arc,5571
0,,,,ui\00_message\common\item_info.gmd,\ui\item_info.arc,item_info.arc,5572
0,,,,ui\00_message\common\item_info.gmd,\ui\item_info.arc,item_info.arc,5573
0,,,,ui\00_message\common\item_info.gmd,\ui\item_info.arc,item_info.arc,5574
0,,,,ui\00_message\common\item_info.gmd,\ui\item_info.arc,item_info.arc,5575
0,,,,ui\00_message\common\item_info.gmd,\ui\item_info.arc,item_info.arc,5576
0,,,,ui\00_message\common\item_info.gmd,\ui\item_info.arc,item_info.arc,5577
0,,,,ui\00_message\common\item_info.gmd,\ui\item_info.arc,item_info.arc,5578
0,,,,ui\00_message\common\item_info.gmd,\ui\item_info.arc,item_info.arc,5579
0,,,,ui\00_message\common\item_info.gmd,\ui\item_info.arc,item_info.arc,5580
0,,,,ui\00_message\common\item_info.gmd,\ui\item_info.arc,item_info.arc,5581
0,,,,ui\00_message\common\item_info.gmd,\ui\item_info.arc,item_info.arc,5582
0,,,,ui\00_message\common\item_info.gmd,\ui\item_info.arc,item_info.arc,5583
0,,,,ui\00_message\common\item_info.gmd,\ui\item_info.arc,item_info.arc,5584
0,,,,ui\00_message\common\item_info.gmd,\ui\item_info.arc,item_info.arc,5585
0,,,,ui\00_message\common\item_info.gmd,\ui\item_info.arc,item_info.arc,5586
0,,,,ui\00_message\common\item_info.gmd,\ui\item_info.arc,item_info.arc,5587
0,,,,ui\00_message\common\item_info.gmd,\ui\item_info.arc,item_info.arc,5588
0,,,,ui\00_message\common\item_info.gmd,\ui\item_info.arc,item_info.arc,5589
0,,,,ui\00_message\common\item_info.gmd,\ui\item_info.arc,item_info.arc,5590
0,,,,ui\00_message\common\item_info.gmd,\ui\item_info.arc,item_info.arc,5591
0,,,,ui\00_message\common\item_info.gmd,\ui\item_info.arc,item_info.arc,5592
0,,,,ui\00_message\common\item_info.gmd,\ui\item_info.arc,item_info.arc,5593
0,,,,ui\00_message\common\item_info.gmd,\ui\item_info.arc,item_info.arc,5594
0,,,,ui\00_message\common\item_info.gmd,\ui\item_info.arc,item_info.arc,5595
0,,,,ui\00_message\common\item_info.gmd,\ui\item_info.arc,item_info.arc,5596
0,,,,ui\00_message\common\item_info.gmd,\ui\item_info.arc,item_info.arc,5597
0,,,,ui\00_message\common\item_info.gmd,\ui\item_info.arc,item_info.arc,5598
0,,,,ui\00_message\common\item_info.gmd,\ui\item_info.arc,item_info.arc,5599
0,,,,ui\00_message\common\item_info.gmd,\ui\item_info.arc,item_info.arc,5600
0,,,,ui\00_message\common\item_info.gmd,\ui\item_info.arc,item_info.arc,5601
0,,,,ui\00_message\common\item_info.gmd,\ui\item_info.arc,item_info.arc,5602
0,,,,ui\00_message\common\item_info.gmd,\ui\item_info.arc,item_info.arc,5603
0,,,,ui\00_message\common\item_info.gmd,\ui\item_info.arc,item_info.arc,5604
0,,,,ui\00_message\common\item_info.gmd,\ui\item_info.arc,item_info.arc,5605
0,,,,ui\00_message\common\item_info.gmd,\ui\item_info.arc,item_info.arc,5606
0,,,,ui\00_message\common\item_info.gmd,\ui\item_info.arc,item_info.arc,5607
0,,,,ui\00_message\common\item_info.gmd,\ui\item_info.arc,item_info.arc,5608
0,,,,ui\00_message\common\item_info.gmd,\ui\item_info.arc,item_info.arc,5609
0,,,,ui\00_message\common\item_info.gmd,\ui\item_info.arc,item_info.arc,5610
0,,,,ui\00_message\common\item_info.gmd,\ui\item_info.arc,item_info.arc,5611
0,,,,ui\00_message\common\item_info.gmd,\ui\item_info.arc,item_info.arc,5612
0,,,,ui\00_message\common\item_info.gmd,\ui\item_info.arc,item_info.arc,5613
0,,,,ui\00_message\common\item_info.gmd,\ui\item_info.arc,item_info.arc,5614
0,,,,ui\00_message\common\item_info.gmd,\ui\item_info.arc,item_info.arc,5615
0,,,,ui\00_message\common\item_info.gmd,\ui\item_info.arc,item_info.arc,5616
0,,,,ui\00_message\common\item_info.gmd,\ui\item_info.arc,item_info.arc,5617
0,,,,ui\00_message\common\item_info.gmd,\ui\item_info.arc,item_info.arc,5618
0,,,,ui\00_message\common\item_info.gmd,\ui\item_info.arc,item_info.arc,5619
0,,,,ui\00_message\common\item_info.gmd,\ui\item_info.arc,item_info.arc,5620
0,,,,ui\00_message\common\item_info.gmd,\ui\item_info.arc,item_info.arc,5621
0,,,,ui\00_message\common\item_info.gmd,\ui\item_info.arc,item_info.arc,5622
0,,,,ui\00_message\common\item_info.gmd,\ui\item_info.arc,item_info.arc,5623
0,,,,ui\00_message\common\item_info.gmd,\ui\item_info.arc,item_info.arc,5624
0,,,,ui\00_message\common\item_info.gmd,\ui\item_info.arc,item_info.arc,5625
0,,,,ui\00_message\common\item_info.gmd,\ui\item_info.arc,item_info.arc,5626
0,,,,ui\00_message\common\item_info.gmd,\ui\item_info.arc,item_info.arc,5627
0,,,,ui\00_message\common\item_info.gmd,\ui\item_info.arc,item_info.arc,5628
0,,,,ui\00_message\common\item_info.gmd,\ui\item_info.arc,item_info.arc,5629
0,,,,ui\00_message\common\item_info.gmd,\ui\item_info.arc,item_info.arc,5630
0,,,,ui\00_message\common\item_info.gmd,\ui\item_info.arc,item_info.arc,5631
0,,,,ui\00_message\common\item_info.gmd,\ui\item_info.arc,item_info.arc,5632
0,,,,ui\00_message\common\item_info.gmd,\ui\item_info.arc,item_info.arc,5633
0,,,,ui\00_message\common\item_info.gmd,\ui\item_info.arc,item_info.arc,5634
0,,,,ui\00_message\common\item_info.gmd,\ui\item_info.arc,item_info.arc,5635
0,,,,ui\00_message\common\item_info.gmd,\ui\item_info.arc,item_info.arc,5636
0,,,,ui\00_message\common\item_info.gmd,\ui\item_info.arc,item_info.arc,5637
0,,,,ui\00_message\common\item_info.gmd,\ui\item_info.arc,item_info.arc,5638
0,,,,ui\00_message\common\item_info.gmd,\ui\item_info.arc,item_info.arc,5639
0,,,,ui\00_message\common\item_info.gmd,\ui\item_info.arc,item_info.arc,5640
0,,,,ui\00_message\common\item_info.gmd,\ui\item_info.arc,item_info.arc,5641
0,,,,ui\00_message\common\item_info.gmd,\ui\item_info.arc,item_info.arc,5642
0,,,,ui\00_message\common\item_info.gmd,\ui\item_info.arc,item_info.arc,5643
0,,,,ui\00_message\common\item_info.gmd,\ui\item_info.arc,item_info.arc,5644
0,,,,ui\00_message\common\item_info.gmd,\ui\item_info.arc,item_info.arc,5645
0,,,,ui\00_message\common\item_info.gmd,\ui\item_info.arc,item_info.arc,5646
0,,,,ui\00_message\common\item_info.gmd,\ui\item_info.arc,item_info.arc,5647
0,,,,ui\00_message\common\item_info.gmd,\ui\item_info.arc,item_info.arc,5648
0,,,,ui\00_message\common\item_info.gmd,\ui\item_info.arc,item_info.arc,5649
0,,,,ui\00_message\common\item_info.gmd,\ui\item_info.arc,item_info.arc,5650
0,,,,ui\00_message\common\item_info.gmd,\ui\item_info.arc,item_info.arc,5651
0,,,,ui\00_message\common\item_info.gmd,\ui\item_info.arc,item_info.arc,5652
0,,,,ui\00_message\common\item_info.gmd,\ui\item_info.arc,item_info.arc,5653
0,,,,ui\00_message\common\item_info.gmd,\ui\item_info.arc,item_info.arc,5654
0,,,,ui\00_message\common\item_info.gmd,\ui\item_info.arc,item_info.arc,5655
0,,,,ui\00_message\common\item_info.gmd,\ui\item_info.arc,item_info.arc,5656
0,,,,ui\00_message\common\item_info.gmd,\ui\item_info.arc,item_info.arc,5657
0,,,,ui\00_message\common\item_info.gmd,\ui\item_info.arc,item_info.arc,5658
0,,,,ui\00_message\common\item_info.gmd,\ui\item_info.arc,item_info.arc,5659
0,,,,ui\00_message\common\item_info.gmd,\ui\item_info.arc,item_info.arc,5660
0,,,,ui\00_message\common\item_info.gmd,\ui\item_info.arc,item_info.arc,5661
0,,,,ui\00_message\common\item_info.gmd,\ui\item_info.arc,item_info.arc,5662
0,,,,ui\00_message\common\item_info.gmd,\ui\item_info.arc,item_info.arc,5663
0,,,,ui\00_message\common\item_info.gmd,\ui\item_info.arc,item_info.arc,5664
0,,,,ui\00_message\common\item_info.gmd,\ui\item_info.arc,item_info.arc,5665
0,,,,ui\00_message\common\item_info.gmd,\ui\item_info.arc,item_info.arc,5666
0,,,,ui\00_message\common\item_info.gmd,\ui\item_info.arc,item_info.arc,5667
0,,,,ui\00_message\common\item_info.gmd,\ui\item_info.arc,item_info.arc,5668
0,,,,ui\00_message\common\item_info.gmd,\ui\item_info.arc,item_info.arc,5669
0,,,,ui\00_message\common\item_info.gmd,\ui\item_info.arc,item_info.arc,5670
0,,,,ui\00_message\common\item_info.gmd,\ui\item_info.arc,item_info.arc,5671
0,,,,ui\00_message\common\item_info.gmd,\ui\item_info.arc,item_info.arc,5672
0,,,,ui\00_message\common\item_info.gmd,\ui\item_info.arc,item_info.arc,5673
0,,,,ui\00_message\common\item_info.gmd,\ui\item_info.arc,item_info.arc,5674
0,,,,ui\00_message\common\item_info.gmd,\ui\item_info.arc,item_info.arc,5675
0,,,,ui\00_message\common\item_info.gmd,\ui\item_info.arc,item_info.arc,5676
0,,,,ui\00_message\common\item_info.gmd,\ui\item_info.arc,item_info.arc,5677
0,,,,ui\00_message\common\item_info.gmd,\ui\item_info.arc,item_info.arc,5678
0,,,,ui\00_message\common\item_info.gmd,\ui\item_info.arc,item_info.arc,5679
0,,,,ui\00_message\common\item_info.gmd,\ui\item_info.arc,item_info.arc,5680
0,,,,ui\00_message\common\item_info.gmd,\ui\item_info.arc,item_info.arc,5681
0,,,,ui\00_message\common\item_info.gmd,\ui\item_info.arc,item_info.arc,5682
0,,,,ui\00_message\common\item_info.gmd,\ui\item_info.arc,item_info.arc,5683
0,,,,ui\00_message\common\item_info.gmd,\ui\item_info.arc,item_info.arc,5684
0,,,,ui\00_message\common\item_info.gmd,\ui\item_info.arc,item_info.arc,5685
0,,,,ui\00_message\common\item_info.gmd,\ui\item_info.arc,item_info.arc,5686
0,,,,ui\00_message\common\item_info.gmd,\ui\item_info.arc,item_info.arc,5687
0,,,,ui\00_message\common\item_info.gmd,\ui\item_info.arc,item_info.arc,5688
0,,,,ui\00_message\common\item_info.gmd,\ui\item_info.arc,item_info.arc,5689
0,,,,ui\00_message\common\item_info.gmd,\ui\item_info.arc,item_info.arc,5690
0,,,,ui\00_message\common\item_info.gmd,\ui\item_info.arc,item_info.arc,5691
0,,,,ui\00_message\common\item_info.gmd,\ui\item_info.arc,item_info.arc,5692
0,,,,ui\00_message\common\item_info.gmd,\ui\item_info.arc,item_info.arc,5693
0,,,,ui\00_message\common\item_info.gmd,\ui\item_info.arc,item_info.arc,5694
0,,,,ui\00_message\common\item_info.gmd,\ui\item_info.arc,item_info.arc,5695
0,,,,ui\00_message\common\item_info.gmd,\ui\item_info.arc,item_info.arc,5696
0,,,,ui\00_message\common\item_info.gmd,\ui\item_info.arc,item_info.arc,5697
0,,,,ui\00_message\common\item_info.gmd,\ui\item_info.arc,item_info.arc,5698
0,,,,ui\00_message\common\item_info.gmd,\ui\item_info.arc,item_info.arc,5699
0,,,,ui\00_message\common\item_info.gmd,\ui\item_info.arc,item_info.arc,5700
0,,,,ui\00_message\common\item_info.gmd,\ui\item_info.arc,item_info.arc,5701
0,,,,ui\00_message\common\item_info.gmd,\ui\item_info.arc,item_info.arc,5702
0,,,,ui\00_message\common\item_info.gmd,\ui\item_info.arc,item_info.arc,5703
0,,,,ui\00_message\common\item_info.gmd,\ui\item_info.arc,item_info.arc,5704
0,,,,ui\00_message\common\item_info.gmd,\ui\item_info.arc,item_info.arc,5705
0,,,,ui\00_message\common\item_info.gmd,\ui\item_info.arc,item_info.arc,5706
0,,,,ui\00_message\common\item_info.gmd,\ui\item_info.arc,item_info.arc,5707
0,,,,ui\00_message\common\item_info.gmd,\ui\item_info.arc,item_info.arc,5708
0,,,,ui\00_message\common\item_info.gmd,\ui\item_info.arc,item_info.arc,5709
0,,,,ui\00_message\common\item_info.gmd,\ui\item_info.arc,item_info.arc,5710
0,,,,ui\00_message\common\item_info.gmd,\ui\item_info.arc,item_info.arc,5711
0,,,,ui\00_message\common\item_info.gmd,\ui\item_info.arc,item_info.arc,5712
0,,,,ui\00_message\common\item_info.gmd,\ui\item_info.arc,item_info.arc,5713
0,,,,ui\00_message\common\item_info.gmd,\ui\item_info.arc,item_info.arc,5714
0,,,,ui\00_message\common\item_info.gmd,\ui\item_info.arc,item_info.arc,5715
0,,,,ui\00_message\common\item_info.gmd,\ui\item_info.arc,item_info.arc,5716
0,,,,ui\00_message\common\item_info.gmd,\ui\item_info.arc,item_info.arc,5717
0,,,,ui\00_message\common\item_info.gmd,\ui\item_info.arc,item_info.arc,5718
0,,,,ui\00_message\common\item_info.gmd,\ui\item_info.arc,item_info.arc,5719
0,,,,ui\00_message\common\item_info.gmd,\ui\item_info.arc,item_info.arc,5720
0,,,,ui\00_message\common\item_info.gmd,\ui\item_info.arc,item_info.arc,5721
0,,,,ui\00_message\common\item_info.gmd,\ui\item_info.arc,item_info.arc,5722
0,,,,ui\00_message\common\item_info.gmd,\ui\item_info.arc,item_info.arc,5723
0,,,,ui\00_message\common\item_info.gmd,\ui\item_info.arc,item_info.arc,5724
0,,,,ui\00_message\common\item_info.gmd,\ui\item_info.arc,item_info.arc,5725
0,,,,ui\00_message\common\item_info.gmd,\ui\item_info.arc,item_info.arc,5726
0,,,,ui\00_message\common\item_info.gmd,\ui\item_info.arc,item_info.arc,5727
0,,,,ui\00_message\common\item_info.gmd,\ui\item_info.arc,item_info.arc,5728
0,,,,ui\00_message\common\item_info.gmd,\ui\item_info.arc,item_info.arc,5729
0,,,,ui\00_message\common\item_info.gmd,\ui\item_info.arc,item_info.arc,5730
0,,,,ui\00_message\common\item_info.gmd,\ui\item_info.arc,item_info.arc,5731
0,,,,ui\00_message\common\item_info.gmd,\ui\item_info.arc,item_info.arc,5732
0,,,,ui\00_message\common\item_info.gmd,\ui\item_info.arc,item_info.arc,5733
0,,,,ui\00_message\common\item_info.gmd,\ui\item_info.arc,item_info.arc,5734
0,,,,ui\00_message\common\item_info.gmd,\ui\item_info.arc,item_info.arc,5735
0,,,,ui\00_message\common\item_info.gmd,\ui\item_info.arc,item_info.arc,5736
0,,,,ui\00_message\common\item_info.gmd,\ui\item_info.arc,item_info.arc,5737
0,,,,ui\00_message\common\item_info.gmd,\ui\item_info.arc,item_info.arc,5738
0,,,,ui\00_message\common\item_info.gmd,\ui\item_info.arc,item_info.arc,5739
0,,,,ui\00_message\common\item_info.gmd,\ui\item_info.arc,item_info.arc,5740
0,,,,ui\00_message\common\item_info.gmd,\ui\item_info.arc,item_info.arc,5741
0,,,,ui\00_message\common\item_info.gmd,\ui\item_info.arc,item_info.arc,5742
0,,,,ui\00_message\common\item_info.gmd,\ui\item_info.arc,item_info.arc,5743
0,,,,ui\00_message\common\item_info.gmd,\ui\item_info.arc,item_info.arc,5744
0,,,,ui\00_message\common\item_info.gmd,\ui\item_info.arc,item_info.arc,5745
0,,,,ui\00_message\common\item_info.gmd,\ui\item_info.arc,item_info.arc,5746
0,,,,ui\00_message\common\item_info.gmd,\ui\item_info.arc,item_info.arc,5747
0,,,,ui\00_message\common\item_info.gmd,\ui\item_info.arc,item_info.arc,5748
0,,,,ui\00_message\common\item_info.gmd,\ui\item_info.arc,item_info.arc,5749
0,,,,ui\00_message\common\item_info.gmd,\ui\item_info.arc,item_info.arc,5750
0,,,,ui\00_message\common\item_info.gmd,\ui\item_info.arc,item_info.arc,5751
0,,,,ui\00_message\common\item_info.gmd,\ui\item_info.arc,item_info.arc,5752
0,,,,ui\00_message\common\item_info.gmd,\ui\item_info.arc,item_info.arc,5753
0,,,,ui\00_message\common\item_info.gmd,\ui\item_info.arc,item_info.arc,5754
0,,,,ui\00_message\common\item_info.gmd,\ui\item_info.arc,item_info.arc,5755
0,,,,ui\00_message\common\item_info.gmd,\ui\item_info.arc,item_info.arc,5756
0,,,,ui\00_message\common\item_info.gmd,\ui\item_info.arc,item_info.arc,5757
0,,,,ui\00_message\common\item_info.gmd,\ui\item_info.arc,item_info.arc,5758
0,,,,ui\00_message\common\item_info.gmd,\ui\item_info.arc,item_info.arc,5759
0,,,,ui\00_message\common\item_info.gmd,\ui\item_info.arc,item_info.arc,5760
0,,,,ui\00_message\common\item_info.gmd,\ui\item_info.arc,item_info.arc,5761
0,,,,ui\00_message\common\item_info.gmd,\ui\item_info.arc,item_info.arc,5762
0,,,,ui\00_message\common\item_info.gmd,\ui\item_info.arc,item_info.arc,5763
0,,,,ui\00_message\common\item_info.gmd,\ui\item_info.arc,item_info.arc,5764
0,,,,ui\00_message\common\item_info.gmd,\ui\item_info.arc,item_info.arc,5765
0,,,,ui\00_message\common\item_info.gmd,\ui\item_info.arc,item_info.arc,5766
0,,,,ui\00_message\common\item_info.gmd,\ui\item_info.arc,item_info.arc,5767
0,,,,ui\00_message\common\item_info.gmd,\ui\item_info.arc,item_info.arc,5768
0,,,,ui\00_message\common\item_info.gmd,\ui\item_info.arc,item_info.arc,5769
0,,,,ui\00_message\common\item_info.gmd,\ui\item_info.arc,item_info.arc,5770
0,,,,ui\00_message\common\item_info.gmd,\ui\item_info.arc,item_info.arc,5771
0,,,,ui\00_message\common\item_info.gmd,\ui\item_info.arc,item_info.arc,5772
0,,,,ui\00_message\common\item_info.gmd,\ui\item_info.arc,item_info.arc,5773
0,,,,ui\00_message\common\item_info.gmd,\ui\item_info.arc,item_info.arc,5774
0,,,,ui\00_message\common\item_info.gmd,\ui\item_info.arc,item_info.arc,5775
0,,,,ui\00_message\common\item_info.gmd,\ui\item_info.arc,item_info.arc,5776
0,,,,ui\00_message\common\item_info.gmd,\ui\item_info.arc,item_info.arc,5777
0,,,,ui\00_message\common\item_info.gmd,\ui\item_info.arc,item_info.arc,5778
0,,,,ui\00_message\common\item_info.gmd,\ui\item_info.arc,item_info.arc,5779
0,,,,ui\00_message\common\item_info.gmd,\ui\item_info.arc,item_info.arc,5780
0,,,,ui\00_message\common\item_info.gmd,\ui\item_info.arc,item_info.arc,5781
0,,,,ui\00_message\common\item_info.gmd,\ui\item_info.arc,item_info.arc,5782
0,,,,ui\00_message\common\item_info.gmd,\ui\item_info.arc,item_info.arc,5783
0,,,,ui\00_message\common\item_info.gmd,\ui\item_info.arc,item_info.arc,5784
0,,,,ui\00_message\common\item_info.gmd,\ui\item_info.arc,item_info.arc,5785
0,,,,ui\00_message\common\item_info.gmd,\ui\item_info.arc,item_info.arc,5786
0,,,,ui\00_message\common\item_info.gmd,\ui\item_info.arc,item_info.arc,5787
0,,,,ui\00_message\common\item_info.gmd,\ui\item_info.arc,item_info.arc,5788
0,,,,ui\00_message\common\item_info.gmd,\ui\item_info.arc,item_info.arc,5789
0,,,,ui\00_message\common\item_info.gmd,\ui\item_info.arc,item_info.arc,5790
0,,,,ui\00_message\common\item_info.gmd,\ui\item_info.arc,item_info.arc,5791
0,,,,ui\00_message\common\item_info.gmd,\ui\item_info.arc,item_info.arc,5792
0,,,,ui\00_message\common\item_info.gmd,\ui\item_info.arc,item_info.arc,5793
0,,,,ui\00_message\common\item_info.gmd,\ui\item_info.arc,item_info.arc,5794
0,,,,ui\00_message\common\item_info.gmd,\ui\item_info.arc,item_info.arc,5795
0,,,,ui\00_message\common\item_info.gmd,\ui\item_info.arc,item_info.arc,5796
0,,,,ui\00_message\common\item_info.gmd,\ui\item_info.arc,item_info.arc,5797
0,,,,ui\00_message\common\item_info.gmd,\ui\item_info.arc,item_info.arc,5798
0,,,,ui\00_message\common\item_info.gmd,\ui\item_info.arc,item_info.arc,5799
0,,,,ui\00_message\common\item_info.gmd,\ui\item_info.arc,item_info.arc,5800
0,,,,ui\00_message\common\item_info.gmd,\ui\item_info.arc,item_info.arc,5801
0,,,,ui\00_message\common\item_info.gmd,\ui\item_info.arc,item_info.arc,5802
0,,,,ui\00_message\common\item_info.gmd,\ui\item_info.arc,item_info.arc,5803
0,,,,ui\00_message\common\item_info.gmd,\ui\item_info.arc,item_info.arc,5804
0,,,,ui\00_message\common\item_info.gmd,\ui\item_info.arc,item_info.arc,5805
0,,,,ui\00_message\common\item_info.gmd,\ui\item_info.arc,item_info.arc,5806
0,,,,ui\00_message\common\item_info.gmd,\ui\item_info.arc,item_info.arc,5807
0,,,,ui\00_message\common\item_info.gmd,\ui\item_info.arc,item_info.arc,5808
0,,,,ui\00_message\common\item_info.gmd,\ui\item_info.arc,item_info.arc,5809
0,,,,ui\00_message\common\item_info.gmd,\ui\item_info.arc,item_info.arc,5810
0,,,,ui\00_message\common\item_info.gmd,\ui\item_info.arc,item_info.arc,5811
0,,,,ui\00_message\common\item_info.gmd,\ui\item_info.arc,item_info.arc,5812
0,,,,ui\00_message\common\item_info.gmd,\ui\item_info.arc,item_info.arc,5813
0,,,,ui\00_message\common\item_info.gmd,\ui\item_info.arc,item_info.arc,5814
0,,,,ui\00_message\common\item_info.gmd,\ui\item_info.arc,item_info.arc,5815
0,,,,ui\00_message\common\item_info.gmd,\ui\item_info.arc,item_info.arc,5816
0,,,,ui\00_message\common\item_info.gmd,\ui\item_info.arc,item_info.arc,5817
0,,,,ui\00_message\common\item_info.gmd,\ui\item_info.arc,item_info.arc,5818
0,,,,ui\00_message\common\item_info.gmd,\ui\item_info.arc,item_info.arc,5819
0,,,,ui\00_message\common\item_info.gmd,\ui\item_info.arc,item_info.arc,5820
0,,,,ui\00_message\common\item_info.gmd,\ui\item_info.arc,item_info.arc,5821
0,,,,ui\00_message\common\item_info.gmd,\ui\item_info.arc,item_info.arc,5822
0,,,,ui\00_message\common\item_info.gmd,\ui\item_info.arc,item_info.arc,5823
0,,,,ui\00_message\common\item_info.gmd,\ui\item_info.arc,item_info.arc,5824
0,,,,ui\00_message\common\item_info.gmd,\ui\item_info.arc,item_info.arc,5825
0,,,,ui\00_message\common\item_info.gmd,\ui\item_info.arc,item_info.arc,5826
0,,,,ui\00_message\common\item_info.gmd,\ui\item_info.arc,item_info.arc,5827
0,,,,ui\00_message\common\item_info.gmd,\ui\item_info.arc,item_info.arc,5828
0,,,,ui\00_message\common\item_info.gmd,\ui\item_info.arc,item_info.arc,5829
0,,,,ui\00_message\common\item_info.gmd,\ui\item_info.arc,item_info.arc,5830
0,,,,ui\00_message\common\item_info.gmd,\ui\item_info.arc,item_info.arc,5831
0,,,,ui\00_message\common\item_info.gmd,\ui\item_info.arc,item_info.arc,5832
0,,,,ui\00_message\common\item_info.gmd,\ui\item_info.arc,item_info.arc,5833
0,,,,ui\00_message\common\item_info.gmd,\ui\item_info.arc,item_info.arc,5834
0,,,,ui\00_message\common\item_info.gmd,\ui\item_info.arc,item_info.arc,5835
0,,,,ui\00_message\common\item_info.gmd,\ui\item_info.arc,item_info.arc,5836
0,,,,ui\00_message\common\item_info.gmd,\ui\item_info.arc,item_info.arc,5837
0,,,,ui\00_message\common\item_info.gmd,\ui\item_info.arc,item_info.arc,5838
0,,,,ui\00_message\common\item_info.gmd,\ui\item_info.arc,item_info.arc,5839
0,,,,ui\00_message\common\item_info.gmd,\ui\item_info.arc,item_info.arc,5840
0,,,,ui\00_message\common\item_info.gmd,\ui\item_info.arc,item_info.arc,5841
0,,,,ui\00_message\common\item_info.gmd,\ui\item_info.arc,item_info.arc,5842
0,,,,ui\00_message\common\item_info.gmd,\ui\item_info.arc,item_info.arc,5843
0,,,,ui\00_message\common\item_info.gmd,\ui\item_info.arc,item_info.arc,5844
0,,,,ui\00_message\common\item_info.gmd,\ui\item_info.arc,item_info.arc,5845
0,,,,ui\00_message\common\item_info.gmd,\ui\item_info.arc,item_info.arc,5846
0,,,,ui\00_message\common\item_info.gmd,\ui\item_info.arc,item_info.arc,5847
0,,,,ui\00_message\common\item_info.gmd,\ui\item_info.arc,item_info.arc,5848
0,,,,ui\00_message\common\item_info.gmd,\ui\item_info.arc,item_info.arc,5849
0,,,,ui\00_message\common\item_info.gmd,\ui\item_info.arc,item_info.arc,5850
0,,,,ui\00_message\common\item_info.gmd,\ui\item_info.arc,item_info.arc,5851
0,,,,ui\00_message\common\item_info.gmd,\ui\item_info.arc,item_info.arc,5852
0,,,,ui\00_message\common\item_info.gmd,\ui\item_info.arc,item_info.arc,5853
0,,,,ui\00_message\common\item_info.gmd,\ui\item_info.arc,item_info.arc,5854
0,,,,ui\00_message\common\item_info.gmd,\ui\item_info.arc,item_info.arc,5855
0,,,,ui\00_message\common\item_info.gmd,\ui\item_info.arc,item_info.arc,5856
0,,,,ui\00_message\common\item_info.gmd,\ui\item_info.arc,item_info.arc,5857
0,,,,ui\00_message\common\item_info.gmd,\ui\item_info.arc,item_info.arc,5858
0,,,,ui\00_message\common\item_info.gmd,\ui\item_info.arc,item_info.arc,5859
0,,,,ui\00_message\common\item_info.gmd,\ui\item_info.arc,item_info.arc,5860
0,,,,ui\00_message\common\item_info.gmd,\ui\item_info.arc,item_info.arc,5861
0,,,,ui\00_message\common\item_info.gmd,\ui\item_info.arc,item_info.arc,5862
0,,,,ui\00_message\common\item_info.gmd,\ui\item_info.arc,item_info.arc,5863
0,,,,ui\00_message\common\item_info.gmd,\ui\item_info.arc,item_info.arc,5864
0,,,,ui\00_message\common\item_info.gmd,\ui\item_info.arc,item_info.arc,5865
0,,,,ui\00_message\common\item_info.gmd,\ui\item_info.arc,item_info.arc,5866
0,,,,ui\00_message\common\item_info.gmd,\ui\item_info.arc,item_info.arc,5867
0,,,,ui\00_message\common\item_info.gmd,\ui\item_info.arc,item_info.arc,5868
0,,,,ui\00_message\common\item_info.gmd,\ui\item_info.arc,item_info.arc,5869
0,,,,ui\00_message\common\item_info.gmd,\ui\item_info.arc,item_info.arc,5870
0,,,,ui\00_message\common\item_info.gmd,\ui\item_info.arc,item_info.arc,5871
0,,,,ui\00_message\common\item_info.gmd,\ui\item_info.arc,item_info.arc,5872
0,,,,ui\00_message\common\item_info.gmd,\ui\item_info.arc,item_info.arc,5873
0,,,,ui\00_message\common\item_info.gmd,\ui\item_info.arc,item_info.arc,5874
0,,,,ui\00_message\common\item_info.gmd,\ui\item_info.arc,item_info.arc,5875
0,,,,ui\00_message\common\item_info.gmd,\ui\item_info.arc,item_info.arc,5876
0,,,,ui\00_message\common\item_info.gmd,\ui\item_info.arc,item_info.arc,5877
0,,,,ui\00_message\common\item_info.gmd,\ui\item_info.arc,item_info.arc,5878
0,,,,ui\00_message\common\item_info.gmd,\ui\item_info.arc,item_info.arc,5879
0,,,,ui\00_message\common\item_info.gmd,\ui\item_info.arc,item_info.arc,5880
0,,,,ui\00_message\common\item_info.gmd,\ui\item_info.arc,item_info.arc,5881
0,,,,ui\00_message\common\item_info.gmd,\ui\item_info.arc,item_info.arc,5882
0,,,,ui\00_message\common\item_info.gmd,\ui\item_info.arc,item_info.arc,5883
0,,,,ui\00_message\common\item_info.gmd,\ui\item_info.arc,item_info.arc,5884
0,,,,ui\00_message\common\item_info.gmd,\ui\item_info.arc,item_info.arc,5885
0,,,,ui\00_message\common\item_info.gmd,\ui\item_info.arc,item_info.arc,5886
0,,,,ui\00_message\common\item_info.gmd,\ui\item_info.arc,item_info.arc,5887
0,,,,ui\00_message\common\item_info.gmd,\ui\item_info.arc,item_info.arc,5888
0,,,,ui\00_message\common\item_info.gmd,\ui\item_info.arc,item_info.arc,5889
0,,,,ui\00_message\common\item_info.gmd,\ui\item_info.arc,item_info.arc,5890
0,,,,ui\00_message\common\item_info.gmd,\ui\item_info.arc,item_info.arc,5891
0,,,,ui\00_message\common\item_info.gmd,\ui\item_info.arc,item_info.arc,5892
0,,,,ui\00_message\common\item_info.gmd,\ui\item_info.arc,item_info.arc,5893
0,,,,ui\00_message\common\item_info.gmd,\ui\item_info.arc,item_info.arc,5894
0,,,,ui\00_message\common\item_info.gmd,\ui\item_info.arc,item_info.arc,5895
0,,,,ui\00_message\common\item_info.gmd,\ui\item_info.arc,item_info.arc,5896
0,,,,ui\00_message\common\item_info.gmd,\ui\item_info.arc,item_info.arc,5897
0,,,,ui\00_message\common\item_info.gmd,\ui\item_info.arc,item_info.arc,5898
0,,,,ui\00_message\common\item_info.gmd,\ui\item_info.arc,item_info.arc,5899
0,,,,ui\00_message\common\item_info.gmd,\ui\item_info.arc,item_info.arc,5900
0,,,,ui\00_message\common\item_info.gmd,\ui\item_info.arc,item_info.arc,5901
0,,,,ui\00_message\common\item_info.gmd,\ui\item_info.arc,item_info.arc,5902
0,,,,ui\00_message\common\item_info.gmd,\ui\item_info.arc,item_info.arc,5903
0,,,,ui\00_message\common\item_info.gmd,\ui\item_info.arc,item_info.arc,5904
0,,,,ui\00_message\common\item_info.gmd,\ui\item_info.arc,item_info.arc,5905
0,,,,ui\00_message\common\item_info.gmd,\ui\item_info.arc,item_info.arc,5906
0,,,,ui\00_message\common\item_info.gmd,\ui\item_info.arc,item_info.arc,5907
0,,,,ui\00_message\common\item_info.gmd,\ui\item_info.arc,item_info.arc,5908
0,,,,ui\00_message\common\item_info.gmd,\ui\item_info.arc,item_info.arc,5909
0,,,,ui\00_message\common\item_info.gmd,\ui\item_info.arc,item_info.arc,5910
0,,,,ui\00_message\common\item_info.gmd,\ui\item_info.arc,item_info.arc,5911
0,,,,ui\00_message\common\item_info.gmd,\ui\item_info.arc,item_info.arc,5912
0,,,,ui\00_message\common\item_info.gmd,\ui\item_info.arc,item_info.arc,5913
0,,,,ui\00_message\common\item_info.gmd,\ui\item_info.arc,item_info.arc,5914
0,,,,ui\00_message\common\item_info.gmd,\ui\item_info.arc,item_info.arc,5915
0,,,,ui\00_message\common\item_info.gmd,\ui\item_info.arc,item_info.arc,5916
0,,,,ui\00_message\common\item_info.gmd,\ui\item_info.arc,item_info.arc,5917
0,,,,ui\00_message\common\item_info.gmd,\ui\item_info.arc,item_info.arc,5918
0,,,,ui\00_message\common\item_info.gmd,\ui\item_info.arc,item_info.arc,5919
0,,,,ui\00_message\common\item_info.gmd,\ui\item_info.arc,item_info.arc,5920
0,,,,ui\00_message\common\item_info.gmd,\ui\item_info.arc,item_info.arc,5921
0,,,,ui\00_message\common\item_info.gmd,\ui\item_info.arc,item_info.arc,5922
0,,,,ui\00_message\common\item_info.gmd,\ui\item_info.arc,item_info.arc,5923
0,,,,ui\00_message\common\item_info.gmd,\ui\item_info.arc,item_info.arc,5924
0,,,,ui\00_message\common\item_info.gmd,\ui\item_info.arc,item_info.arc,5925
0,,,,ui\00_message\common\item_info.gmd,\ui\item_info.arc,item_info.arc,5926
0,,,,ui\00_message\common\item_info.gmd,\ui\item_info.arc,item_info.arc,5927
0,,,,ui\00_message\common\item_info.gmd,\ui\item_info.arc,item_info.arc,5928
0,,,,ui\00_message\common\item_info.gmd,\ui\item_info.arc,item_info.arc,5929
0,,,,ui\00_message\common\item_info.gmd,\ui\item_info.arc,item_info.arc,5930
0,,,,ui\00_message\common\item_info.gmd,\ui\item_info.arc,item_info.arc,5931
0,,,,ui\00_message\common\item_info.gmd,\ui\item_info.arc,item_info.arc,5932
0,,,,ui\00_message\common\item_info.gmd,\ui\item_info.arc,item_info.arc,5933
0,,,,ui\00_message\common\item_info.gmd,\ui\item_info.arc,item_info.arc,5934
0,,,,ui\00_message\common\item_info.gmd,\ui\item_info.arc,item_info.arc,5935
0,,,,ui\00_message\common\item_info.gmd,\ui\item_info.arc,item_info.arc,5936
0,,,,ui\00_message\common\item_info.gmd,\ui\item_info.arc,item_info.arc,5937
0,,,,ui\00_message\common\item_info.gmd,\ui\item_info.arc,item_info.arc,5938
0,,,,ui\00_message\common\item_info.gmd,\ui\item_info.arc,item_info.arc,5939
0,,,,ui\00_message\common\item_info.gmd,\ui\item_info.arc,item_info.arc,5940
0,,,,ui\00_message\common\item_info.gmd,\ui\item_info.arc,item_info.arc,5941
0,,,,ui\00_message\common\item_info.gmd,\ui\item_info.arc,item_info.arc,5942
0,,,,ui\00_message\common\item_info.gmd,\ui\item_info.arc,item_info.arc,5943
0,,,,ui\00_message\common\item_info.gmd,\ui\item_info.arc,item_info.arc,5944
0,,,,ui\00_message\common\item_info.gmd,\ui\item_info.arc,item_info.arc,5945
0,,,,ui\00_message\common\item_info.gmd,\ui\item_info.arc,item_info.arc,5946
0,,,,ui\00_message\common\item_info.gmd,\ui\item_info.arc,item_info.arc,5947
0,,,,ui\00_message\common\item_info.gmd,\ui\item_info.arc,item_info.arc,5948
0,,,,ui\00_message\common\item_info.gmd,\ui\item_info.arc,item_info.arc,5949
0,,,,ui\00_message\common\item_info.gmd,\ui\item_info.arc,item_info.arc,5950
0,,,,ui\00_message\common\item_info.gmd,\ui\item_info.arc,item_info.arc,5951
0,,,,ui\00_message\common\item_info.gmd,\ui\item_info.arc,item_info.arc,5952
0,,,,ui\00_message\common\item_info.gmd,\ui\item_info.arc,item_info.arc,5953
0,,,,ui\00_message\common\item_info.gmd,\ui\item_info.arc,item_info.arc,5954
0,,,,ui\00_message\common\item_info.gmd,\ui\item_info.arc,item_info.arc,5955
0,,,,ui\00_message\common\item_info.gmd,\ui\item_info.arc,item_info.arc,5956
0,,,,ui\00_message\common\item_info.gmd,\ui\item_info.arc,item_info.arc,5957
0,,,,ui\00_message\common\item_info.gmd,\ui\item_info.arc,item_info.arc,5958
0,,,,ui\00_message\common\item_info.gmd,\ui\item_info.arc,item_info.arc,5959
0,,,,ui\00_message\common\item_info.gmd,\ui\item_info.arc,item_info.arc,5960
0,,,,ui\00_message\common\item_info.gmd,\ui\item_info.arc,item_info.arc,5961
0,,,,ui\00_message\common\item_info.gmd,\ui\item_info.arc,item_info.arc,5962
0,,,,ui\00_message\common\item_info.gmd,\ui\item_info.arc,item_info.arc,5963
0,,,,ui\00_message\common\item_info.gmd,\ui\item_info.arc,item_info.arc,5964
0,,,,ui\00_message\common\item_info.gmd,\ui\item_info.arc,item_info.arc,5965
0,,,,ui\00_message\common\item_info.gmd,\ui\item_info.arc,item_info.arc,5966
0,,,,ui\00_message\common\item_info.gmd,\ui\item_info.arc,item_info.arc,5967
0,,,,ui\00_message\common\item_info.gmd,\ui\item_info.arc,item_info.arc,5968
0,,,,ui\00_message\common\item_info.gmd,\ui\item_info.arc,item_info.arc,5969
0,,,,ui\00_message\common\item_info.gmd,\ui\item_info.arc,item_info.arc,5970
0,,,,ui\00_message\common\item_info.gmd,\ui\item_info.arc,item_info.arc,5971
0,,,,ui\00_message\common\item_info.gmd,\ui\item_info.arc,item_info.arc,5972
0,,,,ui\00_message\common\item_info.gmd,\ui\item_info.arc,item_info.arc,5973
0,,,,ui\00_message\common\item_info.gmd,\ui\item_info.arc,item_info.arc,5974
0,,,,ui\00_message\common\item_info.gmd,\ui\item_info.arc,item_info.arc,5975
0,,,,ui\00_message\common\item_info.gmd,\ui\item_info.arc,item_info.arc,5976
0,,,,ui\00_message\common\item_info.gmd,\ui\item_info.arc,item_info.arc,5977
0,,,,ui\00_message\common\item_info.gmd,\ui\item_info.arc,item_info.arc,5978
0,,,,ui\00_message\common\item_info.gmd,\ui\item_info.arc,item_info.arc,5979
0,,,,ui\00_message\common\item_info.gmd,\ui\item_info.arc,item_info.arc,5980
0,,,,ui\00_message\common\item_info.gmd,\ui\item_info.arc,item_info.arc,5981
0,,,,ui\00_message\common\item_info.gmd,\ui\item_info.arc,item_info.arc,5982
0,,,,ui\00_message\common\item_info.gmd,\ui\item_info.arc,item_info.arc,5983
0,,,,ui\00_message\common\item_info.gmd,\ui\item_info.arc,item_info.arc,5984
0,,,,ui\00_message\common\item_info.gmd,\ui\item_info.arc,item_info.arc,5985
0,,,,ui\00_message\common\item_info.gmd,\ui\item_info.arc,item_info.arc,5986
0,,,,ui\00_message\common\item_info.gmd,\ui\item_info.arc,item_info.arc,5987
0,,,,ui\00_message\common\item_info.gmd,\ui\item_info.arc,item_info.arc,5988
0,,,,ui\00_message\common\item_info.gmd,\ui\item_info.arc,item_info.arc,5989
0,,,,ui\00_message\common\item_info.gmd,\ui\item_info.arc,item_info.arc,5990
0,,,,ui\00_message\common\item_info.gmd,\ui\item_info.arc,item_info.arc,5991
0,,,,ui\00_message\common\item_info.gmd,\ui\item_info.arc,item_info.arc,5992
0,,,,ui\00_message\common\item_info.gmd,\ui\item_info.arc,item_info.arc,5993
0,,,,ui\00_message\common\item_info.gmd,\ui\item_info.arc,item_info.arc,5994
0,,,,ui\00_message\common\item_info.gmd,\ui\item_info.arc,item_info.arc,5995
0,,,,ui\00_message\common\item_info.gmd,\ui\item_info.arc,item_info.arc,5996
0,,,,ui\00_message\common\item_info.gmd,\ui\item_info.arc,item_info.arc,5997
0,,,,ui\00_message\common\item_info.gmd,\ui\item_info.arc,item_info.arc,5998
0,,,,ui\00_message\common\item_info.gmd,\ui\item_info.arc,item_info.arc,5999
0,,,,ui\00_message\common\item_info.gmd,\ui\item_info.arc,item_info.arc,6000
0,,,,ui\00_message\common\item_info.gmd,\ui\item_info.arc,item_info.arc,6001
0,,,,ui\00_message\common\item_info.gmd,\ui\item_info.arc,item_info.arc,6002
0,,,,ui\00_message\common\item_info.gmd,\ui\item_info.arc,item_info.arc,6003
0,,,,ui\00_message\common\item_info.gmd,\ui\item_info.arc,item_info.arc,6004
0,,,,ui\00_message\common\item_info.gmd,\ui\item_info.arc,item_info.arc,6005
0,,,,ui\00_message\common\item_info.gmd,\ui\item_info.arc,item_info.arc,6006
0,,,,ui\00_message\common\item_info.gmd,\ui\item_info.arc,item_info.arc,6007
0,,,,ui\00_message\common\item_info.gmd,\ui\item_info.arc,item_info.arc,6008
0,,,,ui\00_message\common\item_info.gmd,\ui\item_info.arc,item_info.arc,6009
0,,,,ui\00_message\common\item_info.gmd,\ui\item_info.arc,item_info.arc,6010
0,,,,ui\00_message\common\item_info.gmd,\ui\item_info.arc,item_info.arc,6011
0,,,,ui\00_message\common\item_info.gmd,\ui\item_info.arc,item_info.arc,6012
0,,,,ui\00_message\common\item_info.gmd,\ui\item_info.arc,item_info.arc,6013
0,,,,ui\00_message\common\item_info.gmd,\ui\item_info.arc,item_info.arc,6014
0,,,,ui\00_message\common\item_info.gmd,\ui\item_info.arc,item_info.arc,6015
0,,,,ui\00_message\common\item_info.gmd,\ui\item_info.arc,item_info.arc,6016
0,,,,ui\00_message\common\item_info.gmd,\ui\item_info.arc,item_info.arc,6017
0,,,,ui\00_message\common\item_info.gmd,\ui\item_info.arc,item_info.arc,6018
0,,,,ui\00_message\common\item_info.gmd,\ui\item_info.arc,item_info.arc,6019
0,,,,ui\00_message\common\item_info.gmd,\ui\item_info.arc,item_info.arc,6020
0,,,,ui\00_message\common\item_info.gmd,\ui\item_info.arc,item_info.arc,6021
0,,,,ui\00_message\common\item_info.gmd,\ui\item_info.arc,item_info.arc,6022
0,,,,ui\00_message\common\item_info.gmd,\ui\item_info.arc,item_info.arc,6023
0,,,,ui\00_message\common\item_info.gmd,\ui\item_info.arc,item_info.arc,6024
0,,,,ui\00_message\common\item_info.gmd,\ui\item_info.arc,item_info.arc,6025
0,,,,ui\00_message\common\item_info.gmd,\ui\item_info.arc,item_info.arc,6026
0,,,,ui\00_message\common\item_info.gmd,\ui\item_info.arc,item_info.arc,6027
0,,,,ui\00_message\common\item_info.gmd,\ui\item_info.arc,item_info.arc,6028
0,,,,ui\00_message\common\item_info.gmd,\ui\item_info.arc,item_info.arc,6029
0,,,,ui\00_message\common\item_info.gmd,\ui\item_info.arc,item_info.arc,6030
0,,,,ui\00_message\common\item_info.gmd,\ui\item_info.arc,item_info.arc,6031
0,,,,ui\00_message\common\item_info.gmd,\ui\item_info.arc,item_info.arc,6032
0,,,,ui\00_message\common\item_info.gmd,\ui\item_info.arc,item_info.arc,6033
0,,,,ui\00_message\common\item_info.gmd,\ui\item_info.arc,item_info.arc,6034
0,,,,ui\00_message\common\item_info.gmd,\ui\item_info.arc,item_info.arc,6035
0,,,,ui\00_message\common\item_info.gmd,\ui\item_info.arc,item_info.arc,6036
0,,,,ui\00_message\common\item_info.gmd,\ui\item_info.arc,item_info.arc,6037
0,,,,ui\00_message\common\item_info.gmd,\ui\item_info.arc,item_info.arc,6038
0,,,,ui\00_message\common\item_info.gmd,\ui\item_info.arc,item_info.arc,6039
0,,,,ui\00_message\common\item_info.gmd,\ui\item_info.arc,item_info.arc,6040
0,,,,ui\00_message\common\item_info.gmd,\ui\item_info.arc,item_info.arc,6041
0,,,,ui\00_message\common\item_info.gmd,\ui\item_info.arc,item_info.arc,6042
0,,,,ui\00_message\common\item_info.gmd,\ui\item_info.arc,item_info.arc,6043
0,,,,ui\00_message\common\item_info.gmd,\ui\item_info.arc,item_info.arc,6044
0,,,,ui\00_message\common\item_info.gmd,\ui\item_info.arc,item_info.arc,6045
0,,,,ui\00_message\common\item_info.gmd,\ui\item_info.arc,item_info.arc,6046
0,,,,ui\00_message\common\item_info.gmd,\ui\item_info.arc,item_info.arc,6047
0,,,,ui\00_message\common\item_info.gmd,\ui\item_info.arc,item_info.arc,6048
0,,,,ui\00_message\common\item_info.gmd,\ui\item_info.arc,item_info.arc,6049
0,,,,ui\00_message\common\item_info.gmd,\ui\item_info.arc,item_info.arc,6050
0,,,,ui\00_message\common\item_info.gmd,\ui\item_info.arc,item_info.arc,6051
0,,,,ui\00_message\common\item_info.gmd,\ui\item_info.arc,item_info.arc,6052
0,,,,ui\00_message\common\item_info.gmd,\ui\item_info.arc,item_info.arc,6053
0,,,,ui\00_message\common\item_info.gmd,\ui\item_info.arc,item_info.arc,6054
0,,,,ui\00_message\common\item_info.gmd,\ui\item_info.arc,item_info.arc,6055
0,,,,ui\00_message\common\item_info.gmd,\ui\item_info.arc,item_info.arc,6056
0,,,,ui\00_message\common\item_info.gmd,\ui\item_info.arc,item_info.arc,6057
0,,,,ui\00_message\common\item_info.gmd,\ui\item_info.arc,item_info.arc,6058
0,,,,ui\00_message\common\item_info.gmd,\ui\item_info.arc,item_info.arc,6059
0,,,,ui\00_message\common\item_info.gmd,\ui\item_info.arc,item_info.arc,6060
0,,,,ui\00_message\common\item_info.gmd,\ui\item_info.arc,item_info.arc,6061
0,,,,ui\00_message\common\item_info.gmd,\ui\item_info.arc,item_info.arc,6062
0,,,,ui\00_message\common\item_info.gmd,\ui\item_info.arc,item_info.arc,6063
0,,,,ui\00_message\common\item_info.gmd,\ui\item_info.arc,item_info.arc,6064
0,,,,ui\00_message\common\item_info.gmd,\ui\item_info.arc,item_info.arc,6065
0,,,,ui\00_message\common\item_info.gmd,\ui\item_info.arc,item_info.arc,6066
0,,,,ui\00_message\common\item_info.gmd,\ui\item_info.arc,item_info.arc,6067
0,,,,ui\00_message\common\item_info.gmd,\ui\item_info.arc,item_info.arc,6068
0,,,,ui\00_message\common\item_info.gmd,\ui\item_info.arc,item_info.arc,6069
0,,,,ui\00_message\common\item_info.gmd,\ui\item_info.arc,item_info.arc,6070
0,,,,ui\00_message\common\item_info.gmd,\ui\item_info.arc,item_info.arc,6071
0,,,,ui\00_message\common\item_info.gmd,\ui\item_info.arc,item_info.arc,6072
0,,,,ui\00_message\common\item_info.gmd,\ui\item_info.arc,item_info.arc,6073
0,,,,ui\00_message\common\item_info.gmd,\ui\item_info.arc,item_info.arc,6074
0,,,,ui\00_message\common\item_info.gmd,\ui\item_info.arc,item_info.arc,6075
0,,,,ui\00_message\common\item_info.gmd,\ui\item_info.arc,item_info.arc,6076
0,,,,ui\00_message\common\item_info.gmd,\ui\item_info.arc,item_info.arc,6077
0,,,,ui\00_message\common\item_info.gmd,\ui\item_info.arc,item_info.arc,6078
0,,,,ui\00_message\common\item_info.gmd,\ui\item_info.arc,item_info.arc,6079
0,,,,ui\00_message\common\item_info.gmd,\ui\item_info.arc,item_info.arc,6080
0,,,,ui\00_message\common\item_info.gmd,\ui\item_info.arc,item_info.arc,6081
0,,,,ui\00_message\common\item_info.gmd,\ui\item_info.arc,item_info.arc,6082
0,,,,ui\00_message\common\item_info.gmd,\ui\item_info.arc,item_info.arc,6083
0,,,,ui\00_message\common\item_info.gmd,\ui\item_info.arc,item_info.arc,6084
0,,,,ui\00_message\common\item_info.gmd,\ui\item_info.arc,item_info.arc,6085
0,,,,ui\00_message\common\item_info.gmd,\ui\item_info.arc,item_info.arc,6086
0,,,,ui\00_message\common\item_info.gmd,\ui\item_info.arc,item_info.arc,6087
0,,,,ui\00_message\common\item_info.gmd,\ui\item_info.arc,item_info.arc,6088
0,,,,ui\00_message\common\item_info.gmd,\ui\item_info.arc,item_info.arc,6089
0,,,,ui\00_message\common\item_info.gmd,\ui\item_info.arc,item_info.arc,6090
0,,,,ui\00_message\common\item_info.gmd,\ui\item_info.arc,item_info.arc,6091
0,,,,ui\00_message\common\item_info.gmd,\ui\item_info.arc,item_info.arc,6092
0,,,,ui\00_message\common\item_info.gmd,\ui\item_info.arc,item_info.arc,6093
0,,,,ui\00_message\common\item_info.gmd,\ui\item_info.arc,item_info.arc,6094
0,,,,ui\00_message\common\item_info.gmd,\ui\item_info.arc,item_info.arc,6095
0,,,,ui\00_message\common\item_info.gmd,\ui\item_info.arc,item_info.arc,6096
0,,,,ui\00_message\common\item_info.gmd,\ui\item_info.arc,item_info.arc,6097
0,,,,ui\00_message\common\item_info.gmd,\ui\item_info.arc,item_info.arc,6098
0,,,,ui\00_message\common\item_info.gmd,\ui\item_info.arc,item_info.arc,6099
0,,,,ui\00_message\common\item_info.gmd,\ui\item_info.arc,item_info.arc,6100
0,,,,ui\00_message\common\item_info.gmd,\ui\item_info.arc,item_info.arc,6101
0,,,,ui\00_message\common\item_info.gmd,\ui\item_info.arc,item_info.arc,6102
0,,,,ui\00_message\common\item_info.gmd,\ui\item_info.arc,item_info.arc,6103
0,,,,ui\00_message\common\item_info.gmd,\ui\item_info.arc,item_info.arc,6104
0,,,,ui\00_message\common\item_info.gmd,\ui\item_info.arc,item_info.arc,6105
0,,,,ui\00_message\common\item_info.gmd,\ui\item_info.arc,item_info.arc,6106
0,,,,ui\00_message\common\item_info.gmd,\ui\item_info.arc,item_info.arc,6107
0,,,,ui\00_message\common\item_info.gmd,\ui\item_info.arc,item_info.arc,6108
0,,,,ui\00_message\common\item_info.gmd,\ui\item_info.arc,item_info.arc,6109
0,,,,ui\00_message\common\item_info.gmd,\ui\item_info.arc,item_info.arc,6110
0,,,,ui\00_message\common\item_info.gmd,\ui\item_info.arc,item_info.arc,6111
0,,,,ui\00_message\common\item_info.gmd,\ui\item_info.arc,item_info.arc,6112
0,,,,ui\00_message\common\item_info.gmd,\ui\item_info.arc,item_info.arc,6113
0,,,,ui\00_message\common\item_info.gmd,\ui\item_info.arc,item_info.arc,6114
0,,,,ui\00_message\common\item_info.gmd,\ui\item_info.arc,item_info.arc,6115
0,,,,ui\00_message\common\item_info.gmd,\ui\item_info.arc,item_info.arc,6116
0,,,,ui\00_message\common\item_info.gmd,\ui\item_info.arc,item_info.arc,6117
0,,,,ui\00_message\common\item_info.gmd,\ui\item_info.arc,item_info.arc,6118
0,,,,ui\00_message\common\item_info.gmd,\ui\item_info.arc,item_info.arc,6119
0,,,,ui\00_message\common\item_info.gmd,\ui\item_info.arc,item_info.arc,6120
0,,,,ui\00_message\common\item_info.gmd,\ui\item_info.arc,item_info.arc,6121
0,,,,ui\00_message\common\item_info.gmd,\ui\item_info.arc,item_info.arc,6122
0,,,,ui\00_message\common\item_info.gmd,\ui\item_info.arc,item_info.arc,6123
0,,,,ui\00_message\common\item_info.gmd,\ui\item_info.arc,item_info.arc,6124
0,,,,ui\00_message\common\item_info.gmd,\ui\item_info.arc,item_info.arc,6125
0,,,,ui\00_message\common\item_info.gmd,\ui\item_info.arc,item_info.arc,6126
0,,,,ui\00_message\common\item_info.gmd,\ui\item_info.arc,item_info.arc,6127
0,,,,ui\00_message\common\item_info.gmd,\ui\item_info.arc,item_info.arc,6128
0,,,,ui\00_message\common\item_info.gmd,\ui\item_info.arc,item_info.arc,6129
0,,,,ui\00_message\common\item_info.gmd,\ui\item_info.arc,item_info.arc,6130
0,,,,ui\00_message\common\item_info.gmd,\ui\item_info.arc,item_info.arc,6131
0,,,,ui\00_message\common\item_info.gmd,\ui\item_info.arc,item_info.arc,6132
0,,,,ui\00_message\common\item_info.gmd,\ui\item_info.arc,item_info.arc,6133
0,,,,ui\00_message\common\item_info.gmd,\ui\item_info.arc,item_info.arc,6134
0,,,,ui\00_message\common\item_info.gmd,\ui\item_info.arc,item_info.arc,6135
0,,,,ui\00_message\common\item_info.gmd,\ui\item_info.arc,item_info.arc,6136
0,,,,ui\00_message\common\item_info.gmd,\ui\item_info.arc,item_info.arc,6137
0,,,,ui\00_message\common\item_info.gmd,\ui\item_info.arc,item_info.arc,6138
0,,,,ui\00_message\common\item_info.gmd,\ui\item_info.arc,item_info.arc,6139
0,,,,ui\00_message\common\item_info.gmd,\ui\item_info.arc,item_info.arc,6140
0,,,,ui\00_message\common\item_info.gmd,\ui\item_info.arc,item_info.arc,6141
0,,,,ui\00_message\common\item_info.gmd,\ui\item_info.arc,item_info.arc,6142
0,,,,ui\00_message\common\item_info.gmd,\ui\item_info.arc,item_info.arc,6143
0,,,,ui\00_message\common\item_info.gmd,\ui\item_info.arc,item_info.arc,6144
0,,,,ui\00_message\common\item_info.gmd,\ui\item_info.arc,item_info.arc,6145
0,,,,ui\00_message\common\item_info.gmd,\ui\item_info.arc,item_info.arc,6146
0,,,,ui\00_message\common\item_info.gmd,\ui\item_info.arc,item_info.arc,6147
0,,,,ui\00_message\common\item_info.gmd,\ui\item_info.arc,item_info.arc,6148
0,,,,ui\00_message\common\item_info.gmd,\ui\item_info.arc,item_info.arc,6149
0,,,,ui\00_message\common\item_info.gmd,\ui\item_info.arc,item_info.arc,6150
0,,,,ui\00_message\common\item_info.gmd,\ui\item_info.arc,item_info.arc,6151
0,,,,ui\00_message\common\item_info.gmd,\ui\item_info.arc,item_info.arc,6152
0,,,,ui\00_message\common\item_info.gmd,\ui\item_info.arc,item_info.arc,6153
0,,,,ui\00_message\common\item_info.gmd,\ui\item_info.arc,item_info.arc,6154
0,,,,ui\00_message\common\item_info.gmd,\ui\item_info.arc,item_info.arc,6155
0,,,,ui\00_message\common\item_info.gmd,\ui\item_info.arc,item_info.arc,6156
0,,,,ui\00_message\common\item_info.gmd,\ui\item_info.arc,item_info.arc,6157
0,,,,ui\00_message\common\item_info.gmd,\ui\item_info.arc,item_info.arc,6158
0,,,,ui\00_message\common\item_info.gmd,\ui\item_info.arc,item_info.arc,6159
0,,,,ui\00_message\common\item_info.gmd,\ui\item_info.arc,item_info.arc,6160
0,,,,ui\00_message\common\item_info.gmd,\ui\item_info.arc,item_info.arc,6161
0,,,,ui\00_message\common\item_info.gmd,\ui\item_info.arc,item_info.arc,6162
0,,,,ui\00_message\common\item_info.gmd,\ui\item_info.arc,item_info.arc,6163
0,,,,ui\00_message\common\item_info.gmd,\ui\item_info.arc,item_info.arc,6164
0,,,,ui\00_message\common\item_info.gmd,\ui\item_info.arc,item_info.arc,6165
0,,,,ui\00_message\common\item_info.gmd,\ui\item_info.arc,item_info.arc,6166
0,,,,ui\00_message\common\item_info.gmd,\ui\item_info.arc,item_info.arc,6167
0,,,,ui\00_message\common\item_info.gmd,\ui\item_info.arc,item_info.arc,6168
0,,,,ui\00_message\common\item_info.gmd,\ui\item_info.arc,item_info.arc,6169
0,,,,ui\00_message\common\item_info.gmd,\ui\item_info.arc,item_info.arc,6170
0,,,,ui\00_message\common\item_info.gmd,\ui\item_info.arc,item_info.arc,6171
0,,,,ui\00_message\common\item_info.gmd,\ui\item_info.arc,item_info.arc,6172
0,,,,ui\00_message\common\item_info.gmd,\ui\item_info.arc,item_info.arc,6173
0,,,,ui\00_message\common\item_info.gmd,\ui\item_info.arc,item_info.arc,6174
0,,,,ui\00_message\common\item_info.gmd,\ui\item_info.arc,item_info.arc,6175
0,,,,ui\00_message\common\item_info.gmd,\ui\item_info.arc,item_info.arc,6176
0,,,,ui\00_message\common\item_info.gmd,\ui\item_info.arc,item_info.arc,6177
0,,,,ui\00_message\common\item_info.gmd,\ui\item_info.arc,item_info.arc,6178
0,,,,ui\00_message\common\item_info.gmd,\ui\item_info.arc,item_info.arc,6179
0,,,,ui\00_message\common\item_info.gmd,\ui\item_info.arc,item_info.arc,6180
0,,,,ui\00_message\common\item_info.gmd,\ui\item_info.arc,item_info.arc,6181
0,,,,ui\00_message\common\item_info.gmd,\ui\item_info.arc,item_info.arc,6182
0,,,,ui\00_message\common\item_info.gmd,\ui\item_info.arc,item_info.arc,6183
0,,,,ui\00_message\common\item_info.gmd,\ui\item_info.arc,item_info.arc,6184
0,,,,ui\00_message\common\item_info.gmd,\ui\item_info.arc,item_info.arc,6185
0,,,,ui\00_message\common\item_info.gmd,\ui\item_info.arc,item_info.arc,6186
0,,,,ui\00_message\common\item_info.gmd,\ui\item_info.arc,item_info.arc,6187
0,,,,ui\00_message\common\item_info.gmd,\ui\item_info.arc,item_info.arc,6188
0,,,,ui\00_message\common\item_info.gmd,\ui\item_info.arc,item_info.arc,6189
0,,,,ui\00_message\common\item_info.gmd,\ui\item_info.arc,item_info.arc,6190
0,,,,ui\00_message\common\item_info.gmd,\ui\item_info.arc,item_info.arc,6191
0,,,,ui\00_message\common\item_info.gmd,\ui\item_info.arc,item_info.arc,6192
0,,,,ui\00_message\common\item_info.gmd,\ui\item_info.arc,item_info.arc,6193
0,,,,ui\00_message\common\item_info.gmd,\ui\item_info.arc,item_info.arc,6194
0,,,,ui\00_message\common\item_info.gmd,\ui\item_info.arc,item_info.arc,6195
0,,,,ui\00_message\common\item_info.gmd,\ui\item_info.arc,item_info.arc,6196
0,,,,ui\00_message\common\item_info.gmd,\ui\item_info.arc,item_info.arc,6197
0,,,,ui\00_message\common\item_info.gmd,\ui\item_info.arc,item_info.arc,6198
0,,,,ui\00_message\common\item_info.gmd,\ui\item_info.arc,item_info.arc,6199
0,,,,ui\00_message\common\item_info.gmd,\ui\item_info.arc,item_info.arc,6200
0,,,,ui\00_message\common\item_info.gmd,\ui\item_info.arc,item_info.arc,6201
0,,,,ui\00_message\common\item_info.gmd,\ui\item_info.arc,item_info.arc,6202
0,,,,ui\00_message\common\item_info.gmd,\ui\item_info.arc,item_info.arc,6203
0,,,,ui\00_message\common\item_info.gmd,\ui\item_info.arc,item_info.arc,6204
0,,,,ui\00_message\common\item_info.gmd,\ui\item_info.arc,item_info.arc,6205
0,,,,ui\00_message\common\item_info.gmd,\ui\item_info.arc,item_info.arc,6206
0,,,,ui\00_message\common\item_info.gmd,\ui\item_info.arc,item_info.arc,6207
0,,,,ui\00_message\common\item_info.gmd,\ui\item_info.arc,item_info.arc,6208
0,,,,ui\00_message\common\item_info.gmd,\ui\item_info.arc,item_info.arc,6209
0,,,,ui\00_message\common\item_info.gmd,\ui\item_info.arc,item_info.arc,6210
0,,,,ui\00_message\common\item_info.gmd,\ui\item_info.arc,item_info.arc,6211
0,,,,ui\00_message\common\item_info.gmd,\ui\item_info.arc,item_info.arc,6212
0,,,,ui\00_message\common\item_info.gmd,\ui\item_info.arc,item_info.arc,6213
0,,,,ui\00_message\common\item_info.gmd,\ui\item_info.arc,item_info.arc,6214
0,,,,ui\00_message\common\item_info.gmd,\ui\item_info.arc,item_info.arc,6215
0,,,,ui\00_message\common\item_info.gmd,\ui\item_info.arc,item_info.arc,6216
0,,,,ui\00_message\common\item_info.gmd,\ui\item_info.arc,item_info.arc,6217
0,,,,ui\00_message\common\item_info.gmd,\ui\item_info.arc,item_info.arc,6218
0,,,,ui\00_message\common\item_info.gmd,\ui\item_info.arc,item_info.arc,6219
0,,,,ui\00_message\common\item_info.gmd,\ui\item_info.arc,item_info.arc,6220
0,,,,ui\00_message\common\item_info.gmd,\ui\item_info.arc,item_info.arc,6221
0,,,,ui\00_message\common\item_info.gmd,\ui\item_info.arc,item_info.arc,6222
0,,,,ui\00_message\common\item_info.gmd,\ui\item_info.arc,item_info.arc,6223
0,,,,ui\00_message\common\item_info.gmd,\ui\item_info.arc,item_info.arc,6224
0,,,,ui\00_message\common\item_info.gmd,\ui\item_info.arc,item_info.arc,6225
0,,,,ui\00_message\common\item_info.gmd,\ui\item_info.arc,item_info.arc,6226
0,,,,ui\00_message\common\item_info.gmd,\ui\item_info.arc,item_info.arc,6227
0,,,,ui\00_message\common\item_info.gmd,\ui\item_info.arc,item_info.arc,6228
0,,,,ui\00_message\common\item_info.gmd,\ui\item_info.arc,item_info.arc,6229
0,,,,ui\00_message\common\item_info.gmd,\ui\item_info.arc,item_info.arc,6230
0,,,,ui\00_message\common\item_info.gmd,\ui\item_info.arc,item_info.arc,6231
0,,,,ui\00_message\common\item_info.gmd,\ui\item_info.arc,item_info.arc,6232
0,,,,ui\00_message\common\item_info.gmd,\ui\item_info.arc,item_info.arc,6233
0,,,,ui\00_message\common\item_info.gmd,\ui\item_info.arc,item_info.arc,6234
0,,,,ui\00_message\common\item_info.gmd,\ui\item_info.arc,item_info.arc,6235
0,,,,ui\00_message\common\item_info.gmd,\ui\item_info.arc,item_info.arc,6236
0,,,,ui\00_message\common\item_info.gmd,\ui\item_info.arc,item_info.arc,6237
0,,,,ui\00_message\common\item_info.gmd,\ui\item_info.arc,item_info.arc,6238
0,,,,ui\00_message\common\item_info.gmd,\ui\item_info.arc,item_info.arc,6239
0,,,,ui\00_message\common\item_info.gmd,\ui\item_info.arc,item_info.arc,6240
0,,,,ui\00_message\common\item_info.gmd,\ui\item_info.arc,item_info.arc,6241
0,,,,ui\00_message\common\item_info.gmd,\ui\item_info.arc,item_info.arc,6242
0,,,,ui\00_message\common\item_info.gmd,\ui\item_info.arc,item_info.arc,6243
0,,,,ui\00_message\common\item_info.gmd,\ui\item_info.arc,item_info.arc,6244
0,,,,ui\00_message\common\item_info.gmd,\ui\item_info.arc,item_info.arc,6245
0,,,,ui\00_message\common\item_info.gmd,\ui\item_info.arc,item_info.arc,6246
0,,,,ui\00_message\common\item_info.gmd,\ui\item_info.arc,item_info.arc,6247
0,,,,ui\00_message\common\item_info.gmd,\ui\item_info.arc,item_info.arc,6248
0,,,,ui\00_message\common\item_info.gmd,\ui\item_info.arc,item_info.arc,6249
0,,,,ui\00_message\common\item_info.gmd,\ui\item_info.arc,item_info.arc,6250
0,,,,ui\00_message\common\item_info.gmd,\ui\item_info.arc,item_info.arc,6251
0,,,,ui\00_message\common\item_info.gmd,\ui\item_info.arc,item_info.arc,6252
0,,,,ui\00_message\common\item_info.gmd,\ui\item_info.arc,item_info.arc,6253
0,,,,ui\00_message\common\item_info.gmd,\ui\item_info.arc,item_info.arc,6254
0,,,,ui\00_message\common\item_info.gmd,\ui\item_info.arc,item_info.arc,6255
0,,,,ui\00_message\common\item_info.gmd,\ui\item_info.arc,item_info.arc,6256
0,,,,ui\00_message\common\item_info.gmd,\ui\item_info.arc,item_info.arc,6257
0,,,,ui\00_message\common\item_info.gmd,\ui\item_info.arc,item_info.arc,6258
0,,,,ui\00_message\common\item_info.gmd,\ui\item_info.arc,item_info.arc,6259
0,,,,ui\00_message\common\item_info.gmd,\ui\item_info.arc,item_info.arc,6260
0,,,,ui\00_message\common\item_info.gmd,\ui\item_info.arc,item_info.arc,6261
0,,,,ui\00_message\common\item_info.gmd,\ui\item_info.arc,item_info.arc,6262
0,,,,ui\00_message\common\item_info.gmd,\ui\item_info.arc,item_info.arc,6263
0,,,,ui\00_message\common\item_info.gmd,\ui\item_info.arc,item_info.arc,6264
0,,,,ui\00_message\common\item_info.gmd,\ui\item_info.arc,item_info.arc,6265
0,,,,ui\00_message\common\item_info.gmd,\ui\item_info.arc,item_info.arc,6266
0,,,,ui\00_message\common\item_info.gmd,\ui\item_info.arc,item_info.arc,6267
0,,,,ui\00_message\common\item_info.gmd,\ui\item_info.arc,item_info.arc,6268
0,,,,ui\00_message\common\item_info.gmd,\ui\item_info.arc,item_info.arc,6269
0,,,,ui\00_message\common\item_info.gmd,\ui\item_info.arc,item_info.arc,6270
0,,,,ui\00_message\common\item_info.gmd,\ui\item_info.arc,item_info.arc,6271
0,,,,ui\00_message\common\item_info.gmd,\ui\item_info.arc,item_info.arc,6272
0,,,,ui\00_message\common\item_info.gmd,\ui\item_info.arc,item_info.arc,6273
0,,,,ui\00_message\common\item_info.gmd,\ui\item_info.arc,item_info.arc,6274
0,,,,ui\00_message\common\item_info.gmd,\ui\item_info.arc,item_info.arc,6275
0,,,,ui\00_message\common\item_info.gmd,\ui\item_info.arc,item_info.arc,6276
0,,,,ui\00_message\common\item_info.gmd,\ui\item_info.arc,item_info.arc,6277
0,,,,ui\00_message\common\item_info.gmd,\ui\item_info.arc,item_info.arc,6278
0,,,,ui\00_message\common\item_info.gmd,\ui\item_info.arc,item_info.arc,6279
0,,,,ui\00_message\common\item_info.gmd,\ui\item_info.arc,item_info.arc,6280
0,,,,ui\00_message\common\item_info.gmd,\ui\item_info.arc,item_info.arc,6281
0,,,,ui\00_message\common\item_info.gmd,\ui\item_info.arc,item_info.arc,6282
0,,,,ui\00_message\common\item_info.gmd,\ui\item_info.arc,item_info.arc,6283
0,,,,ui\00_message\common\item_info.gmd,\ui\item_info.arc,item_info.arc,6284
0,,,,ui\00_message\common\item_info.gmd,\ui\item_info.arc,item_info.arc,6285
0,,,,ui\00_message\common\item_info.gmd,\ui\item_info.arc,item_info.arc,6286
0,,,,ui\00_message\common\item_info.gmd,\ui\item_info.arc,item_info.arc,6287
0,,,,ui\00_message\common\item_info.gmd,\ui\item_info.arc,item_info.arc,6288
0,,,,ui\00_message\common\item_info.gmd,\ui\item_info.arc,item_info.arc,6289
0,,,,ui\00_message\common\item_info.gmd,\ui\item_info.arc,item_info.arc,6290
0,,,,ui\00_message\common\item_info.gmd,\ui\item_info.arc,item_info.arc,6291
0,,,,ui\00_message\common\item_info.gmd,\ui\item_info.arc,item_info.arc,6292
0,,,,ui\00_message\common\item_info.gmd,\ui\item_info.arc,item_info.arc,6293
0,,,,ui\00_message\common\item_info.gmd,\ui\item_info.arc,item_info.arc,6294
0,,,,ui\00_message\common\item_info.gmd,\ui\item_info.arc,item_info.arc,6295
0,,,,ui\00_message\common\item_info.gmd,\ui\item_info.arc,item_info.arc,6296
0,,,,ui\00_message\common\item_info.gmd,\ui\item_info.arc,item_info.arc,6297
0,,,,ui\00_message\common\item_info.gmd,\ui\item_info.arc,item_info.arc,6298
0,,,,ui\00_message\common\item_info.gmd,\ui\item_info.arc,item_info.arc,6299
0,,,,ui\00_message\common\item_info.gmd,\ui\item_info.arc,item_info.arc,6300
0,,,,ui\00_message\common\item_info.gmd,\ui\item_info.arc,item_info.arc,6301
0,,,,ui\00_message\common\item_info.gmd,\ui\item_info.arc,item_info.arc,6302
0,,,,ui\00_message\common\item_info.gmd,\ui\item_info.arc,item_info.arc,6303
0,,,,ui\00_message\common\item_info.gmd,\ui\item_info.arc,item_info.arc,6304
0,,,,ui\00_message\common\item_info.gmd,\ui\item_info.arc,item_info.arc,6305
0,,,,ui\00_message\common\item_info.gmd,\ui\item_info.arc,item_info.arc,6306
0,,,,ui\00_message\common\item_info.gmd,\ui\item_info.arc,item_info.arc,6307
0,,,,ui\00_message\common\item_info.gmd,\ui\item_info.arc,item_info.arc,6308
0,,,,ui\00_message\common\item_info.gmd,\ui\item_info.arc,item_info.arc,6309
0,,,,ui\00_message\common\item_info.gmd,\ui\item_info.arc,item_info.arc,6310
0,,,,ui\00_message\common\item_info.gmd,\ui\item_info.arc,item_info.arc,6311
0,,,,ui\00_message\common\item_info.gmd,\ui\item_info.arc,item_info.arc,6312
0,,,,ui\00_message\common\item_info.gmd,\ui\item_info.arc,item_info.arc,6313
0,,,,ui\00_message\common\item_info.gmd,\ui\item_info.arc,item_info.arc,6314
0,,,,ui\00_message\common\item_info.gmd,\ui\item_info.arc,item_info.arc,6315
0,,,,ui\00_message\common\item_info.gmd,\ui\item_info.arc,item_info.arc,6316
0,,,,ui\00_message\common\item_info.gmd,\ui\item_info.arc,item_info.arc,6317
0,,,,ui\00_message\common\item_info.gmd,\ui\item_info.arc,item_info.arc,6318
0,,,,ui\00_message\common\item_info.gmd,\ui\item_info.arc,item_info.arc,6319
0,,,,ui\00_message\common\item_info.gmd,\ui\item_info.arc,item_info.arc,6320
0,,,,ui\00_message\common\item_info.gmd,\ui\item_info.arc,item_info.arc,6321
0,,,,ui\00_message\common\item_info.gmd,\ui\item_info.arc,item_info.arc,6322
0,,,,ui\00_message\common\item_info.gmd,\ui\item_info.arc,item_info.arc,6323
0,,,,ui\00_message\common\item_info.gmd,\ui\item_info.arc,item_info.arc,6324
0,,,,ui\00_message\common\item_info.gmd,\ui\item_info.arc,item_info.arc,6325
0,,,,ui\00_message\common\item_info.gmd,\ui\item_info.arc,item_info.arc,6326
0,,,,ui\00_message\common\item_info.gmd,\ui\item_info.arc,item_info.arc,6327
0,,,,ui\00_message\common\item_info.gmd,\ui\item_info.arc,item_info.arc,6328
0,,,,ui\00_message\common\item_info.gmd,\ui\item_info.arc,item_info.arc,6329
0,,,,ui\00_message\common\item_info.gmd,\ui\item_info.arc,item_info.arc,6330
0,,,,ui\00_message\common\item_info.gmd,\ui\item_info.arc,item_info.arc,6331
0,,,,ui\00_message\common\item_info.gmd,\ui\item_info.arc,item_info.arc,6332
0,,,,ui\00_message\common\item_info.gmd,\ui\item_info.arc,item_info.arc,6333
0,,,,ui\00_message\common\item_info.gmd,\ui\item_info.arc,item_info.arc,6334
0,,,,ui\00_message\common\item_info.gmd,\ui\item_info.arc,item_info.arc,6335
0,,,,ui\00_message\common\item_info.gmd,\ui\item_info.arc,item_info.arc,6336
0,,,,ui\00_message\common\item_info.gmd,\ui\item_info.arc,item_info.arc,6337
0,,,,ui\00_message\common\item_info.gmd,\ui\item_info.arc,item_info.arc,6338
0,,,,ui\00_message\common\item_info.gmd,\ui\item_info.arc,item_info.arc,6339
0,,,,ui\00_message\common\item_info.gmd,\ui\item_info.arc,item_info.arc,6340
0,,,,ui\00_message\common\item_info.gmd,\ui\item_info.arc,item_info.arc,6341
0,,,,ui\00_message\common\item_info.gmd,\ui\item_info.arc,item_info.arc,6342
0,,,,ui\00_message\common\item_info.gmd,\ui\item_info.arc,item_info.arc,6343
0,,,,ui\00_message\common\item_info.gmd,\ui\item_info.arc,item_info.arc,6344
0,,,,ui\00_message\common\item_info.gmd,\ui\item_info.arc,item_info.arc,6345
0,,,,ui\00_message\common\item_info.gmd,\ui\item_info.arc,item_info.arc,6346
0,,,,ui\00_message\common\item_info.gmd,\ui\item_info.arc,item_info.arc,6347
0,,,,ui\00_message\common\item_info.gmd,\ui\item_info.arc,item_info.arc,6348
0,,,,ui\00_message\common\item_info.gmd,\ui\item_info.arc,item_info.arc,6349
0,,,,ui\00_message\common\item_info.gmd,\ui\item_info.arc,item_info.arc,6350
0,,,,ui\00_message\common\item_info.gmd,\ui\item_info.arc,item_info.arc,6351
0,,,,ui\00_message\common\item_info.gmd,\ui\item_info.arc,item_info.arc,6352
0,,,,ui\00_message\common\item_info.gmd,\ui\item_info.arc,item_info.arc,6353
0,,,,ui\00_message\common\item_info.gmd,\ui\item_info.arc,item_info.arc,6354
0,,,,ui\00_message\common\item_info.gmd,\ui\item_info.arc,item_info.arc,6355
0,,,,ui\00_message\common\item_info.gmd,\ui\item_info.arc,item_info.arc,6356
0,,,,ui\00_message\common\item_info.gmd,\ui\item_info.arc,item_info.arc,6357
0,,,,ui\00_message\common\item_info.gmd,\ui\item_info.arc,item_info.arc,6358
0,,,,ui\00_message\common\item_info.gmd,\ui\item_info.arc,item_info.arc,6359
0,,,,ui\00_message\common\item_info.gmd,\ui\item_info.arc,item_info.arc,6360
0,,,,ui\00_message\common\item_info.gmd,\ui\item_info.arc,item_info.arc,6361
0,,,,ui\00_message\common\item_info.gmd,\ui\item_info.arc,item_info.arc,6362
0,,,,ui\00_message\common\item_info.gmd,\ui\item_info.arc,item_info.arc,6363
0,,,,ui\00_message\common\item_info.gmd,\ui\item_info.arc,item_info.arc,6364
0,,,,ui\00_message\common\item_info.gmd,\ui\item_info.arc,item_info.arc,6365
0,,,,ui\00_message\common\item_info.gmd,\ui\item_info.arc,item_info.arc,6366
0,,,,ui\00_message\common\item_info.gmd,\ui\item_info.arc,item_info.arc,6367
0,,,,ui\00_message\common\item_info.gmd,\ui\item_info.arc,item_info.arc,6368
0,,,,ui\00_message\common\item_info.gmd,\ui\item_info.arc,item_info.arc,6369
0,,,,ui\00_message\common\item_info.gmd,\ui\item_info.arc,item_info.arc,6370