#Index,Key,MsgJp,MsgEn,GmdPath,ArcPath,ArcName,ReadIndex
0,,,,ui\00_message\common\item_info.gmd,\ui\item_info.arc,item_info.arc,9371
0,,,,ui\00_message\common\item_info.gmd,\ui\item_info.arc,item_info.arc,9372
0,,,,ui\00_message\common\item_info.gmd,\ui\item_info.arc,item_info.arc,9373
0,,,,ui\00_message\common\item_info.gmd,\ui\item_info.arc,item_info.arc,9374
0,,,,ui\00_message\common\item_info.gmd,\ui\item_info.arc,item_info.arc,9375
0,,,,ui\00_message\common\item_info.gmd,\ui\item_info.arc,item_info.arc,9376
0,,,,ui\00_message\common\item_info.gmd,\ui\item_info.arc,item_info.arc,9377
0,,,,ui\00_message\common\item_info.gmd,\ui\item_info.arc,item_info.arc,9378
0,,,,ui\00_message\common\item_info.gmd,\ui\item_info.arc,item_info.arc,9379
0,,,,ui\00_message\common\item_info.gmd,\ui\item_info.arc,item_info.arc,9380
0,,,,ui\00_message\common\item_info.gmd,\ui\item_info.arc,item_info.arc,9381
0,,,,ui\00_message\common\item_info.gmd,\ui\item_info.arc,item_info.arc,9382
0,,,,ui\00_message\common\item_info.gmd,\ui\item_info.arc,item_info.arc,9383
0,,,,ui\00_message\common\item_info.gmd,\ui\item_info.arc,item_info.arc,9384
0,,,,ui\00_message\common\item_info.gmd,\ui\item_info.arc,item_info.arc,9385
0,,,,ui\00_message\common\item_info.gmd,\ui\item_info.arc,item_info.arc,9386
0,,,,ui\00_message\common\item_info.gmd,\ui\item_info.arc,item_info.arc,9387
0,,,,ui\00_message\common\item_info.gmd,\ui\item_info.arc,item_info.arc,9388
0,,,,ui\00_message\common\item_info.gmd,\ui\item_info.arc,item_info.arc,9389
0,,,,ui\00_message\common\item_info.gmd,\ui\item_info.arc,item_info.arc,9390
0,,,,ui\00_message\common\item_info.gmd,\ui\item_info.arc,item_info.arc,9391
0,,,,ui\00_message\common\item_info.gmd,\ui\item_info.arc,item_info.arc,9392
0,,,,ui\00_message\common\item_info.gmd,\ui\item_info.arc,item_info.arc,9393
0,,,,ui\00_message\common\item_info.gmd,\ui\item_info.arc,item_info.arc,9394
0,,,,ui\00_message\common\item_info.gmd,\ui\item_info.arc,item_info.arc,9395
0,,,,ui\00_message\common\item_info.gmd,\ui\item_info.arc,item_info.arc,9396
0,,,,ui\00_message\common\item_info.gmd,\ui\item_info.arc,item_info.arc,9397
0,,,,ui\00_message\common\item_info.gmd,\ui\item_info.arc,item_info.arc,9398
0,,,,ui\00_message\common\item_info.gmd,\ui\item_info.arc,item_info.arc,9399
0,,,,ui\00_message\common\item_info.gmd,\ui\item_info.arc,item_info.arc,9400
0,,,,ui\00_message\common\item_info.gmd,\ui\item_info.arc,item_info.arc,9401
0,,,,ui\00_message\common\item_info.gmd,\ui\item_info.arc,item_info.arc,9402
0,,,,ui\00_message\common\item_info.gmd,\ui\item_info.arc,item_info.arc,9403
0,,,,ui\00_message\common\item_info.gmd,\ui\item_info.arc,item_info.arc,9404
0,,,,ui\00_message\common\item_info.gmd,\ui\item_info.arc,item_info.arc,9405
0,,,,ui\00_message\common\item_info.gmd,\ui\item_info.arc,item_info.arc,9406
0,,,,ui\00_message\common\item_info.gmd,\ui\item_info.arc,item_info.arc,9407
0,,,,ui\00_message\common\item_info.gmd,\ui\item_info.arc,item_info.arc,9408
0,,,,ui\00_message\common\item_info.gmd,\ui\item_info.arc,item_info.arc,9409
0,,,,ui\00_message\common\item_info.gmd,\ui\item_info.arc,item_info.arc,9410
0,,,,ui\00_message\common\item_info.gmd,\ui\item_info.arc,item_info.arc,9411
0,,,,ui\00_message\common\item_info.gmd,\ui\item_info.arc,item_info.arc,9412
0,,,,ui\00_message\common\item_info.gmd,\ui\item_info.arc,item_info.arc,9413
0,,,,ui\00_message\common\item_info.gmd,\ui\item_info.arc,item_info.arc,9414
0,,,,ui\00_message\common\item_info.gmd,\ui\item_info.arc,item_info.arc,9415
0,,,,ui\00_message\common\item_info.gmd,\ui\item_info.arc,item_info.arc,9416
0,,,,ui\00_message\common\item_info.gmd,\ui\item_info.arc,item_info.arc,9417
0,,,,ui\00_message\common\item_info.gmd,\ui\item_info.arc,item_info.arc,9418
0,,,,ui\00_message\common\item_info.gmd,\ui\item_info.arc,item_info.arc,9419
0,,,,ui\00_message\common\item_info.gmd,\ui\item_info.arc,item_info.arc,9420
0,,,,ui\00_message\common\item_info.gmd,\ui\item_info.arc,item_info.arc,9421
0,,,,ui\00_message\common\item_info.gmd,\ui\item_info.arc,item_info.arc,9422
0,,,,ui\00_message\common\item_info.gmd,\ui\item_info.arc,item_info.arc,9423
0,,,,ui\00_message\common\item_info.gmd,\ui\item_info.arc,item_info.arc,9424
0,,,,ui\00_message\common\item_info.gmd,\ui\item_info.arc,item_info.arc,9425
0,,,,ui\00_message\common\item_info.gmd,\ui\item_info.arc,item_info.arc,9426
0,,,,ui\00_message\common\item_info.gmd,\ui\item_info.arc,item_info.arc,9427
0,,,,ui\00_message\common\item_info.gmd,\ui\item_info.arc,item_info.arc,9428
0,,,,ui\00_message\common\item_info.gmd,\ui\item_info.arc,item_info.arc,9429
0,,,,ui\00_message\common\item_info.gmd,\ui\item_info.arc,item_info.arc,9430
0,,,,ui\00_message\common\item_info.gmd,\ui\item_info.arc,item_info.arc,9431
0,,,,ui\00_message\common\item_info.gmd,\ui\item_info.arc,item_info.arc,9432
0,,,,ui\00_message\common\item_info.gmd,\ui\item_info.arc,item_info.arc,9433
0,,,,ui\00_message\common\item_info.gmd,\ui\item_info.arc,item_info.arc,9434
0,,,,ui\00_message\common\item_info.gmd,\ui\item_info.arc,item_info.arc,9435
0,,,,ui\00_message\common\item_info.gmd,\ui\item_info.arc,item_info.arc,9436
0,,,,ui\00_message\common\item_info.gmd,\ui\item_info.arc,item_info.arc,9437
0,,,,ui\00_message\common\item_info.gmd,\ui\item_info.arc,item_info.arc,9438
0,,,,ui\00_message\common\item_info.gmd,\ui\item_info.arc,item_info.arc,9439
0,,,,ui\00_message\common\item_info.gmd,\ui\item_info.arc,item_info.arc,9440
0,,,,ui\00_message\common\item_info.gmd,\ui\item_info.arc,item_info.arc,9441
0,,,,ui\00_message\common\item_info.gmd,\ui\item_info.arc,item_info.arc,9442
0,,,,ui\00_message\common\item_info.gmd,\ui\item_info.arc,item_info.arc,9443
0,,,,ui\00_message\common\item_info.gmd,\ui\item_info.arc,item_info.arc,9444
0,,,,ui\00_message\common\item_info.gmd,\ui\item_info.arc,item_info.arc,9445
0,,,,ui\00_message\common\item_info.gmd,\ui\item_info.arc,item_info.arc,9446
0,,,,ui\00_message\common\item_info.gmd,\ui\item_info.arc,item_info.arc,9447
0,,,,ui\00_message\common\item_info.gmd,\ui\item_info.arc,item_info.arc,9448
0,,,,ui\00_message\common\item_info.gmd,\ui\item_info.arc,item_info.arc,9449
0,,,,ui\00_message\common\item_info.gmd,\ui\item_info.arc,item_info.arc,9450
0,,,,ui\00_message\common\item_info.gmd,\ui\item_info.arc,item_info.arc,9451
0,,,,ui\00_message\common\item_info.gmd,\ui\item_info.arc,item_info.arc,9452
0,,,,ui\00_message\common\item_info.gmd,\ui\item_info.arc,item_info.arc,9453
0,,,,ui\00_message\common\item_info.gmd,\ui\item_info.arc,item_info.arc,9454
0,,,,ui\00_message\common\item_info.gmd,\ui\item_info.arc,item_info.arc,9455
0,,,,ui\00_message\common\item_info.gmd,\ui\item_info.arc,item_info.arc,9456
0,,,,ui\00_message\common\item_info.gmd,\ui\item_info.arc,item_info.arc,9457
0,,,,ui\00_message\common\item_info.gmd,\ui\item_info.arc,item_info.arc,9458
0,,,,ui\00_message\common\item_info.gmd,\ui\item_info.arc,item_info.arc,9459
0,,,,ui\00_message\common\item_info.gmd,\ui\item_info.arc,item_info.arc,9460
0,,,,ui\00_message\common\item_info.gmd,\ui\item_info.arc,item_info.arc,9461
0,,,,ui\00_message\common\item_info.gmd,\ui\item_info.arc,item_info.arc,9462
0,,,,ui\00_message\common\item_info.gmd,\ui\item_info.arc,item_info.arc,9463
0,,,,ui\00_message\common\item_info.gmd,\ui\item_info.arc,item_info.arc,9464
0,,,,ui\00_message\common\item_info.gmd,\ui\item_info.arc,item_info.arc,9465
0,,,,ui\00_message\common\item_info.gmd,\ui\item_info.arc,item_info.arc,9466
0,,,,ui\00_message\common\item_info.gmd,\ui\item_info.arc,item_info.arc,9467
0,,,,ui\00_message\common\item_info.gmd,\ui\item_info.arc,item_info.arc,9468
0,,,,ui\00_message\common\item_info.gmd,\ui\item_info.arc,item_info.arc,9469
0,,,,ui\00_message\common\item_info.gmd,\ui\item_info.arc,item_info.arc,9470
0,,,,ui\00_message\common\item_info.gmd,\ui\item_info.arc,item_info.arc,9471
0,,,,ui\00_message\common\item_info.gmd,\ui\item_info.arc,item_info.arc,9472
0,,,,ui\00_message\common\item_info.gmd,\ui\item_info.arc,item_info.arc,9473
0,,,,ui\00_message\common\item_info.gmd,\ui\item_info.arc,item_info.arc,9474
0,,,,ui\00_message\common\item_info.gmd,\ui\item_info.arc,item_info.arc,9475
0,,,,ui\00_message\common\item_info.gmd,\ui\item_info.arc,item_info.arc,9476
0,,,,ui\00_message\common\item_info.gmd,\ui\item_info.arc,item_info.arc,9477
0,,,,ui\00_message\common\item_info.gmd,\ui\item_info.arc,item_info.arc,9478
0,,,,ui\00_message\common\item_info.gmd,\ui\item_info.arc,item_info.arc,9479
0,,,,ui\00_message\common\item_info.gmd,\ui\item_info.arc,item_info.arc,9480
0,,,,ui\00_message\common\item_info.gmd,\ui\item_info.arc,item_info.arc,9481
0,,,,ui\00_message\common\item_info.gmd,\ui\item_info.arc,item_info.arc,9482
0,,,,ui\00_message\common\item_info.gmd,\ui\item_info.arc,item_info.arc,9483
0,,,,ui\00_message\common\item_info.gmd,\ui\item_info.arc,item_info.arc,9484
0,,,,ui\00_message\common\item_info.gmd,\ui\item_info.arc,item_info.arc,9485
0,,,,ui\00_message\common\item_info.gmd,\ui\item_info.arc,item_info.arc,9486
0,,,,ui\00_message\common\item_info.gmd,\ui\item_info.arc,item_info.arc,9487
0,,,,ui\00_message\common\item_info.gmd,\ui\item_info.arc,item_info.arc,9488
0,,,,ui\00_message\common\item_info.gmd,\ui\item_info.arc,item_info.arc,9489
0,,,,ui\00_message\common\item_info.gmd,\ui\item_info.arc,item_info.arc,9490
0,,,,ui\00_message\common\item_info.gmd,\ui\item_info.arc,item_info.arc,9491
0,,,,ui\00_message\common\item_info.gmd,\ui\item_info.arc,item_info.arc,9492
0,,,,ui\00_message\common\item_info.gmd,\ui\item_info.arc,item_info.arc,9493
0,,,,ui\00_message\common\item_info.gmd,\ui\item_info.arc,item_info.arc,9494
0,,,,ui\00_message\common\item_info.gmd,\ui\item_info.arc,item_info.arc,9495
0,,,,ui\00_message\common\item_info.gmd,\ui\item_info.arc,item_info.arc,9496
0,,,,ui\00_message\common\item_info.gmd,\ui\item_info.arc,item_info.arc,9497
0,,,,ui\00_message\common\item_info.gmd,\ui\item_info.arc,item_info.arc,9498
0,,,,ui\00_message\common\item_info.gmd,\ui\item_info.arc,item_info.arc,9499
0,,,,ui\00_message\common\item_info.gmd,\ui\item_info.arc,item_info.arc,9500
0,,,,ui\00_message\common\item_info.gmd,\ui\item_info.arc,item_info.arc,9501
0,,,,ui\00_message\common\item_info.gmd,\ui\item_info.arc,item_info.arc,9502
0,,,,ui\00_message\common\item_info.gmd,\ui\item_info.arc,item_info.arc,9503
0,,,,ui\00_message\common\item_info.gmd,\ui\item_info.arc,item_info.arc,9504
0,,,,ui\00_message\common\item_info.gmd,\ui\item_info.arc,item_info.arc,9505
0,,,,ui\00_message\common\item_info.gmd,\ui\item_info.arc,item_info.arc,9506
0,,,,ui\00_message\common\item_info.gmd,\ui\item_info.arc,item_info.arc,9507
0,,,,ui\00_message\common\item_info.gmd,\ui\item_info.arc,item_info.arc,9508
0,,,,ui\00_message\common\item_info.gmd,\ui\item_info.arc,item_info.arc,9509
0,,,,ui\00_message\common\item_info.gmd,\ui\item_info.arc,item_info.arc,9510
0,,,,ui\00_message\common\item_info.gmd,\ui\item_info.arc,item_info.arc,9511
0,,,,ui\00_message\common\item_info.gmd,\ui\item_info.arc,item_info.arc,9512
0,,,,ui\00_message\common\item_info.gmd,\ui\item_info.arc,item_info.arc,9513
0,,,,ui\00_message\common\item_info.gmd,\ui\item_info.arc,item_info.arc,9514
0,,,,ui\00_message\common\item_info.gmd,\ui\item_info.arc,item_info.arc,9515
0,,,,ui\00_message\common\item_info.gmd,\ui\item_info.arc,item_info.arc,9516
0,,,,ui\00_message\common\item_info.gmd,\ui\item_info.arc,item_info.arc,9517
0,,,,ui\00_message\common\item_info.gmd,\ui\item_info.arc,item_info.arc,9518
0,,,,ui\00_message\common\item_info.gmd,\ui\item_info.arc,item_info.arc,9519
0,,,,ui\00_message\common\item_info.gmd,\ui\item_info.arc,item_info.arc,9520
0,,,,ui\00_message\common\item_info.gmd,\ui\item_info.arc,item_info.arc,9521
0,,,,ui\00_message\common\item_info.gmd,\ui\item_info.arc,item_info.arc,9522
0,,,,ui\00_message\common\item_info.gmd,\ui\item_info.arc,item_info.arc,9523
0,,,,ui\00_message\common\item_info.gmd,\ui\item_info.arc,item_info.arc,9524
0,,,,ui\00_message\common\item_info.gmd,\ui\item_info.arc,item_info.arc,9525
0,,,,ui\00_message\common\item_info.gmd,\ui\item_info.arc,item_info.arc,9526
0,,,,ui\00_message\common\item_info.gmd,\ui\item_info.arc,item_info.arc,9527
0,,,,ui\00_message\common\item_info.gmd,\ui\item_info.arc,item_info.arc,9528
0,,,,ui\00_message\common\item_info.gmd,\ui\item_info.arc,item_info.arc,9529
0,,,,ui\00_message\common\item_info.gmd,\ui\item_info.arc,item_info.arc,9530
0,,,,ui\00_message\common\item_info.gmd,\ui\item_info.arc,item_info.arc,9531
0,,,,ui\00_message\common\item_info.gmd,\ui\item_info.arc,item_info.arc,9532
0,,,,ui\00_message\common\item_info.gmd,\ui\item_info.arc,item_info.arc,9533
0,,,,ui\00_message\common\item_info.gmd,\ui\item_info.arc,item_info.arc,9534
0,,,,ui\00_message\common\item_info.gmd,\ui\item_info.arc,item_info.arc,9535
0,,,,ui\00_message\common\item_info.gmd,\ui\item_info.arc,item_info.arc,9536
0,,,,ui\00_message\common\item_info.gmd,\ui\item_info.arc,item_info.arc,9537
0,,,,ui\00_message\common\item_info.gmd,\ui\item_info.arc,item_info.arc,9538
0,,,,ui\00_message\common\item_info.gmd,\ui\item_info.arc,item_info.arc,9539
0,,,,ui\00_message\common\item_info.gmd,\ui\item_info.arc,item_info.arc,9540
0,,,,ui\00_message\common\item_info.gmd,\ui\item_info.arc,item_info.arc,9541
0,,,,ui\00_message\common\item_info.gmd,\ui\item_info.arc,item_info.arc,9542
0,,,,ui\00_message\common\item_info.gmd,\ui\item_info.arc,item_info.arc,9543
0,,,,ui\00_message\common\item_info.gmd,\ui\item_info.arc,item_info.arc,9544
0,,,,ui\00_message\common\item_info.gmd,\ui\item_info.arc,item_info.arc,9545
0,,,,ui\00_message\common\item_info.gmd,\ui\item_info.arc,item_info.arc,9546
0,,,,ui\00_message\common\item_info.gmd,\ui\item_info.arc,item_info.arc,9547
0,,,,ui\00_message\common\item_info.gmd,\ui\item_info.arc,item_info.arc,9548
0,,,,ui\00_message\common\item_info.gmd,\ui\item_info.arc,item_info.arc,9549
0,,,,ui\00_message\common\item_info.gmd,\ui\item_info.arc,item_info.arc,9550
0,,,,ui\00_message\common\item_info.gmd,\ui\item_info.arc,item_info.arc,9551
0,,,,ui\00_message\common\item_info.gmd,\ui\item_info.arc,item_info.arc,9552
0,,,,ui\00_message\common\item_info.gmd,\ui\item_info.arc,item_info.arc,9553
0,,,,ui\00_message\common\item_info.gmd,\ui\item_info.arc,item_info.arc,9554
0,,,,ui\00_message\common\item_info.gmd,\ui\item_info.arc,item_info.arc,9555
0,,,,ui\00_message\common\item_info.gmd,\ui\item_info.arc,item_info.arc,9556
0,,,,ui\00_message\common\item_info.gmd,\ui\item_info.arc,item_info.arc,9557
0,,,,ui\00_message\common\item_info.gmd,\ui\item_info.arc,item_info.arc,9558
0,,,,ui\00_message\common\item_info.gmd,\ui\item_info.arc,item_info.arc,9559
0,,,,ui\00_message\common\item_info.gmd,\ui\item_info.arc,item_info.arc,9560
0,,,,ui\00_message\common\item_info.gmd,\ui\item_info.arc,item_info.arc,9561
0,,,,ui\00_message\common\item_info.gmd,\ui\item_info.arc,item_info.arc,9562
0,,,,ui\00_message\common\item_info.gmd,\ui\item_info.arc,item_info.arc,9563
0,,,,ui\00_message\common\item_info.gmd,\ui\item_info.arc,item_info.arc,9564
0,,,,ui\00_message\common\item_info.gmd,\ui\item_info.arc,item_info.arc,9565
0,,,,ui\00_message\common\item_info.gmd,\ui\item_info.arc,item_info.arc,9566
0,,,,ui\00_message\common\item_info.gmd,\ui\item_info.arc,item_info.arc,9567
0,,,,ui\00_message\common\item_info.gmd,\ui\item_info.arc,item_info.arc,9568
0,,,,ui\00_message\common\item_info.gmd,\ui\item_info.arc,item_info.arc,9569
0,,,,ui\00_message\common\item_info.gmd,\ui\item_info.arc,item_info.arc,9570
0,,,,ui\00_message\common\item_info.gmd,\ui\item_info.arc,item_info.arc,9571
0,,,,ui\00_message\common\item_info.gmd,\ui\item_info.arc,item_info.arc,9572
0,,,,ui\00_message\common\item_info.gmd,\ui\item_info.arc,item_info.arc,9573
0,,,,ui\00_message\common\item_info.gmd,\ui\item_info.arc,item_info.arc,9574
0,,,,ui\00_message\common\item_info.gmd,\ui\item_info.arc,item_info.arc,9575
0,,,,ui\00_message\common\item_info.gmd,\ui\item_info.arc,item_info.arc,9576
0,,,,ui\00_message\common\item_info.gmd,\ui\item_info.arc,item_info.arc,9577
0,,,,ui\00_message\common\item_info.gmd,\ui\item_info.arc,item_info.arc,9578
0,,,,ui\00_message\common\item_info.gmd,\ui\item_info.arc,item_info.arc,9579
0,,,,ui\00_message\common\item_info.gmd,\ui\item_info.arc,item_info.arc,9580
0,,,,ui\00_message\common\item_info.gmd,\ui\item_info.arc,item_info.arc,9581
0,,,,ui\00_message\common\item_info.gmd,\ui\item_info.arc,item_info.arc,9582
0,,,,ui\00_message\common\item_info.gmd,\ui\item_info.arc,item_info.arc,9583
0,,,,ui\00_message\common\item_info.gmd,\ui\item_info.arc,item_info.arc,9584
0,,,,ui\00_message\common\item_info.gmd,\ui\item_info.arc,item_info.arc,9585
0,,,,ui\00_message\common\item_info.gmd,\ui\item_info.arc,item_info.arc,9586
0,,,,ui\00_message\common\item_info.gmd,\ui\item_info.arc,item_info.arc,9587
0,,,,ui\00_message\common\item_info.gmd,\ui\item_info.arc,item_info.arc,9588
0,,,,ui\00_message\common\item_info.gmd,\ui\item_info.arc,item_info.arc,9589
0,,,,ui\00_message\common\item_info.gmd,\ui\item_info.arc,item_info.arc,9590
0,,,,ui\00_message\common\item_info.gmd,\ui\item_info.arc,item_info.arc,9591
0,,,,ui\00_message\common\item_info.gmd,\ui\item_info.arc,item_info.arc,9592
0,,,,ui\00_message\common\item_info.gmd,\ui\item_info.arc,item_info.arc,9593
0,,,,ui\00_message\common\item_info.gmd,\ui\item_info.arc,item_info.arc,9594
0,,,,ui\00_message\common\item_info.gmd,\ui\item_info.arc,item_info.arc,9595
0,,,,ui\00_message\common\item_info.gmd,\ui\item_info.arc,item_info.arc,9596
0,,,,ui\00_message\common\item_info.gmd,\ui\item_info.arc,item_info.arc,9597
0,,,,ui\00_message\common\item_info.gmd,\ui\item_info.arc,item_info.arc,9598
0,,,,ui\00_message\common\item_info.gmd,\ui\item_info.arc,item_info.arc,9599
0,,,,ui\00_message\common\item_info.gmd,\ui\item_info.arc,item_info.arc,9600
0,,,,ui\00_message\common\item_info.gmd,\ui\item_info.arc,item_info.arc,9601
0,,,,ui\00_message\common\item_info.gmd,\ui\item_info.arc,item_info.arc,9602
0,,,,ui\00_message\common\item_info.gmd,\ui\item_info.arc,item_info.arc,9603
0,,,,ui\00_message\common\item_info.gmd,\ui\item_info.arc,item_info.arc,9604
0,,,,ui\00_message\common\item_info.gmd,\ui\item_info.arc,item_info.arc,9605
0,,,,ui\00_message\common\item_info.gmd,\ui\item_info.arc,item_info.arc,9606
0,,,,ui\00_message\common\item_info.gmd,\ui\item_info.arc,item_info.arc,9607
0,,,,ui\00_message\common\item_info.gmd,\ui\item_info.arc,item_info.arc,9608
0,,,,ui\00_message\common\item_info.gmd,\ui\item_info.arc,item_info.arc,9609
0,,,,ui\00_message\common\item_info.gmd,\ui\item_info.arc,item_info.arc,9610
0,,,,ui\00_message\common\item_info.gmd,\ui\item_info.arc,item_info.arc,9611
0,,,,ui\00_message\common\item_info.gmd,\ui\item_info.arc,item_info.arc,9612
0,,,,ui\00_message\common\item_info.gmd,\ui\item_info.arc,item_info.arc,9613
0,,,,ui\00_message\common\item_info.gmd,\ui\item_info.arc,item_info.arc,9614
0,,,,ui\00_message\common\item_info.gmd,\ui\item_info.arc,item_info.arc,9615
0,,,,ui\00_message\common\item_info.gmd,\ui\item_info.arc,item_info.arc,9616
0,,,,ui\00_message\common\item_info.gmd,\ui\item_info.arc,item_info.arc,9617
0,,,,ui\00_message\common\item_info.gmd,\ui\item_info.arc,item_info.arc,9618
0,,,,ui\00_message\common\item_info.gmd,\ui\item_info.arc,item_info.arc,9619
0,,,,ui\00_message\common\item_info.gmd,\ui\item_info.arc,item_info.arc,9620
0,,,,ui\00_message\common\item_info.gmd,\ui\item_info.arc,item_info.arc,9621
0,,,,ui\00_message\common\item_info.gmd,\ui\item_info.arc,item_info.arc,9622
0,,,,ui\00_message\common\item_info.gmd,\ui\item_info.arc,item_info.arc,9623
0,,,,ui\00_message\common\item_info.gmd,\ui\item_info.arc,item_info.arc,9624
0,,,,ui\00_message\common\item_info.gmd,\ui\item_info.arc,item_info.arc,9625
0,,,,ui\00_message\common\item_info.gmd,\ui\item_info.arc,item_info.arc,9626
0,,,,ui\00_message\common\item_info.gmd,\ui\item_info.arc,item_info.arc,9627
0,,,,ui\00_message\common\item_info.gmd,\ui\item_info.arc,item_info.arc,9628
0,,,,ui\00_message\common\item_info.gmd,\ui\item_info.arc,item_info.arc,9629
0,,,,ui\00_message\common\item_info.gmd,\ui\item_info.arc,item_info.arc,9630
0,,,,ui\00_message\common\item_info.gmd,\ui\item_info.arc,item_info.arc,9631
0,,,,ui\00_message\common\item_info.gmd,\ui\item_info.arc,item_info.arc,9632
0,,,,ui\00_message\common\item_info.gmd,\ui\item_info.arc,item_info.arc,9633
0,,,,ui\00_message\common\item_info.gmd,\ui\item_info.arc,item_info.arc,9634
0,,,,ui\00_message\common\item_info.gmd,\ui\item_info.arc,item_info.arc,9635
0,,,,ui\00_message\common\item_info.gmd,\ui\item_info.arc,item_info.arc,9636
0,,,,ui\00_message\common\item_info.gmd,\ui\item_info.arc,item_info.arc,9637
0,,,,ui\00_message\common\item_info.gmd,\ui\item_info.arc,item_info.arc,9638
0,,,,ui\00_message\common\item_info.gmd,\ui\item_info.arc,item_info.arc,9639
0,,,,ui\00_message\common\item_info.gmd,\ui\item_info.arc,item_info.arc,9640
0,,,,ui\00_message\common\item_info.gmd,\ui\item_info.arc,item_info.arc,9641
0,,,,ui\00_message\common\item_info.gmd,\ui\item_info.arc,item_info.arc,9642
0,,,,ui\00_message\common\item_info.gmd,\ui\item_info.arc,item_info.arc,9643
0,,,,ui\00_message\common\item_info.gmd,\ui\item_info.arc,item_info.arc,9644
0,,,,ui\00_message\common\item_info.gmd,\ui\item_info.arc,item_info.arc,9645
0,,,,ui\00_message\common\item_info.gmd,\ui\item_info.arc,item_info.arc,9646
0,,,,ui\00_message\common\item_info.gmd,\ui\item_info.arc,item_info.arc,9647
0,,,,ui\00_message\common\item_info.gmd,\ui\item_info.arc,item_info.arc,9648
0,,,,ui\00_message\common\item_info.gmd,\ui\item_info.arc,item_info.arc,9649
0,,,,ui\00_message\common\item_info.gmd,\ui\item_info.arc,item_info.arc,9650
0,,,,ui\00_message\common\item_info.gmd,\ui\item_info.arc,item_info.arc,9651
0,,,,ui\00_message\common\item_info.gmd,\ui\item_info.arc,item_info.arc,9652
0,,,,ui\00_message\common\item_info.gmd,\ui\item_info.arc,item_info.arc,9653
0,,,,ui\00_message\common\item_info.gmd,\ui\item_info.arc,item_info.arc,9654
0,,,,ui\00_message\common\item_info.gmd,\ui\item_info.arc,item_info.arc,9655
0,,,,ui\00_message\common\item_info.gmd,\ui\item_info.arc,item_info.arc,9656
0,,,,ui\00_message\common\item_info.gmd,\ui\item_info.arc,item_info.arc,9657
0,,,,ui\00_message\common\item_info.gmd,\ui\item_info.arc,item_info.arc,9658
0,,,,ui\00_message\common\item_info.gmd,\ui\item_info.arc,item_info.arc,9659
0,,,,ui\00_message\common\item_info.gmd,\ui\item_info.arc,item_info.arc,9660
0,,,,ui\00_message\common\item_info.gmd,\ui\item_info.arc,item_info.arc,9661
0,,,,ui\00_message\common\item_info.gmd,\ui\item_info.arc,item_info.arc,9662
0,,,,ui\00_message\common\item_info.gmd,\ui\item_info.arc,item_info.arc,9663
0,,,,ui\00_message\common\item_info.gmd,\ui\item_info.arc,item_info.arc,9664
0,,,,ui\00_message\common\item_info.gmd,\ui\item_info.arc,item_info.arc,9665
0,,,,ui\00_message\common\item_info.gmd,\ui\item_info.arc,item_info.arc,9666
0,,,,ui\00_message\common\item_info.gmd,\ui\item_info.arc,item_info.arc,9667
0,,,,ui\00_message\common\item_info.gmd,\ui\item_info.arc,item_info.arc,9668
0,,,,ui\00_message\common\item_info.gmd,\ui\item_info.arc,item_info.arc,9669
0,,,,ui\00_message\common\item_info.gmd,\ui\item_info.arc,item_info.arc,9670
0,,,,ui\00_message\common\item_info.gmd,\ui\item_info.arc,item_info.arc,9671
0,,,,ui\00_message\common\item_info.gmd,\ui\item_info.arc,item_info.arc,9672
0,,,,ui\00_message\common\item_info.gmd,\ui\item_info.arc,item_info.arc,9673
0,,,,ui\00_message\common\item_info.gmd,\ui\item_info.arc,item_info.arc,9674
0,,,,ui\00_message\common\item_info.gmd,\ui\item_info.arc,item_info.arc,9675
0,,,,ui\00_message\common\item_info.gmd,\ui\item_info.arc,item_info.arc,9676
0,,,,ui\00_message\common\item_info.gmd,\ui\item_info.arc,item_info.arc,9677
0,,,,ui\00_message\common\item_info.gmd,\ui\item_info.arc,item_info.arc,9678
0,,,,ui\00_message\common\item_info.gmd,\ui\item_info.arc,item_info.arc,9679
0,,,,ui\00_message\common\item_info.gmd,\ui\item_info.arc,item_info.arc,9680
0,,,,ui\00_message\common\item_info.gmd,\ui\item_info.arc,item_info.arc,9681
0,,,,ui\00_message\common\item_info.gmd,\ui\item_info.arc,item_info.arc,9682
0,,,,ui\00_message\common\item_info.gmd,\ui\item_info.arc,item_info.arc,9683
0,,,,ui\00_message\common\item_info.gmd,\ui\item_info.arc,item_info.arc,9684
0,,,,ui\00_message\common\item_info.gmd,\ui\item_info.arc,item_info.arc,9685
0,,,,ui\00_message\common\item_info.gmd,\ui\item_info.arc,item_info.arc,9686
0,,,,ui\00_message\common\item_info.gmd,\ui\item_info.arc,item_info.arc,9687
0,,,,ui\00_message\common\item_info.gmd,\ui\item_info.arc,item_info.arc,9688
0,,,,ui\00_message\common\item_info.gmd,\ui\item_info.arc,item_info.arc,9689
0,,,,ui\00_message\common\item_info.gmd,\ui\item_info.arc,item_info.arc,9690
0,,,,ui\00_message\common\item_info.gmd,\ui\item_info.arc,item_info.arc,9691
0,,,,ui\00_message\common\item_info.gmd,\ui\item_info.arc,item_info.arc,9692
0,,,,ui\00_message\common\item_info.gmd,\ui\item_info.arc,item_info.arc,9693
0,,,,ui\00_message\common\item_info.gmd,\ui\item_info.arc,item_info.arc,9694
0,,,,ui\00_message\common\item_info.gmd,\ui\item_info.arc,item_info.arc,9695
0,,,,ui\00_message\common\item_info.gmd,\ui\item_info.arc,item_info.arc,9696
0,,,,ui\00_message\common\item_info.gmd,\ui\item_info.arc,item_info.arc,9697
0,,,,ui\00_message\common\item_info.gmd,\ui\item_info.arc,item_info.arc,9698
0,,,,ui\00_message\common\item_info.gmd,\ui\item_info.arc,item_info.arc,9699
0,,,,ui\00_message\common\item_info.gmd,\ui\item_info.arc,item_info.arc,9700
0,,,,ui\00_message\common\item_info.gmd,\ui\item_info.arc,item_info.arc,9701
0,,,,ui\00_message\common\item_info.gmd,\ui\item_info.arc,item_info.arc,9702
0,,,,ui\00_message\common\item_info.gmd,\ui\item_info.arc,item_info.arc,9703
0,,,,ui\00_message\common\item_info.gmd,\ui\item_info.arc,item_info.arc,9704
0,,,,ui\00_message\common\item_info.gmd,\ui\item_info.arc,item_info.arc,9705
0,,,,ui\00_message\common\item_info.gmd,\ui\item_info.arc,item_info.arc,9706
0,,,,ui\00_message\common\item_info.gmd,\ui\item_info.arc,item_info.arc,9707
0,,,,ui\00_message\common\item_info.gmd,\ui\item_info.arc,item_info.arc,9708
0,,,,ui\00_message\common\item_info.gmd,\ui\item_info.arc,item_info.arc,9709
0,,,,ui\00_message\common\item_info.gmd,\ui\item_info.arc,item_info.arc,9710
0,,,,ui\00_message\common\item_info.gmd,\ui\item_info.arc,item_info.arc,9711
0,,,,ui\00_message\common\item_info.gmd,\ui\item_info.arc,item_info.arc,9712
0,,,,ui\00_message\common\item_info.gmd,\ui\item_info.arc,item_info.arc,9713
0,,,,ui\00_message\common\item_info.gmd,\ui\item_info.arc,item_info.arc,9714
0,,,,ui\00_message\common\item_info.gmd,\ui\item_info.arc,item_info.arc,9715
0,,,,ui\00_message\common\item_info.gmd,\ui\item_info.arc,item_info.arc,9716
0,,,,ui\00_message\common\item_info.gmd,\ui\item_info.arc,item_info.arc,9717
0,,,,ui\00_message\common\item_info.gmd,\ui\item_info.arc,item_info.arc,9718
0,,,,ui\00_message\common\item_info.gmd,\ui\item_info.arc,item_info.arc,9719
0,,,,ui\00_message\common\item_info.gmd,\ui\item_info.arc,item_info.arc,9720
0,,,,ui\00_message\common\item_info.gmd,\ui\item_info.arc,item_info.arc,9721
0,,,,ui\00_message\common\item_info.gmd,\ui\item_info.arc,item_info.arc,9722
0,,,,ui\00_message\common\item_info.gmd,\ui\item_info.arc,item_info.arc,9723
0,,,,ui\00_message\common\item_info.gmd,\ui\item_info.arc,item_info.arc,9724
0,,,,ui\00_message\common\item_info.gmd,\ui\item_info.arc,item_info.arc,9725
0,,,,ui\00_message\common\item_info.gmd,\ui\item_info.arc,item_info.arc,9726
0,,,,ui\00_message\common\item_info.gmd,\ui\item_info.arc,item_info.arc,9727
0,,,,ui\00_message\common\item_info.gmd,\ui\item_info.arc,item_info.arc,9728
0,,,,ui\00_message\common\item_info.gmd,\ui\item_info.arc,item_info.arc,9729
0,,,,ui\00_message\common\item_info.gmd,\ui\item_info.arc,item_info.arc,9730
0,,,,ui\00_message\common\item_info.gmd,\ui\item_info.arc,item_info.arc,9731
0,,,,ui\00_message\common\item_info.gmd,\ui\item_info.arc,item_info.arc,9732
0,,,,ui\00_message\common\item_info.gmd,\ui\item_info.arc,item_info.arc,9733
0,,,,ui\00_message\common\item_info.gmd,\ui\item_info.arc,item_info.arc,9734
0,,,,ui\00_message\common\item_info.gmd,\ui\item_info.arc,item_info.arc,9735
0,,,,ui\00_message\common\item_info.gmd,\ui\item_info.arc,item_info.arc,9736
0,,,,ui\00_message\common\item_info.gmd,\ui\item_info.arc,item_info.arc,9737
0,,,,ui\00_message\common\item_info.gmd,\ui\item_info.arc,item_info.arc,9738
0,,,,ui\00_message\common\item_info.gmd,\ui\item_info.arc,item_info.arc,9739
0,,,,ui\00_message\common\item_info.gmd,\ui\item_info.arc,item_info.arc,9740
0,,,,ui\00_message\common\item_info.gmd,\ui\item_info.arc,item_info.arc,9741
0,,,,ui\00_message\common\item_info.gmd,\ui\item_info.arc,item_info.arc,9742
0,,,,ui\00_message\common\item_info.gmd,\ui\item_info.arc,item_info.arc,9743
0,,,,ui\00_message\common\item_info.gmd,\ui\item_info.arc,item_info.arc,9744
0,,,,ui\00_message\common\item_info.gmd,\ui\item_info.arc,item_info.arc,9745
0,,,,ui\00_message\common\item_info.gmd,\ui\item_info.arc,item_info.arc,9746
0,,,,ui\00_message\common\item_info.gmd,\ui\item_info.arc,item_info.arc,9747
0,,,,ui\00_message\common\item_info.gmd,\ui\item_info.arc,item_info.arc,9748
0,,,,ui\00_message\common\item_info.gmd,\ui\item_info.arc,item_info.arc,9749
0,,,,ui\00_message\common\item_info.gmd,\ui\item_info.arc,item_info.arc,9750
0,,,,ui\00_message\common\item_info.gmd,\ui\item_info.arc,item_info.arc,9751
0,,,,ui\00_message\common\item_info.gmd,\ui\item_info.arc,item_info.arc,9752
0,,,,ui\00_message\common\item_info.gmd,\ui\item_info.arc,item_info.arc,9753
0,,,,ui\00_message\common\item_info.gmd,\ui\item_info.arc,item_info.arc,9754
0,,,,ui\00_message\common\item_info.gmd,\ui\item_info.arc,item_info.arc,9755
0,,,,ui\00_message\common\item_info.gmd,\ui\item_info.arc,item_info.arc,9756
0,,,,ui\00_message\common\item_info.gmd,\ui\item_info.arc,item_info.arc,9757
0,,,,ui\00_message\common\item_info.gmd,\ui\item_info.arc,item_info.arc,9758
0,,,,ui\00_message\common\item_info.gmd,\ui\item_info.arc,item_info.arc,9759
0,,,,ui\00_message\common\item_info.gmd,\ui\item_info.arc,item_info.arc,9760
0,,,,ui\00_message\common\item_info.gmd,\ui\item_info.arc,item_info.arc,9761
0,,,,ui\00_message\common\item_info.gmd,\ui\item_info.arc,item_info.arc,9762
0,,,,ui\00_message\common\item_info.gmd,\ui\item_info.arc,item_info.arc,9763
0,,,,ui\00_message\common\item_info.gmd,\ui\item_info.arc,item_info.arc,9764
0,,,,ui\00_message\common\item_info.gmd,\ui\item_info.arc,item_info.arc,9765
0,,,,ui\00_message\common\item_info.gmd,\ui\item_info.arc,item_info.arc,9766
0,,,,ui\00_message\common\item_info.gmd,\ui\item_info.arc,item_info.arc,9767
0,,,,ui\00_message\common\item_info.gmd,\ui\item_info.arc,item_info.arc,9768
0,,,,ui\00_message\common\item_info.gmd,\ui\item_info.arc,item_info.arc,9769
0,,,,ui\00_message\common\item_info.gmd,\ui\item_info.arc,item_info.arc,9770
0,,,,ui\00_message\common\item_info.gmd,\ui\item_info.arc,item_info.arc,9771
0,,,,ui\00_message\common\item_info.gmd,\ui\item_info.arc,item_info.arc,9772
0,,,,ui\00_message\common\item_info.gmd,\ui\item_info.arc,item_info.arc,9773
0,,,,ui\00_message\common\item_info.gmd,\ui\item_info.arc,item_info.arc,9774
0,,,,ui\00_message\common\item_info.gmd,\ui\item_info.arc,item_info.arc,9775
0,,,,ui\00_message\common\item_info.gmd,\ui\item_info.arc,item_info.arc,9776
0,,,,ui\00_message\common\item_info.gmd,\ui\item_info.arc,item_info.arc,9777
0,,,,ui\00_message\common\item_info.gmd,\ui\item_info.arc,item_info.arc,9778
0,,,,ui\00_message\common\item_info.gmd,\ui\item_info.arc,item_info.arc,9779
0,,,,ui\00_message\common\item_info.gmd,\ui\item_info.arc,item_info.arc,9780
0,,,,ui\00_message\common\item_info.gmd,\ui\item_info.arc,item_info.arc,9781
0,,,,ui\00_message\common\item_info.gmd,\ui\item_info.arc,item_info.arc,9782
0,,,,ui\00_message\common\item_info.gmd,\ui\item_info.arc,item_info.arc,9783
0,,,,ui\00_message\common\item_info.gmd,\ui\item_info.arc,item_info.arc,9784
0,,,,ui\00_message\common\item_info.gmd,\ui\item_info.arc,item_info.arc,9785
0,,,,ui\00_message\common\item_info.gmd,\ui\item_info.arc,item_info.arc,9786
0,,,,ui\00_message\common\item_info.gmd,\ui\item_info.arc,item_info.arc,9787
0,,,,ui\00_message\common\item_info.gmd,\ui\item_info.arc,item_info.arc,9788
0,,,,ui\00_message\common\item_info.gmd,\ui\item_info.arc,item_info.arc,9789
0,,,,ui\00_message\common\item_info.gmd,\ui\item_info.arc,item_info.arc,9790
0,,,,ui\00_message\common\item_info.gmd,\ui\item_info.arc,item_info.arc,9791
0,,,,ui\00_message\common\item_info.gmd,\ui\item_info.arc,item_info.arc,9792
0,,,,ui\00_message\common\item_info.gmd,\ui\item_info.arc,item_info.arc,9793
0,,,,ui\00_message\common\item_info.gmd,\ui\item_info.arc,item_info.arc,9794
0,,,,ui\00_message\common\item_info.gmd,\ui\item_info.arc,item_info.arc,9795
0,,,,ui\00_message\common\item_info.gmd,\ui\item_info.arc,item_info.arc,9796
0,,,,ui\00_message\common\item_info.gmd,\ui\item_info.arc,item_info.arc,9797
0,,,,ui\00_message\common\item_info.gmd,\ui\item_info.arc,item_info.arc,9798
0,,,,ui\00_message\common\item_info.gmd,\ui\item_info.arc,item_info.arc,9799
0,,,,ui\00_message\common\item_info.gmd,\ui\item_info.arc,item_info.arc,9800
0,,,,ui\00_message\common\item_info.gmd,\ui\item_info.arc,item_info.arc,9801
0,,,,ui\00_message\common\item_info.gmd,\ui\item_info.arc,item_info.arc,9802
0,,,,ui\00_message\common\item_info.gmd,\ui\item_info.arc,item_info.arc,9803
0,,,,ui\00_message\common\item_info.gmd,\ui\item_info.arc,item_info.arc,9804
0,,,,ui\00_message\common\item_info.gmd,\ui\item_info.arc,item_info.arc,9805
0,,,,ui\00_message\common\item_info.gmd,\ui\item_info.arc,item_info.arc,9806
0,,,,ui\00_message\common\item_info.gmd,\ui\item_info.arc,item_info.arc,9807
0,,,,ui\00_message\common\item_info.gmd,\ui\item_info.arc,item_info.arc,9808
0,,,,ui\00_message\common\item_info.gmd,\ui\item_info.arc,item_info.arc,9809
0,,,,ui\00_message\common\item_info.gmd,\ui\item_info.arc,item_info.arc,9810
0,,,,ui\00_message\common\item_info.gmd,\ui\item_info.arc,item_info.arc,9811
0,,,,ui\00_message\common\item_info.gmd,\ui\item_info.arc,item_info.arc,9812
0,,,,ui\00_message\common\item_info.gmd,\ui\item_info.arc,item_info.arc,9813
0,,,,ui\00_message\common\item_info.gmd,\ui\item_info.arc,item_info.arc,9814
0,,,,ui\00_message\common\item_info.gmd,\ui\item_info.arc,item_info.arc,9815
0,,,,ui\00_message\common\item_info.gmd,\ui\item_info.arc,item_info.arc,9816
0,,,,ui\00_message\common\item_info.gmd,\ui\item_info.arc,item_info.arc,9817
0,,,,ui\00_message\common\item_info.gmd,\ui\item_info.arc,item_info.arc,9818
0,,,,ui\00_message\common\item_info.gmd,\ui\item_info.arc,item_info.arc,9819
0,,,,ui\00_message\common\item_info.gmd,\ui\item_info.arc,item_info.arc,9820
0,,,,ui\00_message\common\item_info.gmd,\ui\item_info.arc,item_info.arc,9821
0,,,,ui\00_message\common\item_info.gmd,\ui\item_info.arc,item_info.arc,9822
0,,,,ui\00_message\common\item_info.gmd,\ui\item_info.arc,item_info.arc,9823
0,,,,ui\00_message\common\item_info.gmd,\ui\item_info.arc,item_info.arc,9824
0,,,,ui\00_message\common\item_info.gmd,\ui\item_info.arc,item_info.arc,9825
0,,,,ui\00_message\common\item_info.gmd,\ui\item_info.arc,item_info.arc,9826
0,,,,ui\00_message\common\item_info.gmd,\ui\item_info.arc,item_info.arc,9827
0,,,,ui\00_message\common\item_info.gmd,\ui\item_info.arc,item_info.arc,9828
0,,,,ui\00_message\common\item_info.gmd,\ui\item_info.arc,item_info.arc,9829
0,,,,ui\00_message\common\item_info.gmd,\ui\item_info.arc,item_info.arc,9830
0,,,,ui\00_message\common\item_info.gmd,\ui\item_info.arc,item_info.arc,9831
0,,,,ui\00_message\common\item_info.gmd,\ui\item_info.arc,item_info.arc,9832
0,,,,ui\00_message\common\item_info.gmd,\ui\item_info.arc,item_info.arc,9833
0,,,,ui\00_message\common\item_info.gmd,\ui\item_info.arc,item_info.arc,9834
0,,,,ui\00_message\common\item_info.gmd,\ui\item_info.arc,item_info.arc,9835
0,,,,ui\00_message\common\item_info.gmd,\ui\item_info.arc,item_info.arc,9836
0,,,,ui\00_message\common\item_info.gmd,\ui\item_info.arc,item_info.arc,9837
0,,,,ui\00_message\common\item_info.gmd,\ui\item_info.arc,item_info.arc,9838
0,,,,ui\00_message\common\item_info.gmd,\ui\item_info.arc,item_info.arc,9839
0,,,,ui\00_message\common\item_info.gmd,\ui\item_info.arc,item_info.arc,9840
0,,,,ui\00_message\common\item_info.gmd,\ui\item_info.arc,item_info.arc,9841
0,,,,ui\00_message\common\item_info.gmd,\ui\item_info.arc,item_info.arc,9842
0,,,,ui\00_message\common\item_info.gmd,\ui\item_info.arc,item_info.arc,9843
0,,,,ui\00_message\common\item_info.gmd,\ui\item_info.arc,item_info.arc,9844
0,,,,ui\00_message\common\item_info.gmd,\ui\item_info.arc,item_info.arc,9845
0,,,,ui\00_message\common\item_info.gmd,\ui\item_info.arc,item_info.arc,9846
0,,,,ui\00_message\common\item_info.gmd,\ui\item_info.arc,item_info.arc,9847
0,,,,ui\00_message\common\item_info.gmd,\ui\item_info.arc,item_info.arc,9848
0,,,,ui\00_message\common\item_info.gmd,\ui\item_info.arc,item_info.arc,9849
0,,,,ui\00_message\common\item_info.gmd,\ui\item_info.arc,item_info.arc,9850
0,,,,ui\00_message\common\item_info.gmd,\ui\item_info.arc,item_info.arc,9851
0,,,,ui\00_message\common\item_info.gmd,\ui\item_info.arc,item_info.arc,9852
0,,,,ui\00_message\common\item_info.gmd,\ui\item_info.arc,item_info.arc,9853
0,,,,ui\00_message\common\item_info.gmd,\ui\item_info.arc,item_info.arc,9854
0,,,,ui\00_message\common\item_info.gmd,\ui\item_info.arc,item_info.arc,9855
0,,,,ui\00_message\common\item_info.gmd,\ui\item_info.arc,item_info.arc,9856
0,,,,ui\00_message\common\item_info.gmd,\ui\item_info.arc,item_info.arc,9857
0,,,,ui\00_message\common\item_info.gmd,\ui\item_info.arc,item_info.arc,9858
0,,,,ui\00_message\common\item_info.gmd,\ui\item_info.arc,item_info.arc,9859
0,,,,ui\00_message\common\item_info.gmd,\ui\item_info.arc,item_info.arc,9860
0,,,,ui\00_message\common\item_info.gmd,\ui\item_info.arc,item_info.arc,9861
0,,,,ui\00_message\common\item_info.gmd,\ui\item_info.arc,item_info.arc,9862
0,,,,ui\00_message\common\item_info.gmd,\ui\item_info.arc,item_info.arc,9863
0,,,,ui\00_message\common\item_info.gmd,\ui\item_info.arc,item_info.arc,9864
0,,,,ui\00_message\common\item_info.gmd,\ui\item_info.arc,item_info.arc,9865
0,,,,ui\00_message\common\item_info.gmd,\ui\item_info.arc,item_info.arc,9866
0,,,,ui\00_message\common\item_info.gmd,\ui\item_info.arc,item_info.arc,9867
0,,,,ui\00_message\common\item_info.gmd,\ui\item_info.arc,item_info.arc,9868
0,,,,ui\00_message\common\item_info.gmd,\ui\item_info.arc,item_info.arc,9869
0,,,,ui\00_message\common\item_info.gmd,\ui\item_info.arc,item_info.arc,9870
0,,,,ui\00_message\common\item_info.gmd,\ui\item_info.arc,item_info.arc,9871
0,,,,ui\00_message\common\item_info.gmd,\ui\item_info.arc,item_info.arc,9872
0,,,,ui\00_message\common\item_info.gmd,\ui\item_info.arc,item_info.arc,9873
0,,,,ui\00_message\common\item_info.gmd,\ui\item_info.arc,item_info.arc,9874
0,,,,ui\00_message\common\item_info.gmd,\ui\item_info.arc,item_info.arc,9875
0,,,,ui\00_message\common\item_info.gmd,\ui\item_info.arc,item_info.arc,9876
0,,,,ui\00_message\common\item_info.gmd,\ui\item_info.arc,item_info.arc,9877
0,,,,ui\00_message\common\item_info.gmd,\ui\item_info.arc,item_info.arc,9878
0,,,,ui\00_message\common\item_info.gmd,\ui\item_info.arc,item_info.arc,9879
0,,,,ui\00_message\common\item_info.gmd,\ui\item_info.arc,item_info.arc,9880
0,,,,ui\00_message\common\item_info.gmd,\ui\item_info.arc,item_info.arc,9881
0,,,,ui\00_message\common\item_info.gmd,\ui\item_info.arc,item_info.arc,9882
0,,,,ui\00_message\common\item_info.gmd,\ui\item_info.arc,item_info.arc,9883
0,,,,ui\00_message\common\item_info.gmd,\ui\item_info.arc,item_info.arc,9884
0,,,,ui\00_message\common\item_info.gmd,\ui\item_info.arc,item_info.arc,9885
0,,,,ui\00_message\common\item_info.gmd,\ui\item_info.arc,item_info.arc,9886
0,,,,ui\00_message\common\item_info.gmd,\ui\item_info.arc,item_info.arc,9887
0,,,,ui\00_message\common\item_info.gmd,\ui\item_info.arc,item_info.arc,9888
0,,,,ui\00_message\common\item_info.gmd,\ui\item_info.arc,item_info.arc,9889
0,,,,ui\00_message\common\item_info.gmd,\ui\item_info.arc,item_info.arc,9890
0,,,,ui\00_message\common\item_info.gmd,\ui\item_info.arc,item_info.arc,9891
0,,,,ui\00_message\common\item_info.gmd,\ui\item_info.arc,item_info.arc,9892
0,,,,ui\00_message\common\item_info.gmd,\ui\item_info.arc,item_info.arc,9893
0,,,,ui\00_message\common\item_info.gmd,\ui\item_info.arc,item_info.arc,9894
0,,,,ui\00_message\common\item_info.gmd,\ui\item_info.arc,item_info.arc,9895
0,,,,ui\00_message\common\item_info.gmd,\ui\item_info.arc,item_info.arc,9896
0,,,,ui\00_message\common\item_info.gmd,\ui\item_info.arc,item_info.arc,9897
0,,,,ui\00_message\common\item_info.gmd,\ui\item_info.arc,item_info.arc,9898
0,,,,ui\00_message\common\item_info.gmd,\ui\item_info.arc,item_info.arc,9899
0,,,,ui\00_message\common\item_info.gmd,\ui\item_info.arc,item_info.arc,9900
0,,,,ui\00_message\common\item_info.gmd,\ui\item_info.arc,item_info.arc,9901
0,,,,ui\00_message\common\item_info.gmd,\ui\item_info.arc,item_info.arc,9902
0,,,,ui\00_message\common\item_info.gmd,\ui\item_info.arc,item_info.arc,9903
0,,,,ui\00_message\common\item_info.gmd,\ui\item_info.arc,item_info.arc,9904
0,,,,ui\00_message\common\item_info.gmd,\ui\item_info.arc,item_info.arc,9905
0,,,,ui\00_message\common\item_info.gmd,\ui\item_info.arc,item_info.arc,9906
0,,,,ui\00_message\common\item_info.gmd,\ui\item_info.arc,item_info.arc,9907
0,,,,ui\00_message\common\item_info.gmd,\ui\item_info.arc,item_info.arc,9908
0,,,,ui\00_message\common\item_info.gmd,\ui\item_info.arc,item_info.arc,9909
0,,,,ui\00_message\common\item_info.gmd,\ui\item_info.arc,item_info.arc,9910
0,,,,ui\00_message\common\item_info.gmd,\ui\item_info.arc,item_info.arc,9911
0,,,,ui\00_message\common\item_info.gmd,\ui\item_info.arc,item_info.arc,9912
0,,,,ui\00_message\common\item_info.gmd,\ui\item_info.arc,item_info.arc,9913
0,,,,ui\00_message\common\item_info.gmd,\ui\item_info.arc,item_info.arc,9914
0,,,,ui\00_message\common\item_info.gmd,\ui\item_info.arc,item_info.arc,9915
0,,,,ui\00_message\common\item_info.gmd,\ui\item_info.arc,item_info.arc,9916
0,,,,ui\00_message\common\item_info.gmd,\ui\item_info.arc,item_info.arc,9917
0,,,,ui\00_message\common\item_info.gmd,\ui\item_info.arc,item_info.arc,9918
0,,,,ui\00_message\common\item_info.gmd,\ui\item_info.arc,item_info.arc,9919
0,,,,ui\00_message\common\item_info.gmd,\ui\item_info.arc,item_info.arc,9920
0,,,,ui\00_message\common\item_info.gmd,\ui\item_info.arc,item_info.arc,9921
0,,,,ui\00_message\common\item_info.gmd,\ui\item_info.arc,item_info.arc,9922
0,,,,ui\00_message\common\item_info.gmd,\ui\item_info.arc,item_info.arc,9923
0,,,,ui\00_message\common\item_info.gmd,\ui\item_info.arc,item_info.arc,9924
0,,,,ui\00_message\common\item_info.gmd,\ui\item_info.arc,item_info.arc,9925
0,,,,ui\00_message\common\item_info.gmd,\ui\item_info.arc,item_info.arc,9926
0,,,,ui\00_message\common\item_info.gmd,\ui\item_info.arc,item_info.arc,9927
0,,,,ui\00_message\common\item_info.gmd,\ui\item_info.arc,item_info.arc,9928
0,,,,ui\00_message\common\item_info.gmd,\ui\item_info.arc,item_info.arc,9929
0,,,,ui\00_message\common\item_info.gmd,\ui\item_info.arc,item_info.arc,9930
0,,,,ui\00_message\common\item_info.gmd,\ui\item_info.arc,item_info.arc,9931
0,,,,ui\00_message\common\item_info.gmd,\ui\item_info.arc,item_info.arc,9932
0,,,,ui\00_message\common\item_info.gmd,\ui\item_info.arc,item_info.arc,9933
0,,,,ui\00_message\common\item_info.gmd,\ui\item_info.arc,item_info.arc,9934
0,,,,ui\00_message\common\item_info.gmd,\ui\item_info.arc,item_info.arc,9935
0,,,,ui\00_message\common\item_info.gmd,\ui\item_info.arc,item_info.arc,9936
0,,,,ui\00_message\common\item_info.gmd,\ui\item_info.arc,item_info.arc,9937
0,,,,ui\00_message\common\item_info.gmd,\ui\item_info.arc,item_info.arc,9938
0,,,,ui\00_message\common\item_info.gmd,\ui\item_info.arc,item_info.arc,9939
0,,,,ui\00_message\common\item_info.gmd,\ui\item_info.arc,item_info.arc,9940
0,,,,ui\00_message\common\item_info.gmd,\ui\item_info.arc,item_info.arc,9941
0,,,,ui\00_message\common\item_info.gmd,\ui\item_info.arc,item_info.arc,9942
0,,,,ui\00_message\common\item_info.gmd,\ui\item_info.arc,item_info.arc,9943
0,,,,ui\00_message\common\item_info.gmd,\ui\item_info.arc,item_info.arc,9944
0,,,,ui\00_message\common\item_info.gmd,\ui\item_info.arc,item_info.arc,9945
0,,,,ui\00_message\common\item_info.gmd,\ui\item_info.arc,item_info.arc,9946
0,,,,ui\00_message\common\item_info.gmd,\ui\item_info.arc,item_info.arc,9947
0,,,,ui\00_message\common\item_info.gmd,\ui\item_info.arc,item_info.arc,9948
0,,,,ui\00_message\common\item_info.gmd,\ui\item_info.arc,item_info.arc,9949
0,,,,ui\00_message\common\item_info.gmd,\ui\item_info.arc,item_info.arc,9950
0,,,,ui\00_message\common\item_info.gmd,\ui\item_info.arc,item_info.arc,9951
0,,,,ui\00_message\common\item_info.gmd,\ui\item_info.arc,item_info.arc,9952
0,,,,ui\00_message\common\item_info.gmd,\ui\item_info.arc,item_info.arc,9953
0,,,,ui\00_message\common\item_info.gmd,\ui\item_info.arc,item_info.arc,9954
0,,,,ui\00_message\common\item_info.gmd,\ui\item_info.arc,item_info.arc,9955
0,,,,ui\00_message\common\item_info.gmd,\ui\item_info.arc,item_info.arc,9956
0,,,,ui\00_message\common\item_info.gmd,\ui\item_info.arc,item_info.arc,9957
0,,,,ui\00_message\common\item_info.gmd,\ui\item_info.arc,item_info.arc,9958
0,,,,ui\00_message\common\item_info.gmd,\ui\item_info.arc,item_info.arc,9959
0,,,,ui\00_message\common\item_info.gmd,\ui\item_info.arc,item_info.arc,9960
0,,,,ui\00_message\common\item_info.gmd,\ui\item_info.arc,item_info.arc,9961
0,,,,ui\00_message\common\item_info.gmd,\ui\item_info.arc,item_info.arc,9962
0,,,,ui\00_message\common\item_info.gmd,\ui\item_info.arc,item_info.arc,9963
0,,,,ui\00_message\common\item_info.gmd,\ui\item_info.arc,item_info.arc,9964
0,,,,ui\00_message\common\item_info.gmd,\ui\item_info.arc,item_info.arc,9965
0,,,,ui\00_message\common\item_info.gmd,\ui\item_info.arc,item_info.arc,9966
0,,,,ui\00_message\common\item_info.gmd,\ui\item_info.arc,item_info.arc,9967
0,,,,ui\00_message\common\item_info.gmd,\ui\item_info.arc,item_info.arc,9968
0,,,,ui\00_message\common\item_info.gmd,\ui\item_info.arc,item_info.arc,9969
0,,,,ui\00_message\common\item_info.gmd,\ui\item_info.arc,item_info.arc,9970
0,,,,ui\00_message\common\item_info.gmd,\ui\item_info.arc,item_info.arc,9971
0,,,,ui\00_message\common\item_info.gmd,\ui\item_info.arc,item_info.arc,9972
0,,,,ui\00_message\common\item_info.gmd,\ui\item_info.arc,item_info.arc,9973
0,,,,ui\00_message\common\item_info.gmd,\ui\item_info.arc,item_info.arc,9974
0,,,,ui\00_message\common\item_info.gmd,\ui\item_info.arc,item_info.arc,9975
0,,,,ui\00_message\common\item_info.gmd,\ui\item_info.arc,item_info.arc,9976
0,,,,ui\00_message\common\item_info.gmd,\ui\item_info.arc,item_info.arc,9977
0,,,,ui\00_message\common\item_info.gmd,\ui\item_info.arc,item_info.arc,9978
0,,,,ui\00_message\common\item_info.gmd,\ui\item_info.arc,item_info.arc,9979
0,,,,ui\00_message\common\item_info.gmd,\ui\item_info.arc,item_info.arc,9980
0,,,,ui\00_message\common\item_info.gmd,\ui\item_info.arc,item_info.arc,9981
0,,,,ui\00_message\common\item_info.gmd,\ui\item_info.arc,item_info.arc,9982
0,,,,ui\00_message\common\item_info.gmd,\ui\item_info.arc,item_info.arc,9983
0,,,,ui\00_message\common\item_info.gmd,\ui\item_info.arc,item_info.arc,9984
0,,,,ui\00_message\common\item_info.gmd,\ui\item_info.arc,item_info.arc,9985
0,,,,ui\00_message\common\item_info.gmd,\ui\item_info.arc,item_info.arc,9986
0,,,,ui\00_message\common\item_info.gmd,\ui\item_info.arc,item_info.arc,9987
0,,,,ui\00_message\common\item_info.gmd,\ui\item_info.arc,item_info.arc,9988
0,,,,ui\00_message\common\item_info.gmd,\ui\item_info.arc,item_info.arc,9989
0,,,,ui\00_message\common\item_info.gmd,\ui\item_info.arc,item_info.arc,9990
0,,,,ui\00_message\common\item_info.gmd,\ui\item_info.arc,item_info.arc,9991
0,,,,ui\00_message\common\item_info.gmd,\ui\item_info.arc,item_info.arc,9992
0,,,,ui\00_message\common\item_info.gmd,\ui\item_info.arc,item_info.arc,9993
0,,,,ui\00_message\common\item_info.gmd,\ui\item_info.arc,item_info.arc,9994
0,,,,ui\00_message\common\item_info.gmd,\ui\item_info.arc,item_info.arc,9995
0,,,,ui\00_message\common\item_info.gmd,\ui\item_info.arc,item_info.arc,9996
0,,,,ui\00_message\common\item_info.gmd,\ui\item_info.arc,item_info.arc,9997
0,,,,ui\00_message\common\item_info.gmd,\ui\item_info.arc,item_info.arc,9998
0,,,,ui\00_message\common\item_info.gmd,\ui\item_info.arc,item_info.arc,9999
0,,,,ui\00_message\common\item_info.gmd,\ui\item_info.arc,item_info.arc,10000
0,,,,ui\00_message\common\item_info.gmd,\ui\item_info.arc,item_info.arc,10001
0,,,,ui\00_message\common\item_info.gmd,\ui\item_info.arc,item_info.arc,10002
0,,,,ui\00_message\common\item_info.gmd,\ui\item_info.arc,item_info.arc,10003
0,,,,ui\00_message\common\item_info.gmd,\ui\item_info.arc,item_info.arc,10004
0,,,,ui\00_message\common\item_info.gmd,\ui\item_info.arc,item_info.arc,10005
0,,,,ui\00_message\common\item_info.gmd,\ui\item_info.arc,item_info.arc,10006
0,,,,ui\00_message\common\item_info.gmd,\ui\item_info.arc,item_info.arc,10007
0,,,,ui\00_message\common\item_info.gmd,\ui\item_info.arc,item_info.arc,10008
0,,,,ui\00_message\common\item_info.gmd,\ui\item_info.arc,item_info.arc,10009
0,,,,ui\00_message\common\item_info.gmd,\ui\item_info.arc,item_info.arc,10010
0,,,,ui\00_message\common\item_info.gmd,\ui\item_info.arc,item_info.arc,10011
0,,,,ui\00_message\common\item_info.gmd,\ui\item_info.arc,item_info.arc,10012
0,,,,ui\00_message\common\item_info.gmd,\ui\item_info.arc,item_info.arc,10013
0,,,,ui\00_message\common\item_info.gmd,\ui\item_info.arc,item_info.arc,10014
0,,,,ui\00_message\common\item_info.gmd,\ui\item_info.arc,item_info.arc,10015
0,,,,ui\00_message\common\item_info.gmd,\ui\item_info.arc,item_info.arc,10016
0,,,,ui\00_message\common\item_info.gmd,\ui\item_info.arc,item_info.arc,10017
0,,,,ui\00_message\common\item_info.gmd,\ui\item_info.arc,item_info.arc,10018
0,,,,ui\00_message\common\item_info.gmd,\ui\item_info.arc,item_info.arc,10019
0,,,,ui\00_message\common\item_info.gmd,\ui\item_info.arc,item_info.arc,10020
0,,,,ui\00_message\common\item_info.gmd,\ui\item_info.arc,item_info.arc,10021
0,,,,ui\00_message\common\item_info.gmd,\ui\item_info.arc,item_info.arc,10022
0,,,,ui\00_message\common\item_info.gmd,\ui\item_info.arc,item_info.arc,10023
0,,,,ui\00_message\common\item_info.gmd,\ui\item_info.arc,item_info.arc,10024
0,,,,ui\00_message\common\item_info.gmd,\ui\item_info.arc,item_info.arc,10025
0,,,,ui\00_message\common\item_info.gmd,\ui\item_info.arc,item_info.arc,10026
0,,,,ui\00_message\common\item_info.gmd,\ui\item_info.arc,item_info.arc,10027
0,,,,ui\00_message\common\item_info.gmd,\ui\item_info.arc,item_info.arc,10028
0,,,,ui\00_message\common\item_info.gmd,\ui\item_info.arc,item_info.arc,10029
0,,,,ui\00_message\common\item_info.gmd,\ui\item_info.arc,item_info.arc,10030
0,,,,ui\00_message\common\item_info.gmd,\ui\item_info.arc,item_info.arc,10031
0,,,,ui\00_message\common\item_info.gmd,\ui\item_info.arc,item_info.arc,10032
0,,,,ui\00_message\common\item_info.gmd,\ui\item_info.arc,item_info.arc,10033
0,,,,ui\00_message\common\item_info.gmd,\ui\item_info.arc,item_info.arc,10034
0,,,,ui\00_message\common\item_info.gmd,\ui\item_info.arc,item_info.arc,10035
0,,,,ui\00_message\common\item_info.gmd,\ui\item_info.arc,item_info.arc,10036
0,,,,ui\00_message\common\item_info.gmd,\ui\item_info.arc,item_info.arc,10037
0,,,,ui\00_message\common\item_info.gmd,\ui\item_info.arc,item_info.arc,10038
0,,,,ui\00_message\common\item_info.gmd,\ui\item_info.arc,item_info.arc,10039
0,,,,ui\00_message\common\item_info.gmd,\ui\item_info.arc,item_info.arc,10040
0,,,,ui\00_message\common\item_info.gmd,\ui\item_info.arc,item_info.arc,10041
0,,,,ui\00_message\common\item_info.gmd,\ui\item_info.arc,item_info.arc,10042
0,,,,ui\00_message\common\item_info.gmd,\ui\item_info.arc,item_info.arc,10043
0,,,,ui\00_message\common\item_info.gmd,\ui\item_info.arc,item_info.arc,10044
0,,,,ui\00_message\common\item_info.gmd,\ui\item_info.arc,item_info.arc,10045
0,,,,ui\00_message\common\item_info.gmd,\ui\item_info.arc,item_info.arc,10046
0,,,,ui\00_message\common\item_info.gmd,\ui\item_info.arc,item_info.arc,10047
0,,,,ui\00_message\common\item_info.gmd,\ui\item_info.arc,item_info.arc,10048
0,,,,ui\00_message\common\item_info.gmd,\ui\item_info.arc,item_info.arc,10049
0,,,,ui\00_message\common\item_info.gmd,\ui\item_info.arc,item_info.arc,10050
0,,,,ui\00_message\common\item_info.gmd,\ui\item_info.arc,item_info.arc,10051
0,,,,ui\00_message\common\item_info.gmd,\ui\item_info.arc,item_info.arc,10052
0,,,,ui\00_message\common\item_info.gmd,\ui\item_info.arc,item_info.arc,10053
0,,,,ui\00_message\common\item_info.gmd,\ui\item_info.arc,item_info.arc,10054
0,,,,ui\00_message\common\item_info.gmd,\ui\item_info.arc,item_info.arc,10055
0,,,,ui\00_message\common\item_info.gmd,\ui\item_info.arc,item_info.arc,10056
0,,,,ui\00_message\common\item_info.gmd,\ui\item_info.arc,item_info.arc,10057
0,,,,ui\00_message\common\item_info.gmd,\ui\item_info.arc,item_info.arc,10058
0,,,,ui\00_message\common\item_info.gmd,\ui\item_info.arc,item_info.arc,10059
0,,,,ui\00_message\common\item_info.gmd,\ui\item_info.arc,item_info.arc,10060
0,,,,ui\00_message\common\item_info.gmd,\ui\item_info.arc,item_info.arc,10061
0,,,,ui\00_message\common\item_info.gmd,\ui\item_info.arc,item_info.arc,10062
0,,,,ui\00_message\common\item_info.gmd,\ui\item_info.arc,item_info.arc,10063
0,,,,ui\00_message\common\item_info.gmd,\ui\item_info.arc,item_info.arc,10064
0,,,,ui\00_message\common\item_info.gmd,\ui\item_info.arc,item_info.arc,10065
0,,,,ui\00_message\common\item_info.gmd,\ui\item_info.arc,item_info.arc,10066
0,,,,ui\00_message\common\item_info.gmd,\ui\item_info.arc,item_info.arc,10067
0,,,,ui\00_message\common\item_info.gmd,\ui\item_info.arc,item_info.arc,10068
0,,,,ui\00_message\common\item_info.gmd,\ui\item_info.arc,item_info.arc,10069
0,,,,ui\00_message\common\item_info.gmd,\ui\item_info.arc,item_info.arc,10070
0,,,,ui\00_message\common\item_info.gmd,\ui\item_info.arc,item_info.arc,10071
0,,,,ui\00_message\common\item_info.gmd,\ui\item_info.arc,item_info.arc,10072
0,,,,ui\00_message\common\item_info.gmd,\ui\item_info.arc,item_info.arc,10073
0,,,,ui\00_message\common\item_info.gmd,\ui\item_info.arc,item_info.arc,10074
0,,,,ui\00_message\common\item_info.gmd,\ui\item_info.arc,item_info.arc,10075
0,,,,ui\00_message\common\item_info.gmd,\ui\item_info.arc,item_info.arc,10076
0,,,,ui\00_message\common\item_info.gmd,\ui\item_info.arc,item_info.arc,10077
0,,,,ui\00_message\common\item_info.gmd,\ui\item_info.arc,item_info.arc,10078
0,,,,ui\00_message\common\item_info.gmd,\ui\item_info.arc,item_info.arc,10079
0,,,,ui\00_message\common\item_info.gmd,\ui\item_info.arc,item_info.arc,10080
0,,,,ui\00_message\common\item_info.gmd,\ui\item_info.arc,item_info.arc,10081
0,,,,ui\00_message\common\item_info.gmd,\ui\item_info.arc,item_info.arc,10082
0,,,,ui\00_message\common\item_info.gmd,\ui\item_info.arc,item_info.arc,10083
0,,,,ui\00_message\common\item_info.gmd,\ui\item_info.arc,item_info.arc,10084
0,,,,ui\00_message\common\item_info.gmd,\ui\item_info.arc,item_info.arc,10085
0,,,,ui\00_message\common\item_info.gmd,\ui\item_info.arc,item_info.arc,10086
0,,,,ui\00_message\common\item_info.gmd,\ui\item_info.arc,item_info.arc,10087
0,,,,ui\00_message\common\item_info.gmd,\ui\item_info.arc,item_info.arc,10088
0,,,,ui\00_message\common\item_info.gmd,\ui\item_info.arc,item_info.arc,10089
0,,,,ui\00_message\common\item_info.gmd,\ui\item_info.arc,item_info.arc,10090
0,,,,ui\00_message\common\item_info.gmd,\ui\item_info.arc,item_info.arc,10091
0,,,,ui\00_message\common\item_info.gmd,\ui\item_info.arc,item_info.arc,10092
0,,,,ui\00_message\common\item_info.gmd,\ui\item_info.arc,item_info.arc,10093
0,,,,ui\00_message\common\item_info.gmd,\ui\item_info.arc,item_info.arc,10094
0,,,,ui\00_message\common\item_info.gmd,\ui\item_info.arc,item_info.arc,10095
0,,,,ui\00_message\common\item_info.gmd,\ui\item_info.arc,item_info.arc,10096
0,,,,ui\00_message\common\item_info.gmd,\ui\item_info.arc,item_info.arc,10097
0,,,,ui\00_message\common\item_info.gmd,\ui\item_info.arc,item_info.arc,10098
0,,,,ui\00_message\common\item_info.gmd,\ui\item_info.arc,item_info.arc,10099
0,,,,ui\00_message\common\item_info.gmd,\ui\item_info.arc,item_info.arc,10100
0,,,,ui\00_message\common\item_info.gmd,\ui\item_info.arc,item_info.arc,10101
0,,,,ui\00_message\common\item_info.gmd,\ui\item_info.arc,item_info.arc,10102
0,,,,ui\00_message\common\item_info.gmd,\ui\item_info.arc,item_info.arc,10103
0,,,,ui\00_message\common\item_info.gmd,\ui\item_info.arc,item_info.arc,10104
0,,,,ui\00_message\common\item_info.gmd,\ui\item_info.arc,item_info.arc,10105
0,,,,ui\00_message\common\item_info.gmd,\ui\item_info.arc,item_info.arc,10106
0,,,,ui\00_message\common\item_info.gmd,\ui\item_info.arc,item_info.arc,10107
0,,,,ui\00_message\common\item_info.gmd,\ui\item_info.arc,item_info.arc,10108
0,,,,ui\00_message\common\item_info.gmd,\ui\item_info.arc,item_info.arc,10109
0,,,,ui\00_message\common\item_info.gmd,\ui\item_info.arc,item_info.arc,10110
0,,,,ui\00_message\common\item_info.gmd,\ui\item_info.arc,item_info.arc,10111
0,,,,ui\00_message\common\item_info.gmd,\ui\item_info.arc,item_info.arc,10112
0,,,,ui\00_message\common\item_info.gmd,\ui\item_info.arc,item_info.arc,10113
0,,,,ui\00_message\common\item_info.gmd,\ui\item_info.arc,item_info.arc,10114
0,,,,ui\00_message\common\item_info.gmd,\ui\item_info.arc,item_info.arc,10115
0,,,,ui\00_message\common\item_info.gmd,\ui\item_info.arc,item_info.arc,10116
0,,,,ui\00_message\common\item_info.gmd,\ui\item_info.arc,item_info.arc,10117
0,,,,ui\00_message\common\item_info.gmd,\ui\item_info.arc,item_info.arc,10118
0,,,,ui\00_message\common\item_info.gmd,\ui\item_info.arc,item_info.arc,10119
0,,,,ui\00_message\common\item_info.gmd,\ui\item_info.arc,item_info.arc,10120
0,,,,ui\00_message\common\item_info.gmd,\ui\item_info.arc,item_info.arc,10121
0,,,,ui\00_message\common\item_info.gmd,\ui\item_info.arc,item_info.arc,10122
0,,,,ui\00_message\common\item_info.gmd,\ui\item_info.arc,item_info.arc,10123
0,,,,ui\00_message\common\item_info.gmd,\ui\item_info.arc,item_info.arc,10124
0,,,,ui\00_message\common\item_info.gmd,\ui\item_info.arc,item_info.arc,10125
0,,,,ui\00_message\common\item_info.gmd,\ui\item_info.arc,item_info.arc,10126
0,,,,ui\00_message\common\item_info.gmd,\ui\item_info.arc,item_info.arc,10127
0,,,,ui\00_message\common\item_info.gmd,\ui\item_info.arc,item_info.arc,10128
0,,,,ui\00_message\common\item_info.gmd,\ui\item_info.arc,item_info.arc,10129
0,,,,ui\00_message\common\item_info.gmd,\ui\item_info.arc,item_info.arc,10130
0,,,,ui\00_message\common\item_info.gmd,\ui\item_info.arc,item_info.arc,10131
0,,,,ui\00_message\common\item_info.gmd,\ui\item_info.arc,item_info.arc,10132
0,,,,ui\00_message\common\item_info.gmd,\ui\item_info.arc,item_info.arc,10133
0,,,,ui\00_message\common\item_info.gmd,\ui\item_info.arc,item_info.arc,10134
0,,,,ui\00_message\common\item_info.gmd,\ui\item_info.arc,item_info.arc,10135
0,,,,ui\00_message\common\item_info.gmd,\ui\item_info.arc,item_info.arc,10136
0,,,,ui\00_message\common\item_info.gmd,\ui\item_info.arc,item_info.arc,10137
0,,,,ui\00_message\common\item_info.gmd,\ui\item_info.arc,item_info.arc,10138
0,,,,ui\00_message\common\item_info.gmd,\ui\item_info.arc,item_info.arc,10139
0,,,,ui\00_message\common\item_info.gmd,\ui\item_info.arc,item_info.arc,10140
0,,,,ui\00_message\common\item_info.gmd,\ui\item_info.arc,item_info.arc,10141
0,,,,ui\00_message\common\item_info.gmd,\ui\item_info.arc,item_info.arc,10142
0,,,,ui\00_message\common\item_info.gmd,\ui\item_info.arc,item_info.arc,10143
0,,,,ui\00_message\common\item_info.gmd,\ui\item_info.arc,item_info.arc,10144
0,,,,ui\00_message\common\item_info.gmd,\ui\item_info.arc,item_info.arc,10145
0,,,,ui\00_message\common\item_info.gmd,\ui\item_info.arc,item_info.arc,10146
0,,,,ui\00_message\common\item_info.gmd,\ui\item_info.arc,item_info.arc,10147
0,,,,ui\00_message\common\item_info.gmd,\ui\item_info.arc,item_info.arc,10148
0,,,,ui\00_message\common\item_info.gmd,\ui\item_info.arc,item_info.arc,10149
0,,,,ui\00_message\common\item_info.gmd,\ui\item_info.arc,item_info.arc,10150
0,,,,ui\00_message\common\item_info.gmd,\ui\item_info.arc,item_info.arc,10151
0,,,,ui\00_message\common\item_info.gmd,\ui\item_info.arc,item_info.arc,10152
0,,,,ui\00_message\common\item_info.gmd,\ui\item_info.arc,item_info.arc,10153
0,,,,ui\00_message\common\item_info.gmd,\ui\item_info.arc,item_info.arc,10154
0,,,,ui\00_message\common\item_info.gmd,\ui\item_info.arc,item_info.arc,10155
0,,,,ui\00_message\common\item_info.gmd,\ui\item_info.arc,item_info.arc,10156
0,,,,ui\00_message\common\item_info.gmd,\ui\item_info.arc,item_info.arc,10157
0,,,,ui\00_message\common\item_info.gmd,\ui\item_info.arc,item_info.arc,10158
0,,,,ui\00_message\common\item_info.gmd,\ui\item_info.arc,item_info.arc,10159
0,,,,ui\00_message\common\item_info.gmd,\ui\item_info.arc,item_info.arc,10160
0,,,,ui\00_message\common\item_info.gmd,\ui\item_info.arc,item_info.arc,10161
0,,,,ui\00_message\common\item_info.gmd,\ui\item_info.arc,item_info.arc,10162
0,,,,ui\00_message\common\item_info.gmd,\ui\item_info.arc,item_info.arc,10163
0,,,,ui\00_message\common\item_info.gmd,\ui\item_info.arc,item_info.arc,10164
0,,,,ui\00_message\common\item_info.gmd,\ui\item_info.arc,item_info.arc,10165
0,,,,ui\00_message\common\item_info.gmd,\ui\item_info.arc,item_info.arc,10166
0,,,,ui\00_message\common\item_info.gmd,\ui\item_info.arc,item_info.arc,10167
0,,,,ui\00_message\common\item_info.gmd,\ui\item_info.arc,item_info.arc,10168
0,,,,ui\00_message\common\item_info.gmd,\ui\item_info.arc,item_info.arc,10169
0,,,,ui\00_message\common\item_info.gmd,\ui\item_info.arc,item_info.arc,10170
0,,,,ui\00_message\common\item_info.gmd,\ui\item_info.arc,item_info.arc,10171
0,,,,ui\00_message\common\item_info.gmd,\ui\item_info.arc,item_info.arc,10172
0,,,,ui\00_message\common\item_info.gmd,\ui\item_info.arc,item_info.arc,10173
0,,,,ui\00_message\common\item_info.gmd,\ui\item_info.arc,item_info.arc,10174
0,,,,ui\00_message\common\item_info.gmd,\ui\item_info.arc,item_info.arc,10175
0,,,,ui\00_message\common\item_info.gmd,\ui\item_info.arc,item_info.arc,10176
0,,,,ui\00_message\common\item_info.gmd,\ui\item_info.arc,item_info.arc,10177
0,,,,ui\00_message\common\item_info.gmd,\ui\item_info.arc,item_info.arc,10178
0,,,,ui\00_message\common\item_info.gmd,\ui\item_info.arc,item_info.arc,10179
0,,,,ui\00_message\common\item_info.gmd,\ui\item_info.arc,item_info.arc,10180
0,,,,ui\00_message\common\item_info.gmd,\ui\item_info.arc,item_info.arc,10181
0,,,,ui\00_message\common\item_info.gmd,\ui\item_info.arc,item_info.arc,10182
0,,,,ui\00_message\common\item_info.gmd,\ui\item_info.arc,item_info.arc,10183
0,,,,ui\00_message\common\item_info.gmd,\ui\item_info.arc,item_info.arc,10184
0,,,,ui\00_message\common\item_info.gmd,\ui\item_info.arc,item_info.arc,10185
0,,,,ui\00_message\common\item_info.gmd,\ui\item_info.arc,item_info.arc,10186
0,,,,ui\00_message\common\item_info.gmd,\ui\item_info.arc,item_info.arc,10187
0,,,,ui\00_message\common\item_info.gmd,\ui\item_info.arc,item_info.arc,10188
0,,,,ui\00_message\common\item_info.gmd,\ui\item_info.arc,item_info.arc,10189
0,,,,ui\00_message\common\item_info.gmd,\ui\item_info.arc,item_info.arc,10190
0,,,,ui\00_message\common\item_info.gmd,\ui\item_info.arc,item_info.arc,10191
0,,,,ui\00_message\common\item_info.gmd,\ui\item_info.arc,item_info.arc,10192
0,,,,ui\00_message\common\item_info.gmd,\ui\item_info.arc,item_info.arc,10193
0,,,,ui\00_message\common\item_info.gmd,\ui\item_info.arc,item_info.arc,10194
0,,,,ui\00_message\common\item_info.gmd,\ui\item_info.arc,item_info.arc,10195
0,,,,ui\00_message\common\item_info.gmd,\ui\item_info.arc,item_info.arc,10196
0,,,,ui\00_message\common\item_info.gmd,\ui\item_info.arc,item_info.arc,10197
0,,,,ui\00_message\common\item_info.gmd,\ui\item_info.arc,item_info.arc,10198
0,,,,ui\00_message\common\item_info.gmd,\ui\item_info.arc,item_info.arc,10199
0,,,,ui\00_message\common\item_info.gmd,\ui\item_info.arc,item_info.arc,10200
0,,,,ui\00_message\common\item_info.gmd,\ui\item_info.arc,item_info.arc,10201
0,,,,ui\00_message\common\item_info.gmd,\ui\item_info.arc,item_info.arc,10202
0,,,,ui\00_message\common\item_info.gmd,\ui\item_info.arc,item_info.arc,10203
0,,,,ui\00_message\common\item_info.gmd,\ui\item_info.arc,item_info.arc,10204
0,,,,ui\00_message\common\item_info.gmd,\ui\item_info.arc,item_info.arc,10205
0,,,,ui\00_message\common\item_info.gmd,\ui\item_info.arc,item_info.arc,10206
0,,,,ui\00_message\common\item_info.gmd,\ui\item_info.arc,item_info.arc,10207
0,,,,ui\00_message\common\item_info.gmd,\ui\item_info.arc,item_info.arc,10208
0,,,,ui\00_message\common\item_info.gmd,\ui\item_info.arc,item_info.arc,10209
0,,,,ui\00_message\common\item_info.gmd,\ui\item_info.arc,item_info.arc,10210
0,,,,ui\00_message\common\item_info.gmd,\ui\item_info.arc,item_info.arc,10211
0,,,,ui\00_message\common\item_info.gmd,\ui\item_info.arc,item_info.arc,10212
0,,,,ui\00_message\common\item_info.gmd,\ui\item_info.arc,item_info.arc,10213
0,,,,ui\00_message\common\item_info.gmd,\ui\item_info.arc,item_info.arc,10214
0,,,,ui\00_message\common\item_info.gmd,\ui\item_info.arc,item_info.arc,10215
0,,,,ui\00_message\common\item_info.gmd,\ui\item_info.arc,item_info.arc,10216
0,,,,ui\00_message\common\item_info.gmd,\ui\item_info.arc,item_info.arc,10217
0,,,,ui\00_message\common\item_info.gmd,\ui\item_info.arc,item_info.arc,10218
0,,,,ui\00_message\common\item_info.gmd,\ui\item_info.arc,item_info.arc,10219
0,,,,ui\00_message\common\item_info.gmd,\ui\item_info.arc,item_info.arc,10220
0,,,,ui\00_message\common\item_info.gmd,\ui\item_info.arc,item_info.arc,10221
0,,,,ui\00_message\common\item_info.gmd,\ui\item_info.arc,item_info.arc,10222
0,,,,ui\00_message\common\item_info.gmd,\ui\item_info.arc,item_info.arc,10223
0,,,,ui\00_message\common\item_info.gmd,\ui\item_info.arc,item_info.arc,10224
0,,,,ui\00_message\common\item_info.gmd,\ui\item_info.arc,item_info.arc,10225
0,,,,ui\00_message\common\item_info.gmd,\ui\item_info.arc,item_info.arc,10226
0,,,,ui\00_message\common\item_info.gmd,\ui\item_info.arc,item_info.arc,10227
0,,,,ui\00_message\common\item_info.gmd,\ui\item_info.arc,item_info.arc,10228
0,,,,ui\00_message\common\item_info.gmd,\ui\item_info.arc,item_info.arc,10229
0,,,,ui\00_message\common\item_info.gmd,\ui\item_info.arc,item_info.arc,10230
0,,,,ui\00_message\common\item_info.gmd,\ui\item_info.arc,item_info.arc,10231
0,,,,ui\00_message\common\item_info.gmd,\ui\item_info.arc,item_info.arc,10232
0,,,,ui\00_message\common\item_info.gmd,\ui\item_info.arc,item_info.arc,10233
0,,,,ui\00_message\common\item_info.gmd,\ui\item_info.arc,item_info.arc,10234
0,,,,ui\00_message\common\item_info.gmd,\ui\item_info.arc,item_info.arc,10235
0,,,,ui\00_message\common\item_info.gmd,\ui\item_info.arc,item_info.arc,10236
0,,,,ui\00_message\common\item_info.gmd,\ui\item_info.arc,item_info.arc,10237
0,,,,ui\00_message\common\item_info.gmd,\ui\item_info.arc,item_info.arc,10238
0,,,,ui\00_message\common\item_info.gmd,\ui\item_info.arc,item_info.arc,10239
0,,,,ui\00_message\common\item_info.gmd,\ui\item_info.arc,item_info.arc,10240
0,,,,ui\00_message\common\item_info.gmd,\ui\item_info.arc,item_info.arc,10241
0,,,,ui\00_message\common\item_info.gmd,\ui\item_info.arc,item_info.arc,10242
0,,,,ui\00_message\common\item_info.gmd,\ui\item_info.arc,item_info.arc,10243
0,,,,ui\00_message\common\item_info.gmd,\ui\item_info.arc,item_info.arc,10244
0,,,,ui\00_message\common\item_info.gmd,\ui\item_info.arc,item_info.arc,10245
0,,,,ui\00_message\common\item_info.gmd,\ui\item_info.arc,item_info.arc,10246
0,,,,ui\00_message\common\item_info.gmd,\ui\item_info.arc,item_info.arc,10247
0,,,,ui\00_message\common\item_info.gmd,\ui\item_info.arc,item_info.arc,10248
0,,,,ui\00_message\common\item_info.gmd,\ui\item_info.arc,item_info.arc,10249
0,,,,ui\00_message\common\item_info.gmd,\ui\item_info.arc,item_info.arc,10250
0,,,,ui\00_message\common\item_info.gmd,\ui\item_info.arc,item_info.arc,10251
0,,,,ui\00_message\common\item_info.gmd,\ui\item_info.arc,item_info.arc,10252
0,,,,ui\00_message\common\item_info.gmd,\ui\item_info.arc,item_info.arc,10253
0,,,,ui\00_message\common\item_info.gmd,\ui\item_info.arc,item_info.arc,10254
0,,,,ui\00_message\common\item_info.gmd,\ui\item_info.arc,item_info.arc,10255
0,,,,ui\00_message\common\item_info.gmd,\ui\item_info.arc,item_info.arc,10256
0,,,,ui\00_message\common\item_info.gmd,\ui\item_info.arc,item_info.arc,10257
0,,,,ui\00_message\common\item_info.gmd,\ui\item_info.arc,item_info.arc,10258
0,,,,ui\00_message\common\item_info.gmd,\ui\item_info.arc,item_info.arc,10259
0,,,,ui\00_message\common\item_info.gmd,\ui\item_info.arc,item_info.arc,10260
0,,,,ui\00_message\common\item_info.gmd,\ui\item_info.arc,item_info.arc,10261
0,,,,ui\00_message\common\item_info.gmd,\ui\item_info.arc,item_info.arc,10262
0,,,,ui\00_message\common\item_info.gmd,\ui\item_info.arc,item_info.arc,10263
0,,,,ui\00_message\common\item_info.gmd,\ui\item_info.arc,item_info.arc,10264
0,,,,ui\00_message\common\item_info.gmd,\ui\item_info.arc,item_info.arc,10265
0,,,,ui\00_message\common\item_info.gmd,\ui\item_info.arc,item_info.arc,10266
0,,,,ui\00_message\common\item_info.gmd,\ui\item_info.arc,item_info.arc,10267
0,,,,ui\00_message\common\item_info.gmd,\ui\item_info.arc,item_info.arc,10268
0,,,,ui\00_message\common\item_info.gmd,\ui\item_info.arc,item_info.arc,10269
0,,,,ui\00_message\common\item_info.gmd,\ui\item_info.arc,item_info.arc,10270
0,,,,ui\00_message\common\item_info.gmd,\ui\item_info.arc,item_info.arc,10271
0,,,,ui\00_message\common\item_info.gmd,\ui\item_info.arc,item_info.arc,10272
0,,,,ui\00_message\common\item_info.gmd,\ui\item_info.arc,item_info.arc,10273
0,,,,ui\00_message\common\item_info.gmd,\ui\item_info.arc,item_info.arc,10274
0,,,,ui\00_message\common\item_info.gmd,\ui\item_info.arc,item_info.arc,10275
0,,,,ui\00_message\common\item_info.gmd,\ui\item_info.arc,item_info.arc,10276
0,,,,ui\00_message\common\item_info.gmd,\ui\item_info.arc,item_info.arc,10277
0,,,,ui\00_message\common\item_info.gmd,\ui\item_info.arc,item_info.arc,10278
0,,,,ui\00_message\common\item_info.gmd,\ui\item_info.arc,item_info.arc,10279
0,,,,ui\00_message\common\item_info.gmd,\ui\item_info.arc,item_info.arc,10280
0,,,,ui\00_message\common\item_info.gmd,\ui\item_info.arc,item_info.arc,10281
0,,,,ui\00_message\common\item_info.gmd,\ui\item_info.arc,item_info.arc,10282
0,,,,ui\00_message\common\item_info.gmd,\ui\item_info.arc,item_info.arc,10283
0,,,,ui\00_message\common\item_info.gmd,\ui\item_info.arc,item_info.arc,10284
0,,,,ui\00_message\common\item_info.gmd,\ui\item_info.arc,item_info.arc,10285
0,,,,ui\00_message\common\item_info.gmd,\ui\item_info.arc,item_info.arc,10286
0,,,,ui\00_message\common\item_info.gmd,\ui\item_info.arc,item_info.arc,10287
0,,,,ui\00_message\common\item_info.gmd,\ui\item_info.arc,item_info.arc,10288
0,,,,ui\00_message\common\item_info.gmd,\ui\item_info.arc,item_info.arc,10289
0,,,,ui\00_message\common\item_info.gmd,\ui\item_info.arc,item_info.arc,10290
0,,,,ui\00_message\common\item_info.gmd,\ui\item_info.arc,item_info.arc,10291
0,,,,ui\00_message\common\item_info.gmd,\ui\item_info.arc,item_info.arc,10292
0,,,,ui\00_message\common\item_info.gmd,\ui\item_info.arc,item_info.arc,10293
0,,,,ui\00_message\common\item_info.gmd,\ui\item_info.arc,item_info.arc,10294
0,,,,ui\00_message\common\item_info.gmd,\ui\item_info.arc,item_info.arc,10295
0,,,,ui\00_message\common\item_info.gmd,\ui\item_info.arc,item_info.arc,10296
0,,,,ui\00_message\common\item_info.gmd,\ui\item_info.arc,item_info.arc,10297
0,,,,ui\00_message\common\item_info.gmd,\ui\item_info.arc,item_info.arc,10298
0,,,,ui\00_message\common\item_info.gmd,\ui\item_info.arc,item_info.arc,10299
0,,,,ui\00_message\common\item_info.gmd,\ui\item_info.arc,item_info.arc,10300
0,,,,ui\00_message\common\item_info.gmd,\ui\item_info.arc,item_info.arc,10301
0,,,,ui\00_message\common\item_info.gmd,\ui\item_info.arc,item_info.arc,10302
0,,,,ui\00_message\common\item_info.gmd,\ui\item_info.arc,item_info.arc,10303
0,,,,ui\00_message\common\item_info.gmd,\ui\item_info.arc,item_info.arc,10304
0,,,,ui\00_message\common\item_info.gmd,\ui\item_info.arc,item_info.arc,10305
0,,,,ui\00_message\common\item_info.gmd,\ui\item_info.arc,item_info.arc,10306
0,,,,ui\00_message\common\item_info.gmd,\ui\item_info.arc,item_info.arc,10307
0,,,,ui\00_message\common\item_info.gmd,\ui\item_info.arc,item_info.arc,10308
0,,,,ui\00_message\common\item_info.gmd,\ui\item_info.arc,item_info.arc,10309
0,,,,ui\00_message\common\item_info.gmd,\ui\item_info.arc,item_info.arc,10310
0,,,,ui\00_message\common\item_info.gmd,\ui\item_info.arc,item_info.arc,10311
0,,,,ui\00_message\common\item_info.gmd,\ui\item_info.arc,item_info.arc,10312
0,,,,ui\00_message\common\item_info.gmd,\ui\item_info.arc,item_info.arc,10313
0,,,,ui\00_message\common\item_info.gmd,\ui\item_info.arc,item_info.arc,10314
0,,,,ui\00_message\common\item_info.gmd,\ui\item_info.arc,item_info.arc,10315
0,,,,ui\00_message\common\item_info.gmd,\ui\item_info.arc,item_info.arc,10316
0,,,,ui\00_message\common\item_info.gmd,\ui\item_info.arc,item_info.arc,10317
0,,,,ui\00_message\common\item_info.gmd,\ui\item_info.arc,item_info.arc,10318
0,,,,ui\00_message\common\item_info.gmd,\ui\item_info.arc,item_info.arc,10319
0,,,,ui\00_message\common\item_info.gmd,\ui\item_info.arc,item_info.arc,10320
0,,,,ui\00_message\common\item_info.gmd,\ui\item_info.arc,item_info.arc,10321
0,,,,ui\00_message\common\item_info.gmd,\ui\item_info.arc,item_info.arc,10322
0,,,,ui\00_message\common\item_info.gmd,\ui\item_info.arc,item_info.arc,10323
0,,,,ui\00_message\common\item_info.gmd,\ui\item_info.arc,item_info.arc,10324
0,,,,ui\00_message\common\item_info.gmd,\ui\item_info.arc,item_info.arc,10325
0,,,,ui\00_message\common\item_info.gmd,\ui\item_info.arc,item_info.arc,10326
0,,,,ui\00_message\common\item_info.gmd,\ui\item_info.arc,item_info.arc,10327
0,,,,ui\00_message\common\item_info.gmd,\ui\item_info.arc,item_info.arc,10328
0,,,,ui\00_message\common\item_info.gmd,\ui\item_info.arc,item_info.arc,10329
0,,,,ui\00_message\common\item_info.gmd,\ui\item_info.arc,item_info.arc,10330
0,,,,ui\00_message\common\item_info.gmd,\ui\item_info.arc,item_info.arc,10331
0,,,,ui\00_message\common\item_info.gmd,\ui\item_info.arc,item_info.arc,10332
0,,,,ui\00_message\common\item_info.gmd,\ui\item_info.arc,item_info.arc,10333
0,,,,ui\00_message\common\item_info.gmd,\ui\item_info.arc,item_info.arc,10334
0,,,,ui\00_message\common\item_info.gmd,\ui\item_info.arc,item_info.arc,10335
0,,,,ui\00_message\common\item_info.gmd,\ui\item_info.arc,item_info.arc,10336
0,,,,ui\00_message\common\item_info.gmd,\ui\item_info.arc,item_info.arc,10337
0,,,,ui\00_message\common\item_info.gmd,\ui\item_info.arc,item_info.arc,10338
0,,,,ui\00_message\common\item_info.gmd,\ui\item_info.arc,item_info.arc,10339
0,,,,ui\00_message\common\item_info.gmd,\ui\item_info.arc,item_info.arc,10340
0,,,,ui\00_message\common\item_info.gmd,\ui\item_info.arc,item_info.arc,10341
0,,,,ui\00_message\common\item_info.gmd,\ui\item_info.arc,item_info.arc,10342
0,,,,ui\00_message\common\item_info.gmd,\ui\item_info.arc,item_info.arc,10343
0,,,,ui\00_message\common\item_info.gmd,\ui\item_info.arc,item_info.arc,10344
0,,,,ui\00_message\common\item_info.gmd,\ui\item_info.arc,item_info.arc,10345
0,,,,ui\00_message\common\item_info.gmd,\ui\item_info.arc,item_info.arc,10346
0,,,,ui\00_message\common\item_info.gmd,\ui\item_info.arc,item_info.arc,10347
0,,,,ui\00_message\common\item_info.gmd,\ui\item_info.arc,item_info.arc,10348
0,,,,ui\00_message\common\item_info.gmd,\ui\item_info.arc,item_info.arc,10349
0,,,,ui\00_message\common\item_info.gmd,\ui\item_info.arc,item_info.arc,10350
0,,,,ui\00_message\common\item_info.gmd,\ui\item_info.arc,item_info.arc,10351
0,,,,ui\00_message\common\item_info.gmd,\ui\item_info.arc,item_info.arc,10352
0,,,,ui\00_message\common\item_info.gmd,\ui\item_info.arc,item_info.arc,10353
0,,,,ui\00_message\common\item_info.gmd,\ui\item_info.arc,item_info.arc,10354
0,,,,ui\00_message\common\item_info.gmd,\ui\item_info.arc,item_info.arc,10355
0,,,,ui\00_message\common\item_info.gmd,\ui\item_info.arc,item_info.arc,10356
0,,,,ui\00_message\common\item_info.gmd,\ui\item_info.arc,item_info.arc,10357
0,,,,ui\00_message\common\item_info.gmd,\ui\item_info.arc,item_info.arc,10358
0,,,,ui\00_message\common\item_info.gmd,\ui\item_info.arc,item_info.arc,10359
0,,,,ui\00_message\common\item_info.gmd,\ui\item_info.arc,item_info.arc,10360
0,,,,ui\00_message\common\item_info.gmd,\ui\item_info.arc,item_info.arc,10361
0,,,,ui\00_message\common\item_info.gmd,\ui\item_info.arc,item_info.arc,10362
0,,,,ui\00_message\common\item_info.gmd,\ui\item_info.arc,item_info.arc,10363
0,,,,ui\00_message\common\item_info.gmd,\ui\item_info.arc,item_info.arc,10364
0,,,,ui\00_message\common\item_info.gmd,\ui\item_info.arc,item_info.arc,10365
0,,,,ui\00_message\common\item_info.gmd,\ui\item_info.arc,item_info.arc,10366
0,,,,ui\00_message\common\item_info.gmd,\ui\item_info.arc,item_info.arc,10367
0,,,,ui\00_message\common\item_info.gmd,\ui\item_info.arc,item_info.arc,10368
0,,,,ui\00_message\common\item_info.gmd,\ui\item_info.arc,item_info.arc,10369
0,,,,ui\00_message\common\item_info.gmd,\ui\item_info.arc,item_info.arc,10370