#Index,Key,MsgJp,MsgEn,GmdPath,ArcPath,ArcName,ReadIndex
0,,,,ui\00_message\common\item_info.gmd,\ui\item_info.arc,item_info.arc,13371
0,,,,ui\00_message\common\item_info.gmd,\ui\item_info.arc,item_info.arc,13372
0,,,,ui\00_message\common\item_info.gmd,\ui\item_info.arc,item_info.arc,13373
0,,,,ui\00_message\common\item_info.gmd,\ui\item_info.arc,item_info.arc,13374
0,,,,ui\00_message\common\item_info.gmd,\ui\item_info.arc,item_info.arc,13375
0,,,,ui\00_message\common\item_info.gmd,\ui\item_info.arc,item_info.arc,13376
0,,,,ui\00_message\common\item_info.gmd,\ui\item_info.arc,item_info.arc,13377
0,,,,ui\00_message\common\item_info.gmd,\ui\item_info.arc,item_info.arc,13378
0,,,,ui\00_message\common\item_info.gmd,\ui\item_info.arc,item_info.arc,13379
0,,,,ui\00_message\common\item_info.gmd,\ui\item_info.arc,item_info.arc,13380
0,,,,ui\00_message\common\item_info.gmd,\ui\item_info.arc,item_info.arc,13381
0,,,,ui\00_message\common\item_info.gmd,\ui\item_info.arc,item_info.arc,13382
0,,,,ui\00_message\common\item_info.gmd,\ui\item_info.arc,item_info.arc,13383
0,,,,ui\00_message\common\item_info.gmd,\ui\item_info.arc,item_info.arc,13384
0,,,,ui\00_message\common\item_info.gmd,\ui\item_info.arc,item_info.arc,13385
0,,,,ui\00_message\common\item_info.gmd,\ui\item_info.arc,item_info.arc,13386
0,,,,ui\00_message\common\item_info.gmd,\ui\item_info.arc,item_info.arc,13387
0,,,,ui\00_message\common\item_info.gmd,\ui\item_info.arc,item_info.arc,13388
0,,,,ui\00_message\common\item_info.gmd,\ui\item_info.arc,item_info.arc,13389
0,,,,ui\00_message\common\item_info.gmd,\ui\item_info.arc,item_info.arc,13390
0,,,,ui\00_message\common\item_info.gmd,\ui\item_info.arc,item_info.arc,13391
0,,,,ui\00_message\common\item_info.gmd,\ui\item_info.arc,item_info.arc,13392
0,,,,ui\00_message\common\item_info.gmd,\ui\item_info.arc,item_info.arc,13393
0,,,,ui\00_message\common\item_info.gmd,\ui\item_info.arc,item_info.arc,13394
0,,,,ui\00_message\common\item_info.gmd,\ui\item_info.arc,item_info.arc,13395
0,,,,ui\00_message\common\item_info.gmd,\ui\item_info.arc,item_info.arc,13396
0,,,,ui\00_message\common\item_info.gmd,\ui\item_info.arc,item_info.arc,13397
0,,,,ui\00_message\common\item_info.gmd,\ui\item_info.arc,item_info.arc,13398
0,,,,ui\00_message\common\item_info.gmd,\ui\item_info.arc,item_info.arc,13399
0,,,,ui\00_message\common\item_info.gmd,\ui\item_info.arc,item_info.arc,13400
0,,,,ui\00_message\common\item_info.gmd,\ui\item_info.arc,item_info.arc,13401
0,,,,ui\00_message\common\item_info.gmd,\ui\item_info.arc,item_info.arc,13402
0,,,,ui\00_message\common\item_info.gmd,\ui\item_info.arc,item_info.arc,13403
0,,,,ui\00_message\common\item_info.gmd,\ui\item_info.arc,item_info.arc,13404
0,,,,ui\00_message\common\item_info.gmd,\ui\item_info.arc,item_info.arc,13405
0,,,,ui\00_message\common\item_info.gmd,\ui\item_info.arc,item_info.arc,13406
0,,,,ui\00_message\common\item_info.gmd,\ui\item_info.arc,item_info.arc,13407
0,,,,ui\00_message\common\item_info.gmd,\ui\item_info.arc,item_info.arc,13408
0,,,,ui\00_message\common\item_info.gmd,\ui\item_info.arc,item_info.arc,13409
0,,,,ui\00_message\common\item_info.gmd,\ui\item_info.arc,item_info.arc,13410
0,,,,ui\00_message\common\item_info.gmd,\ui\item_info.arc,item_info.arc,13411
0,,,,ui\00_message\common\item_info.gmd,\ui\item_info.arc,item_info.arc,13412
0,,,,ui\00_message\common\item_info.gmd,\ui\item_info.arc,item_info.arc,13413
0,,,,ui\00_message\common\item_info.gmd,\ui\item_info.arc,item_info.arc,13414
0,,,,ui\00_message\common\item_info.gmd,\ui\item_info.arc,item_info.arc,13415
0,,,,ui\00_message\common\item_info.gmd,\ui\item_info.arc,item_info.arc,13416
0,,,,ui\00_message\common\item_info.gmd,\ui\item_info.arc,item_info.arc,13417
0,,,,ui\00_message\common\item_info.gmd,\ui\item_info.arc,item_info.arc,13418
0,,,,ui\00_message\common\item_info.gmd,\ui\item_info.arc,item_info.arc,13419
0,,,,ui\00_message\common\item_info.gmd,\ui\item_info.arc,item_info.arc,13420
0,,,,ui\00_message\common\item_info.gmd,\ui\item_info.arc,item_info.arc,13421
0,,,,ui\00_message\common\item_info.gmd,\ui\item_info.arc,item_info.arc,13422
0,,,,ui\00_message\common\item_info.gmd,\ui\item_info.arc,item_info.arc,13423
0,,,,ui\00_message\common\item_info.gmd,\ui\item_info.arc,item_info.arc,13424
0,,,,ui\00_message\common\item_info.gmd,\ui\item_info.arc,item_info.arc,13425
0,,,,ui\00_message\common\item_info.gmd,\ui\item_info.arc,item_info.arc,13426
0,,,,ui\00_message\common\item_info.gmd,\ui\item_info.arc,item_info.arc,13427
0,,,,ui\00_message\common\item_info.gmd,\ui\item_info.arc,item_info.arc,13428
0,,,,ui\00_message\common\item_info.gmd,\ui\item_info.arc,item_info.arc,13429
0,,,,ui\00_message\common\item_info.gmd,\ui\item_info.arc,item_info.arc,13430
0,,,,ui\00_message\common\item_info.gmd,\ui\item_info.arc,item_info.arc,13431
0,,,,ui\00_message\common\item_info.gmd,\ui\item_info.arc,item_info.arc,13432
0,,,,ui\00_message\common\item_info.gmd,\ui\item_info.arc,item_info.arc,13433
0,,,,ui\00_message\common\item_info.gmd,\ui\item_info.arc,item_info.arc,13434
0,,,,ui\00_message\common\item_info.gmd,\ui\item_info.arc,item_info.arc,13435
0,,,,ui\00_message\common\item_info.gmd,\ui\item_info.arc,item_info.arc,13436
0,,,,ui\00_message\common\item_info.gmd,\ui\item_info.arc,item_info.arc,13437
0,,,,ui\00_message\common\item_info.gmd,\ui\item_info.arc,item_info.arc,13438
0,,,,ui\00_message\common\item_info.gmd,\ui\item_info.arc,item_info.arc,13439
0,,,,ui\00_message\common\item_info.gmd,\ui\item_info.arc,item_info.arc,13440
0,,,,ui\00_message\common\item_info.gmd,\ui\item_info.arc,item_info.arc,13441
0,,,,ui\00_message\common\item_info.gmd,\ui\item_info.arc,item_info.arc,13442
0,,,,ui\00_message\common\item_info.gmd,\ui\item_info.arc,item_info.arc,13443
0,,,,ui\00_message\common\item_info.gmd,\ui\item_info.arc,item_info.arc,13444
0,,,,ui\00_message\common\item_info.gmd,\ui\item_info.arc,item_info.arc,13445
0,,,,ui\00_message\common\item_info.gmd,\ui\item_info.arc,item_info.arc,13446
0,,,,ui\00_message\common\item_info.gmd,\ui\item_info.arc,item_info.arc,13447
0,,,,ui\00_message\common\item_info.gmd,\ui\item_info.arc,item_info.arc,13448
0,,,,ui\00_message\common\item_info.gmd,\ui\item_info.arc,item_info.arc,13449
0,,,,ui\00_message\common\item_info.gmd,\ui\item_info.arc,item_info.arc,13450
0,,,,ui\00_message\common\item_info.gmd,\ui\item_info.arc,item_info.arc,13451
0,,,,ui\00_message\common\item_info.gmd,\ui\item_info.arc,item_info.arc,13452
0,,,,ui\00_message\common\item_info.gmd,\ui\item_info.arc,item_info.arc,13453
0,,,,ui\00_message\common\item_info.gmd,\ui\item_info.arc,item_info.arc,13454
0,,,,ui\00_message\common\item_info.gmd,\ui\item_info.arc,item_info.arc,13455
0,,,,ui\00_message\common\item_info.gmd,\ui\item_info.arc,item_info.arc,13456
0,,,,ui\00_message\common\item_info.gmd,\ui\item_info.arc,item_info.arc,13457
0,,,,ui\00_message\common\item_info.gmd,\ui\item_info.arc,item_info.arc,13458
0,,,,ui\00_message\common\item_info.gmd,\ui\item_info.arc,item_info.arc,13459
0,,,,ui\00_message\common\item_info.gmd,\ui\item_info.arc,item_info.arc,13460
0,,,,ui\00_message\common\item_info.gmd,\ui\item_info.arc,item_info.arc,13461
0,,,,ui\00_message\common\item_info.gmd,\ui\item_info.arc,item_info.arc,13462
0,,,,ui\00_message\common\item_info.gmd,\ui\item_info.arc,item_info.arc,13463
0,,,,ui\00_message\common\item_info.gmd,\ui\item_info.arc,item_info.arc,13464
0,,,,ui\00_message\common\item_info.gmd,\ui\item_info.arc,item_info.arc,13465
0,,,,ui\00_message\common\item_info.gmd,\ui\item_info.arc,item_info.arc,13466
0,,,,ui\00_message\common\item_info.gmd,\ui\item_info.arc,item_info.arc,13467
0,,,,ui\00_message\common\item_info.gmd,\ui\item_info.arc,item_info.arc,13468
0,,,,ui\00_message\common\item_info.gmd,\ui\item_info.arc,item_info.arc,13469
0,,,,ui\00_message\common\item_info.gmd,\ui\item_info.arc,item_info.arc,13470
0,,,,ui\00_message\common\item_info.gmd,\ui\item_info.arc,item_info.arc,13471
0,,,,ui\00_message\common\item_info.gmd,\ui\item_info.arc,item_info.arc,13472
0,,,,ui\00_message\common\item_info.gmd,\ui\item_info.arc,item_info.arc,13473
0,,,,ui\00_message\common\item_info.gmd,\ui\item_info.arc,item_info.arc,13474
0,,,,ui\00_message\common\item_info.gmd,\ui\item_info.arc,item_info.arc,13475
0,,,,ui\00_message\common\item_info.gmd,\ui\item_info.arc,item_info.arc,13476
0,,,,ui\00_message\common\item_info.gmd,\ui\item_info.arc,item_info.arc,13477
0,,,,ui\00_message\common\item_info.gmd,\ui\item_info.arc,item_info.arc,13478
0,,,,ui\00_message\common\item_info.gmd,\ui\item_info.arc,item_info.arc,13479
0,,,,ui\00_message\common\item_info.gmd,\ui\item_info.arc,item_info.arc,13480
0,,,,ui\00_message\common\item_info.gmd,\ui\item_info.arc,item_info.arc,13481
0,,,,ui\00_message\common\item_info.gmd,\ui\item_info.arc,item_info.arc,13482
0,,,,ui\00_message\common\item_info.gmd,\ui\item_info.arc,item_info.arc,13483
0,,,,ui\00_message\common\item_info.gmd,\ui\item_info.arc,item_info.arc,13484
0,,,,ui\00_message\common\item_info.gmd,\ui\item_info.arc,item_info.arc,13485
0,,,,ui\00_message\common\item_info.gmd,\ui\item_info.arc,item_info.arc,13486
0,,,,ui\00_message\common\item_info.gmd,\ui\item_info.arc,item_info.arc,13487
0,,,,ui\00_message\common\item_info.gmd,\ui\item_info.arc,item_info.arc,13488
0,,,,ui\00_message\common\item_info.gmd,\ui\item_info.arc,item_info.arc,13489
0,,,,ui\00_message\common\item_info.gmd,\ui\item_info.arc,item_info.arc,13490
0,,,,ui\00_message\common\item_info.gmd,\ui\item_info.arc,item_info.arc,13491
0,,,,ui\00_message\common\item_info.gmd,\ui\item_info.arc,item_info.arc,13492
0,,,,ui\00_message\common\item_info.gmd,\ui\item_info.arc,item_info.arc,13493
0,,,,ui\00_message\common\item_info.gmd,\ui\item_info.arc,item_info.arc,13494
0,,,,ui\00_message\common\item_info.gmd,\ui\item_info.arc,item_info.arc,13495
0,,,,ui\00_message\common\item_info.gmd,\ui\item_info.arc,item_info.arc,13496
0,,,,ui\00_message\common\item_info.gmd,\ui\item_info.arc,item_info.arc,13497
0,,,,ui\00_message\common\item_info.gmd,\ui\item_info.arc,item_info.arc,13498
0,,,,ui\00_message\common\item_info.gmd,\ui\item_info.arc,item_info.arc,13499
0,,,,ui\00_message\common\item_info.gmd,\ui\item_info.arc,item_info.arc,13500
0,,,,ui\00_message\common\item_info.gmd,\ui\item_info.arc,item_info.arc,13501
0,,,,ui\00_message\common\item_info.gmd,\ui\item_info.arc,item_info.arc,13502
0,,,,ui\00_message\common\item_info.gmd,\ui\item_info.arc,item_info.arc,13503
0,,,,ui\00_message\common\item_info.gmd,\ui\item_info.arc,item_info.arc,13504
0,,,,ui\00_message\common\item_info.gmd,\ui\item_info.arc,item_info.arc,13505
0,,,,ui\00_message\common\item_info.gmd,\ui\item_info.arc,item_info.arc,13506
0,,,,ui\00_message\common\item_info.gmd,\ui\item_info.arc,item_info.arc,13507
0,,,,ui\00_message\common\item_info.gmd,\ui\item_info.arc,item_info.arc,13508
0,,,,ui\00_message\common\item_info.gmd,\ui\item_info.arc,item_info.arc,13509
0,,,,ui\00_message\common\item_info.gmd,\ui\item_info.arc,item_info.arc,13510
0,,,,ui\00_message\common\item_info.gmd,\ui\item_info.arc,item_info.arc,13511
0,,,,ui\00_message\common\item_info.gmd,\ui\item_info.arc,item_info.arc,13512
0,,,,ui\00_message\common\item_info.gmd,\ui\item_info.arc,item_info.arc,13513
0,,,,ui\00_message\common\item_info.gmd,\ui\item_info.arc,item_info.arc,13514
0,,,,ui\00_message\common\item_info.gmd,\ui\item_info.arc,item_info.arc,13515
0,,,,ui\00_message\common\item_info.gmd,\ui\item_info.arc,item_info.arc,13516
0,,,,ui\00_message\common\item_info.gmd,\ui\item_info.arc,item_info.arc,13517
0,,,,ui\00_message\common\item_info.gmd,\ui\item_info.arc,item_info.arc,13518
0,,,,ui\00_message\common\item_info.gmd,\ui\item_info.arc,item_info.arc,13519
0,,,,ui\00_message\common\item_info.gmd,\ui\item_info.arc,item_info.arc,13520
0,,,,ui\00_message\common\item_info.gmd,\ui\item_info.arc,item_info.arc,13521
0,,,,ui\00_message\common\item_info.gmd,\ui\item_info.arc,item_info.arc,13522
0,,,,ui\00_message\common\item_info.gmd,\ui\item_info.arc,item_info.arc,13523
0,,,,ui\00_message\common\item_info.gmd,\ui\item_info.arc,item_info.arc,13524
0,,,,ui\00_message\common\item_info.gmd,\ui\item_info.arc,item_info.arc,13525
0,,,,ui\00_message\common\item_info.gmd,\ui\item_info.arc,item_info.arc,13526
0,,,,ui\00_message\common\item_info.gmd,\ui\item_info.arc,item_info.arc,13527
0,,,,ui\00_message\common\item_info.gmd,\ui\item_info.arc,item_info.arc,13528
0,,,,ui\00_message\common\item_info.gmd,\ui\item_info.arc,item_info.arc,13529
0,,,,ui\00_message\common\item_info.gmd,\ui\item_info.arc,item_info.arc,13530
0,,,,ui\00_message\common\item_info.gmd,\ui\item_info.arc,item_info.arc,13531
0,,,,ui\00_message\common\item_info.gmd,\ui\item_info.arc,item_info.arc,13532
0,,,,ui\00_message\common\item_info.gmd,\ui\item_info.arc,item_info.arc,13533
0,,,,ui\00_message\common\item_info.gmd,\ui\item_info.arc,item_info.arc,13534
0,,,,ui\00_message\common\item_info.gmd,\ui\item_info.arc,item_info.arc,13535
0,,,,ui\00_message\common\item_info.gmd,\ui\item_info.arc,item_info.arc,13536
0,,,,ui\00_message\common\item_info.gmd,\ui\item_info.arc,item_info.arc,13537
0,,,,ui\00_message\common\item_info.gmd,\ui\item_info.arc,item_info.arc,13538
0,,,,ui\00_message\common\item_info.gmd,\ui\item_info.arc,item_info.arc,13539
0,,,,ui\00_message\common\item_info.gmd,\ui\item_info.arc,item_info.arc,13540
0,,,,ui\00_message\common\item_info.gmd,\ui\item_info.arc,item_info.arc,13541
0,,,,ui\00_message\common\item_info.gmd,\ui\item_info.arc,item_info.arc,13542
0,,,,ui\00_message\common\item_info.gmd,\ui\item_info.arc,item_info.arc,13543
0,,,,ui\00_message\common\item_info.gmd,\ui\item_info.arc,item_info.arc,13544
0,,,,ui\00_message\common\item_info.gmd,\ui\item_info.arc,item_info.arc,13545
0,,,,ui\00_message\common\item_info.gmd,\ui\item_info.arc,item_info.arc,13546
0,,,,ui\00_message\common\item_info.gmd,\ui\item_info.arc,item_info.arc,13547
0,,,,ui\00_message\common\item_info.gmd,\ui\item_info.arc,item_info.arc,13548
0,,,,ui\00_message\common\item_info.gmd,\ui\item_info.arc,item_info.arc,13549
0,,,,ui\00_message\common\item_info.gmd,\ui\item_info.arc,item_info.arc,13550
0,,,,ui\00_message\common\item_info.gmd,\ui\item_info.arc,item_info.arc,13551
0,,,,ui\00_message\common\item_info.gmd,\ui\item_info.arc,item_info.arc,13552
0,,,,ui\00_message\common\item_info.gmd,\ui\item_info.arc,item_info.arc,13553
0,,,,ui\00_message\common\item_info.gmd,\ui\item_info.arc,item_info.arc,13554
0,,,,ui\00_message\common\item_info.gmd,\ui\item_info.arc,item_info.arc,13555
0,,,,ui\00_message\common\item_info.gmd,\ui\item_info.arc,item_info.arc,13556
0,,,,ui\00_message\common\item_info.gmd,\ui\item_info.arc,item_info.arc,13557
0,,,,ui\00_message\common\item_info.gmd,\ui\item_info.arc,item_info.arc,13558
0,,,,ui\00_message\common\item_info.gmd,\ui\item_info.arc,item_info.arc,13559
0,,,,ui\00_message\common\item_info.gmd,\ui\item_info.arc,item_info.arc,13560
0,,,,ui\00_message\common\item_info.gmd,\ui\item_info.arc,item_info.arc,13561
0,,,,ui\00_message\common\item_info.gmd,\ui\item_info.arc,item_info.arc,13562
0,,,,ui\00_message\common\item_info.gmd,\ui\item_info.arc,item_info.arc,13563
0,,,,ui\00_message\common\item_info.gmd,\ui\item_info.arc,item_info.arc,13564
0,,,,ui\00_message\common\item_info.gmd,\ui\item_info.arc,item_info.arc,13565
0,,,,ui\00_message\common\item_info.gmd,\ui\item_info.arc,item_info.arc,13566
0,,,,ui\00_message\common\item_info.gmd,\ui\item_info.arc,item_info.arc,13567
0,,,,ui\00_message\common\item_info.gmd,\ui\item_info.arc,item_info.arc,13568
0,,,,ui\00_message\common\item_info.gmd,\ui\item_info.arc,item_info.arc,13569
0,,,,ui\00_message\common\item_info.gmd,\ui\item_info.arc,item_info.arc,13570
0,,,,ui\00_message\common\item_info.gmd,\ui\item_info.arc,item_info.arc,13571
0,,,,ui\00_message\common\item_info.gmd,\ui\item_info.arc,item_info.arc,13572
0,,,,ui\00_message\common\item_info.gmd,\ui\item_info.arc,item_info.arc,13573
0,,,,ui\00_message\common\item_info.gmd,\ui\item_info.arc,item_info.arc,13574
0,,,,ui\00_message\common\item_info.gmd,\ui\item_info.arc,item_info.arc,13575
0,,,,ui\00_message\common\item_info.gmd,\ui\item_info.arc,item_info.arc,13576
0,,,,ui\00_message\common\item_info.gmd,\ui\item_info.arc,item_info.arc,13577
0,,,,ui\00_message\common\item_info.gmd,\ui\item_info.arc,item_info.arc,13578
0,,,,ui\00_message\common\item_info.gmd,\ui\item_info.arc,item_info.arc,13579
0,,,,ui\00_message\common\item_info.gmd,\ui\item_info.arc,item_info.arc,13580
0,,,,ui\00_message\common\item_info.gmd,\ui\item_info.arc,item_info.arc,13581
0,,,,ui\00_message\common\item_info.gmd,\ui\item_info.arc,item_info.arc,13582
0,,,,ui\00_message\common\item_info.gmd,\ui\item_info.arc,item_info.arc,13583
0,,,,ui\00_message\common\item_info.gmd,\ui\item_info.arc,item_info.arc,13584
0,,,,ui\00_message\common\item_info.gmd,\ui\item_info.arc,item_info.arc,13585
0,,,,ui\00_message\common\item_info.gmd,\ui\item_info.arc,item_info.arc,13586
0,,,,ui\00_message\common\item_info.gmd,\ui\item_info.arc,item_info.arc,13587
0,,,,ui\00_message\common\item_info.gmd,\ui\item_info.arc,item_info.arc,13588
0,,,,ui\00_message\common\item_info.gmd,\ui\item_info.arc,item_info.arc,13589
0,,,,ui\00_message\common\item_info.gmd,\ui\item_info.arc,item_info.arc,13590
0,,,,ui\00_message\common\item_info.gmd,\ui\item_info.arc,item_info.arc,13591
0,,,,ui\00_message\common\item_info.gmd,\ui\item_info.arc,item_info.arc,13592
0,,,,ui\00_message\common\item_info.gmd,\ui\item_info.arc,item_info.arc,13593
0,,,,ui\00_message\common\item_info.gmd,\ui\item_info.arc,item_info.arc,13594
0,,,,ui\00_message\common\item_info.gmd,\ui\item_info.arc,item_info.arc,13595
0,,,,ui\00_message\common\item_info.gmd,\ui\item_info.arc,item_info.arc,13596
0,,,,ui\00_message\common\item_info.gmd,\ui\item_info.arc,item_info.arc,13597
0,,,,ui\00_message\common\item_info.gmd,\ui\item_info.arc,item_info.arc,13598
0,,,,ui\00_message\common\item_info.gmd,\ui\item_info.arc,item_info.arc,13599
0,,,,ui\00_message\common\item_info.gmd,\ui\item_info.arc,item_info.arc,13600
0,,,,ui\00_message\common\item_info.gmd,\ui\item_info.arc,item_info.arc,13601
0,,,,ui\00_message\common\item_info.gmd,\ui\item_info.arc,item_info.arc,13602
0,,,,ui\00_message\common\item_info.gmd,\ui\item_info.arc,item_info.arc,13603
0,,,,ui\00_message\common\item_info.gmd,\ui\item_info.arc,item_info.arc,13604
0,,,,ui\00_message\common\item_info.gmd,\ui\item_info.arc,item_info.arc,13605
0,,,,ui\00_message\common\item_info.gmd,\ui\item_info.arc,item_info.arc,13606
0,,,,ui\00_message\common\item_info.gmd,\ui\item_info.arc,item_info.arc,13607
0,,,,ui\00_message\common\item_info.gmd,\ui\item_info.arc,item_info.arc,13608
0,,,,ui\00_message\common\item_info.gmd,\ui\item_info.arc,item_info.arc,13609
0,,,,ui\00_message\common\item_info.gmd,\ui\item_info.arc,item_info.arc,13610
0,,,,ui\00_message\common\item_info.gmd,\ui\item_info.arc,item_info.arc,13611
0,,,,ui\00_message\common\item_info.gmd,\ui\item_info.arc,item_info.arc,13612
0,,,,ui\00_message\common\item_info.gmd,\ui\item_info.arc,item_info.arc,13613
0,,,,ui\00_message\common\item_info.gmd,\ui\item_info.arc,item_info.arc,13614
0,,,,ui\00_message\common\item_info.gmd,\ui\item_info.arc,item_info.arc,13615
0,,,,ui\00_message\common\item_info.gmd,\ui\item_info.arc,item_info.arc,13616
0,,,,ui\00_message\common\item_info.gmd,\ui\item_info.arc,item_info.arc,13617
0,,,,ui\00_message\common\item_info.gmd,\ui\item_info.arc,item_info.arc,13618
0,,,,ui\00_message\common\item_info.gmd,\ui\item_info.arc,item_info.arc,13619
0,,,,ui\00_message\common\item_info.gmd,\ui\item_info.arc,item_info.arc,13620
0,,,,ui\00_message\common\item_info.gmd,\ui\item_info.arc,item_info.arc,13621
0,,,,ui\00_message\common\item_info.gmd,\ui\item_info.arc,item_info.arc,13622
0,,,,ui\00_message\common\item_info.gmd,\ui\item_info.arc,item_info.arc,13623
0,,,,ui\00_message\common\item_info.gmd,\ui\item_info.arc,item_info.arc,13624
0,,,,ui\00_message\common\item_info.gmd,\ui\item_info.arc,item_info.arc,13625
0,,,,ui\00_message\common\item_info.gmd,\ui\item_info.arc,item_info.arc,13626
0,,,,ui\00_message\common\item_info.gmd,\ui\item_info.arc,item_info.arc,13627
0,,,,ui\00_message\common\item_info.gmd,\ui\item_info.arc,item_info.arc,13628
0,,,,ui\00_message\common\item_info.gmd,\ui\item_info.arc,item_info.arc,13629
0,,,,ui\00_message\common\item_info.gmd,\ui\item_info.arc,item_info.arc,13630
0,,,,ui\00_message\common\item_info.gmd,\ui\item_info.arc,item_info.arc,13631
0,,,,ui\00_message\common\item_info.gmd,\ui\item_info.arc,item_info.arc,13632
0,,,,ui\00_message\common\item_info.gmd,\ui\item_info.arc,item_info.arc,13633
0,,,,ui\00_message\common\item_info.gmd,\ui\item_info.arc,item_info.arc,13634
0,,,,ui\00_message\common\item_info.gmd,\ui\item_info.arc,item_info.arc,13635
0,,,,ui\00_message\common\item_info.gmd,\ui\item_info.arc,item_info.arc,13636
0,,,,ui\00_message\common\item_info.gmd,\ui\item_info.arc,item_info.arc,13637
0,,,,ui\00_message\common\item_info.gmd,\ui\item_info.arc,item_info.arc,13638
0,,,,ui\00_message\common\item_info.gmd,\ui\item_info.arc,item_info.arc,13639
0,,,,ui\00_message\common\item_info.gmd,\ui\item_info.arc,item_info.arc,13640
0,,,,ui\00_message\common\item_info.gmd,\ui\item_info.arc,item_info.arc,13641
0,,,,ui\00_message\common\item_info.gmd,\ui\item_info.arc,item_info.arc,13642
0,,,,ui\00_message\common\item_info.gmd,\ui\item_info.arc,item_info.arc,13643
0,,,,ui\00_message\common\item_info.gmd,\ui\item_info.arc,item_info.arc,13644
0,,,,ui\00_message\common\item_info.gmd,\ui\item_info.arc,item_info.arc,13645
0,,,,ui\00_message\common\item_info.gmd,\ui\item_info.arc,item_info.arc,13646
0,,,,ui\00_message\common\item_info.gmd,\ui\item_info.arc,item_info.arc,13647
0,,,,ui\00_message\common\item_info.gmd,\ui\item_info.arc,item_info.arc,13648
0,,,,ui\00_message\common\item_info.gmd,\ui\item_info.arc,item_info.arc,13649
0,,,,ui\00_message\common\item_info.gmd,\ui\item_info.arc,item_info.arc,13650
0,,,,ui\00_message\common\item_info.gmd,\ui\item_info.arc,item_info.arc,13651
0,,,,ui\00_message\common\item_info.gmd,\ui\item_info.arc,item_info.arc,13652
0,,,,ui\00_message\common\item_info.gmd,\ui\item_info.arc,item_info.arc,13653
0,,,,ui\00_message\common\item_info.gmd,\ui\item_info.arc,item_info.arc,13654
0,,,,ui\00_message\common\item_info.gmd,\ui\item_info.arc,item_info.arc,13655
0,,,,ui\00_message\common\item_info.gmd,\ui\item_info.arc,item_info.arc,13656
0,,,,ui\00_message\common\item_info.gmd,\ui\item_info.arc,item_info.arc,13657
0,,,,ui\00_message\common\item_info.gmd,\ui\item_info.arc,item_info.arc,13658
0,,,,ui\00_message\common\item_info.gmd,\ui\item_info.arc,item_info.arc,13659
0,,,,ui\00_message\common\item_info.gmd,\ui\item_info.arc,item_info.arc,13660
0,,,,ui\00_message\common\item_info.gmd,\ui\item_info.arc,item_info.arc,13661
0,,,,ui\00_message\common\item_info.gmd,\ui\item_info.arc,item_info.arc,13662
0,,,,ui\00_message\common\item_info.gmd,\ui\item_info.arc,item_info.arc,13663
0,,,,ui\00_message\common\item_info.gmd,\ui\item_info.arc,item_info.arc,13664
0,,,,ui\00_message\common\item_info.gmd,\ui\item_info.arc,item_info.arc,13665
0,,,,ui\00_message\common\item_info.gmd,\ui\item_info.arc,item_info.arc,13666
0,,,,ui\00_message\common\item_info.gmd,\ui\item_info.arc,item_info.arc,13667
0,,,,ui\00_message\common\item_info.gmd,\ui\item_info.arc,item_info.arc,13668
0,,,,ui\00_message\common\item_info.gmd,\ui\item_info.arc,item_info.arc,13669
0,,,,ui\00_message\common\item_info.gmd,\ui\item_info.arc,item_info.arc,13670
0,,,,ui\00_message\common\item_info.gmd,\ui\item_info.arc,item_info.arc,13671
0,,,,ui\00_message\common\item_info.gmd,\ui\item_info.arc,item_info.arc,13672
0,,,,ui\00_message\common\item_info.gmd,\ui\item_info.arc,item_info.arc,13673
0,,,,ui\00_message\common\item_info.gmd,\ui\item_info.arc,item_info.arc,13674
0,,,,ui\00_message\common\item_info.gmd,\ui\item_info.arc,item_info.arc,13675
0,,,,ui\00_message\common\item_info.gmd,\ui\item_info.arc,item_info.arc,13676
0,,,,ui\00_message\common\item_info.gmd,\ui\item_info.arc,item_info.arc,13677
0,,,,ui\00_message\common\item_info.gmd,\ui\item_info.arc,item_info.arc,13678
0,,,,ui\00_message\common\item_info.gmd,\ui\item_info.arc,item_info.arc,13679
0,,,,ui\00_message\common\item_info.gmd,\ui\item_info.arc,item_info.arc,13680
0,,,,ui\00_message\common\item_info.gmd,\ui\item_info.arc,item_info.arc,13681
0,,,,ui\00_message\common\item_info.gmd,\ui\item_info.arc,item_info.arc,13682
0,,,,ui\00_message\common\item_info.gmd,\ui\item_info.arc,item_info.arc,13683
0,,,,ui\00_message\common\item_info.gmd,\ui\item_info.arc,item_info.arc,13684
0,,,,ui\00_message\common\item_info.gmd,\ui\item_info.arc,item_info.arc,13685
0,,,,ui\00_message\common\item_info.gmd,\ui\item_info.arc,item_info.arc,13686
0,,,,ui\00_message\common\item_info.gmd,\ui\item_info.arc,item_info.arc,13687
0,,,,ui\00_message\common\item_info.gmd,\ui\item_info.arc,item_info.arc,13688
0,,,,ui\00_message\common\item_info.gmd,\ui\item_info.arc,item_info.arc,13689
0,,,,ui\00_message\common\item_info.gmd,\ui\item_info.arc,item_info.arc,13690
0,,,,ui\00_message\common\item_info.gmd,\ui\item_info.arc,item_info.arc,13691
0,,,,ui\00_message\common\item_info.gmd,\ui\item_info.arc,item_info.arc,13692
0,,,,ui\00_message\common\item_info.gmd,\ui\item_info.arc,item_info.arc,13693
0,,,,ui\00_message\common\item_info.gmd,\ui\item_info.arc,item_info.arc,13694
0,,,,ui\00_message\common\item_info.gmd,\ui\item_info.arc,item_info.arc,13695
0,,,,ui\00_message\common\item_info.gmd,\ui\item_info.arc,item_info.arc,13696
0,,,,ui\00_message\common\item_info.gmd,\ui\item_info.arc,item_info.arc,13697
0,,,,ui\00_message\common\item_info.gmd,\ui\item_info.arc,item_info.arc,13698
0,,,,ui\00_message\common\item_info.gmd,\ui\item_info.arc,item_info.arc,13699
0,,,,ui\00_message\common\item_info.gmd,\ui\item_info.arc,item_info.arc,13700
0,,,,ui\00_message\common\item_info.gmd,\ui\item_info.arc,item_info.arc,13701
0,,,,ui\00_message\common\item_info.gmd,\ui\item_info.arc,item_info.arc,13702
0,,,,ui\00_message\common\item_info.gmd,\ui\item_info.arc,item_info.arc,13703
0,,,,ui\00_message\common\item_info.gmd,\ui\item_info.arc,item_info.arc,13704
0,,,,ui\00_message\common\item_info.gmd,\ui\item_info.arc,item_info.arc,13705
0,,,,ui\00_message\common\item_info.gmd,\ui\item_info.arc,item_info.arc,13706
0,,,,ui\00_message\common\item_info.gmd,\ui\item_info.arc,item_info.arc,13707
0,,,,ui\00_message\common\item_info.gmd,\ui\item_info.arc,item_info.arc,13708
0,,,,ui\00_message\common\item_info.gmd,\ui\item_info.arc,item_info.arc,13709
0,,,,ui\00_message\common\item_info.gmd,\ui\item_info.arc,item_info.arc,13710
0,,,,ui\00_message\common\item_info.gmd,\ui\item_info.arc,item_info.arc,13711
0,,,,ui\00_message\common\item_info.gmd,\ui\item_info.arc,item_info.arc,13712
0,,,,ui\00_message\common\item_info.gmd,\ui\item_info.arc,item_info.arc,13713
0,,,,ui\00_message\common\item_info.gmd,\ui\item_info.arc,item_info.arc,13714
0,,,,ui\00_message\common\item_info.gmd,\ui\item_info.arc,item_info.arc,13715
0,,,,ui\00_message\common\item_info.gmd,\ui\item_info.arc,item_info.arc,13716
0,,,,ui\00_message\common\item_info.gmd,\ui\item_info.arc,item_info.arc,13717
0,,,,ui\00_message\common\item_info.gmd,\ui\item_info.arc,item_info.arc,13718
0,,,,ui\00_message\common\item_info.gmd,\ui\item_info.arc,item_info.arc,13719
0,,,,ui\00_message\common\item_info.gmd,\ui\item_info.arc,item_info.arc,13720
0,,,,ui\00_message\common\item_info.gmd,\ui\item_info.arc,item_info.arc,13721
0,,,,ui\00_message\common\item_info.gmd,\ui\item_info.arc,item_info.arc,13722
0,,,,ui\00_message\common\item_info.gmd,\ui\item_info.arc,item_info.arc,13723
0,,,,ui\00_message\common\item_info.gmd,\ui\item_info.arc,item_info.arc,13724
0,,,,ui\00_message\common\item_info.gmd,\ui\item_info.arc,item_info.arc,13725
0,,,,ui\00_message\common\item_info.gmd,\ui\item_info.arc,item_info.arc,13726
0,,,,ui\00_message\common\item_info.gmd,\ui\item_info.arc,item_info.arc,13727
0,,,,ui\00_message\common\item_info.gmd,\ui\item_info.arc,item_info.arc,13728
0,,,,ui\00_message\common\item_info.gmd,\ui\item_info.arc,item_info.arc,13729
0,,,,ui\00_message\common\item_info.gmd,\ui\item_info.arc,item_info.arc,13730
0,,,,ui\00_message\common\item_info.gmd,\ui\item_info.arc,item_info.arc,13731
0,,,,ui\00_message\common\item_info.gmd,\ui\item_info.arc,item_info.arc,13732
0,,,,ui\00_message\common\item_info.gmd,\ui\item_info.arc,item_info.arc,13733
0,,,,ui\00_message\common\item_info.gmd,\ui\item_info.arc,item_info.arc,13734
0,,,,ui\00_message\common\item_info.gmd,\ui\item_info.arc,item_info.arc,13735
0,,,,ui\00_message\common\item_info.gmd,\ui\item_info.arc,item_info.arc,13736
0,,,,ui\00_message\common\item_info.gmd,\ui\item_info.arc,item_info.arc,13737
0,,,,ui\00_message\common\item_info.gmd,\ui\item_info.arc,item_info.arc,13738
0,,,,ui\00_message\common\item_info.gmd,\ui\item_info.arc,item_info.arc,13739
0,,,,ui\00_message\common\item_info.gmd,\ui\item_info.arc,item_info.arc,13740
0,,,,ui\00_message\common\item_info.gmd,\ui\item_info.arc,item_info.arc,13741
0,,,,ui\00_message\common\item_info.gmd,\ui\item_info.arc,item_info.arc,13742
0,,,,ui\00_message\common\item_info.gmd,\ui\item_info.arc,item_info.arc,13743
0,,,,ui\00_message\common\item_info.gmd,\ui\item_info.arc,item_info.arc,13744
0,,,,ui\00_message\common\item_info.gmd,\ui\item_info.arc,item_info.arc,13745
0,,,,ui\00_message\common\item_info.gmd,\ui\item_info.arc,item_info.arc,13746
0,,,,ui\00_message\common\item_info.gmd,\ui\item_info.arc,item_info.arc,13747
0,,,,ui\00_message\common\item_info.gmd,\ui\item_info.arc,item_info.arc,13748
0,,,,ui\00_message\common\item_info.gmd,\ui\item_info.arc,item_info.arc,13749
0,,,,ui\00_message\common\item_info.gmd,\ui\item_info.arc,item_info.arc,13750
0,,,,ui\00_message\common\item_info.gmd,\ui\item_info.arc,item_info.arc,13751
0,,,,ui\00_message\common\item_info.gmd,\ui\item_info.arc,item_info.arc,13752
0,,,,ui\00_message\common\item_info.gmd,\ui\item_info.arc,item_info.arc,13753
0,,,,ui\00_message\common\item_info.gmd,\ui\item_info.arc,item_info.arc,13754
0,,,,ui\00_message\common\item_info.gmd,\ui\item_info.arc,item_info.arc,13755
0,,,,ui\00_message\common\item_info.gmd,\ui\item_info.arc,item_info.arc,13756
0,,,,ui\00_message\common\item_info.gmd,\ui\item_info.arc,item_info.arc,13757
0,,,,ui\00_message\common\item_info.gmd,\ui\item_info.arc,item_info.arc,13758
0,,,,ui\00_message\common\item_info.gmd,\ui\item_info.arc,item_info.arc,13759
0,,,,ui\00_message\common\item_info.gmd,\ui\item_info.arc,item_info.arc,13760
0,,,,ui\00_message\common\item_info.gmd,\ui\item_info.arc,item_info.arc,13761
0,,,,ui\00_message\common\item_info.gmd,\ui\item_info.arc,item_info.arc,13762
0,,,,ui\00_message\common\item_info.gmd,\ui\item_info.arc,item_info.arc,13763
0,,,,ui\00_message\common\item_info.gmd,\ui\item_info.arc,item_info.arc,13764
0,,,,ui\00_message\common\item_info.gmd,\ui\item_info.arc,item_info.arc,13765
0,,,,ui\00_message\common\item_info.gmd,\ui\item_info.arc,item_info.arc,13766
0,,,,ui\00_message\common\item_info.gmd,\ui\item_info.arc,item_info.arc,13767
0,,,,ui\00_message\common\item_info.gmd,\ui\item_info.arc,item_info.arc,13768
0,,,,ui\00_message\common\item_info.gmd,\ui\item_info.arc,item_info.arc,13769
0,,,,ui\00_message\common\item_info.gmd,\ui\item_info.arc,item_info.arc,13770
0,,,,ui\00_message\common\item_info.gmd,\ui\item_info.arc,item_info.arc,13771
0,,,,ui\00_message\common\item_info.gmd,\ui\item_info.arc,item_info.arc,13772
0,,,,ui\00_message\common\item_info.gmd,\ui\item_info.arc,item_info.arc,13773
0,,,,ui\00_message\common\item_info.gmd,\ui\item_info.arc,item_info.arc,13774
0,,,,ui\00_message\common\item_info.gmd,\ui\item_info.arc,item_info.arc,13775
0,,,,ui\00_message\common\item_info.gmd,\ui\item_info.arc,item_info.arc,13776
0,,,,ui\00_message\common\item_info.gmd,\ui\item_info.arc,item_info.arc,13777
0,,,,ui\00_message\common\item_info.gmd,\ui\item_info.arc,item_info.arc,13778
0,,,,ui\00_message\common\item_info.gmd,\ui\item_info.arc,item_info.arc,13779
0,,,,ui\00_message\common\item_info.gmd,\ui\item_info.arc,item_info.arc,13780
0,,,,ui\00_message\common\item_info.gmd,\ui\item_info.arc,item_info.arc,13781
0,,,,ui\00_message\common\item_info.gmd,\ui\item_info.arc,item_info.arc,13782
0,,,,ui\00_message\common\item_info.gmd,\ui\item_info.arc,item_info.arc,13783
0,,,,ui\00_message\common\item_info.gmd,\ui\item_info.arc,item_info.arc,13784
0,,,,ui\00_message\common\item_info.gmd,\ui\item_info.arc,item_info.arc,13785
0,,,,ui\00_message\common\item_info.gmd,\ui\item_info.arc,item_info.arc,13786
0,,,,ui\00_message\common\item_info.gmd,\ui\item_info.arc,item_info.arc,13787
0,,,,ui\00_message\common\item_info.gmd,\ui\item_info.arc,item_info.arc,13788
0,,,,ui\00_message\common\item_info.gmd,\ui\item_info.arc,item_info.arc,13789
0,,,,ui\00_message\common\item_info.gmd,\ui\item_info.arc,item_info.arc,13790
0,,,,ui\00_message\common\item_info.gmd,\ui\item_info.arc,item_info.arc,13791
0,,,,ui\00_message\common\item_info.gmd,\ui\item_info.arc,item_info.arc,13792
0,,,,ui\00_message\common\item_info.gmd,\ui\item_info.arc,item_info.arc,13793
0,,,,ui\00_message\common\item_info.gmd,\ui\item_info.arc,item_info.arc,13794
0,,,,ui\00_message\common\item_info.gmd,\ui\item_info.arc,item_info.arc,13795
0,,,,ui\00_message\common\item_info.gmd,\ui\item_info.arc,item_info.arc,13796
0,,,,ui\00_message\common\item_info.gmd,\ui\item_info.arc,item_info.arc,13797
0,,,,ui\00_message\common\item_info.gmd,\ui\item_info.arc,item_info.arc,13798
0,,,,ui\00_message\common\item_info.gmd,\ui\item_info.arc,item_info.arc,13799
0,,,,ui\00_message\common\item_info.gmd,\ui\item_info.arc,item_info.arc,13800
0,,,,ui\00_message\common\item_info.gmd,\ui\item_info.arc,item_info.arc,13801
0,,,,ui\00_message\common\item_info.gmd,\ui\item_info.arc,item_info.arc,13802
0,,,,ui\00_message\common\item_info.gmd,\ui\item_info.arc,item_info.arc,13803
0,,,,ui\00_message\common\item_info.gmd,\ui\item_info.arc,item_info.arc,13804
0,,,,ui\00_message\common\item_info.gmd,\ui\item_info.arc,item_info.arc,13805
0,,,,ui\00_message\common\item_info.gmd,\ui\item_info.arc,item_info.arc,13806
0,,,,ui\00_message\common\item_info.gmd,\ui\item_info.arc,item_info.arc,13807
0,,,,ui\00_message\common\item_info.gmd,\ui\item_info.arc,item_info.arc,13808
0,,,,ui\00_message\common\item_info.gmd,\ui\item_info.arc,item_info.arc,13809
0,,,,ui\00_message\common\item_info.gmd,\ui\item_info.arc,item_info.arc,13810
0,,,,ui\00_message\common\item_info.gmd,\ui\item_info.arc,item_info.arc,13811
0,,,,ui\00_message\common\item_info.gmd,\ui\item_info.arc,item_info.arc,13812
0,,,,ui\00_message\common\item_info.gmd,\ui\item_info.arc,item_info.arc,13813
0,,,,ui\00_message\common\item_info.gmd,\ui\item_info.arc,item_info.arc,13814
0,,,,ui\00_message\common\item_info.gmd,\ui\item_info.arc,item_info.arc,13815
0,,,,ui\00_message\common\item_info.gmd,\ui\item_info.arc,item_info.arc,13816
0,,,,ui\00_message\common\item_info.gmd,\ui\item_info.arc,item_info.arc,13817
0,,,,ui\00_message\common\item_info.gmd,\ui\item_info.arc,item_info.arc,13818
0,,,,ui\00_message\common\item_info.gmd,\ui\item_info.arc,item_info.arc,13819
0,,,,ui\00_message\common\item_info.gmd,\ui\item_info.arc,item_info.arc,13820
0,,,,ui\00_message\common\item_info.gmd,\ui\item_info.arc,item_info.arc,13821
0,,,,ui\00_message\common\item_info.gmd,\ui\item_info.arc,item_info.arc,13822
0,,,,ui\00_message\common\item_info.gmd,\ui\item_info.arc,item_info.arc,13823
0,,,,ui\00_message\common\item_info.gmd,\ui\item_info.arc,item_info.arc,13824
0,,,,ui\00_message\common\item_info.gmd,\ui\item_info.arc,item_info.arc,13825
0,,,,ui\00_message\common\item_info.gmd,\ui\item_info.arc,item_info.arc,13826
0,,,,ui\00_message\common\item_info.gmd,\ui\item_info.arc,item_info.arc,13827
0,,,,ui\00_message\common\item_info.gmd,\ui\item_info.arc,item_info.arc,13828
0,,,,ui\00_message\common\item_info.gmd,\ui\item_info.arc,item_info.arc,13829
0,,,,ui\00_message\common\item_info.gmd,\ui\item_info.arc,item_info.arc,13830
0,,,,ui\00_message\common\item_info.gmd,\ui\item_info.arc,item_info.arc,13831
0,,,,ui\00_message\common\item_info.gmd,\ui\item_info.arc,item_info.arc,13832
0,,,,ui\00_message\common\item_info.gmd,\ui\item_info.arc,item_info.arc,13833
0,,,,ui\00_message\common\item_info.gmd,\ui\item_info.arc,item_info.arc,13834
0,,,,ui\00_message\common\item_info.gmd,\ui\item_info.arc,item_info.arc,13835
0,,,,ui\00_message\common\item_info.gmd,\ui\item_info.arc,item_info.arc,13836
0,,,,ui\00_message\common\item_info.gmd,\ui\item_info.arc,item_info.arc,13837
0,,,,ui\00_message\common\item_info.gmd,\ui\item_info.arc,item_info.arc,13838
0,,,,ui\00_message\common\item_info.gmd,\ui\item_info.arc,item_info.arc,13839
0,,,,ui\00_message\common\item_info.gmd,\ui\item_info.arc,item_info.arc,13840
0,,,,ui\00_message\common\item_info.gmd,\ui\item_info.arc,item_info.arc,13841
0,,,,ui\00_message\common\item_info.gmd,\ui\item_info.arc,item_info.arc,13842
0,,,,ui\00_message\common\item_info.gmd,\ui\item_info.arc,item_info.arc,13843
0,,,,ui\00_message\common\item_info.gmd,\ui\item_info.arc,item_info.arc,13844
0,,,,ui\00_message\common\item_info.gmd,\ui\item_info.arc,item_info.arc,13845
0,,,,ui\00_message\common\item_info.gmd,\ui\item_info.arc,item_info.arc,13846
0,,,,ui\00_message\common\item_info.gmd,\ui\item_info.arc,item_info.arc,13847
0,,,,ui\00_message\common\item_info.gmd,\ui\item_info.arc,item_info.arc,13848
0,,,,ui\00_message\common\item_info.gmd,\ui\item_info.arc,item_info.arc,13849
0,,,,ui\00_message\common\item_info.gmd,\ui\item_info.arc,item_info.arc,13850
0,,,,ui\00_message\common\item_info.gmd,\ui\item_info.arc,item_info.arc,13851
0,,,,ui\00_message\common\item_info.gmd,\ui\item_info.arc,item_info.arc,13852
0,,,,ui\00_message\common\item_info.gmd,\ui\item_info.arc,item_info.arc,13853
0,,,,ui\00_message\common\item_info.gmd,\ui\item_info.arc,item_info.arc,13854
0,,,,ui\00_message\common\item_info.gmd,\ui\item_info.arc,item_info.arc,13855
0,,,,ui\00_message\common\item_info.gmd,\ui\item_info.arc,item_info.arc,13856
0,,,,ui\00_message\common\item_info.gmd,\ui\item_info.arc,item_info.arc,13857
0,,,,ui\00_message\common\item_info.gmd,\ui\item_info.arc,item_info.arc,13858
0,,,,ui\00_message\common\item_info.gmd,\ui\item_info.arc,item_info.arc,13859
0,,,,ui\00_message\common\item_info.gmd,\ui\item_info.arc,item_info.arc,13860
0,,,,ui\00_message\common\item_info.gmd,\ui\item_info.arc,item_info.arc,13861
0,,,,ui\00_message\common\item_info.gmd,\ui\item_info.arc,item_info.arc,13862
0,,,,ui\00_message\common\item_info.gmd,\ui\item_info.arc,item_info.arc,13863
0,,,,ui\00_message\common\item_info.gmd,\ui\item_info.arc,item_info.arc,13864
0,,,,ui\00_message\common\item_info.gmd,\ui\item_info.arc,item_info.arc,13865
0,,,,ui\00_message\common\item_info.gmd,\ui\item_info.arc,item_info.arc,13866
0,,,,ui\00_message\common\item_info.gmd,\ui\item_info.arc,item_info.arc,13867
0,,,,ui\00_message\common\item_info.gmd,\ui\item_info.arc,item_info.arc,13868
0,,,,ui\00_message\common\item_info.gmd,\ui\item_info.arc,item_info.arc,13869
0,,,,ui\00_message\common\item_info.gmd,\ui\item_info.arc,item_info.arc,13870
0,,,,ui\00_message\common\item_info.gmd,\ui\item_info.arc,item_info.arc,13871
0,,,,ui\00_message\common\item_info.gmd,\ui\item_info.arc,item_info.arc,13872
0,,,,ui\00_message\common\item_info.gmd,\ui\item_info.arc,item_info.arc,13873
0,,,,ui\00_message\common\item_info.gmd,\ui\item_info.arc,item_info.arc,13874
0,,,,ui\00_message\common\item_info.gmd,\ui\item_info.arc,item_info.arc,13875
0,,,,ui\00_message\common\item_info.gmd,\ui\item_info.arc,item_info.arc,13876
0,,,,ui\00_message\common\item_info.gmd,\ui\item_info.arc,item_info.arc,13877
0,,,,ui\00_message\common\item_info.gmd,\ui\item_info.arc,item_info.arc,13878
0,,,,ui\00_message\common\item_info.gmd,\ui\item_info.arc,item_info.arc,13879
0,,,,ui\00_message\common\item_info.gmd,\ui\item_info.arc,item_info.arc,13880
0,,,,ui\00_message\common\item_info.gmd,\ui\item_info.arc,item_info.arc,13881
0,,,,ui\00_message\common\item_info.gmd,\ui\item_info.arc,item_info.arc,13882
0,,,,ui\00_message\common\item_info.gmd,\ui\item_info.arc,item_info.arc,13883
0,,,,ui\00_message\common\item_info.gmd,\ui\item_info.arc,item_info.arc,13884
0,,,,ui\00_message\common\item_info.gmd,\ui\item_info.arc,item_info.arc,13885
0,,,,ui\00_message\common\item_info.gmd,\ui\item_info.arc,item_info.arc,13886
0,,,,ui\00_message\common\item_info.gmd,\ui\item_info.arc,item_info.arc,13887
0,,,,ui\00_message\common\item_info.gmd,\ui\item_info.arc,item_info.arc,13888
0,,,,ui\00_message\common\item_info.gmd,\ui\item_info.arc,item_info.arc,13889
0,,,,ui\00_message\common\item_info.gmd,\ui\item_info.arc,item_info.arc,13890
0,,,,ui\00_message\common\item_info.gmd,\ui\item_info.arc,item_info.arc,13891
0,,,,ui\00_message\common\item_info.gmd,\ui\item_info.arc,item_info.arc,13892
0,,,,ui\00_message\common\item_info.gmd,\ui\item_info.arc,item_info.arc,13893
0,,,,ui\00_message\common\item_info.gmd,\ui\item_info.arc,item_info.arc,13894
0,,,,ui\00_message\common\item_info.gmd,\ui\item_info.arc,item_info.arc,13895
0,,,,ui\00_message\common\item_info.gmd,\ui\item_info.arc,item_info.arc,13896
0,,,,ui\00_message\common\item_info.gmd,\ui\item_info.arc,item_info.arc,13897
0,,,,ui\00_message\common\item_info.gmd,\ui\item_info.arc,item_info.arc,13898
0,,,,ui\00_message\common\item_info.gmd,\ui\item_info.arc,item_info.arc,13899
0,,,,ui\00_message\common\item_info.gmd,\ui\item_info.arc,item_info.arc,13900
0,,,,ui\00_message\common\item_info.gmd,\ui\item_info.arc,item_info.arc,13901
0,,,,ui\00_message\common\item_info.gmd,\ui\item_info.arc,item_info.arc,13902
0,,,,ui\00_message\common\item_info.gmd,\ui\item_info.arc,item_info.arc,13903
0,,,,ui\00_message\common\item_info.gmd,\ui\item_info.arc,item_info.arc,13904
0,,,,ui\00_message\common\item_info.gmd,\ui\item_info.arc,item_info.arc,13905
0,,,,ui\00_message\common\item_info.gmd,\ui\item_info.arc,item_info.arc,13906
0,,,,ui\00_message\common\item_info.gmd,\ui\item_info.arc,item_info.arc,13907
0,,,,ui\00_message\common\item_info.gmd,\ui\item_info.arc,item_info.arc,13908
0,,,,ui\00_message\common\item_info.gmd,\ui\item_info.arc,item_info.arc,13909
0,,,,ui\00_message\common\item_info.gmd,\ui\item_info.arc,item_info.arc,13910
0,,,,ui\00_message\common\item_info.gmd,\ui\item_info.arc,item_info.arc,13911
0,,,,ui\00_message\common\item_info.gmd,\ui\item_info.arc,item_info.arc,13912
0,,,,ui\00_message\common\item_info.gmd,\ui\item_info.arc,item_info.arc,13913
0,,,,ui\00_message\common\item_info.gmd,\ui\item_info.arc,item_info.arc,13914
0,,,,ui\00_message\common\item_info.gmd,\ui\item_info.arc,item_info.arc,13915
0,,,,ui\00_message\common\item_info.gmd,\ui\item_info.arc,item_info.arc,13916
0,,,,ui\00_message\common\item_info.gmd,\ui\item_info.arc,item_info.arc,13917
0,,,,ui\00_message\common\item_info.gmd,\ui\item_info.arc,item_info.arc,13918
0,,,,ui\00_message\common\item_info.gmd,\ui\item_info.arc,item_info.arc,13919
0,,,,ui\00_message\common\item_info.gmd,\ui\item_info.arc,item_info.arc,13920
0,,,,ui\00_message\common\item_info.gmd,\ui\item_info.arc,item_info.arc,13921
0,,,,ui\00_message\common\item_info.gmd,\ui\item_info.arc,item_info.arc,13922
0,,,,ui\00_message\common\item_info.gmd,\ui\item_info.arc,item_info.arc,13923
0,,,,ui\00_message\common\item_info.gmd,\ui\item_info.arc,item_info.arc,13924
0,,,,ui\00_message\common\item_info.gmd,\ui\item_info.arc,item_info.arc,13925
0,,,,ui\00_message\common\item_info.gmd,\ui\item_info.arc,item_info.arc,13926
0,,,,ui\00_message\common\item_info.gmd,\ui\item_info.arc,item_info.arc,13927
0,,,,ui\00_message\common\item_info.gmd,\ui\item_info.arc,item_info.arc,13928
0,,,,ui\00_message\common\item_info.gmd,\ui\item_info.arc,item_info.arc,13929
0,,,,ui\00_message\common\item_info.gmd,\ui\item_info.arc,item_info.arc,13930
0,,,,ui\00_message\common\item_info.gmd,\ui\item_info.arc,item_info.arc,13931
0,,,,ui\00_message\common\item_info.gmd,\ui\item_info.arc,item_info.arc,13932
0,,,,ui\00_message\common\item_info.gmd,\ui\item_info.arc,item_info.arc,13933
0,,,,ui\00_message\common\item_info.gmd,\ui\item_info.arc,item_info.arc,13934
0,,,,ui\00_message\common\item_info.gmd,\ui\item_info.arc,item_info.arc,13935
0,,,,ui\00_message\common\item_info.gmd,\ui\item_info.arc,item_info.arc,13936
0,,,,ui\00_message\common\item_info.gmd,\ui\item_info.arc,item_info.arc,13937
0,,,,ui\00_message\common\item_info.gmd,\ui\item_info.arc,item_info.arc,13938
0,,,,ui\00_message\common\item_info.gmd,\ui\item_info.arc,item_info.arc,13939
0,,,,ui\00_message\common\item_info.gmd,\ui\item_info.arc,item_info.arc,13940
0,,,,ui\00_message\common\item_info.gmd,\ui\item_info.arc,item_info.arc,13941
0,,,,ui\00_message\common\item_info.gmd,\ui\item_info.arc,item_info.arc,13942
0,,,,ui\00_message\common\item_info.gmd,\ui\item_info.arc,item_info.arc,13943
0,,,,ui\00_message\common\item_info.gmd,\ui\item_info.arc,item_info.arc,13944
0,,,,ui\00_message\common\item_info.gmd,\ui\item_info.arc,item_info.arc,13945
0,,,,ui\00_message\common\item_info.gmd,\ui\item_info.arc,item_info.arc,13946
0,,,,ui\00_message\common\item_info.gmd,\ui\item_info.arc,item_info.arc,13947
0,,,,ui\00_message\common\item_info.gmd,\ui\item_info.arc,item_info.arc,13948
0,,,,ui\00_message\common\item_info.gmd,\ui\item_info.arc,item_info.arc,13949
0,,,,ui\00_message\common\item_info.gmd,\ui\item_info.arc,item_info.arc,13950
0,,,,ui\00_message\common\item_info.gmd,\ui\item_info.arc,item_info.arc,13951
0,,,,ui\00_message\common\item_info.gmd,\ui\item_info.arc,item_info.arc,13952
0,,,,ui\00_message\common\item_info.gmd,\ui\item_info.arc,item_info.arc,13953
0,,,,ui\00_message\common\item_info.gmd,\ui\item_info.arc,item_info.arc,13954
0,,,,ui\00_message\common\item_info.gmd,\ui\item_info.arc,item_info.arc,13955
0,,,,ui\00_message\common\item_info.gmd,\ui\item_info.arc,item_info.arc,13956
0,,,,ui\00_message\common\item_info.gmd,\ui\item_info.arc,item_info.arc,13957
0,,,,ui\00_message\common\item_info.gmd,\ui\item_info.arc,item_info.arc,13958
0,,,,ui\00_message\common\item_info.gmd,\ui\item_info.arc,item_info.arc,13959
0,,,,ui\00_message\common\item_info.gmd,\ui\item_info.arc,item_info.arc,13960
0,,,,ui\00_message\common\item_info.gmd,\ui\item_info.arc,item_info.arc,13961
0,,,,ui\00_message\common\item_info.gmd,\ui\item_info.arc,item_info.arc,13962
0,,,,ui\00_message\common\item_info.gmd,\ui\item_info.arc,item_info.arc,13963
0,,,,ui\00_message\common\item_info.gmd,\ui\item_info.arc,item_info.arc,13964
0,,,,ui\00_message\common\item_info.gmd,\ui\item_info.arc,item_info.arc,13965
0,,,,ui\00_message\common\item_info.gmd,\ui\item_info.arc,item_info.arc,13966
0,,,,ui\00_message\common\item_info.gmd,\ui\item_info.arc,item_info.arc,13967
0,,,,ui\00_message\common\item_info.gmd,\ui\item_info.arc,item_info.arc,13968
0,,,,ui\00_message\common\item_info.gmd,\ui\item_info.arc,item_info.arc,13969
0,,,,ui\00_message\common\item_info.gmd,\ui\item_info.arc,item_info.arc,13970
0,,,,ui\00_message\common\item_info.gmd,\ui\item_info.arc,item_info.arc,13971
0,,,,ui\00_message\common\item_info.gmd,\ui\item_info.arc,item_info.arc,13972
0,,,,ui\00_message\common\item_info.gmd,\ui\item_info.arc,item_info.arc,13973
0,,,,ui\00_message\common\item_info.gmd,\ui\item_info.arc,item_info.arc,13974
0,,,,ui\00_message\common\item_info.gmd,\ui\item_info.arc,item_info.arc,13975
0,,,,ui\00_message\common\item_info.gmd,\ui\item_info.arc,item_info.arc,13976
0,,,,ui\00_message\common\item_info.gmd,\ui\item_info.arc,item_info.arc,13977
0,,,,ui\00_message\common\item_info.gmd,\ui\item_info.arc,item_info.arc,13978
0,,,,ui\00_message\common\item_info.gmd,\ui\item_info.arc,item_info.arc,13979
0,,,,ui\00_message\common\item_info.gmd,\ui\item_info.arc,item_info.arc,13980
0,,,,ui\00_message\common\item_info.gmd,\ui\item_info.arc,item_info.arc,13981
0,,,,ui\00_message\common\item_info.gmd,\ui\item_info.arc,item_info.arc,13982
0,,,,ui\00_message\common\item_info.gmd,\ui\item_info.arc,item_info.arc,13983
0,,,,ui\00_message\common\item_info.gmd,\ui\item_info.arc,item_info.arc,13984
0,,,,ui\00_message\common\item_info.gmd,\ui\item_info.arc,item_info.arc,13985
0,,,,ui\00_message\common\item_info.gmd,\ui\item_info.arc,item_info.arc,13986
0,,,,ui\00_message\common\item_info.gmd,\ui\item_info.arc,item_info.arc,13987
0,,,,ui\00_message\common\item_info.gmd,\ui\item_info.arc,item_info.arc,13988
0,,,,ui\00_message\common\item_info.gmd,\ui\item_info.arc,item_info.arc,13989
0,,,,ui\00_message\common\item_info.gmd,\ui\item_info.arc,item_info.arc,13990
0,,,,ui\00_message\common\item_info.gmd,\ui\item_info.arc,item_info.arc,13991
0,,,,ui\00_message\common\item_info.gmd,\ui\item_info.arc,item_info.arc,13992
0,,,,ui\00_message\common\item_info.gmd,\ui\item_info.arc,item_info.arc,13993
0,,,,ui\00_message\common\item_info.gmd,\ui\item_info.arc,item_info.arc,13994
0,,,,ui\00_message\common\item_info.gmd,\ui\item_info.arc,item_info.arc,13995
0,,,,ui\00_message\common\item_info.gmd,\ui\item_info.arc,item_info.arc,13996
0,,,,ui\00_message\common\item_info.gmd,\ui\item_info.arc,item_info.arc,13997
0,,,,ui\00_message\common\item_info.gmd,\ui\item_info.arc,item_info.arc,13998
0,,,,ui\00_message\common\item_info.gmd,\ui\item_info.arc,item_info.arc,13999
0,,,,ui\00_message\common\item_info.gmd,\ui\item_info.arc,item_info.arc,14000
0,,,,ui\00_message\common\item_info.gmd,\ui\item_info.arc,item_info.arc,14001
0,,,,ui\00_message\common\item_info.gmd,\ui\item_info.arc,item_info.arc,14002
0,,,,ui\00_message\common\item_info.gmd,\ui\item_info.arc,item_info.arc,14003
0,,,,ui\00_message\common\item_info.gmd,\ui\item_info.arc,item_info.arc,14004
0,,,,ui\00_message\common\item_info.gmd,\ui\item_info.arc,item_info.arc,14005
0,,,,ui\00_message\common\item_info.gmd,\ui\item_info.arc,item_info.arc,14006
0,,,,ui\00_message\common\item_info.gmd,\ui\item_info.arc,item_info.arc,14007
0,,,,ui\00_message\common\item_info.gmd,\ui\item_info.arc,item_info.arc,14008
0,,,,ui\00_message\common\item_info.gmd,\ui\item_info.arc,item_info.arc,14009
0,,,,ui\00_message\common\item_info.gmd,\ui\item_info.arc,item_info.arc,14010
0,,,,ui\00_message\common\item_info.gmd,\ui\item_info.arc,item_info.arc,14011
0,,,,ui\00_message\common\item_info.gmd,\ui\item_info.arc,item_info.arc,14012
0,,,,ui\00_message\common\item_info.gmd,\ui\item_info.arc,item_info.arc,14013
0,,,,ui\00_message\common\item_info.gmd,\ui\item_info.arc,item_info.arc,14014
0,,,,ui\00_message\common\item_info.gmd,\ui\item_info.arc,item_info.arc,14015
0,,,,ui\00_message\common\item_info.gmd,\ui\item_info.arc,item_info.arc,14016
0,,,,ui\00_message\common\item_info.gmd,\ui\item_info.arc,item_info.arc,14017
0,,,,ui\00_message\common\item_info.gmd,\ui\item_info.arc,item_info.arc,14018
0,,,,ui\00_message\common\item_info.gmd,\ui\item_info.arc,item_info.arc,14019
0,,,,ui\00_message\common\item_info.gmd,\ui\item_info.arc,item_info.arc,14020
0,,,,ui\00_message\common\item_info.gmd,\ui\item_info.arc,item_info.arc,14021
0,,,,ui\00_message\common\item_info.gmd,\ui\item_info.arc,item_info.arc,14022
0,,,,ui\00_message\common\item_info.gmd,\ui\item_info.arc,item_info.arc,14023
0,,,,ui\00_message\common\item_info.gmd,\ui\item_info.arc,item_info.arc,14024
0,,,,ui\00_message\common\item_info.gmd,\ui\item_info.arc,item_info.arc,14025
0,,,,ui\00_message\common\item_info.gmd,\ui\item_info.arc,item_info.arc,14026
0,,,,ui\00_message\common\item_info.gmd,\ui\item_info.arc,item_info.arc,14027
0,,,,ui\00_message\common\item_info.gmd,\ui\item_info.arc,item_info.arc,14028
0,,,,ui\00_message\common\item_info.gmd,\ui\item_info.arc,item_info.arc,14029
0,,,,ui\00_message\common\item_info.gmd,\ui\item_info.arc,item_info.arc,14030
0,,,,ui\00_message\common\item_info.gmd,\ui\item_info.arc,item_info.arc,14031
0,,,,ui\00_message\common\item_info.gmd,\ui\item_info.arc,item_info.arc,14032
0,,,,ui\00_message\common\item_info.gmd,\ui\item_info.arc,item_info.arc,14033
0,,,,ui\00_message\common\item_info.gmd,\ui\item_info.arc,item_info.arc,14034
0,,,,ui\00_message\common\item_info.gmd,\ui\item_info.arc,item_info.arc,14035
0,,,,ui\00_message\common\item_info.gmd,\ui\item_info.arc,item_info.arc,14036
0,,,,ui\00_message\common\item_info.gmd,\ui\item_info.arc,item_info.arc,14037
0,,,,ui\00_message\common\item_info.gmd,\ui\item_info.arc,item_info.arc,14038
0,,,,ui\00_message\common\item_info.gmd,\ui\item_info.arc,item_info.arc,14039
0,,,,ui\00_message\common\item_info.gmd,\ui\item_info.arc,item_info.arc,14040
0,,,,ui\00_message\common\item_info.gmd,\ui\item_info.arc,item_info.arc,14041
0,,,,ui\00_message\common\item_info.gmd,\ui\item_info.arc,item_info.arc,14042
0,,,,ui\00_message\common\item_info.gmd,\ui\item_info.arc,item_info.arc,14043
0,,,,ui\00_message\common\item_info.gmd,\ui\item_info.arc,item_info.arc,14044
0,,,,ui\00_message\common\item_info.gmd,\ui\item_info.arc,item_info.arc,14045
0,,,,ui\00_message\common\item_info.gmd,\ui\item_info.arc,item_info.arc,14046
0,,,,ui\00_message\common\item_info.gmd,\ui\item_info.arc,item_info.arc,14047
0,,,,ui\00_message\common\item_info.gmd,\ui\item_info.arc,item_info.arc,14048
0,,,,ui\00_message\common\item_info.gmd,\ui\item_info.arc,item_info.arc,14049
0,,,,ui\00_message\common\item_info.gmd,\ui\item_info.arc,item_info.arc,14050
0,,,,ui\00_message\common\item_info.gmd,\ui\item_info.arc,item_info.arc,14051
0,,,,ui\00_message\common\item_info.gmd,\ui\item_info.arc,item_info.arc,14052
0,,,,ui\00_message\common\item_info.gmd,\ui\item_info.arc,item_info.arc,14053
0,,,,ui\00_message\common\item_info.gmd,\ui\item_info.arc,item_info.arc,14054
0,,,,ui\00_message\common\item_info.gmd,\ui\item_info.arc,item_info.arc,14055
0,,,,ui\00_message\common\item_info.gmd,\ui\item_info.arc,item_info.arc,14056
0,,,,ui\00_message\common\item_info.gmd,\ui\item_info.arc,item_info.arc,14057
0,,,,ui\00_message\common\item_info.gmd,\ui\item_info.arc,item_info.arc,14058
0,,,,ui\00_message\common\item_info.gmd,\ui\item_info.arc,item_info.arc,14059
0,,,,ui\00_message\common\item_info.gmd,\ui\item_info.arc,item_info.arc,14060
0,,,,ui\00_message\common\item_info.gmd,\ui\item_info.arc,item_info.arc,14061
0,,,,ui\00_message\common\item_info.gmd,\ui\item_info.arc,item_info.arc,14062
0,,,,ui\00_message\common\item_info.gmd,\ui\item_info.arc,item_info.arc,14063
0,,,,ui\00_message\common\item_info.gmd,\ui\item_info.arc,item_info.arc,14064
0,,,,ui\00_message\common\item_info.gmd,\ui\item_info.arc,item_info.arc,14065
0,,,,ui\00_message\common\item_info.gmd,\ui\item_info.arc,item_info.arc,14066
0,,,,ui\00_message\common\item_info.gmd,\ui\item_info.arc,item_info.arc,14067
0,,,,ui\00_message\common\item_info.gmd,\ui\item_info.arc,item_info.arc,14068
0,,,,ui\00_message\common\item_info.gmd,\ui\item_info.arc,item_info.arc,14069
0,,,,ui\00_message\common\item_info.gmd,\ui\item_info.arc,item_info.arc,14070
0,,,,ui\00_message\common\item_info.gmd,\ui\item_info.arc,item_info.arc,14071
0,,,,ui\00_message\common\item_info.gmd,\ui\item_info.arc,item_info.arc,14072
0,,,,ui\00_message\common\item_info.gmd,\ui\item_info.arc,item_info.arc,14073
0,,,,ui\00_message\common\item_info.gmd,\ui\item_info.arc,item_info.arc,14074
0,,,,ui\00_message\common\item_info.gmd,\ui\item_info.arc,item_info.arc,14075
0,,,,ui\00_message\common\item_info.gmd,\ui\item_info.arc,item_info.arc,14076
0,,,,ui\00_message\common\item_info.gmd,\ui\item_info.arc,item_info.arc,14077
0,,,,ui\00_message\common\item_info.gmd,\ui\item_info.arc,item_info.arc,14078
0,,,,ui\00_message\common\item_info.gmd,\ui\item_info.arc,item_info.arc,14079
0,,,,ui\00_message\common\item_info.gmd,\ui\item_info.arc,item_info.arc,14080
0,,,,ui\00_message\common\item_info.gmd,\ui\item_info.arc,item_info.arc,14081
0,,,,ui\00_message\common\item_info.gmd,\ui\item_info.arc,item_info.arc,14082
0,,,,ui\00_message\common\item_info.gmd,\ui\item_info.arc,item_info.arc,14083
0,,,,ui\00_message\common\item_info.gmd,\ui\item_info.arc,item_info.arc,14084
0,,,,ui\00_message\common\item_info.gmd,\ui\item_info.arc,item_info.arc,14085
0,,,,ui\00_message\common\item_info.gmd,\ui\item_info.arc,item_info.arc,14086
0,,,,ui\00_message\common\item_info.gmd,\ui\item_info.arc,item_info.arc,14087
0,,,,ui\00_message\common\item_info.gmd,\ui\item_info.arc,item_info.arc,14088
0,,,,ui\00_message\common\item_info.gmd,\ui\item_info.arc,item_info.arc,14089
0,,,,ui\00_message\common\item_info.gmd,\ui\item_info.arc,item_info.arc,14090
0,,,,ui\00_message\common\item_info.gmd,\ui\item_info.arc,item_info.arc,14091
0,,,,ui\00_message\common\item_info.gmd,\ui\item_info.arc,item_info.arc,14092
0,,,,ui\00_message\common\item_info.gmd,\ui\item_info.arc,item_info.arc,14093
0,,,,ui\00_message\common\item_info.gmd,\ui\item_info.arc,item_info.arc,14094
0,,,,ui\00_message\common\item_info.gmd,\ui\item_info.arc,item_info.arc,14095
0,,,,ui\00_message\common\item_info.gmd,\ui\item_info.arc,item_info.arc,14096
0,,,,ui\00_message\common\item_info.gmd,\ui\item_info.arc,item_info.arc,14097
0,,,,ui\00_message\common\item_info.gmd,\ui\item_info.arc,item_info.arc,14098
0,,,,ui\00_message\common\item_info.gmd,\ui\item_info.arc,item_info.arc,14099
0,,,,ui\00_message\common\item_info.gmd,\ui\item_info.arc,item_info.arc,14100
0,,,,ui\00_message\common\item_info.gmd,\ui\item_info.arc,item_info.arc,14101
0,,,,ui\00_message\common\item_info.gmd,\ui\item_info.arc,item_info.arc,14102
0,,,,ui\00_message\common\item_info.gmd,\ui\item_info.arc,item_info.arc,14103
0,,,,ui\00_message\common\item_info.gmd,\ui\item_info.arc,item_info.arc,14104
0,,,,ui\00_message\common\item_info.gmd,\ui\item_info.arc,item_info.arc,14105
0,,,,ui\00_message\common\item_info.gmd,\ui\item_info.arc,item_info.arc,14106
0,,,,ui\00_message\common\item_info.gmd,\ui\item_info.arc,item_info.arc,14107
0,,,,ui\00_message\common\item_info.gmd,\ui\item_info.arc,item_info.arc,14108
0,,,,ui\00_message\common\item_info.gmd,\ui\item_info.arc,item_info.arc,14109
0,,,,ui\00_message\common\item_info.gmd,\ui\item_info.arc,item_info.arc,14110
0,,,,ui\00_message\common\item_info.gmd,\ui\item_info.arc,item_info.arc,14111
0,,,,ui\00_message\common\item_info.gmd,\ui\item_info.arc,item_info.arc,14112
0,,,,ui\00_message\common\item_info.gmd,\ui\item_info.arc,item_info.arc,14113
0,,,,ui\00_message\common\item_info.gmd,\ui\item_info.arc,item_info.arc,14114
0,,,,ui\00_message\common\item_info.gmd,\ui\item_info.arc,item_info.arc,14115
0,,,,ui\00_message\common\item_info.gmd,\ui\item_info.arc,item_info.arc,14116
0,,,,ui\00_message\common\item_info.gmd,\ui\item_info.arc,item_info.arc,14117
0,,,,ui\00_message\common\item_info.gmd,\ui\item_info.arc,item_info.arc,14118
0,,,,ui\00_message\common\item_info.gmd,\ui\item_info.arc,item_info.arc,14119
0,,,,ui\00_message\common\item_info.gmd,\ui\item_info.arc,item_info.arc,14120
0,,,,ui\00_message\common\item_info.gmd,\ui\item_info.arc,item_info.arc,14121
0,,,,ui\00_message\common\item_info.gmd,\ui\item_info.arc,item_info.arc,14122
0,,,,ui\00_message\common\item_info.gmd,\ui\item_info.arc,item_info.arc,14123
0,,,,ui\00_message\common\item_info.gmd,\ui\item_info.arc,item_info.arc,14124
0,,,,ui\00_message\common\item_info.gmd,\ui\item_info.arc,item_info.arc,14125
0,,,,ui\00_message\common\item_info.gmd,\ui\item_info.arc,item_info.arc,14126
0,,,,ui\00_message\common\item_info.gmd,\ui\item_info.arc,item_info.arc,14127
0,,,,ui\00_message\common\item_info.gmd,\ui\item_info.arc,item_info.arc,14128
0,,,,ui\00_message\common\item_info.gmd,\ui\item_info.arc,item_info.arc,14129
0,,,,ui\00_message\common\item_info.gmd,\ui\item_info.arc,item_info.arc,14130
0,,,,ui\00_message\common\item_info.gmd,\ui\item_info.arc,item_info.arc,14131
0,,,,ui\00_message\common\item_info.gmd,\ui\item_info.arc,item_info.arc,14132
0,,,,ui\00_message\common\item_info.gmd,\ui\item_info.arc,item_info.arc,14133
0,,,,ui\00_message\common\item_info.gmd,\ui\item_info.arc,item_info.arc,14134
0,,,,ui\00_message\common\item_info.gmd,\ui\item_info.arc,item_info.arc,14135
0,,,,ui\00_message\common\item_info.gmd,\ui\item_info.arc,item_info.arc,14136
0,,,,ui\00_message\common\item_info.gmd,\ui\item_info.arc,item_info.arc,14137
0,,,,ui\00_message\common\item_info.gmd,\ui\item_info.arc,item_info.arc,14138
0,,,,ui\00_message\common\item_info.gmd,\ui\item_info.arc,item_info.arc,14139
0,,,,ui\00_message\common\item_info.gmd,\ui\item_info.arc,item_info.arc,14140
0,,,,ui\00_message\common\item_info.gmd,\ui\item_info.arc,item_info.arc,14141
0,,,,ui\00_message\common\item_info.gmd,\ui\item_info.arc,item_info.arc,14142
0,,,,ui\00_message\common\item_info.gmd,\ui\item_info.arc,item_info.arc,14143
0,,,,ui\00_message\common\item_info.gmd,\ui\item_info.arc,item_info.arc,14144
0,,,,ui\00_message\common\item_info.gmd,\ui\item_info.arc,item_info.arc,14145
0,,,,ui\00_message\common\item_info.gmd,\ui\item_info.arc,item_info.arc,14146
0,,,,ui\00_message\common\item_info.gmd,\ui\item_info.arc,item_info.arc,14147
0,,,,ui\00_message\common\item_info.gmd,\ui\item_info.arc,item_info.arc,14148
0,,,,ui\00_message\common\item_info.gmd,\ui\item_info.arc,item_info.arc,14149
0,,,,ui\00_message\common\item_info.gmd,\ui\item_info.arc,item_info.arc,14150
0,,,,ui\00_message\common\item_info.gmd,\ui\item_info.arc,item_info.arc,14151
0,,,,ui\00_message\common\item_info.gmd,\ui\item_info.arc,item_info.arc,14152
0,,,,ui\00_message\common\item_info.gmd,\ui\item_info.arc,item_info.arc,14153
0,,,,ui\00_message\common\item_info.gmd,\ui\item_info.arc,item_info.arc,14154
0,,,,ui\00_message\common\item_info.gmd,\ui\item_info.arc,item_info.arc,14155
0,,,,ui\00_message\common\item_info.gmd,\ui\item_info.arc,item_info.arc,14156
0,,,,ui\00_message\common\item_info.gmd,\ui\item_info.arc,item_info.arc,14157
0,,,,ui\00_message\common\item_info.gmd,\ui\item_info.arc,item_info.arc,14158
0,,,,ui\00_message\common\item_info.gmd,\ui\item_info.arc,item_info.arc,14159
0,,,,ui\00_message\common\item_info.gmd,\ui\item_info.arc,item_info.arc,14160
0,,,,ui\00_message\common\item_info.gmd,\ui\item_info.arc,item_info.arc,14161
0,,,,ui\00_message\common\item_info.gmd,\ui\item_info.arc,item_info.arc,14162
0,,,,ui\00_message\common\item_info.gmd,\ui\item_info.arc,item_info.arc,14163
0,,,,ui\00_message\common\item_info.gmd,\ui\item_info.arc,item_info.arc,14164
0,,,,ui\00_message\common\item_info.gmd,\ui\item_info.arc,item_info.arc,14165
0,,,,ui\00_message\common\item_info.gmd,\ui\item_info.arc,item_info.arc,14166
0,,,,ui\00_message\common\item_info.gmd,\ui\item_info.arc,item_info.arc,14167
0,,,,ui\00_message\common\item_info.gmd,\ui\item_info.arc,item_info.arc,14168
0,,,,ui\00_message\common\item_info.gmd,\ui\item_info.arc,item_info.arc,14169
0,,,,ui\00_message\common\item_info.gmd,\ui\item_info.arc,item_info.arc,14170
0,,,,ui\00_message\common\item_info.gmd,\ui\item_info.arc,item_info.arc,14171
0,,,,ui\00_message\common\item_info.gmd,\ui\item_info.arc,item_info.arc,14172
0,,,,ui\00_message\common\item_info.gmd,\ui\item_info.arc,item_info.arc,14173
0,,,,ui\00_message\common\item_info.gmd,\ui\item_info.arc,item_info.arc,14174
0,,,,ui\00_message\common\item_info.gmd,\ui\item_info.arc,item_info.arc,14175
0,,,,ui\00_message\common\item_info.gmd,\ui\item_info.arc,item_info.arc,14176
0,,,,ui\00_message\common\item_info.gmd,\ui\item_info.arc,item_info.arc,14177
0,,,,ui\00_message\common\item_info.gmd,\ui\item_info.arc,item_info.arc,14178
0,,,,ui\00_message\common\item_info.gmd,\ui\item_info.arc,item_info.arc,14179
0,,,,ui\00_message\common\item_info.gmd,\ui\item_info.arc,item_info.arc,14180
0,,,,ui\00_message\common\item_info.gmd,\ui\item_info.arc,item_info.arc,14181
0,,,,ui\00_message\common\item_info.gmd,\ui\item_info.arc,item_info.arc,14182
0,,,,ui\00_message\common\item_info.gmd,\ui\item_info.arc,item_info.arc,14183
0,,,,ui\00_message\common\item_info.gmd,\ui\item_info.arc,item_info.arc,14184
0,,,,ui\00_message\common\item_info.gmd,\ui\item_info.arc,item_info.arc,14185
0,,,,ui\00_message\common\item_info.gmd,\ui\item_info.arc,item_info.arc,14186
0,,,,ui\00_message\common\item_info.gmd,\ui\item_info.arc,item_info.arc,14187
0,,,,ui\00_message\common\item_info.gmd,\ui\item_info.arc,item_info.arc,14188
0,,,,ui\00_message\common\item_info.gmd,\ui\item_info.arc,item_info.arc,14189
0,,,,ui\00_message\common\item_info.gmd,\ui\item_info.arc,item_info.arc,14190
0,,,,ui\00_message\common\item_info.gmd,\ui\item_info.arc,item_info.arc,14191
0,,,,ui\00_message\common\item_info.gmd,\ui\item_info.arc,item_info.arc,14192
0,,,,ui\00_message\common\item_info.gmd,\ui\item_info.arc,item_info.arc,14193
0,,,,ui\00_message\common\item_info.gmd,\ui\item_info.arc,item_info.arc,14194
0,,,,ui\00_message\common\item_info.gmd,\ui\item_info.arc,item_info.arc,14195
0,,,,ui\00_message\common\item_info.gmd,\ui\item_info.arc,item_info.arc,14196
0,,,,ui\00_message\common\item_info.gmd,\ui\item_info.arc,item_info.arc,14197
0,,,,ui\00_message\common\item_info.gmd,\ui\item_info.arc,item_info.arc,14198
0,,,,ui\00_message\common\item_info.gmd,\ui\item_info.arc,item_info.arc,14199
0,,,,ui\00_message\common\item_info.gmd,\ui\item_info.arc,item_info.arc,14200
0,,,,ui\00_message\common\item_info.gmd,\ui\item_info.arc,item_info.arc,14201
0,,,,ui\00_message\common\item_info.gmd,\ui\item_info.arc,item_info.arc,14202
0,,,,ui\00_message\common\item_info.gmd,\ui\item_info.arc,item_info.arc,14203
0,,,,ui\00_message\common\item_info.gmd,\ui\item_info.arc,item_info.arc,14204
0,,,,ui\00_message\common\item_info.gmd,\ui\item_info.arc,item_info.arc,14205
0,,,,ui\00_message\common\item_info.gmd,\ui\item_info.arc,item_info.arc,14206
0,,,,ui\00_message\common\item_info.gmd,\ui\item_info.arc,item_info.arc,14207
0,,,,ui\00_message\common\item_info.gmd,\ui\item_info.arc,item_info.arc,14208
0,,,,ui\00_message\common\item_info.gmd,\ui\item_info.arc,item_info.arc,14209
0,,,,ui\00_message\common\item_info.gmd,\ui\item_info.arc,item_info.arc,14210
0,,,,ui\00_message\common\item_info.gmd,\ui\item_info.arc,item_info.arc,14211
0,,,,ui\00_message\common\item_info.gmd,\ui\item_info.arc,item_info.arc,14212
0,,,,ui\00_message\common\item_info.gmd,\ui\item_info.arc,item_info.arc,14213
0,,,,ui\00_message\common\item_info.gmd,\ui\item_info.arc,item_info.arc,14214
0,,,,ui\00_message\common\item_info.gmd,\ui\item_info.arc,item_info.arc,14215
0,,,,ui\00_message\common\item_info.gmd,\ui\item_info.arc,item_info.arc,14216
0,,,,ui\00_message\common\item_info.gmd,\ui\item_info.arc,item_info.arc,14217
0,,,,ui\00_message\common\item_info.gmd,\ui\item_info.arc,item_info.arc,14218
0,,,,ui\00_message\common\item_info.gmd,\ui\item_info.arc,item_info.arc,14219
0,,,,ui\00_message\common\item_info.gmd,\ui\item_info.arc,item_info.arc,14220
0,,,,ui\00_message\common\item_info.gmd,\ui\item_info.arc,item_info.arc,14221
0,,,,ui\00_message\common\item_info.gmd,\ui\item_info.arc,item_info.arc,14222
0,,,,ui\00_message\common\item_info.gmd,\ui\item_info.arc,item_info.arc,14223
0,,,,ui\00_message\common\item_info.gmd,\ui\item_info.arc,item_info.arc,14224
0,,,,ui\00_message\common\item_info.gmd,\ui\item_info.arc,item_info.arc,14225
0,,,,ui\00_message\common\item_info.gmd,\ui\item_info.arc,item_info.arc,14226
0,,,,ui\00_message\common\item_info.gmd,\ui\item_info.arc,item_info.arc,14227
0,,,,ui\00_message\common\item_info.gmd,\ui\item_info.arc,item_info.arc,14228
0,,,,ui\00_message\common\item_info.gmd,\ui\item_info.arc,item_info.arc,14229
0,,,,ui\00_message\common\item_info.gmd,\ui\item_info.arc,item_info.arc,14230
0,,,,ui\00_message\common\item_info.gmd,\ui\item_info.arc,item_info.arc,14231
0,,,,ui\00_message\common\item_info.gmd,\ui\item_info.arc,item_info.arc,14232
0,,,,ui\00_message\common\item_info.gmd,\ui\item_info.arc,item_info.arc,14233
0,,,,ui\00_message\common\item_info.gmd,\ui\item_info.arc,item_info.arc,14234
0,,,,ui\00_message\common\item_info.gmd,\ui\item_info.arc,item_info.arc,14235
0,,,,ui\00_message\common\item_info.gmd,\ui\item_info.arc,item_info.arc,14236
0,,,,ui\00_message\common\item_info.gmd,\ui\item_info.arc,item_info.arc,14237
0,,,,ui\00_message\common\item_info.gmd,\ui\item_info.arc,item_info.arc,14238
0,,,,ui\00_message\common\item_info.gmd,\ui\item_info.arc,item_info.arc,14239
0,,,,ui\00_message\common\item_info.gmd,\ui\item_info.arc,item_info.arc,14240
0,,,,ui\00_message\common\item_info.gmd,\ui\item_info.arc,item_info.arc,14241
0,,,,ui\00_message\common\item_info.gmd,\ui\item_info.arc,item_info.arc,14242
0,,,,ui\00_message\common\item_info.gmd,\ui\item_info.arc,item_info.arc,14243
0,,,,ui\00_message\common\item_info.gmd,\ui\item_info.arc,item_info.arc,14244
0,,,,ui\00_message\common\item_info.gmd,\ui\item_info.arc,item_info.arc,14245
0,,,,ui\00_message\common\item_info.gmd,\ui\item_info.arc,item_info.arc,14246
0,,,,ui\00_message\common\item_info.gmd,\ui\item_info.arc,item_info.arc,14247
0,,,,ui\00_message\common\item_info.gmd,\ui\item_info.arc,item_info.arc,14248
0,,,,ui\00_message\common\item_info.gmd,\ui\item_info.arc,item_info.arc,14249
0,,,,ui\00_message\common\item_info.gmd,\ui\item_info.arc,item_info.arc,14250
0,,,,ui\00_message\common\item_info.gmd,\ui\item_info.arc,item_info.arc,14251
0,,,,ui\00_message\common\item_info.gmd,\ui\item_info.arc,item_info.arc,14252
0,,,,ui\00_message\common\item_info.gmd,\ui\item_info.arc,item_info.arc,14253
0,,,,ui\00_message\common\item_info.gmd,\ui\item_info.arc,item_info.arc,14254
0,,,,ui\00_message\common\item_info.gmd,\ui\item_info.arc,item_info.arc,14255
0,,,,ui\00_message\common\item_info.gmd,\ui\item_info.arc,item_info.arc,14256
0,,,,ui\00_message\common\item_info.gmd,\ui\item_info.arc,item_info.arc,14257
0,,,,ui\00_message\common\item_info.gmd,\ui\item_info.arc,item_info.arc,14258
0,,,,ui\00_message\common\item_info.gmd,\ui\item_info.arc,item_info.arc,14259
0,,,,ui\00_message\common\item_info.gmd,\ui\item_info.arc,item_info.arc,14260
0,,,,ui\00_message\common\item_info.gmd,\ui\item_info.arc,item_info.arc,14261
0,,,,ui\00_message\common\item_info.gmd,\ui\item_info.arc,item_info.arc,14262
0,,,,ui\00_message\common\item_info.gmd,\ui\item_info.arc,item_info.arc,14263
0,,,,ui\00_message\common\item_info.gmd,\ui\item_info.arc,item_info.arc,14264
0,,,,ui\00_message\common\item_info.gmd,\ui\item_info.arc,item_info.arc,14265
0,,,,ui\00_message\common\item_info.gmd,\ui\item_info.arc,item_info.arc,14266
0,,,,ui\00_message\common\item_info.gmd,\ui\item_info.arc,item_info.arc,14267
0,,,,ui\00_message\common\item_info.gmd,\ui\item_info.arc,item_info.arc,14268
0,,,,ui\00_message\common\item_info.gmd,\ui\item_info.arc,item_info.arc,14269
0,,,,ui\00_message\common\item_info.gmd,\ui\item_info.arc,item_info.arc,14270
0,,,,ui\00_message\common\item_info.gmd,\ui\item_info.arc,item_info.arc,14271
0,,,,ui\00_message\common\item_info.gmd,\ui\item_info.arc,item_info.arc,14272
0,,,,ui\00_message\common\item_info.gmd,\ui\item_info.arc,item_info.arc,14273
0,,,,ui\00_message\common\item_info.gmd,\ui\item_info.arc,item_info.arc,14274
0,,,,ui\00_message\common\item_info.gmd,\ui\item_info.arc,item_info.arc,14275
0,,,,ui\00_message\common\item_info.gmd,\ui\item_info.arc,item_info.arc,14276
0,,,,ui\00_message\common\item_info.gmd,\ui\item_info.arc,item_info.arc,14277
0,,,,ui\00_message\common\item_info.gmd,\ui\item_info.arc,item_info.arc,14278
0,,,,ui\00_message\common\item_info.gmd,\ui\item_info.arc,item_info.arc,14279
0,,,,ui\00_message\common\item_info.gmd,\ui\item_info.arc,item_info.arc,14280
0,,,,ui\00_message\common\item_info.gmd,\ui\item_info.arc,item_info.arc,14281
0,,,,ui\00_message\common\item_info.gmd,\ui\item_info.arc,item_info.arc,14282
0,,,,ui\00_message\common\item_info.gmd,\ui\item_info.arc,item_info.arc,14283
0,,,,ui\00_message\common\item_info.gmd,\ui\item_info.arc,item_info.arc,14284
0,,,,ui\00_message\common\item_info.gmd,\ui\item_info.arc,item_info.arc,14285
0,,,,ui\00_message\common\item_info.gmd,\ui\item_info.arc,item_info.arc,14286
0,,,,ui\00_message\common\item_info.gmd,\ui\item_info.arc,item_info.arc,14287
0,,,,ui\00_message\common\item_info.gmd,\ui\item_info.arc,item_info.arc,14288
0,,,,ui\00_message\common\item_info.gmd,\ui\item_info.arc,item_info.arc,14289
0,,,,ui\00_message\common\item_info.gmd,\ui\item_info.arc,item_info.arc,14290
0,,,,ui\00_message\common\item_info.gmd,\ui\item_info.arc,item_info.arc,14291
0,,,,ui\00_message\common\item_info.gmd,\ui\item_info.arc,item_info.arc,14292
0,,,,ui\00_message\common\item_info.gmd,\ui\item_info.arc,item_info.arc,14293
0,,,,ui\00_message\common\item_info.gmd,\ui\item_info.arc,item_info.arc,14294
0,,,,ui\00_message\common\item_info.gmd,\ui\item_info.arc,item_info.arc,14295
0,,,,ui\00_message\common\item_info.gmd,\ui\item_info.arc,item_info.arc,14296
0,,,,ui\00_message\common\item_info.gmd,\ui\item_info.arc,item_info.arc,14297
0,,,,ui\00_message\common\item_info.gmd,\ui\item_info.arc,item_info.arc,14298
0,,,,ui\00_message\common\item_info.gmd,\ui\item_info.arc,item_info.arc,14299
0,,,,ui\00_message\common\item_info.gmd,\ui\item_info.arc,item_info.arc,14300
0,,,,ui\00_message\common\item_info.gmd,\ui\item_info.arc,item_info.arc,14301
0,,,,ui\00_message\common\item_info.gmd,\ui\item_info.arc,item_info.arc,14302
0,,,,ui\00_message\common\item_info.gmd,\ui\item_info.arc,item_info.arc,14303
0,,,,ui\00_message\common\item_info.gmd,\ui\item_info.arc,item_info.arc,14304
0,,,,ui\00_message\common\item_info.gmd,\ui\item_info.arc,item_info.arc,14305
0,,,,ui\00_message\common\item_info.gmd,\ui\item_info.arc,item_info.arc,14306
0,,,,ui\00_message\common\item_info.gmd,\ui\item_info.arc,item_info.arc,14307
0,,,,ui\00_message\common\item_info.gmd,\ui\item_info.arc,item_info.arc,14308
0,,,,ui\00_message\common\item_info.gmd,\ui\item_info.arc,item_info.arc,14309
0,,,,ui\00_message\common\item_info.gmd,\ui\item_info.arc,item_info.arc,14310
0,,,,ui\00_message\common\item_info.gmd,\ui\item_info.arc,item_info.arc,14311
0,,,,ui\00_message\common\item_info.gmd,\ui\item_info.arc,item_info.arc,14312
0,,,,ui\00_message\common\item_info.gmd,\ui\item_info.arc,item_info.arc,14313
0,,,,ui\00_message\common\item_info.gmd,\ui\item_info.arc,item_info.arc,14314
0,,,,ui\00_message\common\item_info.gmd,\ui\item_info.arc,item_info.arc,14315
0,,,,ui\00_message\common\item_info.gmd,\ui\item_info.arc,item_info.arc,14316
0,,,,ui\00_message\common\item_info.gmd,\ui\item_info.arc,item_info.arc,14317
0,,,,ui\00_message\common\item_info.gmd,\ui\item_info.arc,item_info.arc,14318
0,,,,ui\00_message\common\item_info.gmd,\ui\item_info.arc,item_info.arc,14319
0,,,,ui\00_message\common\item_info.gmd,\ui\item_info.arc,item_info.arc,14320
0,,,,ui\00_message\common\item_info.gmd,\ui\item_info.arc,item_info.arc,14321
0,,,,ui\00_message\common\item_info.gmd,\ui\item_info.arc,item_info.arc,14322
0,,,,ui\00_message\common\item_info.gmd,\ui\item_info.arc,item_info.arc,14323
0,,,,ui\00_message\common\item_info.gmd,\ui\item_info.arc,item_info.arc,14324
0,,,,ui\00_message\common\item_info.gmd,\ui\item_info.arc,item_info.arc,14325
0,,,,ui\00_message\common\item_info.gmd,\ui\item_info.arc,item_info.arc,14326
0,,,,ui\00_message\common\item_info.gmd,\ui\item_info.arc,item_info.arc,14327
0,,,,ui\00_message\common\item_info.gmd,\ui\item_info.arc,item_info.arc,14328
0,,,,ui\00_message\common\item_info.gmd,\ui\item_info.arc,item_info.arc,14329
0,,,,ui\00_message\common\item_info.gmd,\ui\item_info.arc,item_info.arc,14330
0,,,,ui\00_message\common\item_info.gmd,\ui\item_info.arc,item_info.arc,14331
0,,,,ui\00_message\common\item_info.gmd,\ui\item_info.arc,item_info.arc,14332
0,,,,ui\00_message\common\item_info.gmd,\ui\item_info.arc,item_info.arc,14333
0,,,,ui\00_message\common\item_info.gmd,\ui\item_info.arc,item_info.arc,14334
0,,,,ui\00_message\common\item_info.gmd,\ui\item_info.arc,item_info.arc,14335
0,,,,ui\00_message\common\item_info.gmd,\ui\item_info.arc,item_info.arc,14336
0,,,,ui\00_message\common\item_info.gmd,\ui\item_info.arc,item_info.arc,14337
0,,,,ui\00_message\common\item_info.gmd,\ui\item_info.arc,item_info.arc,14338
0,,,,ui\00_message\common\item_info.gmd,\ui\item_info.arc,item_info.arc,14339
0,,,,ui\00_message\common\item_info.gmd,\ui\item_info.arc,item_info.arc,14340
0,,,,ui\00_message\common\item_info.gmd,\ui\item_info.arc,item_info.arc,14341
0,,,,ui\00_message\common\item_info.gmd,\ui\item_info.arc,item_info.arc,14342
0,,,,ui\00_message\common\item_info.gmd,\ui\item_info.arc,item_info.arc,14343
0,,,,ui\00_message\common\item_info.gmd,\ui\item_info.arc,item_info.arc,14344
0,,,,ui\00_message\common\item_info.gmd,\ui\item_info.arc,item_info.arc,14345
0,,,,ui\00_message\common\item_info.gmd,\ui\item_info.arc,item_info.arc,14346
0,,,,ui\00_message\common\item_info.gmd,\ui\item_info.arc,item_info.arc,14347
0,,,,ui\00_message\common\item_info.gmd,\ui\item_info.arc,item_info.arc,14348
0,,,,ui\00_message\common\item_info.gmd,\ui\item_info.arc,item_info.arc,14349
0,,,,ui\00_message\common\item_info.gmd,\ui\item_info.arc,item_info.arc,14350
0,,,,ui\00_message\common\item_info.gmd,\ui\item_info.arc,item_info.arc,14351
0,,,,ui\00_message\common\item_info.gmd,\ui\item_info.arc,item_info.arc,14352
0,,,,ui\00_message\common\item_info.gmd,\ui\item_info.arc,item_info.arc,14353
0,,,,ui\00_message\common\item_info.gmd,\ui\item_info.arc,item_info.arc,14354
0,,,,ui\00_message\common\item_info.gmd,\ui\item_info.arc,item_info.arc,14355
0,,,,ui\00_message\common\item_info.gmd,\ui\item_info.arc,item_info.arc,14356
0,,,,ui\00_message\common\item_info.gmd,\ui\item_info.arc,item_info.arc,14357
0,,,,ui\00_message\common\item_info.gmd,\ui\item_info.arc,item_info.arc,14358
0,,,,ui\00_message\common\item_info.gmd,\ui\item_info.arc,item_info.arc,14359
0,,,,ui\00_message\common\item_info.gmd,\ui\item_info.arc,item_info.arc,14360
0,,,,ui\00_message\common\item_info.gmd,\ui\item_info.arc,item_info.arc,14361
0,,,,ui\00_message\common\item_info.gmd,\ui\item_info.arc,item_info.arc,14362
0,,,,ui\00_message\common\item_info.gmd,\ui\item_info.arc,item_info.arc,14363
0,,,,ui\00_message\common\item_info.gmd,\ui\item_info.arc,item_info.arc,14364
0,,,,ui\00_message\common\item_info.gmd,\ui\item_info.arc,item_info.arc,14365
0,,,,ui\00_message\common\item_info.gmd,\ui\item_info.arc,item_info.arc,14366
0,,,,ui\00_message\common\item_info.gmd,\ui\item_info.arc,item_info.arc,14367
0,,,,ui\00_message\common\item_info.gmd,\ui\item_info.arc,item_info.arc,14368
0,,,,ui\00_message\common\item_info.gmd,\ui\item_info.arc,item_info.arc,14369
0,,,,ui\00_message\common\item_info.gmd,\ui\item_info.arc,item_info.arc,14370