#Index,Key,MsgJp,MsgEn,GmdPath,ArcPath,ArcName,ReadIndex
0,,,,ui\00_message\common\item_info.gmd,\ui\item_info.arc,item_info.arc,6371
0,,,,ui\00_message\common\item_info.gmd,\ui\item_info.arc,item_info.arc,6372
0,,,,ui\00_message\common\item_info.gmd,\ui\item_info.arc,item_info.arc,6373
0,,,,ui\00_message\common\item_info.gmd,\ui\item_info.arc,item_info.arc,6374
0,,,,ui\00_message\common\item_info.gmd,\ui\item_info.arc,item_info.arc,6375
0,,,,ui\00_message\common\item_info.gmd,\ui\item_info.arc,item_info.arc,6376
0,,,,ui\00_message\common\item_info.gmd,\ui\item_info.arc,item_info.arc,6377
0,,,,ui\00_message\common\item_info.gmd,\ui\item_info.arc,item_info.arc,6378
0,,,,ui\00_message\common\item_info.gmd,\ui\item_info.arc,item_info.arc,6379
0,,,,ui\00_message\common\item_info.gmd,\ui\item_info.arc,item_info.arc,6380
0,,,,ui\00_message\common\item_info.gmd,\ui\item_info.arc,item_info.arc,6381
0,,,,ui\00_message\common\item_info.gmd,\ui\item_info.arc,item_info.arc,6382
0,,,,ui\00_message\common\item_info.gmd,\ui\item_info.arc,item_info.arc,6383
0,,,,ui\00_message\common\item_info.gmd,\ui\item_info.arc,item_info.arc,6384
0,,,,ui\00_message\common\item_info.gmd,\ui\item_info.arc,item_info.arc,6385
0,,,,ui\00_message\common\item_info.gmd,\ui\item_info.arc,item_info.arc,6386
0,,,,ui\00_message\common\item_info.gmd,\ui\item_info.arc,item_info.arc,6387
0,,,,ui\00_message\common\item_info.gmd,\ui\item_info.arc,item_info.arc,6388
0,,,,ui\00_message\common\item_info.gmd,\ui\item_info.arc,item_info.arc,6389
0,,,,ui\00_message\common\item_info.gmd,\ui\item_info.arc,item_info.arc,6390
0,,,,ui\00_message\common\item_info.gmd,\ui\item_info.arc,item_info.arc,6391
0,,,,ui\00_message\common\item_info.gmd,\ui\item_info.arc,item_info.arc,6392
0,,,,ui\00_message\common\item_info.gmd,\ui\item_info.arc,item_info.arc,6393
0,,,,ui\00_message\common\item_info.gmd,\ui\item_info.arc,item_info.arc,6394
0,,,,ui\00_message\common\item_info.gmd,\ui\item_info.arc,item_info.arc,6395
0,,,,ui\00_message\common\item_info.gmd,\ui\item_info.arc,item_info.arc,6396
0,,,,ui\00_message\common\item_info.gmd,\ui\item_info.arc,item_info.arc,6397
0,,,,ui\00_message\common\item_info.gmd,\ui\item_info.arc,item_info.arc,6398
0,,,,ui\00_message\common\item_info.gmd,\ui\item_info.arc,item_info.arc,6399
0,,,,ui\00_message\common\item_info.gmd,\ui\item_info.arc,item_info.arc,6400
0,,,,ui\00_message\common\item_info.gmd,\ui\item_info.arc,item_info.arc,6401
0,,,,ui\00_message\common\item_info.gmd,\ui\item_info.arc,item_info.arc,6402
0,,,,ui\00_message\common\item_info.gmd,\ui\item_info.arc,item_info.arc,6403
0,,,,ui\00_message\common\item_info.gmd,\ui\item_info.arc,item_info.arc,6404
0,,,,ui\00_message\common\item_info.gmd,\ui\item_info.arc,item_info.arc,6405
0,,,,ui\00_message\common\item_info.gmd,\ui\item_info.arc,item_info.arc,6406
0,,,,ui\00_message\common\item_info.gmd,\ui\item_info.arc,item_info.arc,6407
0,,,,ui\00_message\common\item_info.gmd,\ui\item_info.arc,item_info.arc,6408
0,,,,ui\00_message\common\item_info.gmd,\ui\item_info.arc,item_info.arc,6409
0,,,,ui\00_message\common\item_info.gmd,\ui\item_info.arc,item_info.arc,6410
0,,,,ui\00_message\common\item_info.gmd,\ui\item_info.arc,item_info.arc,6411
0,,,,ui\00_message\common\item_info.gmd,\ui\item_info.arc,item_info.arc,6412
0,,,,ui\00_message\common\item_info.gmd,\ui\item_info.arc,item_info.arc,6413
0,,,,ui\00_message\common\item_info.gmd,\ui\item_info.arc,item_info.arc,6414
0,,,,ui\00_message\common\item_info.gmd,\ui\item_info.arc,item_info.arc,6415
0,,,,ui\00_message\common\item_info.gmd,\ui\item_info.arc,item_info.arc,6416
0,,,,ui\00_message\common\item_info.gmd,\ui\item_info.arc,item_info.arc,6417
0,,,,ui\00_message\common\item_info.gmd,\ui\item_info.arc,item_info.arc,6418
0,,,,ui\00_message\common\item_info.gmd,\ui\item_info.arc,item_info.arc,6419
0,,,,ui\00_message\common\item_info.gmd,\ui\item_info.arc,item_info.arc,6420
0,,,,ui\00_message\common\item_info.gmd,\ui\item_info.arc,item_info.arc,6421
0,,,,ui\00_message\common\item_info.gmd,\ui\item_info.arc,item_info.arc,6422
0,,,,ui\00_message\common\item_info.gmd,\ui\item_info.arc,item_info.arc,6423
0,,,,ui\00_message\common\item_info.gmd,\ui\item_info.arc,item_info.arc,6424
0,,,,ui\00_message\common\item_info.gmd,\ui\item_info.arc,item_info.arc,6425
0,,,,ui\00_message\common\item_info.gmd,\ui\item_info.arc,item_info.arc,6426
0,,,,ui\00_message\common\item_info.gmd,\ui\item_info.arc,item_info.arc,6427
0,,,,ui\00_message\common\item_info.gmd,\ui\item_info.arc,item_info.arc,6428
0,,,,ui\00_message\common\item_info.gmd,\ui\item_info.arc,item_info.arc,6429
0,,,,ui\00_message\common\item_info.gmd,\ui\item_info.arc,item_info.arc,6430
0,,,,ui\00_message\common\item_info.gmd,\ui\item_info.arc,item_info.arc,6431
0,,,,ui\00_message\common\item_info.gmd,\ui\item_info.arc,item_info.arc,6432
0,,,,ui\00_message\common\item_info.gmd,\ui\item_info.arc,item_info.arc,6433
0,,,,ui\00_message\common\item_info.gmd,\ui\item_info.arc,item_info.arc,6434
0,,,,ui\00_message\common\item_info.gmd,\ui\item_info.arc,item_info.arc,6435
0,,,,ui\00_message\common\item_info.gmd,\ui\item_info.arc,item_info.arc,6436
0,,,,ui\00_message\common\item_info.gmd,\ui\item_info.arc,item_info.arc,6437
0,,,,ui\00_message\common\item_info.gmd,\ui\item_info.arc,item_info.arc,6438
0,,,,ui\00_message\common\item_info.gmd,\ui\item_info.arc,item_info.arc,6439
0,,,,ui\00_message\common\item_info.gmd,\ui\item_info.arc,item_info.arc,6440
0,,,,ui\00_message\common\item_info.gmd,\ui\item_info.arc,item_info.arc,6441
0,,,,ui\00_message\common\item_info.gmd,\ui\item_info.arc,item_info.arc,6442
0,,,,ui\00_message\common\item_info.gmd,\ui\item_info.arc,item_info.arc,6443
0,,,,ui\00_message\common\item_info.gmd,\ui\item_info.arc,item_info.arc,6444
0,,,,ui\00_message\common\item_info.gmd,\ui\item_info.arc,item_info.arc,6445
0,,,,ui\00_message\common\item_info.gmd,\ui\item_info.arc,item_info.arc,6446
0,,,,ui\00_message\common\item_info.gmd,\ui\item_info.arc,item_info.arc,6447
0,,,,ui\00_message\common\item_info.gmd,\ui\item_info.arc,item_info.arc,6448
0,,,,ui\00_message\common\item_info.gmd,\ui\item_info.arc,item_info.arc,6449
0,,,,ui\00_message\common\item_info.gmd,\ui\item_info.arc,item_info.arc,6450
0,,,,ui\00_message\common\item_info.gmd,\ui\item_info.arc,item_info.arc,6451
0,,,,ui\00_message\common\item_info.gmd,\ui\item_info.arc,item_info.arc,6452
0,,,,ui\00_message\common\item_info.gmd,\ui\item_info.arc,item_info.arc,6453
0,,,,ui\00_message\common\item_info.gmd,\ui\item_info.arc,item_info.arc,6454
0,,,,ui\00_message\common\item_info.gmd,\ui\item_info.arc,item_info.arc,6455
0,,,,ui\00_message\common\item_info.gmd,\ui\item_info.arc,item_info.arc,6456
0,,,,ui\00_message\common\item_info.gmd,\ui\item_info.arc,item_info.arc,6457
0,,,,ui\00_message\common\item_info.gmd,\ui\item_info.arc,item_info.arc,6458
0,,,,ui\00_message\common\item_info.gmd,\ui\item_info.arc,item_info.arc,6459
0,,,,ui\00_message\common\item_info.gmd,\ui\item_info.arc,item_info.arc,6460
0,,,,ui\00_message\common\item_info.gmd,\ui\item_info.arc,item_info.arc,6461
0,,,,ui\00_message\common\item_info.gmd,\ui\item_info.arc,item_info.arc,6462
0,,,,ui\00_message\common\item_info.gmd,\ui\item_info.arc,item_info.arc,6463
0,,,,ui\00_message\common\item_info.gmd,\ui\item_info.arc,item_info.arc,6464
0,,,,ui\00_message\common\item_info.gmd,\ui\item_info.arc,item_info.arc,6465
0,,,,ui\00_message\common\item_info.gmd,\ui\item_info.arc,item_info.arc,6466
0,,,,ui\00_message\common\item_info.gmd,\ui\item_info.arc,item_info.arc,6467
0,,,,ui\00_message\common\item_info.gmd,\ui\item_info.arc,item_info.arc,6468
0,,,,ui\00_message\common\item_info.gmd,\ui\item_info.arc,item_info.arc,6469
0,,,,ui\00_message\common\item_info.gmd,\ui\item_info.arc,item_info.arc,6470
0,,,,ui\00_message\common\item_info.gmd,\ui\item_info.arc,item_info.arc,6471
0,,,,ui\00_message\common\item_info.gmd,\ui\item_info.arc,item_info.arc,6472
0,,,,ui\00_message\common\item_info.gmd,\ui\item_info.arc,item_info.arc,6473
0,,,,ui\00_message\common\item_info.gmd,\ui\item_info.arc,item_info.arc,6474
0,,,,ui\00_message\common\item_info.gmd,\ui\item_info.arc,item_info.arc,6475
0,,,,ui\00_message\common\item_info.gmd,\ui\item_info.arc,item_info.arc,6476
0,,,,ui\00_message\common\item_info.gmd,\ui\item_info.arc,item_info.arc,6477
0,,,,ui\00_message\common\item_info.gmd,\ui\item_info.arc,item_info.arc,6478
0,,,,ui\00_message\common\item_info.gmd,\ui\item_info.arc,item_info.arc,6479
0,,,,ui\00_message\common\item_info.gmd,\ui\item_info.arc,item_info.arc,6480
0,,,,ui\00_message\common\item_info.gmd,\ui\item_info.arc,item_info.arc,6481
0,,,,ui\00_message\common\item_info.gmd,\ui\item_info.arc,item_info.arc,6482
0,,,,ui\00_message\common\item_info.gmd,\ui\item_info.arc,item_info.arc,6483
0,,,,ui\00_message\common\item_info.gmd,\ui\item_info.arc,item_info.arc,6484
0,,,,ui\00_message\common\item_info.gmd,\ui\item_info.arc,item_info.arc,6485
0,,,,ui\00_message\common\item_info.gmd,\ui\item_info.arc,item_info.arc,6486
0,,,,ui\00_message\common\item_info.gmd,\ui\item_info.arc,item_info.arc,6487
0,,,,ui\00_message\common\item_info.gmd,\ui\item_info.arc,item_info.arc,6488
0,,,,ui\00_message\common\item_info.gmd,\ui\item_info.arc,item_info.arc,6489
0,,,,ui\00_message\common\item_info.gmd,\ui\item_info.arc,item_info.arc,6490
0,,,,ui\00_message\common\item_info.gmd,\ui\item_info.arc,item_info.arc,6491
0,,,,ui\00_message\common\item_info.gmd,\ui\item_info.arc,item_info.arc,6492
0,,,,ui\00_message\common\item_info.gmd,\ui\item_info.arc,item_info.arc,6493
0,,,,ui\00_message\common\item_info.gmd,\ui\item_info.arc,item_info.arc,6494
0,,,,ui\00_message\common\item_info.gmd,\ui\item_info.arc,item_info.arc,6495
0,,,,ui\00_message\common\item_info.gmd,\ui\item_info.arc,item_info.arc,6496
0,,,,ui\00_message\common\item_info.gmd,\ui\item_info.arc,item_info.arc,6497
0,,,,ui\00_message\common\item_info.gmd,\ui\item_info.arc,item_info.arc,6498
0,,,,ui\00_message\common\item_info.gmd,\ui\item_info.arc,item_info.arc,6499
0,,,,ui\00_message\common\item_info.gmd,\ui\item_info.arc,item_info.arc,6500
0,,,,ui\00_message\common\item_info.gmd,\ui\item_info.arc,item_info.arc,6501
0,,,,ui\00_message\common\item_info.gmd,\ui\item_info.arc,item_info.arc,6502
0,,,,ui\00_message\common\item_info.gmd,\ui\item_info.arc,item_info.arc,6503
0,,,,ui\00_message\common\item_info.gmd,\ui\item_info.arc,item_info.arc,6504
0,,,,ui\00_message\common\item_info.gmd,\ui\item_info.arc,item_info.arc,6505
0,,,,ui\00_message\common\item_info.gmd,\ui\item_info.arc,item_info.arc,6506
0,,,,ui\00_message\common\item_info.gmd,\ui\item_info.arc,item_info.arc,6507
0,,,,ui\00_message\common\item_info.gmd,\ui\item_info.arc,item_info.arc,6508
0,,,,ui\00_message\common\item_info.gmd,\ui\item_info.arc,item_info.arc,6509
0,,,,ui\00_message\common\item_info.gmd,\ui\item_info.arc,item_info.arc,6510
0,,,,ui\00_message\common\item_info.gmd,\ui\item_info.arc,item_info.arc,6511
0,,,,ui\00_message\common\item_info.gmd,\ui\item_info.arc,item_info.arc,6512
0,,,,ui\00_message\common\item_info.gmd,\ui\item_info.arc,item_info.arc,6513
0,,,,ui\00_message\common\item_info.gmd,\ui\item_info.arc,item_info.arc,6514
0,,,,ui\00_message\common\item_info.gmd,\ui\item_info.arc,item_info.arc,6515
0,,,,ui\00_message\common\item_info.gmd,\ui\item_info.arc,item_info.arc,6516
0,,,,ui\00_message\common\item_info.gmd,\ui\item_info.arc,item_info.arc,6517
0,,,,ui\00_message\common\item_info.gmd,\ui\item_info.arc,item_info.arc,6518
0,,,,ui\00_message\common\item_info.gmd,\ui\item_info.arc,item_info.arc,6519
0,,,,ui\00_message\common\item_info.gmd,\ui\item_info.arc,item_info.arc,6520
0,,,,ui\00_message\common\item_info.gmd,\ui\item_info.arc,item_info.arc,6521
0,,,,ui\00_message\common\item_info.gmd,\ui\item_info.arc,item_info.arc,6522
0,,,,ui\00_message\common\item_info.gmd,\ui\item_info.arc,item_info.arc,6523
0,,,,ui\00_message\common\item_info.gmd,\ui\item_info.arc,item_info.arc,6524
0,,,,ui\00_message\common\item_info.gmd,\ui\item_info.arc,item_info.arc,6525
0,,,,ui\00_message\common\item_info.gmd,\ui\item_info.arc,item_info.arc,6526
0,,,,ui\00_message\common\item_info.gmd,\ui\item_info.arc,item_info.arc,6527
0,,,,ui\00_message\common\item_info.gmd,\ui\item_info.arc,item_info.arc,6528
0,,,,ui\00_message\common\item_info.gmd,\ui\item_info.arc,item_info.arc,6529
0,,,,ui\00_message\common\item_info.gmd,\ui\item_info.arc,item_info.arc,6530
0,,,,ui\00_message\common\item_info.gmd,\ui\item_info.arc,item_info.arc,6531
0,,,,ui\00_message\common\item_info.gmd,\ui\item_info.arc,item_info.arc,6532
0,,,,ui\00_message\common\item_info.gmd,\ui\item_info.arc,item_info.arc,6533
0,,,,ui\00_message\common\item_info.gmd,\ui\item_info.arc,item_info.arc,6534
0,,,,ui\00_message\common\item_info.gmd,\ui\item_info.arc,item_info.arc,6535
0,,,,ui\00_message\common\item_info.gmd,\ui\item_info.arc,item_info.arc,6536
0,,,,ui\00_message\common\item_info.gmd,\ui\item_info.arc,item_info.arc,6537
0,,,,ui\00_message\common\item_info.gmd,\ui\item_info.arc,item_info.arc,6538
0,,,,ui\00_message\common\item_info.gmd,\ui\item_info.arc,item_info.arc,6539
0,,,,ui\00_message\common\item_info.gmd,\ui\item_info.arc,item_info.arc,6540
0,,,,ui\00_message\common\item_info.gmd,\ui\item_info.arc,item_info.arc,6541
0,,,,ui\00_message\common\item_info.gmd,\ui\item_info.arc,item_info.arc,6542
0,,,,ui\00_message\common\item_info.gmd,\ui\item_info.arc,item_info.arc,6543
0,,,,ui\00_message\common\item_info.gmd,\ui\item_info.arc,item_info.arc,6544
0,,,,ui\00_message\common\item_info.gmd,\ui\item_info.arc,item_info.arc,6545
0,,,,ui\00_message\common\item_info.gmd,\ui\item_info.arc,item_info.arc,6546
0,,,,ui\00_message\common\item_info.gmd,\ui\item_info.arc,item_info.arc,6547
0,,,,ui\00_message\common\item_info.gmd,\ui\item_info.arc,item_info.arc,6548
0,,,,ui\00_message\common\item_info.gmd,\ui\item_info.arc,item_info.arc,6549
0,,,,ui\00_message\common\item_info.gmd,\ui\item_info.arc,item_info.arc,6550
0,,,,ui\00_message\common\item_info.gmd,\ui\item_info.arc,item_info.arc,6551
0,,,,ui\00_message\common\item_info.gmd,\ui\item_info.arc,item_info.arc,6552
0,,,,ui\00_message\common\item_info.gmd,\ui\item_info.arc,item_info.arc,6553
0,,,,ui\00_message\common\item_info.gmd,\ui\item_info.arc,item_info.arc,6554
0,,,,ui\00_message\common\item_info.gmd,\ui\item_info.arc,item_info.arc,6555
0,,,,ui\00_message\common\item_info.gmd,\ui\item_info.arc,item_info.arc,6556
0,,,,ui\00_message\common\item_info.gmd,\ui\item_info.arc,item_info.arc,6557
0,,,,ui\00_message\common\item_info.gmd,\ui\item_info.arc,item_info.arc,6558
0,,,,ui\00_message\common\item_info.gmd,\ui\item_info.arc,item_info.arc,6559
0,,,,ui\00_message\common\item_info.gmd,\ui\item_info.arc,item_info.arc,6560
0,,,,ui\00_message\common\item_info.gmd,\ui\item_info.arc,item_info.arc,6561
0,,,,ui\00_message\common\item_info.gmd,\ui\item_info.arc,item_info.arc,6562
0,,,,ui\00_message\common\item_info.gmd,\ui\item_info.arc,item_info.arc,6563
0,,,,ui\00_message\common\item_info.gmd,\ui\item_info.arc,item_info.arc,6564
0,,,,ui\00_message\common\item_info.gmd,\ui\item_info.arc,item_info.arc,6565
0,,,,ui\00_message\common\item_info.gmd,\ui\item_info.arc,item_info.arc,6566
0,,,,ui\00_message\common\item_info.gmd,\ui\item_info.arc,item_info.arc,6567
0,,,,ui\00_message\common\item_info.gmd,\ui\item_info.arc,item_info.arc,6568
0,,,,ui\00_message\common\item_info.gmd,\ui\item_info.arc,item_info.arc,6569
0,,,,ui\00_message\common\item_info.gmd,\ui\item_info.arc,item_info.arc,6570
0,,,,ui\00_message\common\item_info.gmd,\ui\item_info.arc,item_info.arc,6571
0,,,,ui\00_message\common\item_info.gmd,\ui\item_info.arc,item_info.arc,6572
0,,,,ui\00_message\common\item_info.gmd,\ui\item_info.arc,item_info.arc,6573
0,,,,ui\00_message\common\item_info.gmd,\ui\item_info.arc,item_info.arc,6574
0,,,,ui\00_message\common\item_info.gmd,\ui\item_info.arc,item_info.arc,6575
0,,,,ui\00_message\common\item_info.gmd,\ui\item_info.arc,item_info.arc,6576
0,,,,ui\00_message\common\item_info.gmd,\ui\item_info.arc,item_info.arc,6577
0,,,,ui\00_message\common\item_info.gmd,\ui\item_info.arc,item_info.arc,6578
0,,,,ui\00_message\common\item_info.gmd,\ui\item_info.arc,item_info.arc,6579
0,,,,ui\00_message\common\item_info.gmd,\ui\item_info.arc,item_info.arc,6580
0,,,,ui\00_message\common\item_info.gmd,\ui\item_info.arc,item_info.arc,6581
0,,,,ui\00_message\common\item_info.gmd,\ui\item_info.arc,item_info.arc,6582
0,,,,ui\00_message\common\item_info.gmd,\ui\item_info.arc,item_info.arc,6583
0,,,,ui\00_message\common\item_info.gmd,\ui\item_info.arc,item_info.arc,6584
0,,,,ui\00_message\common\item_info.gmd,\ui\item_info.arc,item_info.arc,6585
0,,,,ui\00_message\common\item_info.gmd,\ui\item_info.arc,item_info.arc,6586
0,,,,ui\00_message\common\item_info.gmd,\ui\item_info.arc,item_info.arc,6587
0,,,,ui\00_message\common\item_info.gmd,\ui\item_info.arc,item_info.arc,6588
0,,,,ui\00_message\common\item_info.gmd,\ui\item_info.arc,item_info.arc,6589
0,,,,ui\00_message\common\item_info.gmd,\ui\item_info.arc,item_info.arc,6590
0,,,,ui\00_message\common\item_info.gmd,\ui\item_info.arc,item_info.arc,6591
0,,,,ui\00_message\common\item_info.gmd,\ui\item_info.arc,item_info.arc,6592
0,,,,ui\00_message\common\item_info.gmd,\ui\item_info.arc,item_info.arc,6593
0,,,,ui\00_message\common\item_info.gmd,\ui\item_info.arc,item_info.arc,6594
0,,,,ui\00_message\common\item_info.gmd,\ui\item_info.arc,item_info.arc,6595
0,,,,ui\00_message\common\item_info.gmd,\ui\item_info.arc,item_info.arc,6596
0,,,,ui\00_message\common\item_info.gmd,\ui\item_info.arc,item_info.arc,6597
0,,,,ui\00_message\common\item_info.gmd,\ui\item_info.arc,item_info.arc,6598
0,,,,ui\00_message\common\item_info.gmd,\ui\item_info.arc,item_info.arc,6599
0,,,,ui\00_message\common\item_info.gmd,\ui\item_info.arc,item_info.arc,6600
0,,,,ui\00_message\common\item_info.gmd,\ui\item_info.arc,item_info.arc,6601
0,,,,ui\00_message\common\item_info.gmd,\ui\item_info.arc,item_info.arc,6602
0,,,,ui\00_message\common\item_info.gmd,\ui\item_info.arc,item_info.arc,6603
0,,,,ui\00_message\common\item_info.gmd,\ui\item_info.arc,item_info.arc,6604
0,,,,ui\00_message\common\item_info.gmd,\ui\item_info.arc,item_info.arc,6605
0,,,,ui\00_message\common\item_info.gmd,\ui\item_info.arc,item_info.arc,6606
0,,,,ui\00_message\common\item_info.gmd,\ui\item_info.arc,item_info.arc,6607
0,,,,ui\00_message\common\item_info.gmd,\ui\item_info.arc,item_info.arc,6608
0,,,,ui\00_message\common\item_info.gmd,\ui\item_info.arc,item_info.arc,6609
0,,,,ui\00_message\common\item_info.gmd,\ui\item_info.arc,item_info.arc,6610
0,,,,ui\00_message\common\item_info.gmd,\ui\item_info.arc,item_info.arc,6611
0,,,,ui\00_message\common\item_info.gmd,\ui\item_info.arc,item_info.arc,6612
0,,,,ui\00_message\common\item_info.gmd,\ui\item_info.arc,item_info.arc,6613
0,,,,ui\00_message\common\item_info.gmd,\ui\item_info.arc,item_info.arc,6614
0,,,,ui\00_message\common\item_info.gmd,\ui\item_info.arc,item_info.arc,6615
0,,,,ui\00_message\common\item_info.gmd,\ui\item_info.arc,item_info.arc,6616
0,,,,ui\00_message\common\item_info.gmd,\ui\item_info.arc,item_info.arc,6617
0,,,,ui\00_message\common\item_info.gmd,\ui\item_info.arc,item_info.arc,6618
0,,,,ui\00_message\common\item_info.gmd,\ui\item_info.arc,item_info.arc,6619
0,,,,ui\00_message\common\item_info.gmd,\ui\item_info.arc,item_info.arc,6620
0,,,,ui\00_message\common\item_info.gmd,\ui\item_info.arc,item_info.arc,6621
0,,,,ui\00_message\common\item_info.gmd,\ui\item_info.arc,item_info.arc,6622
0,,,,ui\00_message\common\item_info.gmd,\ui\item_info.arc,item_info.arc,6623
0,,,,ui\00_message\common\item_info.gmd,\ui\item_info.arc,item_info.arc,6624
0,,,,ui\00_message\common\item_info.gmd,\ui\item_info.arc,item_info.arc,6625
0,,,,ui\00_message\common\item_info.gmd,\ui\item_info.arc,item_info.arc,6626
0,,,,ui\00_message\common\item_info.gmd,\ui\item_info.arc,item_info.arc,6627
0,,,,ui\00_message\common\item_info.gmd,\ui\item_info.arc,item_info.arc,6628
0,,,,ui\00_message\common\item_info.gmd,\ui\item_info.arc,item_info.arc,6629
0,,,,ui\00_message\common\item_info.gmd,\ui\item_info.arc,item_info.arc,6630
0,,,,ui\00_message\common\item_info.gmd,\ui\item_info.arc,item_info.arc,6631
0,,,,ui\00_message\common\item_info.gmd,\ui\item_info.arc,item_info.arc,6632
0,,,,ui\00_message\common\item_info.gmd,\ui\item_info.arc,item_info.arc,6633
0,,,,ui\00_message\common\item_info.gmd,\ui\item_info.arc,item_info.arc,6634
0,,,,ui\00_message\common\item_info.gmd,\ui\item_info.arc,item_info.arc,6635
0,,,,ui\00_message\common\item_info.gmd,\ui\item_info.arc,item_info.arc,6636
0,,,,ui\00_message\common\item_info.gmd,\ui\item_info.arc,item_info.arc,6637
0,,,,ui\00_message\common\item_info.gmd,\ui\item_info.arc,item_info.arc,6638
0,,,,ui\00_message\common\item_info.gmd,\ui\item_info.arc,item_info.arc,6639
0,,,,ui\00_message\common\item_info.gmd,\ui\item_info.arc,item_info.arc,6640
0,,,,ui\00_message\common\item_info.gmd,\ui\item_info.arc,item_info.arc,6641
0,,,,ui\00_message\common\item_info.gmd,\ui\item_info.arc,item_info.arc,6642
0,,,,ui\00_message\common\item_info.gmd,\ui\item_info.arc,item_info.arc,6643
0,,,,ui\00_message\common\item_info.gmd,\ui\item_info.arc,item_info.arc,6644
0,,,,ui\00_message\common\item_info.gmd,\ui\item_info.arc,item_info.arc,6645
0,,,,ui\00_message\common\item_info.gmd,\ui\item_info.arc,item_info.arc,6646
0,,,,ui\00_message\common\item_info.gmd,\ui\item_info.arc,item_info.arc,6647
0,,,,ui\00_message\common\item_info.gmd,\ui\item_info.arc,item_info.arc,6648
0,,,,ui\00_message\common\item_info.gmd,\ui\item_info.arc,item_info.arc,6649
0,,,,ui\00_message\common\item_info.gmd,\ui\item_info.arc,item_info.arc,6650
0,,,,ui\00_message\common\item_info.gmd,\ui\item_info.arc,item_info.arc,6651
0,,,,ui\00_message\common\item_info.gmd,\ui\item_info.arc,item_info.arc,6652
0,,,,ui\00_message\common\item_info.gmd,\ui\item_info.arc,item_info.arc,6653
0,,,,ui\00_message\common\item_info.gmd,\ui\item_info.arc,item_info.arc,6654
0,,,,ui\00_message\common\item_info.gmd,\ui\item_info.arc,item_info.arc,6655
0,,,,ui\00_message\common\item_info.gmd,\ui\item_info.arc,item_info.arc,6656
0,,,,ui\00_message\common\item_info.gmd,\ui\item_info.arc,item_info.arc,6657
0,,,,ui\00_message\common\item_info.gmd,\ui\item_info.arc,item_info.arc,6658
0,,,,ui\00_message\common\item_info.gmd,\ui\item_info.arc,item_info.arc,6659
0,,,,ui\00_message\common\item_info.gmd,\ui\item_info.arc,item_info.arc,6660
0,,,,ui\00_message\common\item_info.gmd,\ui\item_info.arc,item_info.arc,6661
0,,,,ui\00_message\common\item_info.gmd,\ui\item_info.arc,item_info.arc,6662
0,,,,ui\00_message\common\item_info.gmd,\ui\item_info.arc,item_info.arc,6663
0,,,,ui\00_message\common\item_info.gmd,\ui\item_info.arc,item_info.arc,6664
0,,,,ui\00_message\common\item_info.gmd,\ui\item_info.arc,item_info.arc,6665
0,,,,ui\00_message\common\item_info.gmd,\ui\item_info.arc,item_info.arc,6666
0,,,,ui\00_message\common\item_info.gmd,\ui\item_info.arc,item_info.arc,6667
0,,,,ui\00_message\common\item_info.gmd,\ui\item_info.arc,item_info.arc,6668
0,,,,ui\00_message\common\item_info.gmd,\ui\item_info.arc,item_info.arc,6669
0,,,,ui\00_message\common\item_info.gmd,\ui\item_info.arc,item_info.arc,6670
0,,,,ui\00_message\common\item_info.gmd,\ui\item_info.arc,item_info.arc,6671
0,,,,ui\00_message\common\item_info.gmd,\ui\item_info.arc,item_info.arc,6672
0,,,,ui\00_message\common\item_info.gmd,\ui\item_info.arc,item_info.arc,6673
0,,,,ui\00_message\common\item_info.gmd,\ui\item_info.arc,item_info.arc,6674
0,,,,ui\00_message\common\item_info.gmd,\ui\item_info.arc,item_info.arc,6675
0,,,,ui\00_message\common\item_info.gmd,\ui\item_info.arc,item_info.arc,6676
0,,,,ui\00_message\common\item_info.gmd,\ui\item_info.arc,item_info.arc,6677
0,,,,ui\00_message\common\item_info.gmd,\ui\item_info.arc,item_info.arc,6678
0,,,,ui\00_message\common\item_info.gmd,\ui\item_info.arc,item_info.arc,6679
0,,,,ui\00_message\common\item_info.gmd,\ui\item_info.arc,item_info.arc,6680
0,,,,ui\00_message\common\item_info.gmd,\ui\item_info.arc,item_info.arc,6681
0,,,,ui\00_message\common\item_info.gmd,\ui\item_info.arc,item_info.arc,6682
0,,,,ui\00_message\common\item_info.gmd,\ui\item_info.arc,item_info.arc,6683
0,,,,ui\00_message\common\item_info.gmd,\ui\item_info.arc,item_info.arc,6684
0,,,,ui\00_message\common\item_info.gmd,\ui\item_info.arc,item_info.arc,6685
0,,,,ui\00_message\common\item_info.gmd,\ui\item_info.arc,item_info.arc,6686
0,,,,ui\00_message\common\item_info.gmd,\ui\item_info.arc,item_info.arc,6687
0,,,,ui\00_message\common\item_info.gmd,\ui\item_info.arc,item_info.arc,6688
0,,,,ui\00_message\common\item_info.gmd,\ui\item_info.arc,item_info.arc,6689
0,,,,ui\00_message\common\item_info.gmd,\ui\item_info.arc,item_info.arc,6690
0,,,,ui\00_message\common\item_info.gmd,\ui\item_info.arc,item_info.arc,6691
0,,,,ui\00_message\common\item_info.gmd,\ui\item_info.arc,item_info.arc,6692
0,,,,ui\00_message\common\item_info.gmd,\ui\item_info.arc,item_info.arc,6693
0,,,,ui\00_message\common\item_info.gmd,\ui\item_info.arc,item_info.arc,6694
0,,,,ui\00_message\common\item_info.gmd,\ui\item_info.arc,item_info.arc,6695
0,,,,ui\00_message\common\item_info.gmd,\ui\item_info.arc,item_info.arc,6696
0,,,,ui\00_message\common\item_info.gmd,\ui\item_info.arc,item_info.arc,6697
0,,,,ui\00_message\common\item_info.gmd,\ui\item_info.arc,item_info.arc,6698
0,,,,ui\00_message\common\item_info.gmd,\ui\item_info.arc,item_info.arc,6699
0,,,,ui\00_message\common\item_info.gmd,\ui\item_info.arc,item_info.arc,6700
0,,,,ui\00_message\common\item_info.gmd,\ui\item_info.arc,item_info.arc,6701
0,,,,ui\00_message\common\item_info.gmd,\ui\item_info.arc,item_info.arc,6702
0,,,,ui\00_message\common\item_info.gmd,\ui\item_info.arc,item_info.arc,6703
0,,,,ui\00_message\common\item_info.gmd,\ui\item_info.arc,item_info.arc,6704
0,,,,ui\00_message\common\item_info.gmd,\ui\item_info.arc,item_info.arc,6705
0,,,,ui\00_message\common\item_info.gmd,\ui\item_info.arc,item_info.arc,6706
0,,,,ui\00_message\common\item_info.gmd,\ui\item_info.arc,item_info.arc,6707
0,,,,ui\00_message\common\item_info.gmd,\ui\item_info.arc,item_info.arc,6708
0,,,,ui\00_message\common\item_info.gmd,\ui\item_info.arc,item_info.arc,6709
0,,,,ui\00_message\common\item_info.gmd,\ui\item_info.arc,item_info.arc,6710
0,,,,ui\00_message\common\item_info.gmd,\ui\item_info.arc,item_info.arc,6711
0,,,,ui\00_message\common\item_info.gmd,\ui\item_info.arc,item_info.arc,6712
0,,,,ui\00_message\common\item_info.gmd,\ui\item_info.arc,item_info.arc,6713
0,,,,ui\00_message\common\item_info.gmd,\ui\item_info.arc,item_info.arc,6714
0,,,,ui\00_message\common\item_info.gmd,\ui\item_info.arc,item_info.arc,6715
0,,,,ui\00_message\common\item_info.gmd,\ui\item_info.arc,item_info.arc,6716
0,,,,ui\00_message\common\item_info.gmd,\ui\item_info.arc,item_info.arc,6717
0,,,,ui\00_message\common\item_info.gmd,\ui\item_info.arc,item_info.arc,6718
0,,,,ui\00_message\common\item_info.gmd,\ui\item_info.arc,item_info.arc,6719
0,,,,ui\00_message\common\item_info.gmd,\ui\item_info.arc,item_info.arc,6720
0,,,,ui\00_message\common\item_info.gmd,\ui\item_info.arc,item_info.arc,6721
0,,,,ui\00_message\common\item_info.gmd,\ui\item_info.arc,item_info.arc,6722
0,,,,ui\00_message\common\item_info.gmd,\ui\item_info.arc,item_info.arc,6723
0,,,,ui\00_message\common\item_info.gmd,\ui\item_info.arc,item_info.arc,6724
0,,,,ui\00_message\common\item_info.gmd,\ui\item_info.arc,item_info.arc,6725
0,,,,ui\00_message\common\item_info.gmd,\ui\item_info.arc,item_info.arc,6726
0,,,,ui\00_message\common\item_info.gmd,\ui\item_info.arc,item_info.arc,6727
0,,,,ui\00_message\common\item_info.gmd,\ui\item_info.arc,item_info.arc,6728
0,,,,ui\00_message\common\item_info.gmd,\ui\item_info.arc,item_info.arc,6729
0,,,,ui\00_message\common\item_info.gmd,\ui\item_info.arc,item_info.arc,6730
0,,,,ui\00_message\common\item_info.gmd,\ui\item_info.arc,item_info.arc,6731
0,,,,ui\00_message\common\item_info.gmd,\ui\item_info.arc,item_info.arc,6732
0,,,,ui\00_message\common\item_info.gmd,\ui\item_info.arc,item_info.arc,6733
0,,,,ui\00_message\common\item_info.gmd,\ui\item_info.arc,item_info.arc,6734
0,,,,ui\00_message\common\item_info.gmd,\ui\item_info.arc,item_info.arc,6735
0,,,,ui\00_message\common\item_info.gmd,\ui\item_info.arc,item_info.arc,6736
0,,,,ui\00_message\common\item_info.gmd,\ui\item_info.arc,item_info.arc,6737
0,,,,ui\00_message\common\item_info.gmd,\ui\item_info.arc,item_info.arc,6738
0,,,,ui\00_message\common\item_info.gmd,\ui\item_info.arc,item_info.arc,6739
0,,,,ui\00_message\common\item_info.gmd,\ui\item_info.arc,item_info.arc,6740
0,,,,ui\00_message\common\item_info.gmd,\ui\item_info.arc,item_info.arc,6741
0,,,,ui\00_message\common\item_info.gmd,\ui\item_info.arc,item_info.arc,6742
0,,,,ui\00_message\common\item_info.gmd,\ui\item_info.arc,item_info.arc,6743
0,,,,ui\00_message\common\item_info.gmd,\ui\item_info.arc,item_info.arc,6744
0,,,,ui\00_message\common\item_info.gmd,\ui\item_info.arc,item_info.arc,6745
0,,,,ui\00_message\common\item_info.gmd,\ui\item_info.arc,item_info.arc,6746
0,,,,ui\00_message\common\item_info.gmd,\ui\item_info.arc,item_info.arc,6747
0,,,,ui\00_message\common\item_info.gmd,\ui\item_info.arc,item_info.arc,6748
0,,,,ui\00_message\common\item_info.gmd,\ui\item_info.arc,item_info.arc,6749
0,,,,ui\00_message\common\item_info.gmd,\ui\item_info.arc,item_info.arc,6750
0,,,,ui\00_message\common\item_info.gmd,\ui\item_info.arc,item_info.arc,6751
0,,,,ui\00_message\common\item_info.gmd,\ui\item_info.arc,item_info.arc,6752
0,,,,ui\00_message\common\item_info.gmd,\ui\item_info.arc,item_info.arc,6753
0,,,,ui\00_message\common\item_info.gmd,\ui\item_info.arc,item_info.arc,6754
0,,,,ui\00_message\common\item_info.gmd,\ui\item_info.arc,item_info.arc,6755
0,,,,ui\00_message\common\item_info.gmd,\ui\item_info.arc,item_info.arc,6756
0,,,,ui\00_message\common\item_info.gmd,\ui\item_info.arc,item_info.arc,6757
0,,,,ui\00_message\common\item_info.gmd,\ui\item_info.arc,item_info.arc,6758
0,,,,ui\00_message\common\item_info.gmd,\ui\item_info.arc,item_info.arc,6759
0,,,,ui\00_message\common\item_info.gmd,\ui\item_info.arc,item_info.arc,6760
0,,,,ui\00_message\common\item_info.gmd,\ui\item_info.arc,item_info.arc,6761
0,,,,ui\00_message\common\item_info.gmd,\ui\item_info.arc,item_info.arc,6762
0,,,,ui\00_message\common\item_info.gmd,\ui\item_info.arc,item_info.arc,6763
0,,,,ui\00_message\common\item_info.gmd,\ui\item_info.arc,item_info.arc,6764
0,,,,ui\00_message\common\item_info.gmd,\ui\item_info.arc,item_info.arc,6765
0,,,,ui\00_message\common\item_info.gmd,\ui\item_info.arc,item_info.arc,6766
0,,,,ui\00_message\common\item_info.gmd,\ui\item_info.arc,item_info.arc,6767
0,,,,ui\00_message\common\item_info.gmd,\ui\item_info.arc,item_info.arc,6768
0,,,,ui\00_message\common\item_info.gmd,\ui\item_info.arc,item_info.arc,6769
0,,,,ui\00_message\common\item_info.gmd,\ui\item_info.arc,item_info.arc,6770
0,,,,ui\00_message\common\item_info.gmd,\ui\item_info.arc,item_info.arc,6771
0,,,,ui\00_message\common\item_info.gmd,\ui\item_info.arc,item_info.arc,6772
0,,,,ui\00_message\common\item_info.gmd,\ui\item_info.arc,item_info.arc,6773
0,,,,ui\00_message\common\item_info.gmd,\ui\item_info.arc,item_info.arc,6774
0,,,,ui\00_message\common\item_info.gmd,\ui\item_info.arc,item_info.arc,6775
0,,,,ui\00_message\common\item_info.gmd,\ui\item_info.arc,item_info.arc,6776
0,,,,ui\00_message\common\item_info.gmd,\ui\item_info.arc,item_info.arc,6777
0,,,,ui\00_message\common\item_info.gmd,\ui\item_info.arc,item_info.arc,6778
0,,,,ui\00_message\common\item_info.gmd,\ui\item_info.arc,item_info.arc,6779
0,,,,ui\00_message\common\item_info.gmd,\ui\item_info.arc,item_info.arc,6780
0,,,,ui\00_message\common\item_info.gmd,\ui\item_info.arc,item_info.arc,6781
0,,,,ui\00_message\common\item_info.gmd,\ui\item_info.arc,item_info.arc,6782
0,,,,ui\00_message\common\item_info.gmd,\ui\item_info.arc,item_info.arc,6783
0,,,,ui\00_message\common\item_info.gmd,\ui\item_info.arc,item_info.arc,6784
0,,,,ui\00_message\common\item_info.gmd,\ui\item_info.arc,item_info.arc,6785
0,,,,ui\00_message\common\item_info.gmd,\ui\item_info.arc,item_info.arc,6786
0,,,,ui\00_message\common\item_info.gmd,\ui\item_info.arc,item_info.arc,6787
0,,,,ui\00_message\common\item_info.gmd,\ui\item_info.arc,item_info.arc,6788
0,,,,ui\00_message\common\item_info.gmd,\ui\item_info.arc,item_info.arc,6789
0,,,,ui\00_message\common\item_info.gmd,\ui\item_info.arc,item_info.arc,6790
0,,,,ui\00_message\common\item_info.gmd,\ui\item_info.arc,item_info.arc,6791
0,,,,ui\00_message\common\item_info.gmd,\ui\item_info.arc,item_info.arc,6792
0,,,,ui\00_message\common\item_info.gmd,\ui\item_info.arc,item_info.arc,6793
0,,,,ui\00_message\common\item_info.gmd,\ui\item_info.arc,item_info.arc,6794
0,,,,ui\00_message\common\item_info.gmd,\ui\item_info.arc,item_info.arc,6795
0,,,,ui\00_message\common\item_info.gmd,\ui\item_info.arc,item_info.arc,6796
0,,,,ui\00_message\common\item_info.gmd,\ui\item_info.arc,item_info.arc,6797
0,,,,ui\00_message\common\item_info.gmd,\ui\item_info.arc,item_info.arc,6798
0,,,,ui\00_message\common\item_info.gmd,\ui\item_info.arc,item_info.arc,6799
0,,,,ui\00_message\common\item_info.gmd,\ui\item_info.arc,item_info.arc,6800
0,,,,ui\00_message\common\item_info.gmd,\ui\item_info.arc,item_info.arc,6801
0,,,,ui\00_message\common\item_info.gmd,\ui\item_info.arc,item_info.arc,6802
0,,,,ui\00_message\common\item_info.gmd,\ui\item_info.arc,item_info.arc,6803
0,,,,ui\00_message\common\item_info.gmd,\ui\item_info.arc,item_info.arc,6804
0,,,,ui\00_message\common\item_info.gmd,\ui\item_info.arc,item_info.arc,6805
0,,,,ui\00_message\common\item_info.gmd,\ui\item_info.arc,item_info.arc,6806
0,,,,ui\00_message\common\item_info.gmd,\ui\item_info.arc,item_info.arc,6807
0,,,,ui\00_message\common\item_info.gmd,\ui\item_info.arc,item_info.arc,6808
0,,,,ui\00_message\common\item_info.gmd,\ui\item_info.arc,item_info.arc,6809
0,,,,ui\00_message\common\item_info.gmd,\ui\item_info.arc,item_info.arc,6810
0,,,,ui\00_message\common\item_info.gmd,\ui\item_info.arc,item_info.arc,6811
0,,,,ui\00_message\common\item_info.gmd,\ui\item_info.arc,item_info.arc,6812
0,,,,ui\00_message\common\item_info.gmd,\ui\item_info.arc,item_info.arc,6813
0,,,,ui\00_message\common\item_info.gmd,\ui\item_info.arc,item_info.arc,6814
0,,,,ui\00_message\common\item_info.gmd,\ui\item_info.arc,item_info.arc,6815
0,,,,ui\00_message\common\item_info.gmd,\ui\item_info.arc,item_info.arc,6816
0,,,,ui\00_message\common\item_info.gmd,\ui\item_info.arc,item_info.arc,6817
0,,,,ui\00_message\common\item_info.gmd,\ui\item_info.arc,item_info.arc,6818
0,,,,ui\00_message\common\item_info.gmd,\ui\item_info.arc,item_info.arc,6819
0,,,,ui\00_message\common\item_info.gmd,\ui\item_info.arc,item_info.arc,6820
0,,,,ui\00_message\common\item_info.gmd,\ui\item_info.arc,item_info.arc,6821
0,,,,ui\00_message\common\item_info.gmd,\ui\item_info.arc,item_info.arc,6822
0,,,,ui\00_message\common\item_info.gmd,\ui\item_info.arc,item_info.arc,6823
0,,,,ui\00_message\common\item_info.gmd,\ui\item_info.arc,item_info.arc,6824
0,,,,ui\00_message\common\item_info.gmd,\ui\item_info.arc,item_info.arc,6825
0,,,,ui\00_message\common\item_info.gmd,\ui\item_info.arc,item_info.arc,6826
0,,,,ui\00_message\common\item_info.gmd,\ui\item_info.arc,item_info.arc,6827
0,,,,ui\00_message\common\item_info.gmd,\ui\item_info.arc,item_info.arc,6828
0,,,,ui\00_message\common\item_info.gmd,\ui\item_info.arc,item_info.arc,6829
0,,,,ui\00_message\common\item_info.gmd,\ui\item_info.arc,item_info.arc,6830
0,,,,ui\00_message\common\item_info.gmd,\ui\item_info.arc,item_info.arc,6831
0,,,,ui\00_message\common\item_info.gmd,\ui\item_info.arc,item_info.arc,6832
0,,,,ui\00_message\common\item_info.gmd,\ui\item_info.arc,item_info.arc,6833
0,,,,ui\00_message\common\item_info.gmd,\ui\item_info.arc,item_info.arc,6834
0,,,,ui\00_message\common\item_info.gmd,\ui\item_info.arc,item_info.arc,6835
0,,,,ui\00_message\common\item_info.gmd,\ui\item_info.arc,item_info.arc,6836
0,,,,ui\00_message\common\item_info.gmd,\ui\item_info.arc,item_info.arc,6837
0,,,,ui\00_message\common\item_info.gmd,\ui\item_info.arc,item_info.arc,6838
0,,,,ui\00_message\common\item_info.gmd,\ui\item_info.arc,item_info.arc,6839
0,,,,ui\00_message\common\item_info.gmd,\ui\item_info.arc,item_info.arc,6840
0,,,,ui\00_message\common\item_info.gmd,\ui\item_info.arc,item_info.arc,6841
0,,,,ui\00_message\common\item_info.gmd,\ui\item_info.arc,item_info.arc,6842
0,,,,ui\00_message\common\item_info.gmd,\ui\item_info.arc,item_info.arc,6843
0,,,,ui\00_message\common\item_info.gmd,\ui\item_info.arc,item_info.arc,6844
0,,,,ui\00_message\common\item_info.gmd,\ui\item_info.arc,item_info.arc,6845
0,,,,ui\00_message\common\item_info.gmd,\ui\item_info.arc,item_info.arc,6846
0,,,,ui\00_message\common\item_info.gmd,\ui\item_info.arc,item_info.arc,6847
0,,,,ui\00_message\common\item_info.gmd,\ui\item_info.arc,item_info.arc,6848
0,,,,ui\00_message\common\item_info.gmd,\ui\item_info.arc,item_info.arc,6849
0,,,,ui\00_message\common\item_info.gmd,\ui\item_info.arc,item_info.arc,6850
0,,,,ui\00_message\common\item_info.gmd,\ui\item_info.arc,item_info.arc,6851
0,,,,ui\00_message\common\item_info.gmd,\ui\item_info.arc,item_info.arc,6852
0,,,,ui\00_message\common\item_info.gmd,\ui\item_info.arc,item_info.arc,6853
0,,,,ui\00_message\common\item_info.gmd,\ui\item_info.arc,item_info.arc,6854
0,,,,ui\00_message\common\item_info.gmd,\ui\item_info.arc,item_info.arc,6855
0,,,,ui\00_message\common\item_info.gmd,\ui\item_info.arc,item_info.arc,6856
0,,,,ui\00_message\common\item_info.gmd,\ui\item_info.arc,item_info.arc,6857
0,,,,ui\00_message\common\item_info.gmd,\ui\item_info.arc,item_info.arc,6858
0,,,,ui\00_message\common\item_info.gmd,\ui\item_info.arc,item_info.arc,6859
0,,,,ui\00_message\common\item_info.gmd,\ui\item_info.arc,item_info.arc,6860
0,,,,ui\00_message\common\item_info.gmd,\ui\item_info.arc,item_info.arc,6861
0,,,,ui\00_message\common\item_info.gmd,\ui\item_info.arc,item_info.arc,6862
0,,,,ui\00_message\common\item_info.gmd,\ui\item_info.arc,item_info.arc,6863
0,,,,ui\00_message\common\item_info.gmd,\ui\item_info.arc,item_info.arc,6864
0,,,,ui\00_message\common\item_info.gmd,\ui\item_info.arc,item_info.arc,6865
0,,,,ui\00_message\common\item_info.gmd,\ui\item_info.arc,item_info.arc,6866
0,,,,ui\00_message\common\item_info.gmd,\ui\item_info.arc,item_info.arc,6867
0,,,,ui\00_message\common\item_info.gmd,\ui\item_info.arc,item_info.arc,6868
0,,,,ui\00_message\common\item_info.gmd,\ui\item_info.arc,item_info.arc,6869
0,,,,ui\00_message\common\item_info.gmd,\ui\item_info.arc,item_info.arc,6870
0,,,,ui\00_message\common\item_info.gmd,\ui\item_info.arc,item_info.arc,6871
0,,,,ui\00_message\common\item_info.gmd,\ui\item_info.arc,item_info.arc,6872
0,,,,ui\00_message\common\item_info.gmd,\ui\item_info.arc,item_info.arc,6873
0,,,,ui\00_message\common\item_info.gmd,\ui\item_info.arc,item_info.arc,6874
0,,,,ui\00_message\common\item_info.gmd,\ui\item_info.arc,item_info.arc,6875
0,,,,ui\00_message\common\item_info.gmd,\ui\item_info.arc,item_info.arc,6876
0,,,,ui\00_message\common\item_info.gmd,\ui\item_info.arc,item_info.arc,6877
0,,,,ui\00_message\common\item_info.gmd,\ui\item_info.arc,item_info.arc,6878
0,,,,ui\00_message\common\item_info.gmd,\ui\item_info.arc,item_info.arc,6879
0,,,,ui\00_message\common\item_info.gmd,\ui\item_info.arc,item_info.arc,6880
0,,,,ui\00_message\common\item_info.gmd,\ui\item_info.arc,item_info.arc,6881
0,,,,ui\00_message\common\item_info.gmd,\ui\item_info.arc,item_info.arc,6882
0,,,,ui\00_message\common\item_info.gmd,\ui\item_info.arc,item_info.arc,6883
0,,,,ui\00_message\common\item_info.gmd,\ui\item_info.arc,item_info.arc,6884
0,,,,ui\00_message\common\item_info.gmd,\ui\item_info.arc,item_info.arc,6885
0,,,,ui\00_message\common\item_info.gmd,\ui\item_info.arc,item_info.arc,6886
0,,,,ui\00_message\common\item_info.gmd,\ui\item_info.arc,item_info.arc,6887
0,,,,ui\00_message\common\item_info.gmd,\ui\item_info.arc,item_info.arc,6888
0,,,,ui\00_message\common\item_info.gmd,\ui\item_info.arc,item_info.arc,6889
0,,,,ui\00_message\common\item_info.gmd,\ui\item_info.arc,item_info.arc,6890
0,,,,ui\00_message\common\item_info.gmd,\ui\item_info.arc,item_info.arc,6891
0,,,,ui\00_message\common\item_info.gmd,\ui\item_info.arc,item_info.arc,6892
0,,,,ui\00_message\common\item_info.gmd,\ui\item_info.arc,item_info.arc,6893
0,,,,ui\00_message\common\item_info.gmd,\ui\item_info.arc,item_info.arc,6894
0,,,,ui\00_message\common\item_info.gmd,\ui\item_info.arc,item_info.arc,6895
0,,,,ui\00_message\common\item_info.gmd,\ui\item_info.arc,item_info.arc,6896
0,,,,ui\00_message\common\item_info.gmd,\ui\item_info.arc,item_info.arc,6897
0,,,,ui\00_message\common\item_info.gmd,\ui\item_info.arc,item_info.arc,6898
0,,,,ui\00_message\common\item_info.gmd,\ui\item_info.arc,item_info.arc,6899
0,,,,ui\00_message\common\item_info.gmd,\ui\item_info.arc,item_info.arc,6900
0,,,,ui\00_message\common\item_info.gmd,\ui\item_info.arc,item_info.arc,6901
0,,,,ui\00_message\common\item_info.gmd,\ui\item_info.arc,item_info.arc,6902
0,,,,ui\00_message\common\item_info.gmd,\ui\item_info.arc,item_info.arc,6903
0,,,,ui\00_message\common\item_info.gmd,\ui\item_info.arc,item_info.arc,6904
0,,,,ui\00_message\common\item_info.gmd,\ui\item_info.arc,item_info.arc,6905
0,,,,ui\00_message\common\item_info.gmd,\ui\item_info.arc,item_info.arc,6906
0,,,,ui\00_message\common\item_info.gmd,\ui\item_info.arc,item_info.arc,6907
0,,,,ui\00_message\common\item_info.gmd,\ui\item_info.arc,item_info.arc,6908
0,,,,ui\00_message\common\item_info.gmd,\ui\item_info.arc,item_info.arc,6909
0,,,,ui\00_message\common\item_info.gmd,\ui\item_info.arc,item_info.arc,6910
0,,,,ui\00_message\common\item_info.gmd,\ui\item_info.arc,item_info.arc,6911
0,,,,ui\00_message\common\item_info.gmd,\ui\item_info.arc,item_info.arc,6912
0,,,,ui\00_message\common\item_info.gmd,\ui\item_info.arc,item_info.arc,6913
0,,,,ui\00_message\common\item_info.gmd,\ui\item_info.arc,item_info.arc,6914
0,,,,ui\00_message\common\item_info.gmd,\ui\item_info.arc,item_info.arc,6915
0,,,,ui\00_message\common\item_info.gmd,\ui\item_info.arc,item_info.arc,6916
0,,,,ui\00_message\common\item_info.gmd,\ui\item_info.arc,item_info.arc,6917
0,,,,ui\00_message\common\item_info.gmd,\ui\item_info.arc,item_info.arc,6918
0,,,,ui\00_message\common\item_info.gmd,\ui\item_info.arc,item_info.arc,6919
0,,,,ui\00_message\common\item_info.gmd,\ui\item_info.arc,item_info.arc,6920
0,,,,ui\00_message\common\item_info.gmd,\ui\item_info.arc,item_info.arc,6921
0,,,,ui\00_message\common\item_info.gmd,\ui\item_info.arc,item_info.arc,6922
0,,,,ui\00_message\common\item_info.gmd,\ui\item_info.arc,item_info.arc,6923
0,,,,ui\00_message\common\item_info.gmd,\ui\item_info.arc,item_info.arc,6924
0,,,,ui\00_message\common\item_info.gmd,\ui\item_info.arc,item_info.arc,6925
0,,,,ui\00_message\common\item_info.gmd,\ui\item_info.arc,item_info.arc,6926
0,,,,ui\00_message\common\item_info.gmd,\ui\item_info.arc,item_info.arc,6927
0,,,,ui\00_message\common\item_info.gmd,\ui\item_info.arc,item_info.arc,6928
0,,,,ui\00_message\common\item_info.gmd,\ui\item_info.arc,item_info.arc,6929
0,,,,ui\00_message\common\item_info.gmd,\ui\item_info.arc,item_info.arc,6930
0,,,,ui\00_message\common\item_info.gmd,\ui\item_info.arc,item_info.arc,6931
0,,,,ui\00_message\common\item_info.gmd,\ui\item_info.arc,item_info.arc,6932
0,,,,ui\00_message\common\item_info.gmd,\ui\item_info.arc,item_info.arc,6933
0,,,,ui\00_message\common\item_info.gmd,\ui\item_info.arc,item_info.arc,6934
0,,,,ui\00_message\common\item_info.gmd,\ui\item_info.arc,item_info.arc,6935
0,,,,ui\00_message\common\item_info.gmd,\ui\item_info.arc,item_info.arc,6936
0,,,,ui\00_message\common\item_info.gmd,\ui\item_info.arc,item_info.arc,6937
0,,,,ui\00_message\common\item_info.gmd,\ui\item_info.arc,item_info.arc,6938
0,,,,ui\00_message\common\item_info.gmd,\ui\item_info.arc,item_info.arc,6939
0,,,,ui\00_message\common\item_info.gmd,\ui\item_info.arc,item_info.arc,6940
0,,,,ui\00_message\common\item_info.gmd,\ui\item_info.arc,item_info.arc,6941
0,,,,ui\00_message\common\item_info.gmd,\ui\item_info.arc,item_info.arc,6942
0,,,,ui\00_message\common\item_info.gmd,\ui\item_info.arc,item_info.arc,6943
0,,,,ui\00_message\common\item_info.gmd,\ui\item_info.arc,item_info.arc,6944
0,,,,ui\00_message\common\item_info.gmd,\ui\item_info.arc,item_info.arc,6945
0,,,,ui\00_message\common\item_info.gmd,\ui\item_info.arc,item_info.arc,6946
0,,,,ui\00_message\common\item_info.gmd,\ui\item_info.arc,item_info.arc,6947
0,,,,ui\00_message\common\item_info.gmd,\ui\item_info.arc,item_info.arc,6948
0,,,,ui\00_message\common\item_info.gmd,\ui\item_info.arc,item_info.arc,6949
0,,,,ui\00_message\common\item_info.gmd,\ui\item_info.arc,item_info.arc,6950
0,,,,ui\00_message\common\item_info.gmd,\ui\item_info.arc,item_info.arc,6951
0,,,,ui\00_message\common\item_info.gmd,\ui\item_info.arc,item_info.arc,6952
0,,,,ui\00_message\common\item_info.gmd,\ui\item_info.arc,item_info.arc,6953
0,,,,ui\00_message\common\item_info.gmd,\ui\item_info.arc,item_info.arc,6954
0,,,,ui\00_message\common\item_info.gmd,\ui\item_info.arc,item_info.arc,6955
0,,,,ui\00_message\common\item_info.gmd,\ui\item_info.arc,item_info.arc,6956
0,,,,ui\00_message\common\item_info.gmd,\ui\item_info.arc,item_info.arc,6957
0,,,,ui\00_message\common\item_info.gmd,\ui\item_info.arc,item_info.arc,6958
0,,,,ui\00_message\common\item_info.gmd,\ui\item_info.arc,item_info.arc,6959
0,,,,ui\00_message\common\item_info.gmd,\ui\item_info.arc,item_info.arc,6960
0,,,,ui\00_message\common\item_info.gmd,\ui\item_info.arc,item_info.arc,6961
0,,,,ui\00_message\common\item_info.gmd,\ui\item_info.arc,item_info.arc,6962
0,,,,ui\00_message\common\item_info.gmd,\ui\item_info.arc,item_info.arc,6963
0,,,,ui\00_message\common\item_info.gmd,\ui\item_info.arc,item_info.arc,6964
0,,,,ui\00_message\common\item_info.gmd,\ui\item_info.arc,item_info.arc,6965
0,,,,ui\00_message\common\item_info.gmd,\ui\item_info.arc,item_info.arc,6966
0,,,,ui\00_message\common\item_info.gmd,\ui\item_info.arc,item_info.arc,6967
0,,,,ui\00_message\common\item_info.gmd,\ui\item_info.arc,item_info.arc,6968
0,,,,ui\00_message\common\item_info.gmd,\ui\item_info.arc,item_info.arc,6969
0,,,,ui\00_message\common\item_info.gmd,\ui\item_info.arc,item_info.arc,6970
0,,,,ui\00_message\common\item_info.gmd,\ui\item_info.arc,item_info.arc,6971
0,,,,ui\00_message\common\item_info.gmd,\ui\item_info.arc,item_info.arc,6972
0,,,,ui\00_message\common\item_info.gmd,\ui\item_info.arc,item_info.arc,6973
0,,,,ui\00_message\common\item_info.gmd,\ui\item_info.arc,item_info.arc,6974
0,,,,ui\00_message\common\item_info.gmd,\ui\item_info.arc,item_info.arc,6975
0,,,,ui\00_message\common\item_info.gmd,\ui\item_info.arc,item_info.arc,6976
0,,,,ui\00_message\common\item_info.gmd,\ui\item_info.arc,item_info.arc,6977
0,,,,ui\00_message\common\item_info.gmd,\ui\item_info.arc,item_info.arc,6978
0,,,,ui\00_message\common\item_info.gmd,\ui\item_info.arc,item_info.arc,6979
0,,,,ui\00_message\common\item_info.gmd,\ui\item_info.arc,item_info.arc,6980
0,,,,ui\00_message\common\item_info.gmd,\ui\item_info.arc,item_info.arc,6981
0,,,,ui\00_message\common\item_info.gmd,\ui\item_info.arc,item_info.arc,6982
0,,,,ui\00_message\common\item_info.gmd,\ui\item_info.arc,item_info.arc,6983
0,,,,ui\00_message\common\item_info.gmd,\ui\item_info.arc,item_info.arc,6984
0,,,,ui\00_message\common\item_info.gmd,\ui\item_info.arc,item_info.arc,6985
0,,,,ui\00_message\common\item_info.gmd,\ui\item_info.arc,item_info.arc,6986
0,,,,ui\00_message\common\item_info.gmd,\ui\item_info.arc,item_info.arc,6987
0,,,,ui\00_message\common\item_info.gmd,\ui\item_info.arc,item_info.arc,6988
0,,,,ui\00_message\common\item_info.gmd,\ui\item_info.arc,item_info.arc,6989
0,,,,ui\00_message\common\item_info.gmd,\ui\item_info.arc,item_info.arc,6990
0,,,,ui\00_message\common\item_info.gmd,\ui\item_info.arc,item_info.arc,6991
0,,,,ui\00_message\common\item_info.gmd,\ui\item_info.arc,item_info.arc,6992
0,,,,ui\00_message\common\item_info.gmd,\ui\item_info.arc,item_info.arc,6993
0,,,,ui\00_message\common\item_info.gmd,\ui\item_info.arc,item_info.arc,6994
0,,,,ui\00_message\common\item_info.gmd,\ui\item_info.arc,item_info.arc,6995
0,,,,ui\00_message\common\item_info.gmd,\ui\item_info.arc,item_info.arc,6996
0,,,,ui\00_message\common\item_info.gmd,\ui\item_info.arc,item_info.arc,6997
0,,,,ui\00_message\common\item_info.gmd,\ui\item_info.arc,item_info.arc,6998
0,,,,ui\00_message\common\item_info.gmd,\ui\item_info.arc,item_info.arc,6999
0,,,,ui\00_message\common\item_info.gmd,\ui\item_info.arc,item_info.arc,7000
0,,,,ui\00_message\common\item_info.gmd,\ui\item_info.arc,item_info.arc,7001
0,,,,ui\00_message\common\item_info.gmd,\ui\item_info.arc,item_info.arc,7002
0,,,,ui\00_message\common\item_info.gmd,\ui\item_info.arc,item_info.arc,7003
0,,,,ui\00_message\common\item_info.gmd,\ui\item_info.arc,item_info.arc,7004
0,,,,ui\00_message\common\item_info.gmd,\ui\item_info.arc,item_info.arc,7005
0,,,,ui\00_message\common\item_info.gmd,\ui\item_info.arc,item_info.arc,7006
0,,,,ui\00_message\common\item_info.gmd,\ui\item_info.arc,item_info.arc,7007
0,,,,ui\00_message\common\item_info.gmd,\ui\item_info.arc,item_info.arc,7008
0,,,,ui\00_message\common\item_info.gmd,\ui\item_info.arc,item_info.arc,7009
0,,,,ui\00_message\common\item_info.gmd,\ui\item_info.arc,item_info.arc,7010
0,,,,ui\00_message\common\item_info.gmd,\ui\item_info.arc,item_info.arc,7011
0,,,,ui\00_message\common\item_info.gmd,\ui\item_info.arc,item_info.arc,7012
0,,,,ui\00_message\common\item_info.gmd,\ui\item_info.arc,item_info.arc,7013
0,,,,ui\00_message\common\item_info.gmd,\ui\item_info.arc,item_info.arc,7014
0,,,,ui\00_message\common\item_info.gmd,\ui\item_info.arc,item_info.arc,7015
0,,,,ui\00_message\common\item_info.gmd,\ui\item_info.arc,item_info.arc,7016
0,,,,ui\00_message\common\item_info.gmd,\ui\item_info.arc,item_info.arc,7017
0,,,,ui\00_message\common\item_info.gmd,\ui\item_info.arc,item_info.arc,7018
0,,,,ui\00_message\common\item_info.gmd,\ui\item_info.arc,item_info.arc,7019
0,,,,ui\00_message\common\item_info.gmd,\ui\item_info.arc,item_info.arc,7020
0,,,,ui\00_message\common\item_info.gmd,\ui\item_info.arc,item_info.arc,7021
0,,,,ui\00_message\common\item_info.gmd,\ui\item_info.arc,item_info.arc,7022
0,,,,ui\00_message\common\item_info.gmd,\ui\item_info.arc,item_info.arc,7023
0,,,,ui\00_message\common\item_info.gmd,\ui\item_info.arc,item_info.arc,7024
0,,,,ui\00_message\common\item_info.gmd,\ui\item_info.arc,item_info.arc,7025
0,,,,ui\00_message\common\item_info.gmd,\ui\item_info.arc,item_info.arc,7026
0,,,,ui\00_message\common\item_info.gmd,\ui\item_info.arc,item_info.arc,7027
0,,,,ui\00_message\common\item_info.gmd,\ui\item_info.arc,item_info.arc,7028
0,,,,ui\00_message\common\item_info.gmd,\ui\item_info.arc,item_info.arc,7029
0,,,,ui\00_message\common\item_info.gmd,\ui\item_info.arc,item_info.arc,7030
0,,,,ui\00_message\common\item_info.gmd,\ui\item_info.arc,item_info.arc,7031
0,,,,ui\00_message\common\item_info.gmd,\ui\item_info.arc,item_info.arc,7032
0,,,,ui\00_message\common\item_info.gmd,\ui\item_info.arc,item_info.arc,7033
0,,,,ui\00_message\common\item_info.gmd,\ui\item_info.arc,item_info.arc,7034
0,,,,ui\00_message\common\item_info.gmd,\ui\item_info.arc,item_info.arc,7035
0,,,,ui\00_message\common\item_info.gmd,\ui\item_info.arc,item_info.arc,7036
0,,,,ui\00_message\common\item_info.gmd,\ui\item_info.arc,item_info.arc,7037
0,,,,ui\00_message\common\item_info.gmd,\ui\item_info.arc,item_info.arc,7038
0,,,,ui\00_message\common\item_info.gmd,\ui\item_info.arc,item_info.arc,7039
0,,,,ui\00_message\common\item_info.gmd,\ui\item_info.arc,item_info.arc,7040
0,,,,ui\00_message\common\item_info.gmd,\ui\item_info.arc,item_info.arc,7041
0,,,,ui\00_message\common\item_info.gmd,\ui\item_info.arc,item_info.arc,7042
0,,,,ui\00_message\common\item_info.gmd,\ui\item_info.arc,item_info.arc,7043
0,,,,ui\00_message\common\item_info.gmd,\ui\item_info.arc,item_info.arc,7044
0,,,,ui\00_message\common\item_info.gmd,\ui\item_info.arc,item_info.arc,7045
0,,,,ui\00_message\common\item_info.gmd,\ui\item_info.arc,item_info.arc,7046
0,,,,ui\00_message\common\item_info.gmd,\ui\item_info.arc,item_info.arc,7047
0,,,,ui\00_message\common\item_info.gmd,\ui\item_info.arc,item_info.arc,7048
0,,,,ui\00_message\common\item_info.gmd,\ui\item_info.arc,item_info.arc,7049
0,,,,ui\00_message\common\item_info.gmd,\ui\item_info.arc,item_info.arc,7050
0,,,,ui\00_message\common\item_info.gmd,\ui\item_info.arc,item_info.arc,7051
0,,,,ui\00_message\common\item_info.gmd,\ui\item_info.arc,item_info.arc,7052
0,,,,ui\00_message\common\item_info.gmd,\ui\item_info.arc,item_info.arc,7053
0,,,,ui\00_message\common\item_info.gmd,\ui\item_info.arc,item_info.arc,7054
0,,,,ui\00_message\common\item_info.gmd,\ui\item_info.arc,item_info.arc,7055
0,,,,ui\00_message\common\item_info.gmd,\ui\item_info.arc,item_info.arc,7056
0,,,,ui\00_message\common\item_info.gmd,\ui\item_info.arc,item_info.arc,7057
0,,,,ui\00_message\common\item_info.gmd,\ui\item_info.arc,item_info.arc,7058
0,,,,ui\00_message\common\item_info.gmd,\ui\item_info.arc,item_info.arc,7059
0,,,,ui\00_message\common\item_info.gmd,\ui\item_info.arc,item_info.arc,7060
0,,,,ui\00_message\common\item_info.gmd,\ui\item_info.arc,item_info.arc,7061
0,,,,ui\00_message\common\item_info.gmd,\ui\item_info.arc,item_info.arc,7062
0,,,,ui\00_message\common\item_info.gmd,\ui\item_info.arc,item_info.arc,7063
0,,,,ui\00_message\common\item_info.gmd,\ui\item_info.arc,item_info.arc,7064
0,,,,ui\00_message\common\item_info.gmd,\ui\item_info.arc,item_info.arc,7065
0,,,,ui\00_message\common\item_info.gmd,\ui\item_info.arc,item_info.arc,7066
0,,,,ui\00_message\common\item_info.gmd,\ui\item_info.arc,item_info.arc,7067
0,,,,ui\00_message\common\item_info.gmd,\ui\item_info.arc,item_info.arc,7068
0,,,,ui\00_message\common\item_info.gmd,\ui\item_info.arc,item_info.arc,7069
0,,,,ui\00_message\common\item_info.gmd,\ui\item_info.arc,item_info.arc,7070
0,,,,ui\00_message\common\item_info.gmd,\ui\item_info.arc,item_info.arc,7071
0,,,,ui\00_message\common\item_info.gmd,\ui\item_info.arc,item_info.arc,7072
0,,,,ui\00_message\common\item_info.gmd,\ui\item_info.arc,item_info.arc,7073
0,,,,ui\00_message\common\item_info.gmd,\ui\item_info.arc,item_info.arc,7074
0,,,,ui\00_message\common\item_info.gmd,\ui\item_info.arc,item_info.arc,7075
0,,,,ui\00_message\common\item_info.gmd,\ui\item_info.arc,item_info.arc,7076
0,,,,ui\00_message\common\item_info.gmd,\ui\item_info.arc,item_info.arc,7077
0,,,,ui\00_message\common\item_info.gmd,\ui\item_info.arc,item_info.arc,7078
0,,,,ui\00_message\common\item_info.gmd,\ui\item_info.arc,item_info.arc,7079
0,,,,ui\00_message\common\item_info.gmd,\ui\item_info.arc,item_info.arc,7080
0,,,,ui\00_message\common\item_info.gmd,\ui\item_info.arc,item_info.arc,7081
0,,,,ui\00_message\common\item_info.gmd,\ui\item_info.arc,item_info.arc,7082
0,,,,ui\00_message\common\item_info.gmd,\ui\item_info.arc,item_info.arc,7083
0,,,,ui\00_message\common\item_info.gmd,\ui\item_info.arc,item_info.arc,7084
0,,,,ui\00_message\common\item_info.gmd,\ui\item_info.arc,item_info.arc,7085
0,,,,ui\00_message\common\item_info.gmd,\ui\item_info.arc,item_info.arc,7086
0,,,,ui\00_message\common\item_info.gmd,\ui\item_info.arc,item_info.arc,7087
0,,,,ui\00_message\common\item_info.gmd,\ui\item_info.arc,item_info.arc,7088
0,,,,ui\00_message\common\item_info.gmd,\ui\item_info.arc,item_info.arc,7089
0,,,,ui\00_message\common\item_info.gmd,\ui\item_info.arc,item_info.arc,7090
0,,,,ui\00_message\common\item_info.gmd,\ui\item_info.arc,item_info.arc,7091
0,,,,ui\00_message\common\item_info.gmd,\ui\item_info.arc,item_info.arc,7092
0,,,,ui\00_message\common\item_info.gmd,\ui\item_info.arc,item_info.arc,7093
0,,,,ui\00_message\common\item_info.gmd,\ui\item_info.arc,item_info.arc,7094
0,,,,ui\00_message\common\item_info.gmd,\ui\item_info.arc,item_info.arc,7095
0,,,,ui\00_message\common\item_info.gmd,\ui\item_info.arc,item_info.arc,7096
0,,,,ui\00_message\common\item_info.gmd,\ui\item_info.arc,item_info.arc,7097
0,,,,ui\00_message\common\item_info.gmd,\ui\item_info.arc,item_info.arc,7098
0,,,,ui\00_message\common\item_info.gmd,\ui\item_info.arc,item_info.arc,7099
0,,,,ui\00_message\common\item_info.gmd,\ui\item_info.arc,item_info.arc,7100
0,,,,ui\00_message\common\item_info.gmd,\ui\item_info.arc,item_info.arc,7101
0,,,,ui\00_message\common\item_info.gmd,\ui\item_info.arc,item_info.arc,7102
0,,,,ui\00_message\common\item_info.gmd,\ui\item_info.arc,item_info.arc,7103
0,,,,ui\00_message\common\item_info.gmd,\ui\item_info.arc,item_info.arc,7104
0,,,,ui\00_message\common\item_info.gmd,\ui\item_info.arc,item_info.arc,7105
0,,,,ui\00_message\common\item_info.gmd,\ui\item_info.arc,item_info.arc,7106
0,,,,ui\00_message\common\item_info.gmd,\ui\item_info.arc,item_info.arc,7107
0,,,,ui\00_message\common\item_info.gmd,\ui\item_info.arc,item_info.arc,7108
0,,,,ui\00_message\common\item_info.gmd,\ui\item_info.arc,item_info.arc,7109
0,,,,ui\00_message\common\item_info.gmd,\ui\item_info.arc,item_info.arc,7110
0,,,,ui\00_message\common\item_info.gmd,\ui\item_info.arc,item_info.arc,7111
0,,,,ui\00_message\common\item_info.gmd,\ui\item_info.arc,item_info.arc,7112
0,,,,ui\00_message\common\item_info.gmd,\ui\item_info.arc,item_info.arc,7113
0,,,,ui\00_message\common\item_info.gmd,\ui\item_info.arc,item_info.arc,7114
0,,,,ui\00_message\common\item_info.gmd,\ui\item_info.arc,item_info.arc,7115
0,,,,ui\00_message\common\item_info.gmd,\ui\item_info.arc,item_info.arc,7116
0,,,,ui\00_message\common\item_info.gmd,\ui\item_info.arc,item_info.arc,7117
0,,,,ui\00_message\common\item_info.gmd,\ui\item_info.arc,item_info.arc,7118
0,,,,ui\00_message\common\item_info.gmd,\ui\item_info.arc,item_info.arc,7119
0,,,,ui\00_message\common\item_info.gmd,\ui\item_info.arc,item_info.arc,7120
0,,,,ui\00_message\common\item_info.gmd,\ui\item_info.arc,item_info.arc,7121
0,,,,ui\00_message\common\item_info.gmd,\ui\item_info.arc,item_info.arc,7122
0,,,,ui\00_message\common\item_info.gmd,\ui\item_info.arc,item_info.arc,7123
0,,,,ui\00_message\common\item_info.gmd,\ui\item_info.arc,item_info.arc,7124
0,,,,ui\00_message\common\item_info.gmd,\ui\item_info.arc,item_info.arc,7125
0,,,,ui\00_message\common\item_info.gmd,\ui\item_info.arc,item_info.arc,7126
0,,,,ui\00_message\common\item_info.gmd,\ui\item_info.arc,item_info.arc,7127
0,,,,ui\00_message\common\item_info.gmd,\ui\item_info.arc,item_info.arc,7128
0,,,,ui\00_message\common\item_info.gmd,\ui\item_info.arc,item_info.arc,7129
0,,,,ui\00_message\common\item_info.gmd,\ui\item_info.arc,item_info.arc,7130
0,,,,ui\00_message\common\item_info.gmd,\ui\item_info.arc,item_info.arc,7131
0,,,,ui\00_message\common\item_info.gmd,\ui\item_info.arc,item_info.arc,7132
0,,,,ui\00_message\common\item_info.gmd,\ui\item_info.arc,item_info.arc,7133
0,,,,ui\00_message\common\item_info.gmd,\ui\item_info.arc,item_info.arc,7134
0,,,,ui\00_message\common\item_info.gmd,\ui\item_info.arc,item_info.arc,7135
0,,,,ui\00_message\common\item_info.gmd,\ui\item_info.arc,item_info.arc,7136
0,,,,ui\00_message\common\item_info.gmd,\ui\item_info.arc,item_info.arc,7137
0,,,,ui\00_message\common\item_info.gmd,\ui\item_info.arc,item_info.arc,7138
0,,,,ui\00_message\common\item_info.gmd,\ui\item_info.arc,item_info.arc,7139
0,,,,ui\00_message\common\item_info.gmd,\ui\item_info.arc,item_info.arc,7140
0,,,,ui\00_message\common\item_info.gmd,\ui\item_info.arc,item_info.arc,7141
0,,,,ui\00_message\common\item_info.gmd,\ui\item_info.arc,item_info.arc,7142
0,,,,ui\00_message\common\item_info.gmd,\ui\item_info.arc,item_info.arc,7143
0,,,,ui\00_message\common\item_info.gmd,\ui\item_info.arc,item_info.arc,7144
0,,,,ui\00_message\common\item_info.gmd,\ui\item_info.arc,item_info.arc,7145
0,,,,ui\00_message\common\item_info.gmd,\ui\item_info.arc,item_info.arc,7146
0,,,,ui\00_message\common\item_info.gmd,\ui\item_info.arc,item_info.arc,7147
0,,,,ui\00_message\common\item_info.gmd,\ui\item_info.arc,item_info.arc,7148
0,,,,ui\00_message\common\item_info.gmd,\ui\item_info.arc,item_info.arc,7149
0,,,,ui\00_message\common\item_info.gmd,\ui\item_info.arc,item_info.arc,7150
0,,,,ui\00_message\common\item_info.gmd,\ui\item_info.arc,item_info.arc,7151
0,,,,ui\00_message\common\item_info.gmd,\ui\item_info.arc,item_info.arc,7152
0,,,,ui\00_message\common\item_info.gmd,\ui\item_info.arc,item_info.arc,7153
0,,,,ui\00_message\common\item_info.gmd,\ui\item_info.arc,item_info.arc,7154
0,,,,ui\00_message\common\item_info.gmd,\ui\item_info.arc,item_info.arc,7155
0,,,,ui\00_message\common\item_info.gmd,\ui\item_info.arc,item_info.arc,7156
0,,,,ui\00_message\common\item_info.gmd,\ui\item_info.arc,item_info.arc,7157
0,,,,ui\00_message\common\item_info.gmd,\ui\item_info.arc,item_info.arc,7158
0,,,,ui\00_message\common\item_info.gmd,\ui\item_info.arc,item_info.arc,7159
0,,,,ui\00_message\common\item_info.gmd,\ui\item_info.arc,item_info.arc,7160
0,,,,ui\00_message\common\item_info.gmd,\ui\item_info.arc,item_info.arc,7161
0,,,,ui\00_message\common\item_info.gmd,\ui\item_info.arc,item_info.arc,7162
0,,,,ui\00_message\common\item_info.gmd,\ui\item_info.arc,item_info.arc,7163
0,,,,ui\00_message\common\item_info.gmd,\ui\item_info.arc,item_info.arc,7164
0,,,,ui\00_message\common\item_info.gmd,\ui\item_info.arc,item_info.arc,7165
0,,,,ui\00_message\common\item_info.gmd,\ui\item_info.arc,item_info.arc,7166
0,,,,ui\00_message\common\item_info.gmd,\ui\item_info.arc,item_info.arc,7167
0,,,,ui\00_message\common\item_info.gmd,\ui\item_info.arc,item_info.arc,7168
0,,,,ui\00_message\common\item_info.gmd,\ui\item_info.arc,item_info.arc,7169
0,,,,ui\00_message\common\item_info.gmd,\ui\item_info.arc,item_info.arc,7170
0,,,,ui\00_message\common\item_info.gmd,\ui\item_info.arc,item_info.arc,7171
0,,,,ui\00_message\common\item_info.gmd,\ui\item_info.arc,item_info.arc,7172
0,,,,ui\00_message\common\item_info.gmd,\ui\item_info.arc,item_info.arc,7173
0,,,,ui\00_message\common\item_info.gmd,\ui\item_info.arc,item_info.arc,7174
0,,,,ui\00_message\common\item_info.gmd,\ui\item_info.arc,item_info.arc,7175
0,,,,ui\00_message\common\item_info.gmd,\ui\item_info.arc,item_info.arc,7176
0,,,,ui\00_message\common\item_info.gmd,\ui\item_info.arc,item_info.arc,7177
0,,,,ui\00_message\common\item_info.gmd,\ui\item_info.arc,item_info.arc,7178
0,,,,ui\00_message\common\item_info.gmd,\ui\item_info.arc,item_info.arc,7179
0,,,,ui\00_message\common\item_info.gmd,\ui\item_info.arc,item_info.arc,7180
0,,,,ui\00_message\common\item_info.gmd,\ui\item_info.arc,item_info.arc,7181
0,,,,ui\00_message\common\item_info.gmd,\ui\item_info.arc,item_info.arc,7182
0,,,,ui\00_message\common\item_info.gmd,\ui\item_info.arc,item_info.arc,7183
0,,,,ui\00_message\common\item_info.gmd,\ui\item_info.arc,item_info.arc,7184
0,,,,ui\00_message\common\item_info.gmd,\ui\item_info.arc,item_info.arc,7185
0,,,,ui\00_message\common\item_info.gmd,\ui\item_info.arc,item_info.arc,7186
0,,,,ui\00_message\common\item_info.gmd,\ui\item_info.arc,item_info.arc,7187
0,,,,ui\00_message\common\item_info.gmd,\ui\item_info.arc,item_info.arc,7188
0,,,,ui\00_message\common\item_info.gmd,\ui\item_info.arc,item_info.arc,7189
0,,,,ui\00_message\common\item_info.gmd,\ui\item_info.arc,item_info.arc,7190
0,,,,ui\00_message\common\item_info.gmd,\ui\item_info.arc,item_info.arc,7191
0,,,,ui\00_message\common\item_info.gmd,\ui\item_info.arc,item_info.arc,7192
0,,,,ui\00_message\common\item_info.gmd,\ui\item_info.arc,item_info.arc,7193
0,,,,ui\00_message\common\item_info.gmd,\ui\item_info.arc,item_info.arc,7194
0,,,,ui\00_message\common\item_info.gmd,\ui\item_info.arc,item_info.arc,7195
0,,,,ui\00_message\common\item_info.gmd,\ui\item_info.arc,item_info.arc,7196
0,,,,ui\00_message\common\item_info.gmd,\ui\item_info.arc,item_info.arc,7197
0,,,,ui\00_message\common\item_info.gmd,\ui\item_info.arc,item_info.arc,7198
0,,,,ui\00_message\common\item_info.gmd,\ui\item_info.arc,item_info.arc,7199
0,,,,ui\00_message\common\item_info.gmd,\ui\item_info.arc,item_info.arc,7200
0,,,,ui\00_message\common\item_info.gmd,\ui\item_info.arc,item_info.arc,7201
0,,,,ui\00_message\common\item_info.gmd,\ui\item_info.arc,item_info.arc,7202
0,,,,ui\00_message\common\item_info.gmd,\ui\item_info.arc,item_info.arc,7203
0,,,,ui\00_message\common\item_info.gmd,\ui\item_info.arc,item_info.arc,7204
0,,,,ui\00_message\common\item_info.gmd,\ui\item_info.arc,item_info.arc,7205
0,,,,ui\00_message\common\item_info.gmd,\ui\item_info.arc,item_info.arc,7206
0,,,,ui\00_message\common\item_info.gmd,\ui\item_info.arc,item_info.arc,7207
0,,,,ui\00_message\common\item_info.gmd,\ui\item_info.arc,item_info.arc,7208
0,,,,ui\00_message\common\item_info.gmd,\ui\item_info.arc,item_info.arc,7209
0,,,,ui\00_message\common\item_info.gmd,\ui\item_info.arc,item_info.arc,7210
0,,,,ui\00_message\common\item_info.gmd,\ui\item_info.arc,item_info.arc,7211
0,,,,ui\00_message\common\item_info.gmd,\ui\item_info.arc,item_info.arc,7212
0,,,,ui\00_message\common\item_info.gmd,\ui\item_info.arc,item_info.arc,7213
0,,,,ui\00_message\common\item_info.gmd,\ui\item_info.arc,item_info.arc,7214
0,,,,ui\00_message\common\item_info.gmd,\ui\item_info.arc,item_info.arc,7215
0,,,,ui\00_message\common\item_info.gmd,\ui\item_info.arc,item_info.arc,7216
0,,,,ui\00_message\common\item_info.gmd,\ui\item_info.arc,item_info.arc,7217
0,,,,ui\00_message\common\item_info.gmd,\ui\item_info.arc,item_info.arc,7218
0,,,,ui\00_message\common\item_info.gmd,\ui\item_info.arc,item_info.arc,7219
0,,,,ui\00_message\common\item_info.gmd,\ui\item_info.arc,item_info.arc,7220
0,,,,ui\00_message\common\item_info.gmd,\ui\item_info.arc,item_info.arc,7221
0,,,,ui\00_message\common\item_info.gmd,\ui\item_info.arc,item_info.arc,7222
0,,,,ui\00_message\common\item_info.gmd,\ui\item_info.arc,item_info.arc,7223
0,,,,ui\00_message\common\item_info.gmd,\ui\item_info.arc,item_info.arc,7224
0,,,,ui\00_message\common\item_info.gmd,\ui\item_info.arc,item_info.arc,7225
0,,,,ui\00_message\common\item_info.gmd,\ui\item_info.arc,item_info.arc,7226
0,,,,ui\00_message\common\item_info.gmd,\ui\item_info.arc,item_info.arc,7227
0,,,,ui\00_message\common\item_info.gmd,\ui\item_info.arc,item_info.arc,7228
0,,,,ui\00_message\common\item_info.gmd,\ui\item_info.arc,item_info.arc,7229
0,,,,ui\00_message\common\item_info.gmd,\ui\item_info.arc,item_info.arc,7230
0,,,,ui\00_message\common\item_info.gmd,\ui\item_info.arc,item_info.arc,7231
0,,,,ui\00_message\common\item_info.gmd,\ui\item_info.arc,item_info.arc,7232
0,,,,ui\00_message\common\item_info.gmd,\ui\item_info.arc,item_info.arc,7233
0,,,,ui\00_message\common\item_info.gmd,\ui\item_info.arc,item_info.arc,7234
0,,,,ui\00_message\common\item_info.gmd,\ui\item_info.arc,item_info.arc,7235
0,,,,ui\00_message\common\item_info.gmd,\ui\item_info.arc,item_info.arc,7236
0,,,,ui\00_message\common\item_info.gmd,\ui\item_info.arc,item_info.arc,7237
0,,,,ui\00_message\common\item_info.gmd,\ui\item_info.arc,item_info.arc,7238
0,,,,ui\00_message\common\item_info.gmd,\ui\item_info.arc,item_info.arc,7239
0,,,,ui\00_message\common\item_info.gmd,\ui\item_info.arc,item_info.arc,7240
0,,,,ui\00_message\common\item_info.gmd,\ui\item_info.arc,item_info.arc,7241
0,,,,ui\00_message\common\item_info.gmd,\ui\item_info.arc,item_info.arc,7242
0,,,,ui\00_message\common\item_info.gmd,\ui\item_info.arc,item_info.arc,7243
0,,,,ui\00_message\common\item_info.gmd,\ui\item_info.arc,item_info.arc,7244
0,,,,ui\00_message\common\item_info.gmd,\ui\item_info.arc,item_info.arc,7245
0,,,,ui\00_message\common\item_info.gmd,\ui\item_info.arc,item_info.arc,7246
0,,,,ui\00_message\common\item_info.gmd,\ui\item_info.arc,item_info.arc,7247
0,,,,ui\00_message\common\item_info.gmd,\ui\item_info.arc,item_info.arc,7248
0,,,,ui\00_message\common\item_info.gmd,\ui\item_info.arc,item_info.arc,7249
0,,,,ui\00_message\common\item_info.gmd,\ui\item_info.arc,item_info.arc,7250
0,,,,ui\00_message\common\item_info.gmd,\ui\item_info.arc,item_info.arc,7251
0,,,,ui\00_message\common\item_info.gmd,\ui\item_info.arc,item_info.arc,7252
0,,,,ui\00_message\common\item_info.gmd,\ui\item_info.arc,item_info.arc,7253
0,,,,ui\00_message\common\item_info.gmd,\ui\item_info.arc,item_info.arc,7254
0,,,,ui\00_message\common\item_info.gmd,\ui\item_info.arc,item_info.arc,7255
0,,,,ui\00_message\common\item_info.gmd,\ui\item_info.arc,item_info.arc,7256
0,,,,ui\00_message\common\item_info.gmd,\ui\item_info.arc,item_info.arc,7257
0,,,,ui\00_message\common\item_info.gmd,\ui\item_info.arc,item_info.arc,7258
0,,,,ui\00_message\common\item_info.gmd,\ui\item_info.arc,item_info.arc,7259
0,,,,ui\00_message\common\item_info.gmd,\ui\item_info.arc,item_info.arc,7260
0,,,,ui\00_message\common\item_info.gmd,\ui\item_info.arc,item_info.arc,7261
0,,,,ui\00_message\common\item_info.gmd,\ui\item_info.arc,item_info.arc,7262
0,,,,ui\00_message\common\item_info.gmd,\ui\item_info.arc,item_info.arc,7263
0,,,,ui\00_message\common\item_info.gmd,\ui\item_info.arc,item_info.arc,7264
0,,,,ui\00_message\common\item_info.gmd,\ui\item_info.arc,item_info.arc,7265
0,,,,ui\00_message\common\item_info.gmd,\ui\item_info.arc,item_info.arc,7266
0,,,,ui\00_message\common\item_info.gmd,\ui\item_info.arc,item_info.arc,7267
0,,,,ui\00_message\common\item_info.gmd,\ui\item_info.arc,item_info.arc,7268
0,,,,ui\00_message\common\item_info.gmd,\ui\item_info.arc,item_info.arc,7269
0,,,,ui\00_message\common\item_info.gmd,\ui\item_info.arc,item_info.arc,7270
0,,,,ui\00_message\common\item_info.gmd,\ui\item_info.arc,item_info.arc,7271
0,,,,ui\00_message\common\item_info.gmd,\ui\item_info.arc,item_info.arc,7272
0,,,,ui\00_message\common\item_info.gmd,\ui\item_info.arc,item_info.arc,7273
0,,,,ui\00_message\common\item_info.gmd,\ui\item_info.arc,item_info.arc,7274
0,,,,ui\00_message\common\item_info.gmd,\ui\item_info.arc,item_info.arc,7275
0,,,,ui\00_message\common\item_info.gmd,\ui\item_info.arc,item_info.arc,7276
0,,,,ui\00_message\common\item_info.gmd,\ui\item_info.arc,item_info.arc,7277
0,,,,ui\00_message\common\item_info.gmd,\ui\item_info.arc,item_info.arc,7278
0,,,,ui\00_message\common\item_info.gmd,\ui\item_info.arc,item_info.arc,7279
0,,,,ui\00_message\common\item_info.gmd,\ui\item_info.arc,item_info.arc,7280
0,,,,ui\00_message\common\item_info.gmd,\ui\item_info.arc,item_info.arc,7281
0,,,,ui\00_message\common\item_info.gmd,\ui\item_info.arc,item_info.arc,7282
0,,,,ui\00_message\common\item_info.gmd,\ui\item_info.arc,item_info.arc,7283
0,,,,ui\00_message\common\item_info.gmd,\ui\item_info.arc,item_info.arc,7284
0,,,,ui\00_message\common\item_info.gmd,\ui\item_info.arc,item_info.arc,7285
0,,,,ui\00_message\common\item_info.gmd,\ui\item_info.arc,item_info.arc,7286
0,,,,ui\00_message\common\item_info.gmd,\ui\item_info.arc,item_info.arc,7287
0,,,,ui\00_message\common\item_info.gmd,\ui\item_info.arc,item_info.arc,7288
0,,,,ui\00_message\common\item_info.gmd,\ui\item_info.arc,item_info.arc,7289
0,,,,ui\00_message\common\item_info.gmd,\ui\item_info.arc,item_info.arc,7290
0,,,,ui\00_message\common\item_info.gmd,\ui\item_info.arc,item_info.arc,7291
0,,,,ui\00_message\common\item_info.gmd,\ui\item_info.arc,item_info.arc,7292
0,,,,ui\00_message\common\item_info.gmd,\ui\item_info.arc,item_info.arc,7293
0,,,,ui\00_message\common\item_info.gmd,\ui\item_info.arc,item_info.arc,7294
0,,,,ui\00_message\common\item_info.gmd,\ui\item_info.arc,item_info.arc,7295
0,,,,ui\00_message\common\item_info.gmd,\ui\item_info.arc,item_info.arc,7296
0,,,,ui\00_message\common\item_info.gmd,\ui\item_info.arc,item_info.arc,7297
0,,,,ui\00_message\common\item_info.gmd,\ui\item_info.arc,item_info.arc,7298
0,,,,ui\00_message\common\item_info.gmd,\ui\item_info.arc,item_info.arc,7299
0,,,,ui\00_message\common\item_info.gmd,\ui\item_info.arc,item_info.arc,7300
0,,,,ui\00_message\common\item_info.gmd,\ui\item_info.arc,item_info.arc,7301
0,,,,ui\00_message\common\item_info.gmd,\ui\item_info.arc,item_info.arc,7302
0,,,,ui\00_message\common\item_info.gmd,\ui\item_info.arc,item_info.arc,7303
0,,,,ui\00_message\common\item_info.gmd,\ui\item_info.arc,item_info.arc,7304
0,,,,ui\00_message\common\item_info.gmd,\ui\item_info.arc,item_info.arc,7305
0,,,,ui\00_message\common\item_info.gmd,\ui\item_info.arc,item_info.arc,7306
0,,,,ui\00_message\common\item_info.gmd,\ui\item_info.arc,item_info.arc,7307
0,,,,ui\00_message\common\item_info.gmd,\ui\item_info.arc,item_info.arc,7308
0,,,,ui\00_message\common\item_info.gmd,\ui\item_info.arc,item_info.arc,7309
0,,,,ui\00_message\common\item_info.gmd,\ui\item_info.arc,item_info.arc,7310
0,,,,ui\00_message\common\item_info.gmd,\ui\item_info.arc,item_info.arc,7311
0,,,,ui\00_message\common\item_info.gmd,\ui\item_info.arc,item_info.arc,7312
0,,,,ui\00_message\common\item_info.gmd,\ui\item_info.arc,item_info.arc,7313
0,,,,ui\00_message\common\item_info.gmd,\ui\item_info.arc,item_info.arc,7314
0,,,,ui\00_message\common\item_info.gmd,\ui\item_info.arc,item_info.arc,7315
0,,,,ui\00_message\common\item_info.gmd,\ui\item_info.arc,item_info.arc,7316
0,,,,ui\00_message\common\item_info.gmd,\ui\item_info.arc,item_info.arc,7317
0,,,,ui\00_message\common\item_info.gmd,\ui\item_info.arc,item_info.arc,7318
0,,,,ui\00_message\common\item_info.gmd,\ui\item_info.arc,item_info.arc,7319
0,,,,ui\00_message\common\item_info.gmd,\ui\item_info.arc,item_info.arc,7320
0,,,,ui\00_message\common\item_info.gmd,\ui\item_info.arc,item_info.arc,7321
0,,,,ui\00_message\common\item_info.gmd,\ui\item_info.arc,item_info.arc,7322
0,,,,ui\00_message\common\item_info.gmd,\ui\item_info.arc,item_info.arc,7323
0,,,,ui\00_message\common\item_info.gmd,\ui\item_info.arc,item_info.arc,7324
0,,,,ui\00_message\common\item_info.gmd,\ui\item_info.arc,item_info.arc,7325
0,,,,ui\00_message\common\item_info.gmd,\ui\item_info.arc,item_info.arc,7326
0,,,,ui\00_message\common\item_info.gmd,\ui\item_info.arc,item_info.arc,7327
0,,,,ui\00_message\common\item_info.gmd,\ui\item_info.arc,item_info.arc,7328
0,,,,ui\00_message\common\item_info.gmd,\ui\item_info.arc,item_info.arc,7329
0,,,,ui\00_message\common\item_info.gmd,\ui\item_info.arc,item_info.arc,7330
0,,,,ui\00_message\common\item_info.gmd,\ui\item_info.arc,item_info.arc,7331
0,,,,ui\00_message\common\item_info.gmd,\ui\item_info.arc,item_info.arc,7332
0,,,,ui\00_message\common\item_info.gmd,\ui\item_info.arc,item_info.arc,7333
0,,,,ui\00_message\common\item_info.gmd,\ui\item_info.arc,item_info.arc,7334
0,,,,ui\00_message\common\item_info.gmd,\ui\item_info.arc,item_info.arc,7335
0,,,,ui\00_message\common\item_info.gmd,\ui\item_info.arc,item_info.arc,7336
0,,,,ui\00_message\common\item_info.gmd,\ui\item_info.arc,item_info.arc,7337
0,,,,ui\00_message\common\item_info.gmd,\ui\item_info.arc,item_info.arc,7338
0,,,,ui\00_message\common\item_info.gmd,\ui\item_info.arc,item_info.arc,7339
0,,,,ui\00_message\common\item_info.gmd,\ui\item_info.arc,item_info.arc,7340
0,,,,ui\00_message\common\item_info.gmd,\ui\item_info.arc,item_info.arc,7341
0,,,,ui\00_message\common\item_info.gmd,\ui\item_info.arc,item_info.arc,7342
0,,,,ui\00_message\common\item_info.gmd,\ui\item_info.arc,item_info.arc,7343
0,,,,ui\00_message\common\item_info.gmd,\ui\item_info.arc,item_info.arc,7344
0,,,,ui\00_message\common\item_info.gmd,\ui\item_info.arc,item_info.arc,7345
0,,,,ui\00_message\common\item_info.gmd,\ui\item_info.arc,item_info.arc,7346
0,,,,ui\00_message\common\item_info.gmd,\ui\item_info.arc,item_info.arc,7347
0,,,,ui\00_message\common\item_info.gmd,\ui\item_info.arc,item_info.arc,7348
0,,,,ui\00_message\common\item_info.gmd,\ui\item_info.arc,item_info.arc,7349
0,,,,ui\00_message\common\item_info.gmd,\ui\item_info.arc,item_info.arc,7350
0,,,,ui\00_message\common\item_info.gmd,\ui\item_info.arc,item_info.arc,7351
0,,,,ui\00_message\common\item_info.gmd,\ui\item_info.arc,item_info.arc,7352
0,,,,ui\00_message\common\item_info.gmd,\ui\item_info.arc,item_info.arc,7353
0,,,,ui\00_message\common\item_info.gmd,\ui\item_info.arc,item_info.arc,7354
0,,,,ui\00_message\common\item_info.gmd,\ui\item_info.arc,item_info.arc,7355
0,,,,ui\00_message\common\item_info.gmd,\ui\item_info.arc,item_info.arc,7356
0,,,,ui\00_message\common\item_info.gmd,\ui\item_info.arc,item_info.arc,7357
0,,,,ui\00_message\common\item_info.gmd,\ui\item_info.arc,item_info.arc,7358
0,,,,ui\00_message\common\item_info.gmd,\ui\item_info.arc,item_info.arc,7359
0,,,,ui\00_message\common\item_info.gmd,\ui\item_info.arc,item_info.arc,7360
0,,,,ui\00_message\common\item_info.gmd,\ui\item_info.arc,item_info.arc,7361
0,,,,ui\00_message\common\item_info.gmd,\ui\item_info.arc,item_info.arc,7362
0,,,,ui\00_message\common\item_info.gmd,\ui\item_info.arc,item_info.arc,7363
0,,,,ui\00_message\common\item_info.gmd,\ui\item_info.arc,item_info.arc,7364
0,,,,ui\00_message\common\item_info.gmd,\ui\item_info.arc,item_info.arc,7365
0,,,,ui\00_message\common\item_info.gmd,\ui\item_info.arc,item_info.arc,7366
0,,,,ui\00_message\common\item_info.gmd,\ui\item_info.arc,item_info.arc,7367
0,,,,ui\00_message\common\item_info.gmd,\ui\item_info.arc,item_info.arc,7368
0,,,,ui\00_message\common\item_info.gmd,\ui\item_info.arc,item_info.arc,7369
0,,,,ui\00_message\common\item_info.gmd,\ui\item_info.arc,item_info.arc,7370