#Index,Key,MsgJp,MsgEn,GmdPath,ArcPath,ArcName,ReadIndex
0,,,,ui\00_message\common\item_info.gmd,\ui\item_info.arc,item_info.arc,17371
0,,,,ui\00_message\common\item_info.gmd,\ui\item_info.arc,item_info.arc,17372
0,,,,ui\00_message\common\item_info.gmd,\ui\item_info.arc,item_info.arc,17373
0,,,,ui\00_message\common\item_info.gmd,\ui\item_info.arc,item_info.arc,17374
0,,,,ui\00_message\common\item_info.gmd,\ui\item_info.arc,item_info.arc,17375
0,,,,ui\00_message\common\item_info.gmd,\ui\item_info.arc,item_info.arc,17376
0,,,,ui\00_message\common\item_info.gmd,\ui\item_info.arc,item_info.arc,17377
0,,,,ui\00_message\common\item_info.gmd,\ui\item_info.arc,item_info.arc,17378
0,,,,ui\00_message\common\item_info.gmd,\ui\item_info.arc,item_info.arc,17379
0,,,,ui\00_message\common\item_info.gmd,\ui\item_info.arc,item_info.arc,17380
0,,,,ui\00_message\common\item_info.gmd,\ui\item_info.arc,item_info.arc,17381
0,,,,ui\00_message\common\item_info.gmd,\ui\item_info.arc,item_info.arc,17382
0,,,,ui\00_message\common\item_info.gmd,\ui\item_info.arc,item_info.arc,17383
0,,,,ui\00_message\common\item_info.gmd,\ui\item_info.arc,item_info.arc,17384
0,,,,ui\00_message\common\item_info.gmd,\ui\item_info.arc,item_info.arc,17385
0,,,,ui\00_message\common\item_info.gmd,\ui\item_info.arc,item_info.arc,17386
0,,,,ui\00_message\common\item_info.gmd,\ui\item_info.arc,item_info.arc,17387
0,,,,ui\00_message\common\item_info.gmd,\ui\item_info.arc,item_info.arc,17388
0,,,,ui\00_message\common\item_info.gmd,\ui\item_info.arc,item_info.arc,17389
0,,,,ui\00_message\common\item_info.gmd,\ui\item_info.arc,item_info.arc,17390
0,,,,ui\00_message\common\item_info.gmd,\ui\item_info.arc,item_info.arc,17391
0,,,,ui\00_message\common\item_info.gmd,\ui\item_info.arc,item_info.arc,17392
0,,,,ui\00_message\common\item_info.gmd,\ui\item_info.arc,item_info.arc,17393
0,,,,ui\00_message\common\item_info.gmd,\ui\item_info.arc,item_info.arc,17394
0,,,,ui\00_message\common\item_info.gmd,\ui\item_info.arc,item_info.arc,17395
0,,,,ui\00_message\common\item_info.gmd,\ui\item_info.arc,item_info.arc,17396
0,,,,ui\00_message\common\item_info.gmd,\ui\item_info.arc,item_info.arc,17397
0,,,,ui\00_message\common\item_info.gmd,\ui\item_info.arc,item_info.arc,17398
0,,,,ui\00_message\common\item_info.gmd,\ui\item_info.arc,item_info.arc,17399
0,,,,ui\00_message\common\item_info.gmd,\ui\item_info.arc,item_info.arc,17400
0,,,,ui\00_message\common\item_info.gmd,\ui\item_info.arc,item_info.arc,17401
0,,,,ui\00_message\common\item_info.gmd,\ui\item_info.arc,item_info.arc,17402
0,,,,ui\00_message\common\item_info.gmd,\ui\item_info.arc,item_info.arc,17403
0,,,,ui\00_message\common\item_info.gmd,\ui\item_info.arc,item_info.arc,17404
0,,,,ui\00_message\common\item_info.gmd,\ui\item_info.arc,item_info.arc,17405
0,,,,ui\00_message\common\item_info.gmd,\ui\item_info.arc,item_info.arc,17406
0,,,,ui\00_message\common\item_info.gmd,\ui\item_info.arc,item_info.arc,17407
0,,,,ui\00_message\common\item_info.gmd,\ui\item_info.arc,item_info.arc,17408
0,,,,ui\00_message\common\item_info.gmd,\ui\item_info.arc,item_info.arc,17409
0,,,,ui\00_message\common\item_info.gmd,\ui\item_info.arc,item_info.arc,17410
0,,,,ui\00_message\common\item_info.gmd,\ui\item_info.arc,item_info.arc,17411
0,,,,ui\00_message\common\item_info.gmd,\ui\item_info.arc,item_info.arc,17412
0,,,,ui\00_message\common\item_info.gmd,\ui\item_info.arc,item_info.arc,17413
0,,,,ui\00_message\common\item_info.gmd,\ui\item_info.arc,item_info.arc,17414
0,,,,ui\00_message\common\item_info.gmd,\ui\item_info.arc,item_info.arc,17415
0,,,,ui\00_message\common\item_info.gmd,\ui\item_info.arc,item_info.arc,17416
0,,,,ui\00_message\common\item_info.gmd,\ui\item_info.arc,item_info.arc,17417
0,,,,ui\00_message\common\item_info.gmd,\ui\item_info.arc,item_info.arc,17418
0,,,,ui\00_message\common\item_info.gmd,\ui\item_info.arc,item_info.arc,17419
0,,,,ui\00_message\common\item_info.gmd,\ui\item_info.arc,item_info.arc,17420
0,,,,ui\00_message\common\item_info.gmd,\ui\item_info.arc,item_info.arc,17421
0,,,,ui\00_message\common\item_info.gmd,\ui\item_info.arc,item_info.arc,17422
0,,,,ui\00_message\common\item_info.gmd,\ui\item_info.arc,item_info.arc,17423
0,,,,ui\00_message\common\item_info.gmd,\ui\item_info.arc,item_info.arc,17424
0,,,,ui\00_message\common\item_info.gmd,\ui\item_info.arc,item_info.arc,17425
0,,,,ui\00_message\common\item_info.gmd,\ui\item_info.arc,item_info.arc,17426
0,,,,ui\00_message\common\item_info.gmd,\ui\item_info.arc,item_info.arc,17427
0,,,,ui\00_message\common\item_info.gmd,\ui\item_info.arc,item_info.arc,17428
0,,,,ui\00_message\common\item_info.gmd,\ui\item_info.arc,item_info.arc,17429
0,,,,ui\00_message\common\item_info.gmd,\ui\item_info.arc,item_info.arc,17430
0,,,,ui\00_message\common\item_info.gmd,\ui\item_info.arc,item_info.arc,17431
0,,,,ui\00_message\common\item_info.gmd,\ui\item_info.arc,item_info.arc,17432
0,,,,ui\00_message\common\item_info.gmd,\ui\item_info.arc,item_info.arc,17433
0,,,,ui\00_message\common\item_info.gmd,\ui\item_info.arc,item_info.arc,17434
0,,,,ui\00_message\common\item_info.gmd,\ui\item_info.arc,item_info.arc,17435
0,,,,ui\00_message\common\item_info.gmd,\ui\item_info.arc,item_info.arc,17436
0,,,,ui\00_message\common\item_info.gmd,\ui\item_info.arc,item_info.arc,17437
0,,,,ui\00_message\common\item_info.gmd,\ui\item_info.arc,item_info.arc,17438
0,,,,ui\00_message\common\item_info.gmd,\ui\item_info.arc,item_info.arc,17439
0,,,,ui\00_message\common\item_info.gmd,\ui\item_info.arc,item_info.arc,17440
0,,,,ui\00_message\common\item_info.gmd,\ui\item_info.arc,item_info.arc,17441
0,,,,ui\00_message\common\item_info.gmd,\ui\item_info.arc,item_info.arc,17442
0,,,,ui\00_message\common\item_info.gmd,\ui\item_info.arc,item_info.arc,17443
0,,,,ui\00_message\common\item_info.gmd,\ui\item_info.arc,item_info.arc,17444
0,,,,ui\00_message\common\item_info.gmd,\ui\item_info.arc,item_info.arc,17445
0,,,,ui\00_message\common\item_info.gmd,\ui\item_info.arc,item_info.arc,17446
0,,,,ui\00_message\common\item_info.gmd,\ui\item_info.arc,item_info.arc,17447
0,,,,ui\00_message\common\item_info.gmd,\ui\item_info.arc,item_info.arc,17448
0,,,,ui\00_message\common\item_info.gmd,\ui\item_info.arc,item_info.arc,17449
0,,,,ui\00_message\common\item_info.gmd,\ui\item_info.arc,item_info.arc,17450
0,,,,ui\00_message\common\item_info.gmd,\ui\item_info.arc,item_info.arc,17451
0,,,,ui\00_message\common\item_info.gmd,\ui\item_info.arc,item_info.arc,17452
0,,,,ui\00_message\common\item_info.gmd,\ui\item_info.arc,item_info.arc,17453
0,,,,ui\00_message\common\item_info.gmd,\ui\item_info.arc,item_info.arc,17454
0,,,,ui\00_message\common\item_info.gmd,\ui\item_info.arc,item_info.arc,17455
0,,,,ui\00_message\common\item_info.gmd,\ui\item_info.arc,item_info.arc,17456
0,,,,ui\00_message\common\item_info.gmd,\ui\item_info.arc,item_info.arc,17457
0,,,,ui\00_message\common\item_info.gmd,\ui\item_info.arc,item_info.arc,17458
0,,,,ui\00_message\common\item_info.gmd,\ui\item_info.arc,item_info.arc,17459
0,,,,ui\00_message\common\item_info.gmd,\ui\item_info.arc,item_info.arc,17460
0,,,,ui\00_message\common\item_info.gmd,\ui\item_info.arc,item_info.arc,17461
0,,,,ui\00_message\common\item_info.gmd,\ui\item_info.arc,item_info.arc,17462
0,,,,ui\00_message\common\item_info.gmd,\ui\item_info.arc,item_info.arc,17463
0,,,,ui\00_message\common\item_info.gmd,\ui\item_info.arc,item_info.arc,17464
0,,,,ui\00_message\common\item_info.gmd,\ui\item_info.arc,item_info.arc,17465
0,,,,ui\00_message\common\item_info.gmd,\ui\item_info.arc,item_info.arc,17466
0,,,,ui\00_message\common\item_info.gmd,\ui\item_info.arc,item_info.arc,17467
0,,,,ui\00_message\common\item_info.gmd,\ui\item_info.arc,item_info.arc,17468
0,,,,ui\00_message\common\item_info.gmd,\ui\item_info.arc,item_info.arc,17469
0,,,,ui\00_message\common\item_info.gmd,\ui\item_info.arc,item_info.arc,17470
0,,,,ui\00_message\common\item_info.gmd,\ui\item_info.arc,item_info.arc,17471
0,,,,ui\00_message\common\item_info.gmd,\ui\item_info.arc,item_info.arc,17472
0,,,,ui\00_message\common\item_info.gmd,\ui\item_info.arc,item_info.arc,17473
0,,,,ui\00_message\common\item_info.gmd,\ui\item_info.arc,item_info.arc,17474
0,,,,ui\00_message\common\item_info.gmd,\ui\item_info.arc,item_info.arc,17475
0,,,,ui\00_message\common\item_info.gmd,\ui\item_info.arc,item_info.arc,17476
0,,,,ui\00_message\common\item_info.gmd,\ui\item_info.arc,item_info.arc,17477
0,,,,ui\00_message\common\item_info.gmd,\ui\item_info.arc,item_info.arc,17478
0,,,,ui\00_message\common\item_info.gmd,\ui\item_info.arc,item_info.arc,17479
0,,,,ui\00_message\common\item_info.gmd,\ui\item_info.arc,item_info.arc,17480
0,,,,ui\00_message\common\item_info.gmd,\ui\item_info.arc,item_info.arc,17481
0,,,,ui\00_message\common\item_info.gmd,\ui\item_info.arc,item_info.arc,17482
0,,,,ui\00_message\common\item_info.gmd,\ui\item_info.arc,item_info.arc,17483
0,,,,ui\00_message\common\item_info.gmd,\ui\item_info.arc,item_info.arc,17484
0,,,,ui\00_message\common\item_info.gmd,\ui\item_info.arc,item_info.arc,17485
0,,,,ui\00_message\common\item_info.gmd,\ui\item_info.arc,item_info.arc,17486
0,,,,ui\00_message\common\item_info.gmd,\ui\item_info.arc,item_info.arc,17487
0,,,,ui\00_message\common\item_info.gmd,\ui\item_info.arc,item_info.arc,17488
0,,,,ui\00_message\common\item_info.gmd,\ui\item_info.arc,item_info.arc,17489
0,,,,ui\00_message\common\item_info.gmd,\ui\item_info.arc,item_info.arc,17490
0,,,,ui\00_message\common\item_info.gmd,\ui\item_info.arc,item_info.arc,17491
0,,,,ui\00_message\common\item_info.gmd,\ui\item_info.arc,item_info.arc,17492
0,,,,ui\00_message\common\item_info.gmd,\ui\item_info.arc,item_info.arc,17493
0,,,,ui\00_message\common\item_info.gmd,\ui\item_info.arc,item_info.arc,17494
0,,,,ui\00_message\common\item_info.gmd,\ui\item_info.arc,item_info.arc,17495
0,,,,ui\00_message\common\item_info.gmd,\ui\item_info.arc,item_info.arc,17496
0,,,,ui\00_message\common\item_info.gmd,\ui\item_info.arc,item_info.arc,17497
0,,,,ui\00_message\common\item_info.gmd,\ui\item_info.arc,item_info.arc,17498
0,,,,ui\00_message\common\item_info.gmd,\ui\item_info.arc,item_info.arc,17499
0,,,,ui\00_message\common\item_info.gmd,\ui\item_info.arc,item_info.arc,17500
0,,,,ui\00_message\common\item_info.gmd,\ui\item_info.arc,item_info.arc,17501
0,,,,ui\00_message\common\item_info.gmd,\ui\item_info.arc,item_info.arc,17502
0,,,,ui\00_message\common\item_info.gmd,\ui\item_info.arc,item_info.arc,17503
0,,,,ui\00_message\common\item_info.gmd,\ui\item_info.arc,item_info.arc,17504
0,,,,ui\00_message\common\item_info.gmd,\ui\item_info.arc,item_info.arc,17505
0,,,,ui\00_message\common\item_info.gmd,\ui\item_info.arc,item_info.arc,17506
0,,,,ui\00_message\common\item_info.gmd,\ui\item_info.arc,item_info.arc,17507
0,,,,ui\00_message\common\item_info.gmd,\ui\item_info.arc,item_info.arc,17508
0,,,,ui\00_message\common\item_info.gmd,\ui\item_info.arc,item_info.arc,17509
0,,,,ui\00_message\common\item_info.gmd,\ui\item_info.arc,item_info.arc,17510
0,,,,ui\00_message\common\item_info.gmd,\ui\item_info.arc,item_info.arc,17511
0,,,,ui\00_message\common\item_info.gmd,\ui\item_info.arc,item_info.arc,17512
0,,,,ui\00_message\common\item_info.gmd,\ui\item_info.arc,item_info.arc,17513
0,,,,ui\00_message\common\item_info.gmd,\ui\item_info.arc,item_info.arc,17514
0,,,,ui\00_message\common\item_info.gmd,\ui\item_info.arc,item_info.arc,17515
0,,,,ui\00_message\common\item_info.gmd,\ui\item_info.arc,item_info.arc,17516
0,,,,ui\00_message\common\item_info.gmd,\ui\item_info.arc,item_info.arc,17517
0,,,,ui\00_message\common\item_info.gmd,\ui\item_info.arc,item_info.arc,17518
0,,,,ui\00_message\common\item_info.gmd,\ui\item_info.arc,item_info.arc,17519
0,,,,ui\00_message\common\item_info.gmd,\ui\item_info.arc,item_info.arc,17520
0,,,,ui\00_message\common\item_info.gmd,\ui\item_info.arc,item_info.arc,17521
0,,,,ui\00_message\common\item_info.gmd,\ui\item_info.arc,item_info.arc,17522
0,,,,ui\00_message\common\item_info.gmd,\ui\item_info.arc,item_info.arc,17523
0,,,,ui\00_message\common\item_info.gmd,\ui\item_info.arc,item_info.arc,17524
0,,,,ui\00_message\common\item_info.gmd,\ui\item_info.arc,item_info.arc,17525
0,,,,ui\00_message\common\item_info.gmd,\ui\item_info.arc,item_info.arc,17526
0,,,,ui\00_message\common\item_info.gmd,\ui\item_info.arc,item_info.arc,17527
0,,,,ui\00_message\common\item_info.gmd,\ui\item_info.arc,item_info.arc,17528
0,,,,ui\00_message\common\item_info.gmd,\ui\item_info.arc,item_info.arc,17529
0,,,,ui\00_message\common\item_info.gmd,\ui\item_info.arc,item_info.arc,17530
0,,,,ui\00_message\common\item_info.gmd,\ui\item_info.arc,item_info.arc,17531
0,,,,ui\00_message\common\item_info.gmd,\ui\item_info.arc,item_info.arc,17532
0,,,,ui\00_message\common\item_info.gmd,\ui\item_info.arc,item_info.arc,17533
0,,,,ui\00_message\common\item_info.gmd,\ui\item_info.arc,item_info.arc,17534
0,,,,ui\00_message\common\item_info.gmd,\ui\item_info.arc,item_info.arc,17535
0,,,,ui\00_message\common\item_info.gmd,\ui\item_info.arc,item_info.arc,17536
0,,,,ui\00_message\common\item_info.gmd,\ui\item_info.arc,item_info.arc,17537
0,,,,ui\00_message\common\item_info.gmd,\ui\item_info.arc,item_info.arc,17538
0,,,,ui\00_message\common\item_info.gmd,\ui\item_info.arc,item_info.arc,17539
0,,,,ui\00_message\common\item_info.gmd,\ui\item_info.arc,item_info.arc,17540
0,,,,ui\00_message\common\item_info.gmd,\ui\item_info.arc,item_info.arc,17541
0,,,,ui\00_message\common\item_info.gmd,\ui\item_info.arc,item_info.arc,17542
0,,,,ui\00_message\common\item_info.gmd,\ui\item_info.arc,item_info.arc,17543
0,,,,ui\00_message\common\item_info.gmd,\ui\item_info.arc,item_info.arc,17544
0,,,,ui\00_message\common\item_info.gmd,\ui\item_info.arc,item_info.arc,17545
0,,,,ui\00_message\common\item_info.gmd,\ui\item_info.arc,item_info.arc,17546
0,,,,ui\00_message\common\item_info.gmd,\ui\item_info.arc,item_info.arc,17547
0,,,,ui\00_message\common\item_info.gmd,\ui\item_info.arc,item_info.arc,17548
0,,,,ui\00_message\common\item_info.gmd,\ui\item_info.arc,item_info.arc,17549
0,,,,ui\00_message\common\item_info.gmd,\ui\item_info.arc,item_info.arc,17550
0,,,,ui\00_message\common\item_info.gmd,\ui\item_info.arc,item_info.arc,17551
0,,,,ui\00_message\common\item_info.gmd,\ui\item_info.arc,item_info.arc,17552
0,,,,ui\00_message\common\item_info.gmd,\ui\item_info.arc,item_info.arc,17553
0,,,,ui\00_message\common\item_info.gmd,\ui\item_info.arc,item_info.arc,17554
0,,,,ui\00_message\common\item_info.gmd,\ui\item_info.arc,item_info.arc,17555
0,,,,ui\00_message\common\item_info.gmd,\ui\item_info.arc,item_info.arc,17556
0,,,,ui\00_message\common\item_info.gmd,\ui\item_info.arc,item_info.arc,17557
0,,,,ui\00_message\common\item_info.gmd,\ui\item_info.arc,item_info.arc,17558
0,,,,ui\00_message\common\item_info.gmd,\ui\item_info.arc,item_info.arc,17559
0,,,,ui\00_message\common\item_info.gmd,\ui\item_info.arc,item_info.arc,17560
0,,,,ui\00_message\common\item_info.gmd,\ui\item_info.arc,item_info.arc,17561
0,,,,ui\00_message\common\item_info.gmd,\ui\item_info.arc,item_info.arc,17562
0,,,,ui\00_message\common\item_info.gmd,\ui\item_info.arc,item_info.arc,17563
0,,,,ui\00_message\common\item_info.gmd,\ui\item_info.arc,item_info.arc,17564
0,,,,ui\00_message\common\item_info.gmd,\ui\item_info.arc,item_info.arc,17565
0,,,,ui\00_message\common\item_info.gmd,\ui\item_info.arc,item_info.arc,17566
0,,,,ui\00_message\common\item_info.gmd,\ui\item_info.arc,item_info.arc,17567
0,,,,ui\00_message\common\item_info.gmd,\ui\item_info.arc,item_info.arc,17568
0,,,,ui\00_message\common\item_info.gmd,\ui\item_info.arc,item_info.arc,17569
0,,,,ui\00_message\common\item_info.gmd,\ui\item_info.arc,item_info.arc,17570
0,,,,ui\00_message\common\item_info.gmd,\ui\item_info.arc,item_info.arc,17571
0,,,,ui\00_message\common\item_info.gmd,\ui\item_info.arc,item_info.arc,17572
0,,,,ui\00_message\common\item_info.gmd,\ui\item_info.arc,item_info.arc,17573
0,,,,ui\00_message\common\item_info.gmd,\ui\item_info.arc,item_info.arc,17574
0,,,,ui\00_message\common\item_info.gmd,\ui\item_info.arc,item_info.arc,17575
0,,,,ui\00_message\common\item_info.gmd,\ui\item_info.arc,item_info.arc,17576
0,,,,ui\00_message\common\item_info.gmd,\ui\item_info.arc,item_info.arc,17577
0,,,,ui\00_message\common\item_info.gmd,\ui\item_info.arc,item_info.arc,17578
0,,,,ui\00_message\common\item_info.gmd,\ui\item_info.arc,item_info.arc,17579
0,,,,ui\00_message\common\item_info.gmd,\ui\item_info.arc,item_info.arc,17580
0,,,,ui\00_message\common\item_info.gmd,\ui\item_info.arc,item_info.arc,17581
0,,,,ui\00_message\common\item_info.gmd,\ui\item_info.arc,item_info.arc,17582
0,,,,ui\00_message\common\item_info.gmd,\ui\item_info.arc,item_info.arc,17583
0,,,,ui\00_message\common\item_info.gmd,\ui\item_info.arc,item_info.arc,17584
0,,,,ui\00_message\common\item_info.gmd,\ui\item_info.arc,item_info.arc,17585
0,,,,ui\00_message\common\item_info.gmd,\ui\item_info.arc,item_info.arc,17586
0,,,,ui\00_message\common\item_info.gmd,\ui\item_info.arc,item_info.arc,17587
0,,,,ui\00_message\common\item_info.gmd,\ui\item_info.arc,item_info.arc,17588
0,,,,ui\00_message\common\item_info.gmd,\ui\item_info.arc,item_info.arc,17589
0,,,,ui\00_message\common\item_info.gmd,\ui\item_info.arc,item_info.arc,17590
0,,,,ui\00_message\common\item_info.gmd,\ui\item_info.arc,item_info.arc,17591
0,,,,ui\00_message\common\item_info.gmd,\ui\item_info.arc,item_info.arc,17592
0,,,,ui\00_message\common\item_info.gmd,\ui\item_info.arc,item_info.arc,17593
0,,,,ui\00_message\common\item_info.gmd,\ui\item_info.arc,item_info.arc,17594
0,,,,ui\00_message\common\item_info.gmd,\ui\item_info.arc,item_info.arc,17595
0,,,,ui\00_message\common\item_info.gmd,\ui\item_info.arc,item_info.arc,17596
0,,,,ui\00_message\common\item_info.gmd,\ui\item_info.arc,item_info.arc,17597
0,,,,ui\00_message\common\item_info.gmd,\ui\item_info.arc,item_info.arc,17598
0,,,,ui\00_message\common\item_info.gmd,\ui\item_info.arc,item_info.arc,17599
0,,,,ui\00_message\common\item_info.gmd,\ui\item_info.arc,item_info.arc,17600
0,,,,ui\00_message\common\item_info.gmd,\ui\item_info.arc,item_info.arc,17601
0,,,,ui\00_message\common\item_info.gmd,\ui\item_info.arc,item_info.arc,17602
0,,,,ui\00_message\common\item_info.gmd,\ui\item_info.arc,item_info.arc,17603
0,,,,ui\00_message\common\item_info.gmd,\ui\item_info.arc,item_info.arc,17604
0,,,,ui\00_message\common\item_info.gmd,\ui\item_info.arc,item_info.arc,17605
0,,,,ui\00_message\common\item_info.gmd,\ui\item_info.arc,item_info.arc,17606
0,,,,ui\00_message\common\item_info.gmd,\ui\item_info.arc,item_info.arc,17607
0,,,,ui\00_message\common\item_info.gmd,\ui\item_info.arc,item_info.arc,17608
0,,,,ui\00_message\common\item_info.gmd,\ui\item_info.arc,item_info.arc,17609
0,,,,ui\00_message\common\item_info.gmd,\ui\item_info.arc,item_info.arc,17610
0,,,,ui\00_message\common\item_info.gmd,\ui\item_info.arc,item_info.arc,17611
0,,,,ui\00_message\common\item_info.gmd,\ui\item_info.arc,item_info.arc,17612
0,,,,ui\00_message\common\item_info.gmd,\ui\item_info.arc,item_info.arc,17613
0,,,,ui\00_message\common\item_info.gmd,\ui\item_info.arc,item_info.arc,17614
0,,,,ui\00_message\common\item_info.gmd,\ui\item_info.arc,item_info.arc,17615
0,,,,ui\00_message\common\item_info.gmd,\ui\item_info.arc,item_info.arc,17616
0,,,,ui\00_message\common\item_info.gmd,\ui\item_info.arc,item_info.arc,17617
0,,,,ui\00_message\common\item_info.gmd,\ui\item_info.arc,item_info.arc,17618
0,,,,ui\00_message\common\item_info.gmd,\ui\item_info.arc,item_info.arc,17619
0,,,,ui\00_message\common\item_info.gmd,\ui\item_info.arc,item_info.arc,17620
0,,,,ui\00_message\common\item_info.gmd,\ui\item_info.arc,item_info.arc,17621
0,,,,ui\00_message\common\item_info.gmd,\ui\item_info.arc,item_info.arc,17622
0,,,,ui\00_message\common\item_info.gmd,\ui\item_info.arc,item_info.arc,17623
0,,,,ui\00_message\common\item_info.gmd,\ui\item_info.arc,item_info.arc,17624
0,,,,ui\00_message\common\item_info.gmd,\ui\item_info.arc,item_info.arc,17625
0,,,,ui\00_message\common\item_info.gmd,\ui\item_info.arc,item_info.arc,17626
0,,,,ui\00_message\common\item_info.gmd,\ui\item_info.arc,item_info.arc,17627
0,,,,ui\00_message\common\item_info.gmd,\ui\item_info.arc,item_info.arc,17628
0,,,,ui\00_message\common\item_info.gmd,\ui\item_info.arc,item_info.arc,17629
0,,,,ui\00_message\common\item_info.gmd,\ui\item_info.arc,item_info.arc,17630
0,,,,ui\00_message\common\item_info.gmd,\ui\item_info.arc,item_info.arc,17631
0,,,,ui\00_message\common\item_info.gmd,\ui\item_info.arc,item_info.arc,17632
0,,,,ui\00_message\common\item_info.gmd,\ui\item_info.arc,item_info.arc,17633
0,,,,ui\00_message\common\item_info.gmd,\ui\item_info.arc,item_info.arc,17634
0,,,,ui\00_message\common\item_info.gmd,\ui\item_info.arc,item_info.arc,17635
0,,,,ui\00_message\common\item_info.gmd,\ui\item_info.arc,item_info.arc,17636
0,,,,ui\00_message\common\item_info.gmd,\ui\item_info.arc,item_info.arc,17637
0,,,,ui\00_message\common\item_info.gmd,\ui\item_info.arc,item_info.arc,17638
0,,,,ui\00_message\common\item_info.gmd,\ui\item_info.arc,item_info.arc,17639
0,,,,ui\00_message\common\item_info.gmd,\ui\item_info.arc,item_info.arc,17640
0,,,,ui\00_message\common\item_info.gmd,\ui\item_info.arc,item_info.arc,17641
0,,,,ui\00_message\common\item_info.gmd,\ui\item_info.arc,item_info.arc,17642
0,,,,ui\00_message\common\item_info.gmd,\ui\item_info.arc,item_info.arc,17643
0,,,,ui\00_message\common\item_info.gmd,\ui\item_info.arc,item_info.arc,17644
0,,,,ui\00_message\common\item_info.gmd,\ui\item_info.arc,item_info.arc,17645
0,,,,ui\00_message\common\item_info.gmd,\ui\item_info.arc,item_info.arc,17646
0,,,,ui\00_message\common\item_info.gmd,\ui\item_info.arc,item_info.arc,17647
0,,,,ui\00_message\common\item_info.gmd,\ui\item_info.arc,item_info.arc,17648
0,,,,ui\00_message\common\item_info.gmd,\ui\item_info.arc,item_info.arc,17649
0,,,,ui\00_message\common\item_info.gmd,\ui\item_info.arc,item_info.arc,17650
0,,,,ui\00_message\common\item_info.gmd,\ui\item_info.arc,item_info.arc,17651
0,,,,ui\00_message\common\item_info.gmd,\ui\item_info.arc,item_info.arc,17652
0,,,,ui\00_message\common\item_info.gmd,\ui\item_info.arc,item_info.arc,17653
0,,,,ui\00_message\common\item_info.gmd,\ui\item_info.arc,item_info.arc,17654
0,,,,ui\00_message\common\item_info.gmd,\ui\item_info.arc,item_info.arc,17655
0,,,,ui\00_message\common\item_info.gmd,\ui\item_info.arc,item_info.arc,17656
0,,,,ui\00_message\common\item_info.gmd,\ui\item_info.arc,item_info.arc,17657
0,,,,ui\00_message\common\item_info.gmd,\ui\item_info.arc,item_info.arc,17658
0,,,,ui\00_message\common\item_info.gmd,\ui\item_info.arc,item_info.arc,17659
0,,,,ui\00_message\common\item_info.gmd,\ui\item_info.arc,item_info.arc,17660
0,,,,ui\00_message\common\item_info.gmd,\ui\item_info.arc,item_info.arc,17661
0,,,,ui\00_message\common\item_info.gmd,\ui\item_info.arc,item_info.arc,17662
0,,,,ui\00_message\common\item_info.gmd,\ui\item_info.arc,item_info.arc,17663
0,,,,ui\00_message\common\item_info.gmd,\ui\item_info.arc,item_info.arc,17664
0,,,,ui\00_message\common\item_info.gmd,\ui\item_info.arc,item_info.arc,17665
0,,,,ui\00_message\common\item_info.gmd,\ui\item_info.arc,item_info.arc,17666
0,,,,ui\00_message\common\item_info.gmd,\ui\item_info.arc,item_info.arc,17667
0,,,,ui\00_message\common\item_info.gmd,\ui\item_info.arc,item_info.arc,17668
0,,,,ui\00_message\common\item_info.gmd,\ui\item_info.arc,item_info.arc,17669
0,,,,ui\00_message\common\item_info.gmd,\ui\item_info.arc,item_info.arc,17670
0,,,,ui\00_message\common\item_info.gmd,\ui\item_info.arc,item_info.arc,17671
0,,,,ui\00_message\common\item_info.gmd,\ui\item_info.arc,item_info.arc,17672
0,,,,ui\00_message\common\item_info.gmd,\ui\item_info.arc,item_info.arc,17673
0,,,,ui\00_message\common\item_info.gmd,\ui\item_info.arc,item_info.arc,17674
0,,,,ui\00_message\common\item_info.gmd,\ui\item_info.arc,item_info.arc,17675
0,,,,ui\00_message\common\item_info.gmd,\ui\item_info.arc,item_info.arc,17676
0,,,,ui\00_message\common\item_info.gmd,\ui\item_info.arc,item_info.arc,17677
0,,,,ui\00_message\common\item_info.gmd,\ui\item_info.arc,item_info.arc,17678
0,,,,ui\00_message\common\item_info.gmd,\ui\item_info.arc,item_info.arc,17679
0,,,,ui\00_message\common\item_info.gmd,\ui\item_info.arc,item_info.arc,17680
0,,,,ui\00_message\common\item_info.gmd,\ui\item_info.arc,item_info.arc,17681
0,,,,ui\00_message\common\item_info.gmd,\ui\item_info.arc,item_info.arc,17682
0,,,,ui\00_message\common\item_info.gmd,\ui\item_info.arc,item_info.arc,17683
0,,,,ui\00_message\common\item_info.gmd,\ui\item_info.arc,item_info.arc,17684
0,,,,ui\00_message\common\item_info.gmd,\ui\item_info.arc,item_info.arc,17685
0,,,,ui\00_message\common\item_info.gmd,\ui\item_info.arc,item_info.arc,17686
0,,,,ui\00_message\common\item_info.gmd,\ui\item_info.arc,item_info.arc,17687
0,,,,ui\00_message\common\item_info.gmd,\ui\item_info.arc,item_info.arc,17688
0,,,,ui\00_message\common\item_info.gmd,\ui\item_info.arc,item_info.arc,17689
0,,,,ui\00_message\common\item_info.gmd,\ui\item_info.arc,item_info.arc,17690
0,,,,ui\00_message\common\item_info.gmd,\ui\item_info.arc,item_info.arc,17691
0,,,,ui\00_message\common\item_info.gmd,\ui\item_info.arc,item_info.arc,17692
0,,,,ui\00_message\common\item_info.gmd,\ui\item_info.arc,item_info.arc,17693
0,,,,ui\00_message\common\item_info.gmd,\ui\item_info.arc,item_info.arc,17694
0,,,,ui\00_message\common\item_info.gmd,\ui\item_info.arc,item_info.arc,17695
0,,,,ui\00_message\common\item_info.gmd,\ui\item_info.arc,item_info.arc,17696
0,,,,ui\00_message\common\item_info.gmd,\ui\item_info.arc,item_info.arc,17697
0,,,,ui\00_message\common\item_info.gmd,\ui\item_info.arc,item_info.arc,17698
0,,,,ui\00_message\common\item_info.gmd,\ui\item_info.arc,item_info.arc,17699
0,,,,ui\00_message\common\item_info.gmd,\ui\item_info.arc,item_info.arc,17700
0,,,,ui\00_message\common\item_info.gmd,\ui\item_info.arc,item_info.arc,17701
0,,,,ui\00_message\common\item_info.gmd,\ui\item_info.arc,item_info.arc,17702
0,,,,ui\00_message\common\item_info.gmd,\ui\item_info.arc,item_info.arc,17703
0,,,,ui\00_message\common\item_info.gmd,\ui\item_info.arc,item_info.arc,17704
0,,,,ui\00_message\common\item_info.gmd,\ui\item_info.arc,item_info.arc,17705
0,,,,ui\00_message\common\item_info.gmd,\ui\item_info.arc,item_info.arc,17706
0,,,,ui\00_message\common\item_info.gmd,\ui\item_info.arc,item_info.arc,17707
0,,,,ui\00_message\common\item_info.gmd,\ui\item_info.arc,item_info.arc,17708
0,,,,ui\00_message\common\item_info.gmd,\ui\item_info.arc,item_info.arc,17709
0,,,,ui\00_message\common\item_info.gmd,\ui\item_info.arc,item_info.arc,17710
0,,,,ui\00_message\common\item_info.gmd,\ui\item_info.arc,item_info.arc,17711
0,,,,ui\00_message\common\item_info.gmd,\ui\item_info.arc,item_info.arc,17712
0,,,,ui\00_message\common\item_info.gmd,\ui\item_info.arc,item_info.arc,17713
0,,,,ui\00_message\common\item_info.gmd,\ui\item_info.arc,item_info.arc,17714
0,,,,ui\00_message\common\item_info.gmd,\ui\item_info.arc,item_info.arc,17715
0,,,,ui\00_message\common\item_info.gmd,\ui\item_info.arc,item_info.arc,17716
0,,,,ui\00_message\common\item_info.gmd,\ui\item_info.arc,item_info.arc,17717
0,,,,ui\00_message\common\item_info.gmd,\ui\item_info.arc,item_info.arc,17718
0,,,,ui\00_message\common\item_info.gmd,\ui\item_info.arc,item_info.arc,17719
0,,,,ui\00_message\common\item_info.gmd,\ui\item_info.arc,item_info.arc,17720
0,,,,ui\00_message\common\item_info.gmd,\ui\item_info.arc,item_info.arc,17721
0,,,,ui\00_message\common\item_info.gmd,\ui\item_info.arc,item_info.arc,17722
0,,,,ui\00_message\common\item_info.gmd,\ui\item_info.arc,item_info.arc,17723
0,,,,ui\00_message\common\item_info.gmd,\ui\item_info.arc,item_info.arc,17724
0,,,,ui\00_message\common\item_info.gmd,\ui\item_info.arc,item_info.arc,17725
0,,,,ui\00_message\common\item_info.gmd,\ui\item_info.arc,item_info.arc,17726
0,,,,ui\00_message\common\item_info.gmd,\ui\item_info.arc,item_info.arc,17727
0,,,,ui\00_message\common\item_info.gmd,\ui\item_info.arc,item_info.arc,17728
0,,,,ui\00_message\common\item_info.gmd,\ui\item_info.arc,item_info.arc,17729
0,,,,ui\00_message\common\item_info.gmd,\ui\item_info.arc,item_info.arc,17730
0,,,,ui\00_message\common\item_info.gmd,\ui\item_info.arc,item_info.arc,17731
0,,,,ui\00_message\common\item_info.gmd,\ui\item_info.arc,item_info.arc,17732
0,,,,ui\00_message\common\item_info.gmd,\ui\item_info.arc,item_info.arc,17733
0,,,,ui\00_message\common\item_info.gmd,\ui\item_info.arc,item_info.arc,17734
0,,,,ui\00_message\common\item_info.gmd,\ui\item_info.arc,item_info.arc,17735
0,,,,ui\00_message\common\item_info.gmd,\ui\item_info.arc,item_info.arc,17736
0,,,,ui\00_message\common\item_info.gmd,\ui\item_info.arc,item_info.arc,17737
0,,,,ui\00_message\common\item_info.gmd,\ui\item_info.arc,item_info.arc,17738
0,,,,ui\00_message\common\item_info.gmd,\ui\item_info.arc,item_info.arc,17739
0,,,,ui\00_message\common\item_info.gmd,\ui\item_info.arc,item_info.arc,17740
0,,,,ui\00_message\common\item_info.gmd,\ui\item_info.arc,item_info.arc,17741
0,,,,ui\00_message\common\item_info.gmd,\ui\item_info.arc,item_info.arc,17742
0,,,,ui\00_message\common\item_info.gmd,\ui\item_info.arc,item_info.arc,17743
0,,,,ui\00_message\common\item_info.gmd,\ui\item_info.arc,item_info.arc,17744
0,,,,ui\00_message\common\item_info.gmd,\ui\item_info.arc,item_info.arc,17745
0,,,,ui\00_message\common\item_info.gmd,\ui\item_info.arc,item_info.arc,17746
0,,,,ui\00_message\common\item_info.gmd,\ui\item_info.arc,item_info.arc,17747
0,,,,ui\00_message\common\item_info.gmd,\ui\item_info.arc,item_info.arc,17748
0,,,,ui\00_message\common\item_info.gmd,\ui\item_info.arc,item_info.arc,17749
0,,,,ui\00_message\common\item_info.gmd,\ui\item_info.arc,item_info.arc,17750
0,,,,ui\00_message\common\item_info.gmd,\ui\item_info.arc,item_info.arc,17751
0,,,,ui\00_message\common\item_info.gmd,\ui\item_info.arc,item_info.arc,17752
0,,,,ui\00_message\common\item_info.gmd,\ui\item_info.arc,item_info.arc,17753
0,,,,ui\00_message\common\item_info.gmd,\ui\item_info.arc,item_info.arc,17754
0,,,,ui\00_message\common\item_info.gmd,\ui\item_info.arc,item_info.arc,17755
0,,,,ui\00_message\common\item_info.gmd,\ui\item_info.arc,item_info.arc,17756
0,,,,ui\00_message\common\item_info.gmd,\ui\item_info.arc,item_info.arc,17757
0,,,,ui\00_message\common\item_info.gmd,\ui\item_info.arc,item_info.arc,17758
0,,,,ui\00_message\common\item_info.gmd,\ui\item_info.arc,item_info.arc,17759
0,,,,ui\00_message\common\item_info.gmd,\ui\item_info.arc,item_info.arc,17760
0,,,,ui\00_message\common\item_info.gmd,\ui\item_info.arc,item_info.arc,17761
0,,,,ui\00_message\common\item_info.gmd,\ui\item_info.arc,item_info.arc,17762
0,,,,ui\00_message\common\item_info.gmd,\ui\item_info.arc,item_info.arc,17763
0,,,,ui\00_message\common\item_info.gmd,\ui\item_info.arc,item_info.arc,17764
0,,,,ui\00_message\common\item_info.gmd,\ui\item_info.arc,item_info.arc,17765
0,,,,ui\00_message\common\item_info.gmd,\ui\item_info.arc,item_info.arc,17766
0,,,,ui\00_message\common\item_info.gmd,\ui\item_info.arc,item_info.arc,17767
0,,,,ui\00_message\common\item_info.gmd,\ui\item_info.arc,item_info.arc,17768
0,,,,ui\00_message\common\item_info.gmd,\ui\item_info.arc,item_info.arc,17769
0,,,,ui\00_message\common\item_info.gmd,\ui\item_info.arc,item_info.arc,17770
0,,,,ui\00_message\common\item_info.gmd,\ui\item_info.arc,item_info.arc,17771
0,,,,ui\00_message\common\item_info.gmd,\ui\item_info.arc,item_info.arc,17772
0,,,,ui\00_message\common\item_info.gmd,\ui\item_info.arc,item_info.arc,17773
0,,,,ui\00_message\common\item_info.gmd,\ui\item_info.arc,item_info.arc,17774
0,,,,ui\00_message\common\item_info.gmd,\ui\item_info.arc,item_info.arc,17775
0,,,,ui\00_message\common\item_info.gmd,\ui\item_info.arc,item_info.arc,17776
0,,,,ui\00_message\common\item_info.gmd,\ui\item_info.arc,item_info.arc,17777
0,,,,ui\00_message\common\item_info.gmd,\ui\item_info.arc,item_info.arc,17778
0,,,,ui\00_message\common\item_info.gmd,\ui\item_info.arc,item_info.arc,17779
0,,,,ui\00_message\common\item_info.gmd,\ui\item_info.arc,item_info.arc,17780
0,,,,ui\00_message\common\item_info.gmd,\ui\item_info.arc,item_info.arc,17781
0,,,,ui\00_message\common\item_info.gmd,\ui\item_info.arc,item_info.arc,17782
0,,,,ui\00_message\common\item_info.gmd,\ui\item_info.arc,item_info.arc,17783
0,,,,ui\00_message\common\item_info.gmd,\ui\item_info.arc,item_info.arc,17784
0,,,,ui\00_message\common\item_info.gmd,\ui\item_info.arc,item_info.arc,17785
0,,,,ui\00_message\common\item_info.gmd,\ui\item_info.arc,item_info.arc,17786
0,,,,ui\00_message\common\item_info.gmd,\ui\item_info.arc,item_info.arc,17787
0,,,,ui\00_message\common\item_info.gmd,\ui\item_info.arc,item_info.arc,17788
0,,,,ui\00_message\common\item_info.gmd,\ui\item_info.arc,item_info.arc,17789
0,,,,ui\00_message\common\item_info.gmd,\ui\item_info.arc,item_info.arc,17790
0,,,,ui\00_message\common\item_info.gmd,\ui\item_info.arc,item_info.arc,17791
0,,,,ui\00_message\common\item_info.gmd,\ui\item_info.arc,item_info.arc,17792
0,,,,ui\00_message\common\item_info.gmd,\ui\item_info.arc,item_info.arc,17793
0,,,,ui\00_message\common\item_info.gmd,\ui\item_info.arc,item_info.arc,17794
0,,,,ui\00_message\common\item_info.gmd,\ui\item_info.arc,item_info.arc,17795
0,,,,ui\00_message\common\item_info.gmd,\ui\item_info.arc,item_info.arc,17796
0,,,,ui\00_message\common\item_info.gmd,\ui\item_info.arc,item_info.arc,17797
0,,,,ui\00_message\common\item_info.gmd,\ui\item_info.arc,item_info.arc,17798
0,,,,ui\00_message\common\item_info.gmd,\ui\item_info.arc,item_info.arc,17799
0,,,,ui\00_message\common\item_info.gmd,\ui\item_info.arc,item_info.arc,17800
0,,,,ui\00_message\common\item_info.gmd,\ui\item_info.arc,item_info.arc,17801
0,,,,ui\00_message\common\item_info.gmd,\ui\item_info.arc,item_info.arc,17802
0,,,,ui\00_message\common\item_info.gmd,\ui\item_info.arc,item_info.arc,17803
0,,,,ui\00_message\common\item_info.gmd,\ui\item_info.arc,item_info.arc,17804
0,,,,ui\00_message\common\item_info.gmd,\ui\item_info.arc,item_info.arc,17805
0,,,,ui\00_message\common\item_info.gmd,\ui\item_info.arc,item_info.arc,17806
0,,,,ui\00_message\common\item_info.gmd,\ui\item_info.arc,item_info.arc,17807
0,,,,ui\00_message\common\item_info.gmd,\ui\item_info.arc,item_info.arc,17808
0,,,,ui\00_message\common\item_info.gmd,\ui\item_info.arc,item_info.arc,17809
0,,,,ui\00_message\common\item_info.gmd,\ui\item_info.arc,item_info.arc,17810
0,,,,ui\00_message\common\item_info.gmd,\ui\item_info.arc,item_info.arc,17811
0,,,,ui\00_message\common\item_info.gmd,\ui\item_info.arc,item_info.arc,17812
0,,,,ui\00_message\common\item_info.gmd,\ui\item_info.arc,item_info.arc,17813
0,,,,ui\00_message\common\item_info.gmd,\ui\item_info.arc,item_info.arc,17814
0,,,,ui\00_message\common\item_info.gmd,\ui\item_info.arc,item_info.arc,17815
0,,,,ui\00_message\common\item_info.gmd,\ui\item_info.arc,item_info.arc,17816
0,,,,ui\00_message\common\item_info.gmd,\ui\item_info.arc,item_info.arc,17817
0,,,,ui\00_message\common\item_info.gmd,\ui\item_info.arc,item_info.arc,17818
0,,,,ui\00_message\common\item_info.gmd,\ui\item_info.arc,item_info.arc,17819
0,,,,ui\00_message\common\item_info.gmd,\ui\item_info.arc,item_info.arc,17820
0,,,,ui\00_message\common\item_info.gmd,\ui\item_info.arc,item_info.arc,17821
0,,,,ui\00_message\common\item_info.gmd,\ui\item_info.arc,item_info.arc,17822
0,,,,ui\00_message\common\item_info.gmd,\ui\item_info.arc,item_info.arc,17823
0,,,,ui\00_message\common\item_info.gmd,\ui\item_info.arc,item_info.arc,17824
0,,,,ui\00_message\common\item_info.gmd,\ui\item_info.arc,item_info.arc,17825
0,,,,ui\00_message\common\item_info.gmd,\ui\item_info.arc,item_info.arc,17826
0,,,,ui\00_message\common\item_info.gmd,\ui\item_info.arc,item_info.arc,17827
0,,,,ui\00_message\common\item_info.gmd,\ui\item_info.arc,item_info.arc,17828
0,,,,ui\00_message\common\item_info.gmd,\ui\item_info.arc,item_info.arc,17829
0,,,,ui\00_message\common\item_info.gmd,\ui\item_info.arc,item_info.arc,17830
0,,,,ui\00_message\common\item_info.gmd,\ui\item_info.arc,item_info.arc,17831
0,,,,ui\00_message\common\item_info.gmd,\ui\item_info.arc,item_info.arc,17832
0,,,,ui\00_message\common\item_info.gmd,\ui\item_info.arc,item_info.arc,17833
0,,,,ui\00_message\common\item_info.gmd,\ui\item_info.arc,item_info.arc,17834
0,,,,ui\00_message\common\item_info.gmd,\ui\item_info.arc,item_info.arc,17835
0,,,,ui\00_message\common\item_info.gmd,\ui\item_info.arc,item_info.arc,17836
0,,,,ui\00_message\common\item_info.gmd,\ui\item_info.arc,item_info.arc,17837
0,,,,ui\00_message\common\item_info.gmd,\ui\item_info.arc,item_info.arc,17838
0,,,,ui\00_message\common\item_info.gmd,\ui\item_info.arc,item_info.arc,17839
0,,,,ui\00_message\common\item_info.gmd,\ui\item_info.arc,item_info.arc,17840
0,,,,ui\00_message\common\item_info.gmd,\ui\item_info.arc,item_info.arc,17841
0,,,,ui\00_message\common\item_info.gmd,\ui\item_info.arc,item_info.arc,17842
0,,,,ui\00_message\common\item_info.gmd,\ui\item_info.arc,item_info.arc,17843
0,,,,ui\00_message\common\item_info.gmd,\ui\item_info.arc,item_info.arc,17844
0,,,,ui\00_message\common\item_info.gmd,\ui\item_info.arc,item_info.arc,17845
0,,,,ui\00_message\common\item_info.gmd,\ui\item_info.arc,item_info.arc,17846
0,,,,ui\00_message\common\item_info.gmd,\ui\item_info.arc,item_info.arc,17847
0,,,,ui\00_message\common\item_info.gmd,\ui\item_info.arc,item_info.arc,17848
0,,,,ui\00_message\common\item_info.gmd,\ui\item_info.arc,item_info.arc,17849
0,,,,ui\00_message\common\item_info.gmd,\ui\item_info.arc,item_info.arc,17850
0,,,,ui\00_message\common\item_info.gmd,\ui\item_info.arc,item_info.arc,17851
0,,,,ui\00_message\common\item_info.gmd,\ui\item_info.arc,item_info.arc,17852
0,,,,ui\00_message\common\item_info.gmd,\ui\item_info.arc,item_info.arc,17853
0,,,,ui\00_message\common\item_info.gmd,\ui\item_info.arc,item_info.arc,17854
0,,,,ui\00_message\common\item_info.gmd,\ui\item_info.arc,item_info.arc,17855
0,,,,ui\00_message\common\item_info.gmd,\ui\item_info.arc,item_info.arc,17856
0,,,,ui\00_message\common\item_info.gmd,\ui\item_info.arc,item_info.arc,17857
0,,,,ui\00_message\common\item_info.gmd,\ui\item_info.arc,item_info.arc,17858
0,,,,ui\00_message\common\item_info.gmd,\ui\item_info.arc,item_info.arc,17859
0,,,,ui\00_message\common\item_info.gmd,\ui\item_info.arc,item_info.arc,17860
0,,,,ui\00_message\common\item_info.gmd,\ui\item_info.arc,item_info.arc,17861
0,,,,ui\00_message\common\item_info.gmd,\ui\item_info.arc,item_info.arc,17862
0,,,,ui\00_message\common\item_info.gmd,\ui\item_info.arc,item_info.arc,17863
0,,,,ui\00_message\common\item_info.gmd,\ui\item_info.arc,item_info.arc,17864
0,,,,ui\00_message\common\item_info.gmd,\ui\item_info.arc,item_info.arc,17865
0,,,,ui\00_message\common\item_info.gmd,\ui\item_info.arc,item_info.arc,17866
0,,,,ui\00_message\common\item_info.gmd,\ui\item_info.arc,item_info.arc,17867
0,,,,ui\00_message\common\item_info.gmd,\ui\item_info.arc,item_info.arc,17868
0,,,,ui\00_message\common\item_info.gmd,\ui\item_info.arc,item_info.arc,17869
0,,,,ui\00_message\common\item_info.gmd,\ui\item_info.arc,item_info.arc,17870
0,,,,ui\00_message\common\item_info.gmd,\ui\item_info.arc,item_info.arc,17871
0,,,,ui\00_message\common\item_info.gmd,\ui\item_info.arc,item_info.arc,17872
0,,,,ui\00_message\common\item_info.gmd,\ui\item_info.arc,item_info.arc,17873
0,,,,ui\00_message\common\item_info.gmd,\ui\item_info.arc,item_info.arc,17874
0,,,,ui\00_message\common\item_info.gmd,\ui\item_info.arc,item_info.arc,17875
0,,,,ui\00_message\common\item_info.gmd,\ui\item_info.arc,item_info.arc,17876
0,,,,ui\00_message\common\item_info.gmd,\ui\item_info.arc,item_info.arc,17877
0,,,,ui\00_message\common\item_info.gmd,\ui\item_info.arc,item_info.arc,17878
0,,,,ui\00_message\common\item_info.gmd,\ui\item_info.arc,item_info.arc,17879
0,,,,ui\00_message\common\item_info.gmd,\ui\item_info.arc,item_info.arc,17880
0,,,,ui\00_message\common\item_info.gmd,\ui\item_info.arc,item_info.arc,17881
0,,,,ui\00_message\common\item_info.gmd,\ui\item_info.arc,item_info.arc,17882
0,,,,ui\00_message\common\item_info.gmd,\ui\item_info.arc,item_info.arc,17883
0,,,,ui\00_message\common\item_info.gmd,\ui\item_info.arc,item_info.arc,17884
0,,,,ui\00_message\common\item_info.gmd,\ui\item_info.arc,item_info.arc,17885
0,,,,ui\00_message\common\item_info.gmd,\ui\item_info.arc,item_info.arc,17886
0,,,,ui\00_message\common\item_info.gmd,\ui\item_info.arc,item_info.arc,17887
0,,,,ui\00_message\common\item_info.gmd,\ui\item_info.arc,item_info.arc,17888
0,,,,ui\00_message\common\item_info.gmd,\ui\item_info.arc,item_info.arc,17889
0,,,,ui\00_message\common\item_info.gmd,\ui\item_info.arc,item_info.arc,17890
0,,,,ui\00_message\common\item_info.gmd,\ui\item_info.arc,item_info.arc,17891
0,,,,ui\00_message\common\item_info.gmd,\ui\item_info.arc,item_info.arc,17892
0,,,,ui\00_message\common\item_info.gmd,\ui\item_info.arc,item_info.arc,17893
0,,,,ui\00_message\common\item_info.gmd,\ui\item_info.arc,item_info.arc,17894
0,,,,ui\00_message\common\item_info.gmd,\ui\item_info.arc,item_info.arc,17895
0,,,,ui\00_message\common\item_info.gmd,\ui\item_info.arc,item_info.arc,17896
0,,,,ui\00_message\common\item_info.gmd,\ui\item_info.arc,item_info.arc,17897
0,,,,ui\00_message\common\item_info.gmd,\ui\item_info.arc,item_info.arc,17898
0,,,,ui\00_message\common\item_info.gmd,\ui\item_info.arc,item_info.arc,17899
0,,,,ui\00_message\common\item_info.gmd,\ui\item_info.arc,item_info.arc,17900
0,,,,ui\00_message\common\item_info.gmd,\ui\item_info.arc,item_info.arc,17901
0,,,,ui\00_message\common\item_info.gmd,\ui\item_info.arc,item_info.arc,17902
0,,,,ui\00_message\common\item_info.gmd,\ui\item_info.arc,item_info.arc,17903
0,,,,ui\00_message\common\item_info.gmd,\ui\item_info.arc,item_info.arc,17904
0,,,,ui\00_message\common\item_info.gmd,\ui\item_info.arc,item_info.arc,17905
0,,,,ui\00_message\common\item_info.gmd,\ui\item_info.arc,item_info.arc,17906
0,,,,ui\00_message\common\item_info.gmd,\ui\item_info.arc,item_info.arc,17907
0,,,,ui\00_message\common\item_info.gmd,\ui\item_info.arc,item_info.arc,17908
0,,,,ui\00_message\common\item_info.gmd,\ui\item_info.arc,item_info.arc,17909
0,,,,ui\00_message\common\item_info.gmd,\ui\item_info.arc,item_info.arc,17910
0,,,,ui\00_message\common\item_info.gmd,\ui\item_info.arc,item_info.arc,17911
0,,,,ui\00_message\common\item_info.gmd,\ui\item_info.arc,item_info.arc,17912
0,,,,ui\00_message\common\item_info.gmd,\ui\item_info.arc,item_info.arc,17913
0,,,,ui\00_message\common\item_info.gmd,\ui\item_info.arc,item_info.arc,17914
0,,,,ui\00_message\common\item_info.gmd,\ui\item_info.arc,item_info.arc,17915
0,,,,ui\00_message\common\item_info.gmd,\ui\item_info.arc,item_info.arc,17916
0,,,,ui\00_message\common\item_info.gmd,\ui\item_info.arc,item_info.arc,17917
0,,,,ui\00_message\common\item_info.gmd,\ui\item_info.arc,item_info.arc,17918
0,,,,ui\00_message\common\item_info.gmd,\ui\item_info.arc,item_info.arc,17919
0,,,,ui\00_message\common\item_info.gmd,\ui\item_info.arc,item_info.arc,17920
0,,,,ui\00_message\common\item_info.gmd,\ui\item_info.arc,item_info.arc,17921
0,,,,ui\00_message\common\item_info.gmd,\ui\item_info.arc,item_info.arc,17922
0,,,,ui\00_message\common\item_info.gmd,\ui\item_info.arc,item_info.arc,17923
0,,,,ui\00_message\common\item_info.gmd,\ui\item_info.arc,item_info.arc,17924
0,,,,ui\00_message\common\item_info.gmd,\ui\item_info.arc,item_info.arc,17925
0,,,,ui\00_message\common\item_info.gmd,\ui\item_info.arc,item_info.arc,17926
0,,,,ui\00_message\common\item_info.gmd,\ui\item_info.arc,item_info.arc,17927
0,,,,ui\00_message\common\item_info.gmd,\ui\item_info.arc,item_info.arc,17928
0,,,,ui\00_message\common\item_info.gmd,\ui\item_info.arc,item_info.arc,17929
0,,,,ui\00_message\common\item_info.gmd,\ui\item_info.arc,item_info.arc,17930
0,,,,ui\00_message\common\item_info.gmd,\ui\item_info.arc,item_info.arc,17931
0,,,,ui\00_message\common\item_info.gmd,\ui\item_info.arc,item_info.arc,17932
0,,,,ui\00_message\common\item_info.gmd,\ui\item_info.arc,item_info.arc,17933
0,,,,ui\00_message\common\item_info.gmd,\ui\item_info.arc,item_info.arc,17934
0,,,,ui\00_message\common\item_info.gmd,\ui\item_info.arc,item_info.arc,17935
0,,,,ui\00_message\common\item_info.gmd,\ui\item_info.arc,item_info.arc,17936
0,,,,ui\00_message\common\item_info.gmd,\ui\item_info.arc,item_info.arc,17937
0,,,,ui\00_message\common\item_info.gmd,\ui\item_info.arc,item_info.arc,17938
0,,,,ui\00_message\common\item_info.gmd,\ui\item_info.arc,item_info.arc,17939
0,,,,ui\00_message\common\item_info.gmd,\ui\item_info.arc,item_info.arc,17940
0,,,,ui\00_message\common\item_info.gmd,\ui\item_info.arc,item_info.arc,17941
0,,,,ui\00_message\common\item_info.gmd,\ui\item_info.arc,item_info.arc,17942
0,,,,ui\00_message\common\item_info.gmd,\ui\item_info.arc,item_info.arc,17943
0,,,,ui\00_message\common\item_info.gmd,\ui\item_info.arc,item_info.arc,17944
0,,,,ui\00_message\common\item_info.gmd,\ui\item_info.arc,item_info.arc,17945
0,,,,ui\00_message\common\item_info.gmd,\ui\item_info.arc,item_info.arc,17946
0,,,,ui\00_message\common\item_info.gmd,\ui\item_info.arc,item_info.arc,17947
0,,,,ui\00_message\common\item_info.gmd,\ui\item_info.arc,item_info.arc,17948
0,,,,ui\00_message\common\item_info.gmd,\ui\item_info.arc,item_info.arc,17949
0,,,,ui\00_message\common\item_info.gmd,\ui\item_info.arc,item_info.arc,17950
0,,,,ui\00_message\common\item_info.gmd,\ui\item_info.arc,item_info.arc,17951
0,,,,ui\00_message\common\item_info.gmd,\ui\item_info.arc,item_info.arc,17952
0,,,,ui\00_message\common\item_info.gmd,\ui\item_info.arc,item_info.arc,17953
0,,,,ui\00_message\common\item_info.gmd,\ui\item_info.arc,item_info.arc,17954
0,,,,ui\00_message\common\item_info.gmd,\ui\item_info.arc,item_info.arc,17955
0,,,,ui\00_message\common\item_info.gmd,\ui\item_info.arc,item_info.arc,17956
0,,,,ui\00_message\common\item_info.gmd,\ui\item_info.arc,item_info.arc,17957
0,,,,ui\00_message\common\item_info.gmd,\ui\item_info.arc,item_info.arc,17958
0,,,,ui\00_message\common\item_info.gmd,\ui\item_info.arc,item_info.arc,17959
0,,,,ui\00_message\common\item_info.gmd,\ui\item_info.arc,item_info.arc,17960
0,,,,ui\00_message\common\item_info.gmd,\ui\item_info.arc,item_info.arc,17961
0,,,,ui\00_message\common\item_info.gmd,\ui\item_info.arc,item_info.arc,17962
0,,,,ui\00_message\common\item_info.gmd,\ui\item_info.arc,item_info.arc,17963
0,,,,ui\00_message\common\item_info.gmd,\ui\item_info.arc,item_info.arc,17964
0,,,,ui\00_message\common\item_info.gmd,\ui\item_info.arc,item_info.arc,17965
0,,,,ui\00_message\common\item_info.gmd,\ui\item_info.arc,item_info.arc,17966
0,,,,ui\00_message\common\item_info.gmd,\ui\item_info.arc,item_info.arc,17967
0,,,,ui\00_message\common\item_info.gmd,\ui\item_info.arc,item_info.arc,17968
0,,,,ui\00_message\common\item_info.gmd,\ui\item_info.arc,item_info.arc,17969
0,,,,ui\00_message\common\item_info.gmd,\ui\item_info.arc,item_info.arc,17970
0,,,,ui\00_message\common\item_info.gmd,\ui\item_info.arc,item_info.arc,17971
0,,,,ui\00_message\common\item_info.gmd,\ui\item_info.arc,item_info.arc,17972
0,,,,ui\00_message\common\item_info.gmd,\ui\item_info.arc,item_info.arc,17973
0,,,,ui\00_message\common\item_info.gmd,\ui\item_info.arc,item_info.arc,17974
0,,,,ui\00_message\common\item_info.gmd,\ui\item_info.arc,item_info.arc,17975
0,,,,ui\00_message\common\item_info.gmd,\ui\item_info.arc,item_info.arc,17976
0,,,,ui\00_message\common\item_info.gmd,\ui\item_info.arc,item_info.arc,17977
0,,,,ui\00_message\common\item_info.gmd,\ui\item_info.arc,item_info.arc,17978
0,,,,ui\00_message\common\item_info.gmd,\ui\item_info.arc,item_info.arc,17979
0,,,,ui\00_message\common\item_info.gmd,\ui\item_info.arc,item_info.arc,17980
0,,,,ui\00_message\common\item_info.gmd,\ui\item_info.arc,item_info.arc,17981
0,,,,ui\00_message\common\item_info.gmd,\ui\item_info.arc,item_info.arc,17982
0,,,,ui\00_message\common\item_info.gmd,\ui\item_info.arc,item_info.arc,17983
0,,,,ui\00_message\common\item_info.gmd,\ui\item_info.arc,item_info.arc,17984
0,,,,ui\00_message\common\item_info.gmd,\ui\item_info.arc,item_info.arc,17985
0,,,,ui\00_message\common\item_info.gmd,\ui\item_info.arc,item_info.arc,17986
0,,,,ui\00_message\common\item_info.gmd,\ui\item_info.arc,item_info.arc,17987
0,,,,ui\00_message\common\item_info.gmd,\ui\item_info.arc,item_info.arc,17988
0,,,,ui\00_message\common\item_info.gmd,\ui\item_info.arc,item_info.arc,17989
0,,,,ui\00_message\common\item_info.gmd,\ui\item_info.arc,item_info.arc,17990
0,,,,ui\00_message\common\item_info.gmd,\ui\item_info.arc,item_info.arc,17991
0,,,,ui\00_message\common\item_info.gmd,\ui\item_info.arc,item_info.arc,17992
0,,,,ui\00_message\common\item_info.gmd,\ui\item_info.arc,item_info.arc,17993
0,,,,ui\00_message\common\item_info.gmd,\ui\item_info.arc,item_info.arc,17994
0,,,,ui\00_message\common\item_info.gmd,\ui\item_info.arc,item_info.arc,17995
0,,,,ui\00_message\common\item_info.gmd,\ui\item_info.arc,item_info.arc,17996
0,,,,ui\00_message\common\item_info.gmd,\ui\item_info.arc,item_info.arc,17997
0,,,,ui\00_message\common\item_info.gmd,\ui\item_info.arc,item_info.arc,17998
0,,,,ui\00_message\common\item_info.gmd,\ui\item_info.arc,item_info.arc,17999
0,,,,ui\00_message\common\item_info.gmd,\ui\item_info.arc,item_info.arc,18000
0,,,,ui\00_message\common\item_info.gmd,\ui\item_info.arc,item_info.arc,18001
0,,,,ui\00_message\common\item_info.gmd,\ui\item_info.arc,item_info.arc,18002
0,,,,ui\00_message\common\item_info.gmd,\ui\item_info.arc,item_info.arc,18003
0,,,,ui\00_message\common\item_info.gmd,\ui\item_info.arc,item_info.arc,18004
0,,,,ui\00_message\common\item_info.gmd,\ui\item_info.arc,item_info.arc,18005
0,,,,ui\00_message\common\item_info.gmd,\ui\item_info.arc,item_info.arc,18006
0,,,,ui\00_message\common\item_info.gmd,\ui\item_info.arc,item_info.arc,18007
0,,,,ui\00_message\common\item_info.gmd,\ui\item_info.arc,item_info.arc,18008
0,,,,ui\00_message\common\item_info.gmd,\ui\item_info.arc,item_info.arc,18009
0,,,,ui\00_message\common\item_info.gmd,\ui\item_info.arc,item_info.arc,18010
0,,,,ui\00_message\common\item_info.gmd,\ui\item_info.arc,item_info.arc,18011
0,,,,ui\00_message\common\item_info.gmd,\ui\item_info.arc,item_info.arc,18012
0,,,,ui\00_message\common\item_info.gmd,\ui\item_info.arc,item_info.arc,18013
0,,,,ui\00_message\common\item_info.gmd,\ui\item_info.arc,item_info.arc,18014
0,,,,ui\00_message\common\item_info.gmd,\ui\item_info.arc,item_info.arc,18015
0,,,,ui\00_message\common\item_info.gmd,\ui\item_info.arc,item_info.arc,18016
0,,,,ui\00_message\common\item_info.gmd,\ui\item_info.arc,item_info.arc,18017
0,,,,ui\00_message\common\item_info.gmd,\ui\item_info.arc,item_info.arc,18018
0,,,,ui\00_message\common\item_info.gmd,\ui\item_info.arc,item_info.arc,18019
0,,,,ui\00_message\common\item_info.gmd,\ui\item_info.arc,item_info.arc,18020
0,,,,ui\00_message\common\item_info.gmd,\ui\item_info.arc,item_info.arc,18021
0,,,,ui\00_message\common\item_info.gmd,\ui\item_info.arc,item_info.arc,18022
0,,,,ui\00_message\common\item_info.gmd,\ui\item_info.arc,item_info.arc,18023
0,,,,ui\00_message\common\item_info.gmd,\ui\item_info.arc,item_info.arc,18024
0,,,,ui\00_message\common\item_info.gmd,\ui\item_info.arc,item_info.arc,18025
0,,,,ui\00_message\common\item_info.gmd,\ui\item_info.arc,item_info.arc,18026
0,,,,ui\00_message\common\item_info.gmd,\ui\item_info.arc,item_info.arc,18027
0,,,,ui\00_message\common\item_info.gmd,\ui\item_info.arc,item_info.arc,18028
0,,,,ui\00_message\common\item_info.gmd,\ui\item_info.arc,item_info.arc,18029
0,,,,ui\00_message\common\item_info.gmd,\ui\item_info.arc,item_info.arc,18030
0,,,,ui\00_message\common\item_info.gmd,\ui\item_info.arc,item_info.arc,18031
0,,,,ui\00_message\common\item_info.gmd,\ui\item_info.arc,item_info.arc,18032
0,,,,ui\00_message\common\item_info.gmd,\ui\item_info.arc,item_info.arc,18033
0,,,,ui\00_message\common\item_info.gmd,\ui\item_info.arc,item_info.arc,18034
0,,,,ui\00_message\common\item_info.gmd,\ui\item_info.arc,item_info.arc,18035
0,,,,ui\00_message\common\item_info.gmd,\ui\item_info.arc,item_info.arc,18036
0,,,,ui\00_message\common\item_info.gmd,\ui\item_info.arc,item_info.arc,18037
0,,,,ui\00_message\common\item_info.gmd,\ui\item_info.arc,item_info.arc,18038
0,,,,ui\00_message\common\item_info.gmd,\ui\item_info.arc,item_info.arc,18039
0,,,,ui\00_message\common\item_info.gmd,\ui\item_info.arc,item_info.arc,18040
0,,,,ui\00_message\common\item_info.gmd,\ui\item_info.arc,item_info.arc,18041
0,,,,ui\00_message\common\item_info.gmd,\ui\item_info.arc,item_info.arc,18042
0,,,,ui\00_message\common\item_info.gmd,\ui\item_info.arc,item_info.arc,18043
0,,,,ui\00_message\common\item_info.gmd,\ui\item_info.arc,item_info.arc,18044
0,,,,ui\00_message\common\item_info.gmd,\ui\item_info.arc,item_info.arc,18045
0,,,,ui\00_message\common\item_info.gmd,\ui\item_info.arc,item_info.arc,18046
0,,,,ui\00_message\common\item_info.gmd,\ui\item_info.arc,item_info.arc,18047
0,,,,ui\00_message\common\item_info.gmd,\ui\item_info.arc,item_info.arc,18048
0,,,,ui\00_message\common\item_info.gmd,\ui\item_info.arc,item_info.arc,18049
0,,,,ui\00_message\common\item_info.gmd,\ui\item_info.arc,item_info.arc,18050
0,,,,ui\00_message\common\item_info.gmd,\ui\item_info.arc,item_info.arc,18051
0,,,,ui\00_message\common\item_info.gmd,\ui\item_info.arc,item_info.arc,18052
0,,,,ui\00_message\common\item_info.gmd,\ui\item_info.arc,item_info.arc,18053
0,,,,ui\00_message\common\item_info.gmd,\ui\item_info.arc,item_info.arc,18054
0,,,,ui\00_message\common\item_info.gmd,\ui\item_info.arc,item_info.arc,18055
0,,,,ui\00_message\common\item_info.gmd,\ui\item_info.arc,item_info.arc,18056
0,,,,ui\00_message\common\item_info.gmd,\ui\item_info.arc,item_info.arc,18057
0,,,,ui\00_message\common\item_info.gmd,\ui\item_info.arc,item_info.arc,18058
0,,,,ui\00_message\common\item_info.gmd,\ui\item_info.arc,item_info.arc,18059
0,,,,ui\00_message\common\item_info.gmd,\ui\item_info.arc,item_info.arc,18060
0,,,,ui\00_message\common\item_info.gmd,\ui\item_info.arc,item_info.arc,18061
0,,,,ui\00_message\common\item_info.gmd,\ui\item_info.arc,item_info.arc,18062
0,,,,ui\00_message\common\item_info.gmd,\ui\item_info.arc,item_info.arc,18063
0,,,,ui\00_message\common\item_info.gmd,\ui\item_info.arc,item_info.arc,18064
0,,,,ui\00_message\common\item_info.gmd,\ui\item_info.arc,item_info.arc,18065
0,,,,ui\00_message\common\item_info.gmd,\ui\item_info.arc,item_info.arc,18066
0,,,,ui\00_message\common\item_info.gmd,\ui\item_info.arc,item_info.arc,18067
0,,,,ui\00_message\common\item_info.gmd,\ui\item_info.arc,item_info.arc,18068
0,,,,ui\00_message\common\item_info.gmd,\ui\item_info.arc,item_info.arc,18069
0,,,,ui\00_message\common\item_info.gmd,\ui\item_info.arc,item_info.arc,18070
0,,,,ui\00_message\common\item_info.gmd,\ui\item_info.arc,item_info.arc,18071
0,,,,ui\00_message\common\item_info.gmd,\ui\item_info.arc,item_info.arc,18072
0,,,,ui\00_message\common\item_info.gmd,\ui\item_info.arc,item_info.arc,18073
0,,,,ui\00_message\common\item_info.gmd,\ui\item_info.arc,item_info.arc,18074
0,,,,ui\00_message\common\item_info.gmd,\ui\item_info.arc,item_info.arc,18075
0,,,,ui\00_message\common\item_info.gmd,\ui\item_info.arc,item_info.arc,18076
0,,,,ui\00_message\common\item_info.gmd,\ui\item_info.arc,item_info.arc,18077
0,,,,ui\00_message\common\item_info.gmd,\ui\item_info.arc,item_info.arc,18078
0,,,,ui\00_message\common\item_info.gmd,\ui\item_info.arc,item_info.arc,18079
0,,,,ui\00_message\common\item_info.gmd,\ui\item_info.arc,item_info.arc,18080
0,,,,ui\00_message\common\item_info.gmd,\ui\item_info.arc,item_info.arc,18081
0,,,,ui\00_message\common\item_info.gmd,\ui\item_info.arc,item_info.arc,18082
0,,,,ui\00_message\common\item_info.gmd,\ui\item_info.arc,item_info.arc,18083
0,,,,ui\00_message\common\item_info.gmd,\ui\item_info.arc,item_info.arc,18084
0,,,,ui\00_message\common\item_info.gmd,\ui\item_info.arc,item_info.arc,18085
0,,,,ui\00_message\common\item_info.gmd,\ui\item_info.arc,item_info.arc,18086
0,,,,ui\00_message\common\item_info.gmd,\ui\item_info.arc,item_info.arc,18087
0,,,,ui\00_message\common\item_info.gmd,\ui\item_info.arc,item_info.arc,18088
0,,,,ui\00_message\common\item_info.gmd,\ui\item_info.arc,item_info.arc,18089
0,,,,ui\00_message\common\item_info.gmd,\ui\item_info.arc,item_info.arc,18090
0,,,,ui\00_message\common\item_info.gmd,\ui\item_info.arc,item_info.arc,18091
0,,,,ui\00_message\common\item_info.gmd,\ui\item_info.arc,item_info.arc,18092
0,,,,ui\00_message\common\item_info.gmd,\ui\item_info.arc,item_info.arc,18093
0,,,,ui\00_message\common\item_info.gmd,\ui\item_info.arc,item_info.arc,18094
0,,,,ui\00_message\common\item_info.gmd,\ui\item_info.arc,item_info.arc,18095
0,,,,ui\00_message\common\item_info.gmd,\ui\item_info.arc,item_info.arc,18096
0,,,,ui\00_message\common\item_info.gmd,\ui\item_info.arc,item_info.arc,18097
0,,,,ui\00_message\common\item_info.gmd,\ui\item_info.arc,item_info.arc,18098
0,,,,ui\00_message\common\item_info.gmd,\ui\item_info.arc,item_info.arc,18099
0,,,,ui\00_message\common\item_info.gmd,\ui\item_info.arc,item_info.arc,18100
0,,,,ui\00_message\common\item_info.gmd,\ui\item_info.arc,item_info.arc,18101
0,,,,ui\00_message\common\item_info.gmd,\ui\item_info.arc,item_info.arc,18102
0,,,,ui\00_message\common\item_info.gmd,\ui\item_info.arc,item_info.arc,18103
0,,,,ui\00_message\common\item_info.gmd,\ui\item_info.arc,item_info.arc,18104
0,,,,ui\00_message\common\item_info.gmd,\ui\item_info.arc,item_info.arc,18105
0,,,,ui\00_message\common\item_info.gmd,\ui\item_info.arc,item_info.arc,18106
0,,,,ui\00_message\common\item_info.gmd,\ui\item_info.arc,item_info.arc,18107
0,,,,ui\00_message\common\item_info.gmd,\ui\item_info.arc,item_info.arc,18108
0,,,,ui\00_message\common\item_info.gmd,\ui\item_info.arc,item_info.arc,18109
0,,,,ui\00_message\common\item_info.gmd,\ui\item_info.arc,item_info.arc,18110
0,,,,ui\00_message\common\item_info.gmd,\ui\item_info.arc,item_info.arc,18111
0,,,,ui\00_message\common\item_info.gmd,\ui\item_info.arc,item_info.arc,18112
0,,,,ui\00_message\common\item_info.gmd,\ui\item_info.arc,item_info.arc,18113
0,,,,ui\00_message\common\item_info.gmd,\ui\item_info.arc,item_info.arc,18114
0,,,,ui\00_message\common\item_info.gmd,\ui\item_info.arc,item_info.arc,18115
0,,,,ui\00_message\common\item_info.gmd,\ui\item_info.arc,item_info.arc,18116
0,,,,ui\00_message\common\item_info.gmd,\ui\item_info.arc,item_info.arc,18117
0,,,,ui\00_message\common\item_info.gmd,\ui\item_info.arc,item_info.arc,18118
0,,,,ui\00_message\common\item_info.gmd,\ui\item_info.arc,item_info.arc,18119
0,,,,ui\00_message\common\item_info.gmd,\ui\item_info.arc,item_info.arc,18120
0,,,,ui\00_message\common\item_info.gmd,\ui\item_info.arc,item_info.arc,18121
0,,,,ui\00_message\common\item_info.gmd,\ui\item_info.arc,item_info.arc,18122
0,,,,ui\00_message\common\item_info.gmd,\ui\item_info.arc,item_info.arc,18123
0,,,,ui\00_message\common\item_info.gmd,\ui\item_info.arc,item_info.arc,18124
0,,,,ui\00_message\common\item_info.gmd,\ui\item_info.arc,item_info.arc,18125
0,,,,ui\00_message\common\item_info.gmd,\ui\item_info.arc,item_info.arc,18126
0,,,,ui\00_message\common\item_info.gmd,\ui\item_info.arc,item_info.arc,18127
0,,,,ui\00_message\common\item_info.gmd,\ui\item_info.arc,item_info.arc,18128
0,,,,ui\00_message\common\item_info.gmd,\ui\item_info.arc,item_info.arc,18129
0,,,,ui\00_message\common\item_info.gmd,\ui\item_info.arc,item_info.arc,18130
0,,,,ui\00_message\common\item_info.gmd,\ui\item_info.arc,item_info.arc,18131
0,,,,ui\00_message\common\item_info.gmd,\ui\item_info.arc,item_info.arc,18132
0,,,,ui\00_message\common\item_info.gmd,\ui\item_info.arc,item_info.arc,18133
0,,,,ui\00_message\common\item_info.gmd,\ui\item_info.arc,item_info.arc,18134
0,,,,ui\00_message\common\item_info.gmd,\ui\item_info.arc,item_info.arc,18135
0,,,,ui\00_message\common\item_info.gmd,\ui\item_info.arc,item_info.arc,18136
0,,,,ui\00_message\common\item_info.gmd,\ui\item_info.arc,item_info.arc,18137
0,,,,ui\00_message\common\item_info.gmd,\ui\item_info.arc,item_info.arc,18138
0,,,,ui\00_message\common\item_info.gmd,\ui\item_info.arc,item_info.arc,18139
0,,,,ui\00_message\common\item_info.gmd,\ui\item_info.arc,item_info.arc,18140
0,,,,ui\00_message\common\item_info.gmd,\ui\item_info.arc,item_info.arc,18141
0,,,,ui\00_message\common\item_info.gmd,\ui\item_info.arc,item_info.arc,18142
0,,,,ui\00_message\common\item_info.gmd,\ui\item_info.arc,item_info.arc,18143
0,,,,ui\00_message\common\item_info.gmd,\ui\item_info.arc,item_info.arc,18144
0,,,,ui\00_message\common\item_info.gmd,\ui\item_info.arc,item_info.arc,18145
0,,,,ui\00_message\common\item_info.gmd,\ui\item_info.arc,item_info.arc,18146
0,,,,ui\00_message\common\item_info.gmd,\ui\item_info.arc,item_info.arc,18147
0,,,,ui\00_message\common\item_info.gmd,\ui\item_info.arc,item_info.arc,18148
0,,,,ui\00_message\common\item_info.gmd,\ui\item_info.arc,item_info.arc,18149
0,,,,ui\00_message\common\item_info.gmd,\ui\item_info.arc,item_info.arc,18150
0,,,,ui\00_message\common\item_info.gmd,\ui\item_info.arc,item_info.arc,18151
0,,,,ui\00_message\common\item_info.gmd,\ui\item_info.arc,item_info.arc,18152
0,,,,ui\00_message\common\item_info.gmd,\ui\item_info.arc,item_info.arc,18153
0,,,,ui\00_message\common\item_info.gmd,\ui\item_info.arc,item_info.arc,18154
0,,,,ui\00_message\common\item_info.gmd,\ui\item_info.arc,item_info.arc,18155
0,,,,ui\00_message\common\item_info.gmd,\ui\item_info.arc,item_info.arc,18156
0,,,,ui\00_message\common\item_info.gmd,\ui\item_info.arc,item_info.arc,18157
0,,,,ui\00_message\common\item_info.gmd,\ui\item_info.arc,item_info.arc,18158
0,,,,ui\00_message\common\item_info.gmd,\ui\item_info.arc,item_info.arc,18159
0,,,,ui\00_message\common\item_info.gmd,\ui\item_info.arc,item_info.arc,18160
0,,,,ui\00_message\common\item_info.gmd,\ui\item_info.arc,item_info.arc,18161
0,,,,ui\00_message\common\item_info.gmd,\ui\item_info.arc,item_info.arc,18162
0,,,,ui\00_message\common\item_info.gmd,\ui\item_info.arc,item_info.arc,18163
0,,,,ui\00_message\common\item_info.gmd,\ui\item_info.arc,item_info.arc,18164
0,,,,ui\00_message\common\item_info.gmd,\ui\item_info.arc,item_info.arc,18165
0,,,,ui\00_message\common\item_info.gmd,\ui\item_info.arc,item_info.arc,18166
0,,,,ui\00_message\common\item_info.gmd,\ui\item_info.arc,item_info.arc,18167
0,,,,ui\00_message\common\item_info.gmd,\ui\item_info.arc,item_info.arc,18168
0,,,,ui\00_message\common\item_info.gmd,\ui\item_info.arc,item_info.arc,18169
0,,,,ui\00_message\common\item_info.gmd,\ui\item_info.arc,item_info.arc,18170
0,,,,ui\00_message\common\item_info.gmd,\ui\item_info.arc,item_info.arc,18171
0,,,,ui\00_message\common\item_info.gmd,\ui\item_info.arc,item_info.arc,18172
0,,,,ui\00_message\common\item_info.gmd,\ui\item_info.arc,item_info.arc,18173
0,,,,ui\00_message\common\item_info.gmd,\ui\item_info.arc,item_info.arc,18174
0,,,,ui\00_message\common\item_info.gmd,\ui\item_info.arc,item_info.arc,18175
0,,,,ui\00_message\common\item_info.gmd,\ui\item_info.arc,item_info.arc,18176
0,,,,ui\00_message\common\item_info.gmd,\ui\item_info.arc,item_info.arc,18177
0,,,,ui\00_message\common\item_info.gmd,\ui\item_info.arc,item_info.arc,18178
0,,,,ui\00_message\common\item_info.gmd,\ui\item_info.arc,item_info.arc,18179
0,,,,ui\00_message\common\item_info.gmd,\ui\item_info.arc,item_info.arc,18180
0,,,,ui\00_message\common\item_info.gmd,\ui\item_info.arc,item_info.arc,18181
0,,,,ui\00_message\common\item_info.gmd,\ui\item_info.arc,item_info.arc,18182
0,,,,ui\00_message\common\item_info.gmd,\ui\item_info.arc,item_info.arc,18183
0,,,,ui\00_message\common\item_info.gmd,\ui\item_info.arc,item_info.arc,18184
0,,,,ui\00_message\common\item_info.gmd,\ui\item_info.arc,item_info.arc,18185
0,,,,ui\00_message\common\item_info.gmd,\ui\item_info.arc,item_info.arc,18186
0,,,,ui\00_message\common\item_info.gmd,\ui\item_info.arc,item_info.arc,18187
0,,,,ui\00_message\common\item_info.gmd,\ui\item_info.arc,item_info.arc,18188
0,,,,ui\00_message\common\item_info.gmd,\ui\item_info.arc,item_info.arc,18189
0,,,,ui\00_message\common\item_info.gmd,\ui\item_info.arc,item_info.arc,18190
0,,,,ui\00_message\common\item_info.gmd,\ui\item_info.arc,item_info.arc,18191
0,,,,ui\00_message\common\item_info.gmd,\ui\item_info.arc,item_info.arc,18192
0,,,,ui\00_message\common\item_info.gmd,\ui\item_info.arc,item_info.arc,18193
0,,,,ui\00_message\common\item_info.gmd,\ui\item_info.arc,item_info.arc,18194
0,,,,ui\00_message\common\item_info.gmd,\ui\item_info.arc,item_info.arc,18195
0,,,,ui\00_message\common\item_info.gmd,\ui\item_info.arc,item_info.arc,18196
0,,,,ui\00_message\common\item_info.gmd,\ui\item_info.arc,item_info.arc,18197
0,,,,ui\00_message\common\item_info.gmd,\ui\item_info.arc,item_info.arc,18198
0,,,,ui\00_message\common\item_info.gmd,\ui\item_info.arc,item_info.arc,18199
0,,,,ui\00_message\common\item_info.gmd,\ui\item_info.arc,item_info.arc,18200
0,,,,ui\00_message\common\item_info.gmd,\ui\item_info.arc,item_info.arc,18201
0,,,,ui\00_message\common\item_info.gmd,\ui\item_info.arc,item_info.arc,18202
0,,,,ui\00_message\common\item_info.gmd,\ui\item_info.arc,item_info.arc,18203
0,,,,ui\00_message\common\item_info.gmd,\ui\item_info.arc,item_info.arc,18204
0,,,,ui\00_message\common\item_info.gmd,\ui\item_info.arc,item_info.arc,18205
0,,,,ui\00_message\common\item_info.gmd,\ui\item_info.arc,item_info.arc,18206
0,,,,ui\00_message\common\item_info.gmd,\ui\item_info.arc,item_info.arc,18207
0,,,,ui\00_message\common\item_info.gmd,\ui\item_info.arc,item_info.arc,18208
0,,,,ui\00_message\common\item_info.gmd,\ui\item_info.arc,item_info.arc,18209
0,,,,ui\00_message\common\item_info.gmd,\ui\item_info.arc,item_info.arc,18210
0,,,,ui\00_message\common\item_info.gmd,\ui\item_info.arc,item_info.arc,18211
0,,,,ui\00_message\common\item_info.gmd,\ui\item_info.arc,item_info.arc,18212
0,,,,ui\00_message\common\item_info.gmd,\ui\item_info.arc,item_info.arc,18213
0,,,,ui\00_message\common\item_info.gmd,\ui\item_info.arc,item_info.arc,18214
0,,,,ui\00_message\common\item_info.gmd,\ui\item_info.arc,item_info.arc,18215
0,,,,ui\00_message\common\item_info.gmd,\ui\item_info.arc,item_info.arc,18216
0,,,,ui\00_message\common\item_info.gmd,\ui\item_info.arc,item_info.arc,18217
0,,,,ui\00_message\common\item_info.gmd,\ui\item_info.arc,item_info.arc,18218
0,,,,ui\00_message\common\item_info.gmd,\ui\item_info.arc,item_info.arc,18219
0,,,,ui\00_message\common\item_info.gmd,\ui\item_info.arc,item_info.arc,18220
0,,,,ui\00_message\common\item_info.gmd,\ui\item_info.arc,item_info.arc,18221
0,,,,ui\00_message\common\item_info.gmd,\ui\item_info.arc,item_info.arc,18222
0,,,,ui\00_message\common\item_info.gmd,\ui\item_info.arc,item_info.arc,18223
0,,,,ui\00_message\common\item_info.gmd,\ui\item_info.arc,item_info.arc,18224
0,,,,ui\00_message\common\item_info.gmd,\ui\item_info.arc,item_info.arc,18225
0,,,,ui\00_message\common\item_info.gmd,\ui\item_info.arc,item_info.arc,18226
0,,,,ui\00_message\common\item_info.gmd,\ui\item_info.arc,item_info.arc,18227
0,,,,ui\00_message\common\item_info.gmd,\ui\item_info.arc,item_info.arc,18228
0,,,,ui\00_message\common\item_info.gmd,\ui\item_info.arc,item_info.arc,18229
0,,,,ui\00_message\common\item_info.gmd,\ui\item_info.arc,item_info.arc,18230
0,,,,ui\00_message\common\item_info.gmd,\ui\item_info.arc,item_info.arc,18231
0,,,,ui\00_message\common\item_info.gmd,\ui\item_info.arc,item_info.arc,18232
0,,,,ui\00_message\common\item_info.gmd,\ui\item_info.arc,item_info.arc,18233
0,,,,ui\00_message\common\item_info.gmd,\ui\item_info.arc,item_info.arc,18234
0,,,,ui\00_message\common\item_info.gmd,\ui\item_info.arc,item_info.arc,18235
0,,,,ui\00_message\common\item_info.gmd,\ui\item_info.arc,item_info.arc,18236
0,,,,ui\00_message\common\item_info.gmd,\ui\item_info.arc,item_info.arc,18237
0,,,,ui\00_message\common\item_info.gmd,\ui\item_info.arc,item_info.arc,18238
0,,,,ui\00_message\common\item_info.gmd,\ui\item_info.arc,item_info.arc,18239
0,,,,ui\00_message\common\item_info.gmd,\ui\item_info.arc,item_info.arc,18240
0,,,,ui\00_message\common\item_info.gmd,\ui\item_info.arc,item_info.arc,18241
0,,,,ui\00_message\common\item_info.gmd,\ui\item_info.arc,item_info.arc,18242
0,,,,ui\00_message\common\item_info.gmd,\ui\item_info.arc,item_info.arc,18243
0,,,,ui\00_message\common\item_info.gmd,\ui\item_info.arc,item_info.arc,18244
0,,,,ui\00_message\common\item_info.gmd,\ui\item_info.arc,item_info.arc,18245
0,,,,ui\00_message\common\item_info.gmd,\ui\item_info.arc,item_info.arc,18246
0,,,,ui\00_message\common\item_info.gmd,\ui\item_info.arc,item_info.arc,18247
0,,,,ui\00_message\common\item_info.gmd,\ui\item_info.arc,item_info.arc,18248
0,,,,ui\00_message\common\item_info.gmd,\ui\item_info.arc,item_info.arc,18249
0,,,,ui\00_message\common\item_info.gmd,\ui\item_info.arc,item_info.arc,18250
0,,,,ui\00_message\common\item_info.gmd,\ui\item_info.arc,item_info.arc,18251
0,,,,ui\00_message\common\item_info.gmd,\ui\item_info.arc,item_info.arc,18252
0,,,,ui\00_message\common\item_info.gmd,\ui\item_info.arc,item_info.arc,18253
0,,,,ui\00_message\common\item_info.gmd,\ui\item_info.arc,item_info.arc,18254
0,,,,ui\00_message\common\item_info.gmd,\ui\item_info.arc,item_info.arc,18255
0,,,,ui\00_message\common\item_info.gmd,\ui\item_info.arc,item_info.arc,18256
0,,,,ui\00_message\common\item_info.gmd,\ui\item_info.arc,item_info.arc,18257
0,,,,ui\00_message\common\item_info.gmd,\ui\item_info.arc,item_info.arc,18258
0,,,,ui\00_message\common\item_info.gmd,\ui\item_info.arc,item_info.arc,18259
0,,,,ui\00_message\common\item_info.gmd,\ui\item_info.arc,item_info.arc,18260
0,,,,ui\00_message\common\item_info.gmd,\ui\item_info.arc,item_info.arc,18261
0,,,,ui\00_message\common\item_info.gmd,\ui\item_info.arc,item_info.arc,18262
0,,,,ui\00_message\common\item_info.gmd,\ui\item_info.arc,item_info.arc,18263
0,,,,ui\00_message\common\item_info.gmd,\ui\item_info.arc,item_info.arc,18264
0,,,,ui\00_message\common\item_info.gmd,\ui\item_info.arc,item_info.arc,18265
0,,,,ui\00_message\common\item_info.gmd,\ui\item_info.arc,item_info.arc,18266
0,,,,ui\00_message\common\item_info.gmd,\ui\item_info.arc,item_info.arc,18267
0,,,,ui\00_message\common\item_info.gmd,\ui\item_info.arc,item_info.arc,18268
0,,,,ui\00_message\common\item_info.gmd,\ui\item_info.arc,item_info.arc,18269
0,,,,ui\00_message\common\item_info.gmd,\ui\item_info.arc,item_info.arc,18270
0,,,,ui\00_message\common\item_info.gmd,\ui\item_info.arc,item_info.arc,18271
0,,,,ui\00_message\common\item_info.gmd,\ui\item_info.arc,item_info.arc,18272
0,,,,ui\00_message\common\item_info.gmd,\ui\item_info.arc,item_info.arc,18273
0,,,,ui\00_message\common\item_info.gmd,\ui\item_info.arc,item_info.arc,18274
0,,,,ui\00_message\common\item_info.gmd,\ui\item_info.arc,item_info.arc,18275
0,,,,ui\00_message\common\item_info.gmd,\ui\item_info.arc,item_info.arc,18276
0,,,,ui\00_message\common\item_info.gmd,\ui\item_info.arc,item_info.arc,18277
0,,,,ui\00_message\common\item_info.gmd,\ui\item_info.arc,item_info.arc,18278
0,,,,ui\00_message\common\item_info.gmd,\ui\item_info.arc,item_info.arc,18279
0,,,,ui\00_message\common\item_info.gmd,\ui\item_info.arc,item_info.arc,18280
0,,,,ui\00_message\common\item_info.gmd,\ui\item_info.arc,item_info.arc,18281
0,,,,ui\00_message\common\item_info.gmd,\ui\item_info.arc,item_info.arc,18282
0,,,,ui\00_message\common\item_info.gmd,\ui\item_info.arc,item_info.arc,18283
0,,,,ui\00_message\common\item_info.gmd,\ui\item_info.arc,item_info.arc,18284
0,,,,ui\00_message\common\item_info.gmd,\ui\item_info.arc,item_info.arc,18285
0,,,,ui\00_message\common\item_info.gmd,\ui\item_info.arc,item_info.arc,18286
0,,,,ui\00_message\common\item_info.gmd,\ui\item_info.arc,item_info.arc,18287
0,,,,ui\00_message\common\item_info.gmd,\ui\item_info.arc,item_info.arc,18288
0,,,,ui\00_message\common\item_info.gmd,\ui\item_info.arc,item_info.arc,18289
0,,,,ui\00_message\common\item_info.gmd,\ui\item_info.arc,item_info.arc,18290
0,,,,ui\00_message\common\item_info.gmd,\ui\item_info.arc,item_info.arc,18291
0,,,,ui\00_message\common\item_info.gmd,\ui\item_info.arc,item_info.arc,18292
0,,,,ui\00_message\common\item_info.gmd,\ui\item_info.arc,item_info.arc,18293
0,,,,ui\00_message\common\item_info.gmd,\ui\item_info.arc,item_info.arc,18294
0,,,,ui\00_message\common\item_info.gmd,\ui\item_info.arc,item_info.arc,18295
0,,,,ui\00_message\common\item_info.gmd,\ui\item_info.arc,item_info.arc,18296
0,,,,ui\00_message\common\item_info.gmd,\ui\item_info.arc,item_info.arc,18297
0,,,,ui\00_message\common\item_info.gmd,\ui\item_info.arc,item_info.arc,18298
0,,,,ui\00_message\common\item_info.gmd,\ui\item_info.arc,item_info.arc,18299
0,,,,ui\00_message\common\item_info.gmd,\ui\item_info.arc,item_info.arc,18300
0,,,,ui\00_message\common\item_info.gmd,\ui\item_info.arc,item_info.arc,18301
0,,,,ui\00_message\common\item_info.gmd,\ui\item_info.arc,item_info.arc,18302
0,,,,ui\00_message\common\item_info.gmd,\ui\item_info.arc,item_info.arc,18303
0,,,,ui\00_message\common\item_info.gmd,\ui\item_info.arc,item_info.arc,18304
0,,,,ui\00_message\common\item_info.gmd,\ui\item_info.arc,item_info.arc,18305
0,,,,ui\00_message\common\item_info.gmd,\ui\item_info.arc,item_info.arc,18306
0,,,,ui\00_message\common\item_info.gmd,\ui\item_info.arc,item_info.arc,18307
0,,,,ui\00_message\common\item_info.gmd,\ui\item_info.arc,item_info.arc,18308
0,,,,ui\00_message\common\item_info.gmd,\ui\item_info.arc,item_info.arc,18309
0,,,,ui\00_message\common\item_info.gmd,\ui\item_info.arc,item_info.arc,18310
0,,,,ui\00_message\common\item_info.gmd,\ui\item_info.arc,item_info.arc,18311
0,,,,ui\00_message\common\item_info.gmd,\ui\item_info.arc,item_info.arc,18312
0,,,,ui\00_message\common\item_info.gmd,\ui\item_info.arc,item_info.arc,18313
0,,,,ui\00_message\common\item_info.gmd,\ui\item_info.arc,item_info.arc,18314
0,,,,ui\00_message\common\item_info.gmd,\ui\item_info.arc,item_info.arc,18315
0,,,,ui\00_message\common\item_info.gmd,\ui\item_info.arc,item_info.arc,18316
0,,,,ui\00_message\common\item_info.gmd,\ui\item_info.arc,item_info.arc,18317
0,,,,ui\00_message\common\item_info.gmd,\ui\item_info.arc,item_info.arc,18318
0,,,,ui\00_message\common\item_info.gmd,\ui\item_info.arc,item_info.arc,18319
0,,,,ui\00_message\common\item_info.gmd,\ui\item_info.arc,item_info.arc,18320
0,,,,ui\00_message\common\item_info.gmd,\ui\item_info.arc,item_info.arc,18321
0,,,,ui\00_message\common\item_info.gmd,\ui\item_info.arc,item_info.arc,18322
0,,,,ui\00_message\common\item_info.gmd,\ui\item_info.arc,item_info.arc,18323
0,,,,ui\00_message\common\item_info.gmd,\ui\item_info.arc,item_info.arc,18324
0,,,,ui\00_message\common\item_info.gmd,\ui\item_info.arc,item_info.arc,18325
0,,,,ui\00_message\common\item_info.gmd,\ui\item_info.arc,item_info.arc,18326
0,,,,ui\00_message\common\item_info.gmd,\ui\item_info.arc,item_info.arc,18327
0,,,,ui\00_message\common\item_info.gmd,\ui\item_info.arc,item_info.arc,18328
0,,,,ui\00_message\common\item_info.gmd,\ui\item_info.arc,item_info.arc,18329
0,,,,ui\00_message\common\item_info.gmd,\ui\item_info.arc,item_info.arc,18330
0,,,,ui\00_message\common\item_info.gmd,\ui\item_info.arc,item_info.arc,18331
0,,,,ui\00_message\common\item_info.gmd,\ui\item_info.arc,item_info.arc,18332
0,,,,ui\00_message\common\item_info.gmd,\ui\item_info.arc,item_info.arc,18333
0,,,,ui\00_message\common\item_info.gmd,\ui\item_info.arc,item_info.arc,18334
0,,,,ui\00_message\common\item_info.gmd,\ui\item_info.arc,item_info.arc,18335
0,,,,ui\00_message\common\item_info.gmd,\ui\item_info.arc,item_info.arc,18336
0,,,,ui\00_message\common\item_info.gmd,\ui\item_info.arc,item_info.arc,18337
0,,,,ui\00_message\common\item_info.gmd,\ui\item_info.arc,item_info.arc,18338
0,,,,ui\00_message\common\item_info.gmd,\ui\item_info.arc,item_info.arc,18339
0,,,,ui\00_message\common\item_info.gmd,\ui\item_info.arc,item_info.arc,18340
0,,,,ui\00_message\common\item_info.gmd,\ui\item_info.arc,item_info.arc,18341
0,,,,ui\00_message\common\item_info.gmd,\ui\item_info.arc,item_info.arc,18342
0,,,,ui\00_message\common\item_info.gmd,\ui\item_info.arc,item_info.arc,18343
0,,,,ui\00_message\common\item_info.gmd,\ui\item_info.arc,item_info.arc,18344
0,,,,ui\00_message\common\item_info.gmd,\ui\item_info.arc,item_info.arc,18345
0,,,,ui\00_message\common\item_info.gmd,\ui\item_info.arc,item_info.arc,18346
0,,,,ui\00_message\common\item_info.gmd,\ui\item_info.arc,item_info.arc,18347
0,,,,ui\00_message\common\item_info.gmd,\ui\item_info.arc,item_info.arc,18348
0,,,,ui\00_message\common\item_info.gmd,\ui\item_info.arc,item_info.arc,18349
0,,,,ui\00_message\common\item_info.gmd,\ui\item_info.arc,item_info.arc,18350
0,,,,ui\00_message\common\item_info.gmd,\ui\item_info.arc,item_info.arc,18351
0,,,,ui\00_message\common\item_info.gmd,\ui\item_info.arc,item_info.arc,18352
0,,,,ui\00_message\common\item_info.gmd,\ui\item_info.arc,item_info.arc,18353
0,,,,ui\00_message\common\item_info.gmd,\ui\item_info.arc,item_info.arc,18354
0,,,,ui\00_message\common\item_info.gmd,\ui\item_info.arc,item_info.arc,18355
0,,,,ui\00_message\common\item_info.gmd,\ui\item_info.arc,item_info.arc,18356
0,,,,ui\00_message\common\item_info.gmd,\ui\item_info.arc,item_info.arc,18357
0,,,,ui\00_message\common\item_info.gmd,\ui\item_info.arc,item_info.arc,18358
0,,,,ui\00_message\common\item_info.gmd,\ui\item_info.arc,item_info.arc,18359
0,,,,ui\00_message\common\item_info.gmd,\ui\item_info.arc,item_info.arc,18360
0,,,,ui\00_message\common\item_info.gmd,\ui\item_info.arc,item_info.arc,18361
0,,,,ui\00_message\common\item_info.gmd,\ui\item_info.arc,item_info.arc,18362
0,,,,ui\00_message\common\item_info.gmd,\ui\item_info.arc,item_info.arc,18363
0,,,,ui\00_message\common\item_info.gmd,\ui\item_info.arc,item_info.arc,18364
0,,,,ui\00_message\common\item_info.gmd,\ui\item_info.arc,item_info.arc,18365
0,,,,ui\00_message\common\item_info.gmd,\ui\item_info.arc,item_info.arc,18366
0,,,,ui\00_message\common\item_info.gmd,\ui\item_info.arc,item_info.arc,18367
0,,,,ui\00_message\common\item_info.gmd,\ui\item_info.arc,item_info.arc,18368
0,,,,ui\00_message\common\item_info.gmd,\ui\item_info.arc,item_info.arc,18369
0,,,,ui\00_message\common\item_info.gmd,\ui\item_info.arc,item_info.arc,18370