"key","old","new"
"title_item","所持アイテム","Possessed Items"
"title_item_strage","キーアイテム","Key Items"
"option_disposal","捨てる","Discard"
"option_use","使う","Use"
"option_hold","持つ","Hold"
"option_sheathe","しまう","Stash"
"heading_howmany_disposal","いくつ捨てますか？","How many to discard?"
"option_equip","装備","Equipment"
"title_fee_e","Reward Box","Reward Box"
"title_fee","報酬ボックス","Reward Box"
"title_strage","保管ボックス","Storage Box"
"option_move","移動","Move"
"submenu_sort_name","せいとん（名前順）","Sort (Name)"
"submenu_sort_better","せいとん","Sort"
"submenu_sort_buy_ascending","せいとん（装備優先）","Sort (Equipment)"
"submenu_sort_buy_descending","せいとん（素材優先）","Sort (Materials)"
"submenu_buy","売却","Sell"
"submenu_select_all","全て選択","Select All"
"submenu_release_all","選択全解除","Release All"
"item_title_item_en","Item Bag","Item Bag"
"item_title_item_jp","アイテムバッグ","Item Bag"
"itempost_title_itempost_en","Item Post","Item Post"
"itempost_title_itempost_jp","アイテムポスト","Item Post"
"option_send_bag","アイテムバッグに送る","Send to Item Bag"
"option_send_box","保管ボックスに送る","Send to Storage Box"
"option_send_exbox","拡張枠に送る","Send to Expansion"
"option_send_num_specified","（個数指定）"," (Amount)"
"option_drag","つかむ","Drag"
"item_msg_pop_put","置く","Putく"
"item_msg_pop_switch","タブ切り替え","Tab Switch"
"item_msg_pop_sum","合算","Sum"
"item_msg_pop_exchange","交換","Swap"
"item_msg_pop_unexchangeable","交換不可","Cannot be swapped"
"item_msg_pop_move","移動","Move"
"item_title_storage_en","Storage Box","Storage Box"
"item_title_sell_en","Sell","Sell"
"item_title_keyitem_en","Key Item","Key Item"
"item_msg_guid_tostorage","保管ボックスに移動","Go to Storage Box"
"item_btnguide_buy","アイテムを買う","Buy"
"item_btnguide_multichoice","複数選択","Select Multiple"
"item_conf_disposal","以下のアイテムを破棄します。よろしいですか？","Are you sure you want to
discard the following?"
"item_conf_buy","以下のアイテムを売却します。よろしいですか？

　売却価格：<VAL GOLD>","Are you sure you want to sell the following?

Sell Price: <VAL GOLD>"
"item_title_depositbox_en","Storage Chest","Storage Chest"
"item_title_depositbox_jp","格納チェスト","Storage Chest"
"option_send_depositbox","格納チェストに送る","Send to Storage Chest"
"item_msg_guid_todeposit","格納チェストに移動","Go to Storage Chest"
"item_btnguide_select_all","全選択","Select All"
"item_btnguide_select_all_cancel","全選択解除","Deselect All"
"submenu_jump_onlineshop","オンラインショップを開く","Open the Online Shop"
"item_conf_jump_onlineshop","オンラインショップを開きます
よろしいですか？","Are you sure you want to
open the Online Shop?"
"title_leftbox_e","Left Box","Left Box"
"title_leftbox_j","左のボックス","Left Box"
"title_rightbox_e","Right Box","Right Box"
"title_rightbox_j","右のボックス","Right Box"
"option_send_leftbox","左のボックスに送る","Send to Left Box"
"option_send_rightbox","右のボックスに送る","Send to Right Box"
"item_msg_guid_toleftbox","左のボックスに移動","Move to Left Box"
"item_msg_guid_torightbox","右のボックスに移動","Move to Right Box"
"pulldown_itembag_1","<COL EBF1DE>アイテムバッグ（消費）</COL>","<COL EBF1DE>Item Bag (Consumable)</COL>"
"pulldown_itembag_2","<COL EBF1DE>アイテムバッグ（素材）</COL>","<COL EBF1DE>Item Bag (Material)</COL>"
"pulldown_itembag_3","<COL EBF1DE>アイテムバッグ（装備）</COL>","<COL EBF1DE>Item Bag (Equipment)</COL>"
"pulldown_itembag_4","<COL EBF1DE>アイテムバッグ（ジョブ専用）</COL>","<COL EBF1DE>Item Bag (Job)</COL>"
"pulldown_storage_normal_1","<COL F2DCDB>保管ボックス（通常枠）</COL>","<COL F2DCDB>Storage Box (Normal)</COL>"
"pulldown_storage_ex_1","<COL F2DCDB>保管ボックス（拡張枠）</COL>","<COL F2DCDB>Storage Box (Expansion)</COL>"
"pulldown_deposit_normal_1","<COL DAEEF3>格納チェスト（通常枠）</COL>","<COL DAEEF3>Storage Chest (Normal)</COL>"
"pulldown_deposit_ex_1","<COL DAEEF3>格納チェスト（拡張枠）</COL>","<COL DAEEF3>Storage Chest (Expansion)</COL>"
"pulldown_itempost","<COL FDE9D9>アイテムポスト</COL>","<COL FDE9D9>Item Post</COL>"
"option_send_targeting","ボックス指定","Send to Specified"
"option_targeting_itembag_1","アイテムバッグ（消費）","Item Bag (Consumable)"
"option_targeting_itembag_2","アイテムバッグ（素材）","Item Bag (Material)"
"option_targeting_itembag_3","アイテムバッグ（装備）","Item Bag (Equipment)"
"option_targeting_itembag_4","アイテムバッグ（ジョブ専用）","Item Bag (Job)"
"option_targeting_storage_normal_1","保管ボックス（通常枠）","Storage Box (Normal)"
"option_targeting_storage_ex_1","保管ボックス（拡張枠）","Storage Box (Expansion)"
"option_targeting_deposit_normal_1","格納チェスト（通常枠）","Storage Chest (Normal)"
"option_targeting_deposit_ex_1","格納チェスト（拡張枠）","Storage Chest (Expansion)"
"option_targeting_itempost","アイテムポスト","Item Post"
"option_targeting_itembag_0","アイテムバッグ","Item Bag"
"title_allbox_e","All Box","All Boxes"
"title_allbox_j","全てのボックス","All Boxes"
"title_fertilizer_e","Fertilizer","Fertilizer"
"title_fertilizer_j","肥料","Fertilizer"
"title_fertilizer_message_0","肥料は最大２０個まで自由に選んでください
(装備を肥料にすると付加情報は破棄されます)","Please freely choose up to 20 x Pieces of fertilizer
(If you convert equipment into fertilizer, additional information will be discarded)"
"title_fertilizer_message_1","肥料に選んだアイテムは以下の通りです
(装備を肥料にすると付加情報は破棄されます)","The selected item for fertilizer is as follows:
(Equipping the item as fertilizer will discard additional information)"
"option_send_allbox","元に戻す","Undo"
"option_send_fertilizer_0","肥料に送る","Send to fertilizer"
"option_send_fertilizer_1","肥料に送る（一個ずつ）","Send to the fertilizer (one piece at a time)"
"item_msg_guid_toallbox","全てのボックスに移動","Move to All Boxes"
"item_msg_guid_tofertilizer","肥料に移動","Move to Fertilizer"
"item_msg_pop_ng_sameitem","同じアイテムは送れません（元に戻します）","You cannot send the same Item (will return it)"
"pulldown_deposit_ex_0","<COL DAEEF3>格納チェスト引出し%s</COL>","<COL DAEEF3>Storage Box Drawer %s</COL>"
"option_targeting_deposit_ex_0","格納チェスト引出し","Storage Box Drawer"
"option_send_itemlockset","セーフティ設定","Safety Setting"
"item_conf_itemlockset","<COL ffdc78>セーフティ設定</COL>には、以下の機能があります

・アイテムバッグからの<COL ffdc78>「捨てる」</COL>を防止
・ショップや保管ボックス等からの<COL ffdc78>「売却」</COL>を防止
・装備が消えてしまう場合の<COL ffdc78>「ポーンの削除」</COL>を防止","<COL ffdc78>Safety Setting</COL> has the following features:

・Prevent <COL ffdc78>""Discard""</COL> from Item Bag.
・Prevent <COL ffdc78>""Sell""</COL> from shops and storage
　boxes, etc.
・Prevent <COL ffdc78>""Pawn Delete""</COL> when equipment
　will disappear."
"item_conf_itemlockset_on","設定する","Enable"
"item_conf_itemlockset_off","設定を解除する","Disable"
"item_conf_itemlockset_ng01","設定を解除するには、個別にアイテムを選択してください","To cancel the settings, please select each item individually."
"item_conf_itemlockset_ng02","選択中のアイテムは、すでに設定されています","The selected item has already been selected."
"item_conf_itemlockset_ng03","選択中のアイテムは、すでに設定解除されています","The selected item has already been deselected."
"bbi_embody_sub_01","<UNTN GDM>を使って持ち帰り","Takeaway with <UNTN GDM>"
"bbi_embody_sub_02","<UNTN GS>を使って持ち帰り","Takeaway with <UNTN GS>"
"bbi_embody_sub_03","同じアイテムの所持確認","Confirm Same Item Possession"
"bbi_embody_conf_01","以下のアイテムを<COL ffdc78><UNTN GDM> <VAL GDM></COL>を使用して
レスタニアの<COL ffdc78><VAL></COL>に持ち帰ります
よろしいですか？","Are you sure you want to bring the following items to Lestania using <COL ffdc78><UNTN GDM> <VAL GDM></COL>?

<COL ffdc78><VAL></COL>"
"bbi_embody_conf_02","以下のアイテムを<COL ffdc78><UNTN GS> <VAL GS></COL>を使用して
レスタニアの<COL ffdc78><VAL></COL>に持ち帰ります
よろしいですか？","Are you sure you want to bring the following items to Lestania using <COL ffdc78><UNTN GS> <VAL GS></COL>?

<COL ffdc78><VAL></COL>"
"bbi_embody_conf_done","アイテムを持ち帰りました","I brought back the item"
"pulldown_equip_pl","<COL DDD9C4>装備中のアイテム</COL>","<COL DDD9C4>Equipped Items</COL>"
"option_targeting_equip_pl","装備中のアイテム","Equipped Items"
"bbi_embody_conf_03","黄金石が不足しています
（必要数：<VAL>）
（所持数：<VAL>）","You are running out of Golden Gemstones
(Number in possession: <VAL>)"
