"key","old","new"
"QUEST_MSG_LB_REC","推奨","Recommend"
"QUEST_MSG_LB_PROV","受注条件","Accept Conditions"
"QUEST_MSG_LB_NOTHING","なし","None"
"QUEST_MSG_LB_REQ","依頼内容","Request Details"
"QUEST_MSG_LB_REWARD","報酬","Reward"
"QUEST_MSG_LB_EXP","経験値","Experience points"
"QUEST_MSG_LB_G","ゴールド","Gold"
"QUEST_MSG_LB_RIM","リム","Rift"
"QUEST_MSG_PRIOD","<VAL>まで","Until <VAL>"
"QUEST_MSG_LB_NOREWARD","報酬アイテムなし","No rewards"
"QUEST_MSG_MASK","？？？？？","?????"
"QUEST_MSG_TITLE01","Quest Log","Quest Log"
"QUEST_MSG_TITLE02","クエストログ","Quest Log"
"QUEST_MSG_MENU_ENPRI","優先クエストに設定","Set Priority Quest"
"QUEST_MSG_ACCEPTED","受注数：","Accepted: "
"QUEST_MSG_MENU","メニュー","Menu"
"QUEST_MSG_LB_ABS","概要","Overview"
"QUEST_MSG_LB_PROG","進行","Progress"
"QUEST_MSG_TAB_MYQ","マイクエスト","My Quests"
"QUEST_MSG_TAB_PTQ","パーティークエスト情報","Party Quests"
"QUEST_MSG_CG_MAIN","メインクエスト","Main Quest"
"QUEST_MSG_CG_GRAND","ワールドクエスト","World Quest"
"QUEST_MSG_CG_SOLO","パーソナルクエスト","Personal Quest"
"QUEST_MSG_LB_NSTEP","次の目的","Next Step"
"QUEST_MSG_LB_CLEARED","クリア回数","Times Cleared"
"QUEST_MSG_LB_ADDINFO","クリア回数による追加情報","Additional information based on the number of clears."
"QUEST_MSG_LB_AREAP","エリア名声度：<NAME AREA_NAME>","Area Reputation: <NAME AREA_NAME>"
"QUEST_MSG_NAME_AREA","エリア名","Area Name"
"QUEST_MSG_UN_AP","AP","AP"
"QUEST_MSG_LB_BONUS","ボーナス","Bonus"
"QUEST_MSG_LB_CHARGINFO","課金情報","Billing Information"
"QUEST_MSG_LB_GOAL","目的","Goal"
"QUEST_MSG_OPERATION","クエスト操作","Quest Operations"
"QUEST_MSG_MENU_CANCELLATION","優先解除","Cancel Priority"
"QUEST_MSG_MENU_PROORITY","優先クエスト","Priority Quest"
"QUEST_MSG_MENU_CANCEL","クエスト破棄","Cancel Quest"
"QUEST_MSG_MENU_MAP","地図で確認","Check Map"
"QUEST_MSG_QUESTMENU","クエストメニュー","Quest Menu"
"QUEST_MSG_QUESTLIST","受注クエスト一覧","List of Available Quests"
"QUEST_MSG_BOARD_TITLE01","Quest Board","Quest Board"
"QUEST_MSG_BOARD_TITLE02","クエストボード","Quest Board"
"QUEST_MSG_LB_REQ2","依頼","Request"
"QUEST_MSG_BUTTON_ACCEPT","受注する","Accept"
"QUEST_MSG_BUTTON_CANCEL","キャンセル","Cancel"
"QUEST_MSG_LB_SPBONUS","Special Bonus","Special Bonus"
"QUEST_MSG_SUBMENU","サブメニュー","Sub Menu"
"QUEST_MSG_AREAPOINT","エリア名声度 <VAL AREA_POINT>","Area Reputation <VAL AREA_POINT>"
"QUEST_MSG_TAB_ALL","すべて","All"
"QUEST_MSG_TAB_HUNT","討伐","Hunt"
"QUEST_MSG_TAB_COLLECT","納品","Deliver"
"QUEST_MSG_CAUTION_FULL","クエスト受注数が上限に達しているため
クエストを受注できません","Can't accept the quest because the maximum number of quests has been reached."
"QUEST_MSG_CAUTION_NOTHING","現在、特別な報せはありません","There are no quests currently available."
"QUEST_MSG_BN_UNDETECTED","未公開ボーナス","Hidden Bonus"
"QUEST_MSG_BN_REPLAY","繰り返しボーナス","Repeat Bonus"
"QUEST_MSG_ACCIDENTAL","ボードボーナス発生中！","Board bonus is active!"
"QUEST_MSG_PROGRESS_CONDITION","進行条件","Progress Conditions"
"QUEST_MSG_HOLDING_PERIOD","開催期間","Event Duration"
"QUEST_MSG_WAIT_ORDER_QUEST","受注待ちクエスト","Quests Awaiting Confirmation"
"QUEST_MSG_LIST_UPDATE_ERROR","リストの更新に失敗しました","Failed to update the quest list."
"QUEST_MSG_SELECT_REWARD","選択報酬 (1つ選択)","Select Reward (1)"
"QUEST_MSG_NOTHING","現在受注しているクエストはありません","There are currently no quests available."
"QUEST_MSG_NUMBER","No.<VAL>","No.<VAL>"
"QUEST_MSG_REPLAY_XP_UP","経験値アップ","Experience Point Up"
"QUEST_MSG_REPLAY_AP_UP","エリアポイントアップ","Area Point Up"
"QUEST_MSG_REPLAY_RIM_UP","リムアップ","Rift Crystal Up"
"QUEST_MSG_REPLAY_GOLD_UP","ゴールドアップ","Gold Up"
"QUEST_MSG_REPLAY_SLOT_UP","ランダム報酬枠増加","Random Reward Up"
"QUEST_MSG_CONFIRM_QUEST_CANCEL","クエストを破棄しますか？

※破棄したクエストは白竜神殿などの
　拠点に入りなおすと再受注可能になります","Are you sure you want to cancel this quest?

※破棄したクエストは白竜神殿などの
　拠点に入りなおすと再受注可能になります"
"QUEST_MSG_CONFIRM_QUEST_ORDER","クエストを受注します
よろしいですか？","Will you accept the quest?"
"QUEST_MSG_MENU_ORDER","クエスト受注","Quest Order"
"QUEST_MSG_SUPPORT_REWARD","アシスト報酬","Assist Reward"
"QUEST_MSG_BONUS_REWARD_XP","経験値報酬が%2.1f倍（%s）","x%2.1f Experience Point reward (%s)"
"QUEST_MSG_BONUS_REWARD_AP","エリアポイント報酬が%2.1f倍（%s）","x%2.1f Area Point reward (%s)"
"QUEST_MSG_BONUS_REWARD_RIM","リム報酬が%2.1f倍（%s）","x%2.1f Rift reward (%s)"
"QUEST_MSG_BONUS_REWARD_GOLD","ゴールド報酬が%2.1f倍（%s）","x%2.1f Gold reward (%s)"
"QUEST_MSG_BONUS_REWARD_RANDOM","ランダム報酬枠が%d増加（%s）","Random rewards increased by %d (%s)"
"QUEST_MSG_BONUS_CHANCE_NUMBER","ボーナス発生まで%d回","bonus after %d clears"
"QUEST_MSG_BONUS_TIME","ボーナス発生中","bonus active"
"QUEST_MSG_OPTION_COURSE","<OPCS>","<OPCS>"
"QUEST_MSG_NOTION_WAITING","リーダーが受注時に受注待ちは解除できます","The leader can cancel the pending quest when accepting."
"QUEST_MSG_NOTION_DISABLE_PT","「パーティークエスト情報」では使用できません","Cannot be used in 'Party Quest Information'"
"QUEST_MSG_NOTE_COLLISION_PROC","リーダーとクエスト進行状況が一致していないため進行不可","You cannot continue because your progress is different than the party leader"
"QUEST_MSG_ORDERED_OVER","クエスト受注数オーバー（クエストクリア/破棄で受注可）","You have reached your limit on quests (you must clear/cancel quests)."
"QUEST_MSG_PARTYB_ON1","パーティークリアボーナス対象","Party Clear Bonus Target"
"QUEST_MSG_PARTYB_OFF1","パーティークリアボーナス対象(取得済)","Party Clear Bonus Target (already acquired)"
"QUEST_MSG_PARTYB_ON2","クリア報酬（アイテム以外）が最大<VAL>倍！","Clear rewards (other than items) increased by x<VAL>!"
"QUEST_MSG_PARTYB_OFF2","クリア報酬（アイテム以外）が最大<VAL>倍！
ブラッドオーブが<VAL>個獲得！","Clear rewards (other than items) increased by x<VAL>!
ブラッドオーブが<VAL>個獲得！"
"QUEST_MSG_RAIDB_TITLE","スコア倍率ボーナス","Score Multiplier Bonus"
"QUEST_MSG_RAIDb_BODY","<VAL>倍からスタート","Starting from <VAL>."
"QUEST_MSG_OUT_LEADER","リーダーが不在のため進行／受注不可","Progress/Acceptance not possible due to the absence of the leader"
"QUEST_MSG_RANDOM_REWARD","ランダム報酬","Random Reward"
"QUEST_MSG_TIME_LIMIT","配信終了まで","Time Limit "
"QUEST_MSG_NOTHING_0","---","---"
"QUEST_MSG_LEADER_CONDITION","リーダーが受注条件を満たしていません","Leader does not meet the conditions"
"QUEST_MSG_AREA_BONUS","ボードボーナスでクリア時の報酬が最大<VAL>倍！","Clear reward increased by x<VAL> with board bonus!"
"QUEST_MSG_LEADER_PROGRESS","リーダーが進行条件を満たしていません","The Leader does not meet the progress conditions."
"QUEST_MSG_BN_UNDETECTED1","未公開ボーナス(取得済)","Hidden Bonus (acquired)"
"QUEST_MSG_BN_TIMEBONUS","タイムボーナス","Time Bonus"
"QUEST_MSG_BONUS_REWARD_TIMEBONUS","スコア倍率が最大<VAL>倍！","The score multiplier is at its maximum, <VAL> times!"
"QUEST_MSG_PARTY_LARGE","特定のコンテンツ中は進行できません","Cannot progress during certain content"
"QUEST_MSG_SELECT_REWARD_ONLY_ONE","選択報酬","Select Reward"
"QUEST_MSG_BONUS_REWARD_DAILY","１日１回「基本報酬」
レア素材入手可能！","Once daily ""Basic Reward""
Rare material available!"
"QUEST_MSG_BN_DAILY","デイリーボーナス","Daily Bonus"
"QUEST_MSG_ENEMYINFO","魔物情報","Enemies"
"QUEST_MSG_DELIVERYINFO","クリアに必要な納品情報","Delivery Required"
"QUEST_MSG_BN_ROOT","ボーナス報酬","Bonus Reward"
"QUEST_MSG_BONUS_ROOT","成功時に報酬を追加付与","Additional reward granted upon success"
"QUEST_MSG_CLAN_QUEST_TITLE_EN","Clan Quest","Clan Quest"
"QUEST_MSG_CLAN_QUEST_TITLE_JP","クランクエスト","Clan Quest"
"QUEST_MSG_CLAN_QUEST_CAP_ENABLE_CLEAR","CP報酬の有効クリア回数","CP reward clear count"
"QUEST_MSG_CLAN_QUEST_NUM_ENABLE_CLEAR","%d / %d 回","%d / %d times"
"QUEST_MSG_WQ_UNRELEASED_AREA","対象エリアのワールドクエストが未解放のため受注不可","World Quests in the designated area are unavailable for acceptance due to being locked."
"QUEST_MSG_SP_ALLCLEAR_BTN","一括クリア","All Clear"
"QUEST_MSG_SP_ALLCLEAR_ERR_01","すべてのクエストがクリア状態のため、使用できません","All quests have already been cleared"
"QUEST_MSG_SP_ALLCLEAR_DIALOG_CONF","このクエストボードから配信されている
すべてのクエストを一括してクリア状態にします
<COL ffdc78>黄金石<VAL>個</COL>を消費して、一括クリアしますか？
(所持数：<VAL>)","All quests delivered from this Quest Board
can be cleared.
Are you sure you want to use
<COL ffdc78><VAL> Golden Gemstone</COL> to clear all quests?
(Have: <VAL>)"
"QUEST_MSG_SP_ALLCLEAR_DIALOG_LACK","黄金石が不足しています
一括クリアするには<COL ffdc78>黄金石<VAL>個</COL>が必要です
(所持数：<VAL>)","You do not have enough Golden Gemstones.
To bulk clear, you need <COL ffdc78><VAL> Golden Gemstone(s)</COL>.
(Currently owned: <VAL>)"
"QUEST_MSG_SP_ALLCLEAR_DIALOG_GOTO_ONLINESHOP","オンラインショップを開く","Open the Online Shop"
"QUEST_MSG_ASSIST_ACCEPT","条件を満たしていないためアシスト状態で受注可","Because you do not meet the conditions, the quest will be accepted in assist mode."
"QUEST_MSG_SEQUENCE_DUPLICATE","同一シーケンス内の別クエストを受注中のため受注不可","Unable to accept the Quest because another quest in the same sequence is currently being undertaken."
"QUEST_MSG_CG_ROYAL","サブストーリークエスト","Substory Quest"
"QUEST_MSG_PLAYABLE_DATE","配信開始：","Distribution Begins:"
"QUEST_MSG_EQUIPMENT_RESTRICTIONS","装備制限あり","Equipment restrictions apply."
"QUEST_MSG_HARD_QUEST_TITLE_EN","Quest Board","Quest Board"
"QUEST_MSG_HARD_QUEST_TITLE_JP","スペシャルクエストボード","Special Quest Board"
"QUEST_MSG_SP_ALLCLEAR_DIALOG_CONF_HARD","このクエストボードから配信されている
すべてのクエストを一括してクリア状態にします
<COL ffdc78>黄金石<VAL>個</COL>を消費して、一括クリアしますか？
(所持数：<VAL>)

<COL aa1414>スペシャルクエストボードは、一括クリアする度に
必要な黄金石がボード毎に増加します</COL>

<COL aa1414>PPモード中や、LVが最大の時には
報酬の経験値を入手することはできません</COL>","All quests delivered from this Quest Board
can be cleared.
Are you sure you want to use
<COL ffdc78><VAL> Golden Gemstone</COL> to clear all quests?
(Have: <VAL>)

<COL aa1414>スペシャルクエストボードは、一括クリアする度に
必要な黄金石がボード毎に増加します</COL>

<COL aa1414>In PP mode or when maximum LV, experience
from rewards cannot be obtained.</COL>"
"QUEST_MSG_LV_BONUS","クリア報酬が最大%s倍！","Clear reward up to x%s!"
"QUEST_MSG_ADV_GUIDE_TITLE_01","Adventure Guide","Adventure Guide"
"QUEST_MSG_ADV_GUIDE_TITLE_02","冒険ガイド","Adventure Guide"
"QUEST_MSG_ADV_GUIDE_NOTHING","現在紹介出来るクエストはありません","There are currently no quests available."
"QUEST_MSG_ADV_GUIDE_CATEGORY_01","メインクエスト","Main Quest"
"QUEST_MSG_ADV_GUIDE_CATEGORY_02","レベル上げミッション","Leveling Mission"
"QUEST_MSG_ADV_GUIDE_CATEGORY_03","レベル上げクエスト","Leveling Quest"
"QUEST_MSG_ADV_GUIDE_CATEGORY_04","冒険に役立つクエスト","Quest Useful for Adventure"
"QUEST_MSG_ADV_GUIDE_CATEGORY_05","ジョブクエスト","Vocation Quest"
"QUEST_MSG_ADV_GUIDE_CATEGORY_06","コラボ/シーズナルクエスト","Collaboration / Seasonal Quest"
"QUEST_MSG_LB_OPEN_CONTENTS","解放コンテンツ","Unlock Content"
"QUEST_MSG_MENU_NAVI_ON","ナビゲート設定","Navigate On"
"QUEST_MSG_MENU_NAVI_OFF","ナビゲート解除","Navigate Off"
"QUEST_MSG_MENU_ENTRY","参加する","Join"
"QUEST_MSG_OPEN_MAP_ERROR_NO_NAVI","地図で確認するには、ナビゲーションを設定してください","To see it on the map, please set up your navigation"
"QUEST_MSG_OPEN_MAP_ERROR_NO_MARKER","受注可能になるまで、地図で確認できません。","You cannot check it on the map until it becomes available to Accept."
"QUEST_MSG_ADV_GUIDE_EXM_REWARD_NAME","その他報酬","Other Rewards"
"QUEST_MSG_ADV_GUIDE_EXM_REWARD_INFO","詳細は参加ボタンを押して、エントリー画面でご確認ください","For more details, please click the Join button and see the entry page."
"QUEST_MSG_ADV_GUIDE_CATEGORY_07","エリア試練/エリアミッション","Area Trial / Area Mission"
"QUEST_MSG_MISSION_INFO_NOEQUIP_HEADER","装備制限","Equipment restrictions"
"QUEST_MSG_MISSION_INFO_REWARD_EQUIP_HEADER","報酬追加装備","Additional Equipment Rewards"
"QUEST_MSG_MISSION_INFO_NOEQUIP_ARMOR","防具は装備できません","Armor cannot be equipped."
"QUEST_MSG_MISSION_INFO_NOEQUIP_JEWELRY","ジュエリーは装備できません","Jewelry cannot be equipped."
"QUEST_MSG_MISSION_INFO_NOEQUIP_ABILITY","以下のアビリティは装備できません","The following abilities cannot be equipped"
"QUEST_MSG_REGULATION_ERROR","%sが%sを装備しているため、出撃できません","Can't commence because %s is equipped with %s."
"QUEST_MSG_REGULATION_AROMOR","防具","Armor"
"QUEST_MSG_REGULATION_JEWELRY","ジュエリー","Jewelry"
"QUEST_MSG_REGULATION_ABILITY","禁止アビリティ","Restricted Ability"
"QUEST_MSG_MOB_HUNT_TITLE_EN","Wild Hunt","Wild Hunt"
"QUEST_MSG_MOB_HUNT_TITLE_JP","ワイルドハント","Wild Hunt"
"QUEST_MSG_ADV_GUIDE_CATEGORY_08","ワイルドハント","Wild Hunt"
"QUEST_MSG_MOB_HUNT_LOT_HIGH","リサの信頼度：★★★★","Lisa's Confidence: ★★★★"
"QUEST_MSG_MOB_HUNT_LOT_MIDDLE","リサの信頼度：★★★　","Lisa's Confidence: ★★★　"
"QUEST_MSG_MOB_HUNT_LOT_LOW","リサの信頼度：★★　　","Lisa's Confidence: ★★　　"
"QUEST_MSG_MOB_HUNT_LOT_NONE","リサの信頼度：★　　　","Lisa's Confidence: ★　　　"
"QUEST_MSG_MOB_HUNT_NUM","ワイルドハント数：","Wild Hunt Count:"
"QUEST_MSG_LOT_RATE_TITLE","Ｓランク抽選：%s","S Rank Lottery: %s"
"QUEST_MSG_LOT_RATE_HIGH","中","Medium"
"QUEST_MSG_LOT_RATE_MIDDLE","低","Low"
"QUEST_MSG_LOT_RATE_LOW","無し","None"
"QUEST_MSG_LOT_RANK_S","Ｓランク","S Rank"
"QUEST_MSG_LOT_RANK_A","Ａランク","A Rank"
"QUEST_MSG_LOT_RANK_B","Ｂランク","B Rank"
"QUEST_MSG_LOT_NUM","（抽選数：%d）","(Lottery Count: %d)"
"QUEST_MSG_GUIDE_LOT_INFO","抽選確率詳細","Lottery Chance Details"
"QUEST_MSG_BONUS_MOB_HUNT_TITLE","ボーナスターゲット出現中！","Bonus Target Appearance!"
"QUEST_MSG_BONUS_MOB_HUNT_INFO","討伐でPP報酬量UP","Target PP Reward Amount UP"
"QUEST_MSG_REWARD_TRADE_COST_TITLE","必要アイテム（ボス討伐後に報酬アイテムと交換します）","Required items (Exchange for reward items after defeating the boss)"
"QUEST_MSG_ERROR_REWARD_TRADE_ITEM_NONE","必要アイテム（%s）を
アイテムバッグに所持していないため、出撃できません","Cannot commence as you do not have the required item(s) in your Item Bag."
"QUEST_MSG_LOT_RATE_HIGHEST","高","High"
"QUEST_MSG_CONFIRM_MOB_QUEST_CANCEL","クエストを破棄しますか？

<COL ffdc78>※破棄したワイルドハントは
　一定期間経過するまで再受注することができません</COL>","Do you want to abandon the quest?

<COL ffdc78>*Abandoned Wild Hunt quests cannot be re-accepted until a certain period of time has passed.</COL>"
"QUEST_MSG_ERROR_NAVIGATE_MOB_HUNT","ワイルドハントでは使用できません","Not available in Wild Hunt"
"QUEST_MSG_UI_REWARD_TRADE_ITEM","%s×%d（所持数：%d）","%s×%d (Have：%d)"
