"old","",""
"精霊竜から竜力の波動を感じる――","I feel a surge of Spirit Dragon from the Spirit Dragon--",""
"精霊竜が竜晶を生み出した！","Spirit Dragon created Dragon Crystals!",""
"精霊竜が怒りに染まっていく――","The spirit dragon grows enraged--",""
"辺りに飛散する竜力が反応している――","The scattered Dragon Force in the vicinity is reacting.",""
"精霊竜が竜力を増大させている――","The Spirit Dragon is amplifying the Dragon Force.",""
"竜力の波動が激しさを増している――！","The Dragon Force is becoming more intense!",""
"精霊竜の大詠唱を封じた！","Sealed the Spirit Dragon's Grand Chant!",""
