"old","",""
"頑丈な鍵で閉じられている","Closed with a sturdy lock.",""
"召喚された魔物を一掃したことで、骸の将の力が弱まっていく――","By eliminating the summoned Enemies, the power of the Necro Master weakens —",""
"殲滅できなかった魔物の残魂が、骸の将の力として吸収される！","The lingering souls of the enemies that couldn't be completely exterminated are absorbed as the power of the Necro Master!",""
"骸の将が魔物を呼び寄せた――！","Necro Master called upon an Enemy!",""
