"key"	"old"	"new"	""	""	""	""	""	""	""	""	""
"TUTORIAL_STEP_640,"	"大型の戦甲種との戦いではまず、<COL ffdc78>体に装着しているすべての戦甲を破壊することが重要</COL>です 小型の戦甲種と同じく、戦甲は体に多く装着するほど戦甲による戦闘力の向上度が大きいことも 特徴のひとつです"	"大型の戦甲種との戦いではまず、<COL ffdc78>体に装着しているすべての戦甲を破壊することが重要</COL>です 小型の戦甲種と同じく、戦甲は体に多く装着するほど戦甲による戦闘力の向上度が大きいことも 特徴のひとつです"	""	""	""	""	""	""	""	""	""
"TUTORIAL_STEP_650"	"戦甲に有効となる主な攻撃方法は以下の２通りです 　１．吹き飛ばし力が高い攻撃 　２．仲間と協力して集中攻撃仲間との集中攻撃に成功すると一定時間、赤いヒビがさらに赤く光り戦甲をより破壊しやすい状態になります"	"戦甲に有効となる主な攻撃方法は以下の２通りです 　１．吹き飛ばし力が高い攻撃 　２．仲間と協力して集中攻撃仲間との集中攻撃に成功すると一定時間、赤いヒビがさらに赤く光り戦甲をより破壊しやすい状態になります"	""	""	""	""	""	""	""	""	""
"TUTORIAL_STEP_651"	"さらに赤く光った状態の戦甲に<COL ffdc78>癒し効果を持つスキルを接触</COL>させたり<COL ffdc78>エレメントアーチャーの助真の魔眼で捕捉</COL>すると戦甲の修復能力を打ち消すと共に、集中攻撃による破壊がさらにしやすくなります また、ヒーラーは<COL ffdc78>白いヒビが入った戦甲へダメージを与えやすいという特徴も持っています</COL>ヒーラーの役割を把握し、協力することも戦甲種との戦いで重要な立ち回りと言えるでしょう"	"さらに赤く光った状態の戦甲に<COL ffdc78>癒し効果を持つスキルを接触</COL>させたり<COL ffdc78>エレメントアーチャーの助真の魔眼で捕捉</COL>すると戦甲の修復能力を打ち消すと共に、集中攻撃による破壊がさらにしやすくなります また、ヒーラーは<COL ffdc78>白いヒビが入った戦甲へダメージを与えやすいという特徴も持っています</COL>ヒーラーの役割を把握し、協力することも戦甲種との戦いで重要な立ち回りと言えるでしょう"	""	""	""	""	""	""	""	""	""
"TUTORIAL_STEP_676"	"戦甲を破壊することで、小型の戦甲種と同じく鎧の下に隠された弱点が露出したり、敵の体力を大きく奪えたりといった様々なメリットを得ることができます さらに、すべての戦甲を完全破壊すると <COL ffdc78>最大の攻撃チャンスとなる ダウンを奪うことができます</COL>このように、戦甲種との戦いでは戦甲の破壊を優先することが勝利の鍵となります"""	"戦甲を破壊することで、小型の戦甲種と同じく鎧の下に隠された弱点が露出したり、敵の体力を大きく奪えたりといった様々なメリットを得ることができます さらに、すべての戦甲を完全破壊すると <COL ffdc78>最大の攻撃チャンスとなる ダウンを奪うことができます</COL>このように、戦甲種との戦いでは戦甲の破壊を優先することが勝利の鍵となります"""	""	""	""	""	""	""	""	""	""
""	""	""	""	""	""	""	""	""	""	""	""
""	""	""	""	""	""	""	""	""	""	""	""
""	""	""	""	""	""	""	""	""	""	""	""
""	""	""	""	""	""	""	""	""	""	""	""
""	""	""	""	""	""	""	""	""	""	""	""
""	""	""	""	""	""	""	""	""	""	""	""
""	""	""	""	""	""	""	""	""	""	""	""
""	""	""	""	""	""	""	""	""	""	""	""
""	""	""	""	""	""	""	""	""	""	""	""
""	""	""	""	""	""	""	""	""	""	""	""
