"old",""
"い、異国の覚者様――？
な、何か、ご用でしょうか","A, Arisen from a foreign land――? Umm, do you need something?"
"もう、逃げるのも疲れてしまいました
少し座って休みたい――","I'm tired of running away
I need to sit down and rest a bit--"
"私がいた村は侵食に飲み込まれて――","The village I was in has been corrupted..."
"今を耐え抜けば、幸せになれるのかしら――","If I endure this moment, will I be able to become happy?"
