"old",""
"ランタン火種や癒しの薬は
多めに持っておくことをお勧めするぜ","I recommend keeping extra Lantern Kindling and Healing Potions for healing purposes."
"外へ出かけるなら準備を万全にな
備えあれば憂いなしってやつさ
採取道具の予備を忘れるなよ","If you are going outside, make sure to make thorough preparations. It's true that if you are prepared, you will have nothing to worry about. Don't forget to bring backup collection tools."
"最近はオークとの戦もごたついてるし
道具の需要も高くてな
流通が滞ったら大変だ","Recently, there have been frequent battles with Orcs, and the demand for tools is also high. If the distribution is disrupted, it will be a big problem."
"いらっしゃい
冒険の必需品なら当店で！","Welcome! If you need adventure essentials, come to our store!"
