"old",""
"冒険のパートナーをお探しでしたら
いつでも私に声を掛けてくださいね","If you're looking for an adventure partner, feel free to call out to me anytime."
"お知り合いへの連絡や、ポーンの呼び出しは
私達、《冒険仲介係》にお申し付けください！","If you need to contact someone you know or call a pawn, please contact us and ask for our 《Adventure Organizer》!"
"お仕事頑張ってくださいね！","Good luck with your work!"
"覚者さま、何かご用ですか？","Arisen, what are you doing?"
