"old",""
"なんなりと、覚者さま","As you wish, Lord."
"ここは、《ポーン郷》
あなたがた覚者のために存在する
現世における我々ポーンの逗留地です","This is the Pawn Cathedral, a place of residence for us Pawns that exists for the sake of you, the Arisen, in this earthly realm."
"里長アルヴァーさまが管理する《異界の狭間》
もしあなたの従者が異界へ沈み込んだならば
そこを訪れるといいでしょう
連れ返せるかは、覚者さま次第ですが","The Rift, managed by Lord Alvar.
If your servant has sunk into the Other World, It would be wise to visit there.
Whether they can be brought back depends on the Arisen."
"覚者さま、ようこそ《ポーン郷》へ
どうか、ごゆるりと滞在を","Welcome, Arisen, to the Pawn Cathedral.
Please, relax and enjoy your stay."
